X,Y,V
1,1,0.04580000042915344
2,1,0.05040000006556511
3,1,0.03189999982714653
4,1,0.024299999698996544
5,1,0.26499998569488525
6,1,0.2720000147819519
7,1,0.2759999930858612
8,1,0.28200000524520874
9,1,0.2680000066757202
10,1,0.23999999463558197
11,1,0.2720000147819519
12,1,0.28200000524520874
13,1,0.17910000681877136
14,1,0.0210999995470047
15,1,0.019999999552965164
16,1,0.02669999934732914
17,1,0.03420000150799751
18,1,0.02280000038444996
19,1,0.03880000114440918
20,1,0.0828000009059906
21,1,0.11100000143051147
22,1,0.08160000294446945
23,1,0.0674000009894371
24,1,0.0778999999165535
25,1,0.06480000168085098
26,1,0.1356000006198883
27,1,0.13449999690055847
28,1,0.13019999861717224
29,1,0.12309999763965607
30,1,0.1582999974489212
31,1,0.0754999965429306
32,1,0.10209999978542328
33,1,0.0934000015258789
34,1,0.11460000276565552
35,1,0.14499999582767487
36,1,0.15760000050067902
37,1,0.11599999666213989
38,1,0.08540000021457672
39,1,0.0617000013589859
40,1,0.07039999961853027
41,1,0.04100000113248825
42,1,0.04600000008940697
43,1,0.03460000082850456
44,1,0.05249999836087227
45,1,0.07689999788999557
46,1,0.0820000022649765
47,1,0.06809999793767929
48,1,0.07360000163316727
49,1,0.03689999878406525
50,1,0.03060000017285347
51,1,0.0284000001847744
52,1,0.020400000736117363
53,1,0.02590000070631504
54,1,0.288100004196167
55,1,0.27799999713897705
56,1,0.04729999974370003
57,1,0.06129999831318855
58,1,0.1136000007390976
59,1,0.08290000259876251
60,1,0.05739999935030937
61,1,0.03920000046491623
62,1,0.03799999877810478
63,1,0.02889999933540821
64,1,0.042899999767541885
65,1,0.06120000034570694
66,1,0.09059999883174896
67,1,0.13920000195503235
68,1,0.10869999974966049
69,1,0.07450000196695328
70,1,0.08250000327825546
71,1,0.0697999969124794
72,1,0.155799999833107
73,1,0.19009999930858612
74,1,0.1509999930858612
75,1,0.11710000038146973
76,1,0.09989999979734421
77,1,0.09529999643564224
78,1,0.08049999922513962
79,1,0.147599995136261
80,1,0.21480000019073486
81,1,0.25920000672340393
82,1,0.257999986410141
83,1,0.26100000739097595
84,1,0.2630000114440918
85,1,0.05730000138282776
86,1,0.05999999865889549
87,1,0.04879999905824661
88,1,0.051600001752376556
89,1,0.04470000043511391
90,1,0.03709999844431877
91,1,0.03909999877214432
92,1,0.1746000051498413
93,1,0.2669999897480011
94,1,0.21199999749660492
95,1,0.19099999964237213
96,1,0.2529999911785126
97,1,0.2720000147819519
98,1,0.24199999868869781
99,1,0.2669999897480011
100,1,0.2037999927997589
1,2,0.05169999971985817
2,2,0.05310000106692314
3,2,0.07739999890327454
4,2,0.257999986410141
5,2,0.2630000114440918
6,2,0.257999986410141
7,2,0.2759999930858612
8,2,0.27300000190734863
9,2,0.2669999897480011
10,2,0.257999986410141
11,2,0.2709999978542328
12,2,0.29100000858306885
13,2,0.031300000846385956
14,2,0.02419999986886978
15,2,0.022199999541044235
16,2,0.027799999341368675
17,2,0.04190000146627426
18,2,0.029500000178813934
19,2,0.04390000179409981
20,2,0.049800001084804535
21,2,0.06599999964237213
22,2,0.040699999779462814
23,2,0.05900000035762787
24,2,0.06809999793767929
25,2,0.0851999968290329
26,2,0.0731000006198883
27,2,0.08990000188350677
28,2,0.0949999988079071
29,2,0.10260000079870224
30,2,0.16279999911785126
31,2,0.10350000113248825
32,2,0.11420000344514847
33,2,0.094200000166893
34,2,0.1454000025987625
35,2,0.1282999962568283
36,2,0.15360000729560852
37,2,0.11500000208616257
38,2,0.09690000116825104
39,2,0.06279999762773514
40,2,0.0632999986410141
41,2,0.042899999767541885
42,2,0.05040000006556511
43,2,0.021800000220537186
44,2,0.03009999915957451
45,2,0.052000001072883606
46,2,0.06629999727010727
47,2,0.046300001442432404
48,2,0.07069999724626541
49,2,0.05779999867081642
50,2,0.03849999979138374
51,2,0.03009999915957451
52,2,0.021900000050663948
53,2,0.3019999861717224
54,2,0.2879999876022339
55,2,0.053300000727176666
56,2,0.05530000105500221
57,2,0.05510000139474869
58,2,0.07880000025033951
59,2,0.07020000368356705
60,2,0.07259999960660934
61,2,0.02669999934732914
62,2,0.047200001776218414
63,2,0.023499999195337296
64,2,0.05920000001788139
65,2,0.07739999890327454
66,2,0.07419999688863754
67,2,0.10379999876022339
68,2,0.13410000503063202
69,2,0.11900000274181366
70,2,0.17170000076293945
71,2,0.16689999401569366
72,2,0.12240000069141388
73,2,0.17560000717639923
74,2,0.1120000034570694
75,2,0.13439999520778656
76,2,0.07209999859333038
77,2,0.05570000037550926
78,2,0.0568000003695488
79,2,0.07580000162124634
80,2,0.2669999897480011
81,2,0.2619999945163727
82,2,0.26499998569488525
83,2,0.21699999272823334
84,2,0.23000000417232513
85,2,0.0722000002861023
86,2,0.0885000005364418
87,2,0.06310000270605087
88,2,0.04699999839067459
89,2,0.031099999323487282
90,2,0.05550000071525574
91,2,0.2669999897480011
92,2,0.2590000033378601
93,2,0.2290000021457672
94,2,0.14100000262260437
95,2,0.23000000417232513
96,2,0.2590000033378601
97,2,0.2669999897480011
98,2,0.2029999941587448
99,2,0.149399995803833
100,2,0.09969999641180038
1,3,0.054999999701976776
2,3,0.04580000042915344
3,3,0.09809999912977219
4,3,0.2680000066757202
5,3,0.24400000274181366
6,3,0.2199999988079071
7,3,0.2720000147819519
8,3,0.26600000262260437
9,3,0.26600000262260437
10,3,0.26100000739097595
11,3,0.2639999985694885
12,3,0.18000000715255737
13,3,0.04769999906420708
14,3,0.04729999974370003
15,3,0.029999999329447746
16,3,0.0406000018119812
17,3,0.05090000107884407
18,3,0.04989999905228615
19,3,0.05260000005364418
20,3,0.04729999974370003
21,3,0.05090000107884407
22,3,0.03620000183582306
23,3,0.04230000078678131
24,3,0.04809999838471413
25,3,0.04879999905824661
26,3,0.06960000097751617
27,3,0.07519999891519547
28,3,0.09679999947547913
29,3,0.11749999970197678
30,3,0.11670000106096268
31,3,0.12290000170469284
32,3,0.11500000208616257
33,3,0.07689999788999557
34,3,0.11599999666213989
35,3,0.09220000356435776
36,3,0.125
37,3,0.08560000360012054
38,3,0.06379999965429306
39,3,0.09939999878406525
40,3,0.10790000110864639
41,3,0.08429999649524689
42,3,0.05530000105500221
43,3,0.05339999869465828
44,3,0.05860000103712082
45,3,0.05779999867081642
46,3,0.04670000076293945
47,3,0.03709999844431877
48,3,0.039400000125169754
49,3,0.0348999984562397
50,3,0.031199999153614044
51,3,0.27799999713897705
52,3,0.28999999165534973
53,3,0.3050000071525574
54,3,0.04439999908208847
55,3,0.05260000005364418
56,3,0.0471000000834465
57,3,0.044199999421834946
58,3,0.07050000131130219
59,3,0.07720000296831131
60,3,0.05900000035762787
61,3,0.032099999487400055
62,3,0.04179999977350235
63,3,0.04500000178813934
64,3,0.0471000000834465
65,3,0.046300001442432404
66,3,0.05209999904036522
67,3,0.09109999984502792
68,3,0.11169999837875366
69,3,0.08219999819993973
70,3,0.16060000658035278
71,3,0.18080000579357147
72,3,0.1542000025510788
73,3,0.12099999934434891
74,3,0.1160999983549118
75,3,0.12210000306367874
76,3,0.09350000321865082
77,3,0.07100000232458115
78,3,0.03959999978542328
79,3,0.1737000048160553
80,3,0.2639999985694885
81,3,0.25699999928474426
82,3,0.27000001072883606
83,3,0.2680000066757202
84,3,0.26600000262260437
85,3,0.06560000032186508
86,3,0.05339999869465828
87,3,0.0568000003695488
88,3,0.06790000200271606
89,3,0.058400001376867294
90,3,0.13860000669956207
91,3,0.2669999897480011
92,3,0.24400000274181366
93,3,0.2290000021457672
94,3,0.2529999911785126
95,3,0.1421000063419342
96,3,0.2529999911785126
97,3,0.24799999594688416
98,3,0.2720000147819519
99,3,0.06340000033378601
100,3,0.06669999659061432
1,4,0.065700002014637
2,4,0.043699998408555984
3,4,0.25200000405311584
4,4,0.2709999978542328
5,4,0.26899999380111694
6,4,0.25209999084472656
7,4,0.24199999868869781
8,4,0.26499998569488525
9,4,0.23770000040531158
10,4,0.27399998903274536
11,4,0.15299999713897705
12,4,0.04879999905824661
13,4,0.03720000013709068
14,4,0.02879999950528145
15,4,0.028599999845027924
16,4,0.026200000196695328
17,4,0.04989999905228615
18,4,0.04800000041723251
19,4,0.03660000115633011
20,4,0.061000000685453415
21,4,0.054999999701976776
22,4,0.039000000804662704
23,4,0.04479999840259552
24,4,0.04699999839067459
25,4,0.054499998688697815
26,4,0.06809999793767929
27,4,0.07190000265836716
28,4,0.07100000232458115
29,4,0.1356000006198883
30,4,0.1324000060558319
31,4,0.12460000067949295
32,4,0.12729999423027039
33,4,0.12370000034570694
34,4,0.1826000064611435
35,4,0.09679999947547913
36,4,0.16850000619888306
37,4,0.14560000598430634
38,4,0.08110000193119049
39,4,0.0754999965429306
40,4,0.07289999723434448
41,4,0.0925000011920929
42,4,0.07880000025033951
43,4,0.08100000023841858
44,4,0.04490000009536743
45,4,0.039000000804662704
46,4,0.03579999879002571
47,4,0.04179999977350235
48,4,0.03319999948143959
49,4,0.03779999911785126
50,4,0.2849999964237213
51,4,0.2770000100135803
52,4,0.289000004529953
53,4,0.03290000185370445
54,4,0.08349999785423279
55,4,0.0763000026345253
56,4,0.06610000133514404
57,4,0.066600002348423
58,4,0.05350000038743019
59,4,0.05339999869465828
60,4,0.05510000139474869
61,4,0.03449999913573265
62,4,0.038100000470876694
63,4,0.03280000016093254
64,4,0.04639999940991402
65,4,0.03849999979138374
66,4,0.04969999939203262
67,4,0.06620000302791595
68,4,0.06350000202655792
69,4,0.10679999738931656
70,4,0.11270000040531158
71,4,0.1404999941587448
72,4,0.11050000041723251
73,4,0.12960000336170197
74,4,0.14650000631809235
75,4,0.16290000081062317
76,4,0.10490000247955322
77,4,0.07750000059604645
78,4,0.04560000076889992
79,4,0.15839999914169312
80,4,0.24699999392032623
81,4,0.2639999985694885
82,4,0.2669999897480011
83,4,0.2680000066757202
84,4,0.27000001072883606
85,4,0.09200000017881393
86,4,0.061799999326467514
87,4,0.06459999829530716
88,4,0.06689999997615814
89,4,0.2669999897480011
90,4,0.27000001072883606
91,4,0.2680000066757202
92,4,0.2619999945163727
93,4,0.2630000114440918
94,4,0.24899999797344208
95,4,0.19699999690055847
96,4,0.2630000114440918
97,4,0.14309999346733093
98,4,0.08290000259876251
99,4,0.06759999692440033
100,4,0.036400001496076584
1,5,0.07410000264644623
2,5,0.09629999846220016
3,5,0.2619999945163727
4,5,0.2590000033378601
5,5,0.2759999930858612
6,5,0.25999999046325684
7,5,0.2709999978542328
8,5,0.2680000066757202
9,5,0.25999999046325684
10,5,0.23999999463558197
11,5,0.07270000129938126
12,5,0.05869999900460243
13,5,0.054099999368190765
14,5,0.04619999974966049
15,5,0.038600001484155655
16,5,0.04470000043511391
17,5,0.047200001776218414
18,5,0.03449999913573265
19,5,0.03620000183582306
20,5,0.03799999877810478
21,5,0.04540000110864639
22,5,0.04820000007748604
23,5,0.050200000405311584
24,5,0.04910000041127205
25,5,0.049400001764297485
26,5,0.04659999907016754
27,5,0.039799999445676804
28,5,0.05900000035762787
29,5,0.06729999929666519
30,5,0.11140000075101852
31,5,0.156700000166893
32,5,0.10080000013113022
33,5,0.12890000641345978
34,5,0.12710000574588776
35,5,0.1200999990105629
36,5,0.10369999706745148
37,5,0.11479999870061874
38,5,0.0966000035405159
39,5,0.04839999973773956
40,5,0.033900000154972076
41,5,0.04820000007748604
42,5,0.08730000257492065
43,5,0.039000000804662704
44,5,0.0348999984562397
45,5,0.033900000154972076
46,5,0.04179999977350235
47,5,0.028300000354647636
48,5,0.04879999905824661
49,5,0.28700000047683716
50,5,0.2919999957084656
51,5,0.2849999964237213
52,5,0.030700000002980232
53,5,0.044599998742341995
54,5,0.07370000332593918
55,5,0.042500000447034836
56,5,0.04540000110864639
57,5,0.026200000196695328
58,5,0.03739999979734421
59,5,0.035999998450279236
60,5,0.028300000354647636
61,5,0.029100000858306885
62,5,0.04809999838471413
63,5,0.026399999856948853
64,5,0.03720000013709068
65,5,0.026000000536441803
66,5,0.0340999998152256
67,5,0.03849999979138374
68,5,0.06319999694824219
69,5,0.08799999952316284
70,5,0.10000000149011612
71,5,0.09570000320672989
72,5,0.08669999986886978
73,5,0.12870000302791595
74,5,0.1128000020980835
75,5,0.13670000433921814
76,5,0.11219999939203262
77,5,0.07190000265836716
78,5,0.08219999819993973
79,5,0.15839999914169312
80,5,0.2290000021457672
81,5,0.2669999897480011
82,5,0.26600000262260437
83,5,0.2619999945163727
84,5,0.2720000147819519
85,5,0.1120000034570694
86,5,0.06289999932050705
87,5,0.024299999698996544
88,5,0.2680000066757202
89,5,0.24199999868869781
90,5,0.2669999897480011
91,5,0.24699999392032623
92,5,0.24120000004768372
93,5,0.26600000262260437
94,5,0.2290000021457672
95,5,0.16930000483989716
96,5,0.13230000436306
97,5,0.07509999722242355
98,5,0.0575999990105629
99,5,0.04190000146627426
100,5,0.053300000727176666
1,6,0.07559999823570251
2,6,0.2630000114440918
3,6,0.2750000059604645
4,6,0.2720000147819519
5,6,0.25200000405311584
6,6,0.2709999978542328
7,6,0.2669999897480011
8,6,0.2809999883174896
9,6,0.2529999911785126
10,6,0.12240000069141388
11,6,0.05460000038146973
12,6,0.04769999906420708
13,6,0.048700001090765
14,6,0.0333000011742115
15,6,0.03880000114440918
16,6,0.05380000174045563
17,6,0.041099999099969864
18,6,0.04610000178217888
19,6,0.043800000101327896
20,6,0.03759999945759773
21,6,0.06419999897480011
22,6,0.032600000500679016
23,6,0.032499998807907104
24,6,0.047600001096725464
25,6,0.06260000169277191
26,6,0.05480000004172325
27,6,0.0333000011742115
28,6,0.029100000858306885
29,6,0.048900000751018524
30,6,0.07620000094175339
31,6,0.08030000329017639
32,6,0.11259999871253967
33,6,0.15119999647140503
34,6,0.11729999631643295
35,6,0.10090000182390213
36,6,0.07249999791383743
37,6,0.07649999856948853
38,6,0.0828000009059906
39,6,0.05959999933838844
40,6,0.04270000010728836
41,6,0.06400000303983688
42,6,0.062199998646974564
43,6,0.057500001043081284
44,6,0.06159999966621399
45,6,0.03449999913573265
46,6,0.03849999979138374
47,6,0.04170000180602074
48,6,0.29499998688697815
49,6,0.28600001335144043
50,6,0.05040000006556511
51,6,0.041600000113248825
52,6,0.04410000145435333
53,6,0.054499998688697815
54,6,0.05090000107884407
55,6,0.04670000076293945
56,6,0.03689999878406525
57,6,0.039400000125169754
58,6,0.03539999946951866
59,6,0.03920000046491623
60,6,0.03180000185966492
61,6,0.02810000069439411
62,6,0.03280000016093254
63,6,0.030300000682473183
64,6,0.04500000178813934
65,6,0.02290000021457672
66,6,0.03539999946951866
67,6,0.04899999871850014
68,6,0.04969999939203262
69,6,0.07800000160932541
70,6,0.10999999940395355
71,6,0.09629999846220016
72,6,0.09610000252723694
73,6,0.11129999905824661
74,6,0.09160000085830688
75,6,0.156700000166893
76,6,0.12240000069141388
77,6,0.13050000369548798
78,6,0.08560000360012054
79,6,0.149399995803833
80,6,0.13699999451637268
81,6,0.24230000376701355
82,6,0.2630000114440918
83,6,0.227400004863739
84,6,0.2639999985694885
85,6,0.2711000144481659
86,6,0.0697999969124794
87,6,0.2770000100135803
88,6,0.2770000100135803
89,6,0.27000001072883606
90,6,0.2759999930858612
91,6,0.2549999952316284
92,6,0.24410000443458557
93,6,0.2590000033378601
94,6,0.1889999955892563
95,6,0.17190000414848328
96,6,0.03519999980926514
97,6,0.06260000169277191
98,6,0.07880000025033951
99,6,0.06610000133514404
100,6,0.06270000338554382
1,7,0.2680000066757202
2,7,0.2619999945163727
3,7,0.27300000190734863
4,7,0.2619999945163727
5,7,0.2619999945163727
6,7,0.2630000114440918
7,7,0.27570000290870667
8,7,0.2800000011920929
9,7,0.2680000066757202
10,7,0.149399995803833
11,7,0.06260000169277191
12,7,0.07249999791383743
13,7,0.06159999966621399
14,7,0.05530000105500221
15,7,0.06300000101327896
16,7,0.0737999975681305
17,7,0.045099999755620956
18,7,0.057500001043081284
19,7,0.05169999971985817
20,7,0.0414000004529953
21,7,0.04830000177025795
22,7,0.039799999445676804
23,7,0.022099999710917473
24,7,0.03420000150799751
25,7,0.03480000048875809
26,7,0.039400000125169754
27,7,0.02449999935925007
28,7,0.027400000020861626
29,7,0.04190000146627426
30,7,0.06480000168085098
31,7,0.08780000358819962
32,7,0.08179999887943268
33,7,0.08209999650716782
34,7,0.07190000265836716
35,7,0.10819999873638153
36,7,0.07840000092983246
37,7,0.05609999969601631
38,7,0.06700000166893005
39,7,0.11020000278949738
40,7,0.044599998742341995
41,7,0.09120000153779984
42,7,0.05609999969601631
43,7,0.06430000066757202
44,7,0.07079999893903732
45,7,0.06809999793767929
46,7,0.04600000008940697
47,7,0.29600000381469727
48,7,0.28999999165534973
49,7,0.05959999933838844
50,7,0.051100000739097595
51,7,0.04540000110864639
52,7,0.04010000079870224
53,7,0.051100000739097595
54,7,0.05339999869465828
55,7,0.04560000076889992
56,7,0.05000000074505806
57,7,0.04639999940991402
58,7,0.03920000046491623
59,7,0.0560000017285347
60,7,0.04650000110268593
61,7,0.05169999971985817
62,7,0.04650000110268593
63,7,0.04699999839067459
64,7,0.05009999871253967
65,7,0.03189999982714653
66,7,0.061799999326467514
67,7,0.07440000027418137
68,7,0.06939999759197235
69,7,0.10289999842643738
70,7,0.10700000077486038
71,7,0.10199999809265137
72,7,0.09139999747276306
73,7,0.13580000400543213
74,7,0.16030000150203705
75,7,0.1111999973654747
76,7,0.11990000307559967
77,7,0.16590000689029694
78,7,0.11490000039339066
79,7,0.10689999908208847
80,7,0.19699999690055847
81,7,0.18199999630451202
82,7,0.15109999477863312
83,7,0.2639999985694885
84,7,0.21699999272823334
85,7,0.26899999380111694
86,7,0.15389999747276306
87,7,0.2750000059604645
88,7,0.28700000047683716
89,7,0.2720000147819519
90,7,0.27900001406669617
91,7,0.24400000274181366
92,7,0.20600000023841858
93,7,0.2529999911785126
94,7,0.25699999928474426
95,7,0.07479999959468842
96,7,0.046799998730421066
97,7,0.050700001418590546
98,7,0.05350000038743019
99,7,0.08669999986886978
100,7,0.08420000225305557
1,8,0.12870000302791595
2,8,0.16920000314712524
3,8,0.1656000018119812
4,8,0.23579999804496765
5,8,0.2619999945163727
6,8,0.2619999945163727
7,8,0.2768999934196472
8,8,0.2750000059604645
9,8,0.23749999701976776
10,8,0.05939999967813492
11,8,0.06809999793767929
12,8,0.061900001019239426
13,8,0.08820000290870667
14,8,0.09880000352859497
15,8,0.08569999784231186
16,8,0.05689999833703041
17,8,0.0471000000834465
18,8,0.06629999727010727
19,8,0.05339999869465828
20,8,0.07530000060796738
21,8,0.05180000141263008
22,8,0.04699999839067459
23,8,0.048500001430511475
24,8,0.07670000195503235
25,8,0.06260000169277191
26,8,0.044599998742341995
27,8,0.04479999840259552
28,8,0.031599998474121094
29,8,0.03550000116229057
30,8,0.03880000114440918
31,8,0.06129999831318855
32,8,0.09839999675750732
33,8,0.0966000035405159
34,8,0.0348999984562397
35,8,0.05530000105500221
36,8,0.09000000357627869
37,8,0.08399999886751175
38,8,0.06319999694824219
39,8,0.09740000218153
40,8,0.10769999772310257
41,8,0.11140000075101852
42,8,0.050599999725818634
43,8,0.04439999908208847
44,8,0.0658000037074089
45,8,0.07020000368356705
46,8,0.28600001335144043
47,8,0.29100000858306885
48,8,0.06830000132322311
49,8,0.06400000303983688
50,8,0.054099999368190765
51,8,0.05299999937415123
52,8,0.05559999868273735
53,8,0.06549999862909317
54,8,0.08449999988079071
55,8,0.07259999960660934
56,8,0.03420000150799751
57,8,0.03799999877810478
58,8,0.07419999688863754
59,8,0.05429999902844429
60,8,0.050200000405311584
61,8,0.04410000145435333
62,8,0.02889999933540821
63,8,0.02449999935925007
64,8,0.04690000042319298
65,8,0.032600000500679016
66,8,0.05000000074505806
67,8,0.04360000044107437
68,8,0.06650000065565109
69,8,0.11649999767541885
70,8,0.09239999949932098
71,8,0.11460000276565552
72,8,0.0877000018954277
73,8,0.12449999898672104
74,8,0.1647000014781952
75,8,0.1006999984383583
76,8,0.056699998676776886
77,8,0.09709999710321426
78,8,0.08209999650716782
79,8,0.08470000326633453
80,8,0.10339999943971634
81,8,0.2231999933719635
82,8,0.2630000114440918
83,8,0.25699999928474426
84,8,0.257999986410141
85,8,0.2590000033378601
86,8,0.27300000190734863
87,8,0.27399998903274536
88,8,0.27900001406669617
89,8,0.2759999930858612
90,8,0.27900001406669617
91,8,0.2709999978542328
92,8,0.26899999380111694
93,8,0.2619999945163727
94,8,0.15389999747276306
95,8,0.049800001084804535
96,8,0.049300000071525574
97,8,0.05510000139474869
98,8,0.06849999725818634
99,8,0.06279999762773514
100,8,0.12349999696016312
1,9,0.23800000548362732
2,9,0.20600000023841858
3,9,0.26600000262260437
4,9,0.25699999928474426
5,9,0.25099998712539673
6,9,0.2529999911785126
7,9,0.16740000247955322
8,9,0.16830000281333923
9,9,0.21400000154972076
10,9,0.08560000360012054
11,9,0.062300000339746475
12,9,0.08380000293254852
13,9,0.094200000166893
14,9,0.08079999685287476
15,9,0.07000000029802322
16,9,0.05550000071525574
17,9,0.051100000739097595
18,9,0.059700001031160355
19,9,0.050999999046325684
20,9,0.05169999971985817
21,9,0.06199999898672104
22,9,0.02889999933540821
23,9,0.03959999978542328
24,9,0.06790000200271606
25,9,0.04170000180602074
26,9,0.03840000182390213
27,9,0.04740000143647194
28,9,0.04010000079870224
29,9,0.03139999881386757
30,9,0.03849999979138374
31,9,0.06629999727010727
32,9,0.08709999918937683
33,9,0.061400000005960464
34,9,0.06769999861717224
35,9,0.06610000133514404
36,9,0.0892999991774559
37,9,0.0560000017285347
38,9,0.053300000727176666
39,9,0.07989999651908875
40,9,0.08959999680519104
41,9,0.06729999929666519
42,9,0.09109999984502792
43,9,0.05649999901652336
44,9,0.04690000042319298
45,9,0.28999999165534973
46,9,0.28299999237060547
47,9,0.10859999805688858
48,9,0.08479999750852585
49,9,0.06830000132322311
50,9,0.06069999933242798
51,9,0.06499999761581421
52,9,0.04969999939203262
53,9,0.05820000171661377
54,9,0.08160000294446945
55,9,0.10090000182390213
56,9,0.0885000005364418
57,9,0.08919999748468399
58,9,0.09300000220537186
59,9,0.08959999680519104
60,9,0.09070000052452087
61,9,0.03799999877810478
62,9,0.03400000184774399
63,9,0.0364999994635582
64,9,0.0340999998152256
65,9,0.03519999980926514
66,9,0.030799999833106995
67,9,0.03830000013113022
68,9,0.06780000030994415
69,9,0.09740000218153
70,9,0.07209999859333038
71,9,0.11159999668598175
72,9,0.1111999973654747
73,9,0.13359999656677246
74,9,0.1282999962568283
75,9,0.08340000361204147
76,9,0.05270000174641609
77,9,0.09549999982118607
78,9,0.0723000019788742
79,9,0.0723000019788742
80,9,0.05040000006556511
81,9,0.24400000274181366
82,9,0.26100000739097595
83,9,0.1940000057220459
84,9,0.18400000035762787
85,9,0.23649999499320984
86,9,0.27300000190734863
87,9,0.2720000147819519
88,9,0.2770000100135803
89,9,0.27900001406669617
90,9,0.2750000059604645
91,9,0.26899999380111694
92,9,0.2619999945163727
93,9,0.2680000066757202
94,9,0.17550000548362732
95,9,0.06360000371932983
96,9,0.07259999960660934
97,9,0.0771000012755394
98,9,0.0892999991774559
99,9,0.08910000324249268
100,9,0.09539999812841415
1,10,0.2770000100135803
2,10,0.2669999897480011
3,10,0.2709999978542328
4,10,0.2529999911785126
5,10,0.23000000417232513
6,10,0.2199999988079071
7,10,0.26600000262260437
8,10,0.26499998569488525
9,10,0.13930000364780426
10,10,0.17640000581741333
11,10,0.05350000038743019
12,10,0.06970000267028809
13,10,0.08910000324249268
14,10,0.09070000052452087
15,10,0.06129999831318855
16,10,0.05530000105500221
17,10,0.04989999905228615
18,10,0.03889999911189079
19,10,0.026399999856948853
20,10,0.04439999908208847
21,10,0.050700001418590546
22,10,0.028200000524520874
23,10,0.052799999713897705
24,10,0.05339999869465828
25,10,0.03449999913573265
26,10,0.03629999980330467
27,10,0.032499998807907104
28,10,0.04100000113248825
29,10,0.032999999821186066
30,10,0.03779999911785126
31,10,0.033900000154972076
32,10,0.0625
33,10,0.0625
34,10,0.05249999836087227
35,10,0.08089999854564667
36,10,0.07850000262260437
37,10,0.06319999694824219
38,10,0.0737999975681305
39,10,0.09290000051259995
40,10,0.10639999806880951
41,10,0.09679999947547913
42,10,0.062199998646974564
43,10,0.08889999985694885
44,10,0.289000004529953
45,10,0.29600000381469727
46,10,0.06040000170469284
47,10,0.07639999687671661
48,10,0.0957999974489212
49,10,0.06729999929666519
50,10,0.03449999913573265
51,10,0.03180000185966492
52,10,0.04650000110268593
53,10,0.05480000004172325
54,10,0.0812000036239624
55,10,0.14350000023841858
56,10,0.13249999284744263
57,10,0.15379999577999115
58,10,0.16290000081062317
59,10,0.18729999661445618
60,10,0.11580000072717667
61,10,0.059700001031160355
62,10,0.05050000175833702
63,10,0.0333000011742115
64,10,0.03869999945163727
65,10,0.03319999948143959
66,10,0.027400000020861626
67,10,0.032499998807907104
68,10,0.05770000070333481
69,10,0.08839999884366989
70,10,0.07329999655485153
71,10,0.11810000240802765
72,10,0.09489999711513519
73,10,0.12030000239610672
74,10,0.09319999814033508
75,10,0.06270000338554382
76,10,0.09040000289678574
77,10,0.10180000215768814
78,10,0.04910000041127205
79,10,0.04910000041127205
80,10,0.12780000269412994
81,10,0.2549999952316284
82,10,0.2619999945163727
83,10,0.2680000066757202
84,10,0.2639999985694885
85,10,0.257999986410141
86,10,0.2639999985694885
87,10,0.2750000059604645
88,10,0.2800000011920929
89,10,0.28200000524520874
90,10,0.28200000524520874
91,10,0.2720000147819519
92,10,0.26899999380111694
93,10,0.1656000018119812
94,10,0.06750000268220901
95,10,0.050200000405311584
96,10,0.05590000003576279
97,10,0.05180000141263008
98,10,0.042100001126527786
99,10,0.062300000339746475
100,10,0.1136000007390976
1,11,0.2720000147819519
2,11,0.19789999723434448
3,11,0.21230000257492065
4,11,0.2669999897480011
5,11,0.1818999946117401
6,11,0.16300000250339508
7,11,0.14560000598430634
8,11,0.18170000612735748
9,11,0.1623000055551529
10,11,0.18870000541210175
11,11,0.0551999993622303
12,11,0.0689999982714653
13,11,0.0957999974489212
14,11,0.09759999811649323
15,11,0.04809999838471413
16,11,0.04659999907016754
17,11,0.04349999874830246
18,11,0.03610000014305115
19,11,0.029999999329447746
20,11,0.019600000232458115
21,11,0.035599999129772186
22,11,0.045899998396635056
23,11,0.050599999725818634
24,11,0.03610000014305115
25,11,0.041200000792741776
26,11,0.027499999850988388
27,11,0.031599998474121094
28,11,0.037700001150369644
29,11,0.025200000032782555
30,11,0.03739999979734421
31,11,0.057100001722574234
32,11,0.05900000035762787
33,11,0.09440000355243683
34,11,0.08349999785423279
35,11,0.047200001776218414
36,11,0.08919999748468399
37,11,0.08969999849796295
38,11,0.10849999636411667
39,11,0.0957999974489212
40,11,0.07440000027418137
41,11,0.06400000303983688
42,11,0.07500000298023224
43,11,0.29100000858306885
44,11,0.2800000011920929
45,11,0.0746999979019165
46,11,0.07829999923706055
47,11,0.05810000002384186
48,11,0.04769999906420708
49,11,0.0333000011742115
50,11,0.03970000147819519
51,11,0.03060000017285347
52,11,0.06120000034570694
53,11,0.08129999786615372
54,11,0.07450000196695328
55,11,0.15489999949932098
56,11,0.20559999346733093
57,11,0.20559999346733093
58,11,0.19820000231266022
59,11,0.2046000063419342
60,11,0.08309999853372574
61,11,0.06920000165700912
62,11,0.06430000066757202
63,11,0.02930000051856041
64,11,0.0333000011742115
65,11,0.042500000447034836
66,11,0.062300000339746475
67,11,0.054499998688697815
68,11,0.049400001764297485
69,11,0.06629999727010727
70,11,0.08070000261068344
71,11,0.07519999891519547
72,11,0.0892999991774559
73,11,0.06350000202655792
74,11,0.10289999842643738
75,11,0.0722000002861023
76,11,0.07129999995231628
77,11,0.07129999995231628
78,11,0.07129999995231628
79,11,0.07129999995231628
80,11,0.1656000018119812
81,11,0.2619999945163727
82,11,0.2029999941587448
83,11,0.25600001215934753
84,11,0.2709999978542328
85,11,0.2639999985694885
86,11,0.2750000059604645
87,11,0.29499998688697815
88,11,0.2720000147819519
89,11,0.27000001072883606
90,11,0.2750000059604645
91,11,0.27799999713897705
92,11,0.27399998903274536
93,11,0.04769999906420708
94,11,0.03880000114440918
95,11,0.046799998730421066
96,11,0.03420000150799751
97,11,0.05119999870657921
98,11,0.04619999974966049
99,11,0.0640999972820282
100,11,0.08079999685287476
1,12,0.2680000066757202
2,12,0.24400000274181366
3,12,0.26100000739097595
4,12,0.26600000262260437
5,12,0.1509999930858612
6,12,0.1460999995470047
7,12,0.18060000240802765
8,12,0.1809999942779541
9,12,0.13199999928474426
10,12,0.15809999406337738
11,12,0.1889999955892563
12,12,0.05139999836683273
13,12,0.057500001043081284
14,12,0.09309999644756317
15,12,0.041099999099969864
16,12,0.05770000070333481
17,12,0.07010000199079514
18,12,0.06599999964237213
19,12,0.043699998408555984
20,12,0.02930000051856041
21,12,0.036400001496076584
22,12,0.04899999871850014
23,12,0.05389999970793724
24,12,0.03819999843835831
25,12,0.042899999767541885
26,12,0.025599999353289604
27,12,0.032499998807907104
28,12,0.02370000071823597
29,12,0.017500000074505806
30,12,0.04170000180602074
31,12,0.03280000016093254
32,12,0.039400000125169754
33,12,0.07320000231266022
34,12,0.04560000076889992
35,12,0.07959999889135361
36,12,0.09019999951124191
37,12,0.1177000030875206
38,12,0.133200004696846
39,12,0.16940000653266907
40,12,0.09099999815225601
41,12,0.061400000005960464
42,12,0.289000004529953
43,12,0.27799999713897705
44,12,0.29600000381469727
45,12,0.05180000141263008
46,12,0.08179999887943268
47,12,0.054099999368190765
48,12,0.04039999842643738
49,12,0.05979999899864197
50,12,0.0608999989926815
51,12,0.05939999967813492
52,12,0.09399999678134918
53,12,0.12080000340938568
54,12,0.13349999487400055
55,12,0.1509000062942505
56,12,0.1534000039100647
57,12,0.18410000205039978
58,12,0.11919999867677689
59,12,0.1770000010728836
60,12,0.16040000319480896
61,12,0.09399999678134918
62,12,0.07100000232458115
63,12,0.03660000115633011
64,12,0.040699999779462814
65,12,0.03460000082850456
66,12,0.0632999986410141
67,12,0.04259999841451645
68,12,0.0478999987244606
69,12,0.07900000363588333
70,12,0.07919999957084656
71,12,0.05730000138282776
72,12,0.08190000057220459
73,12,0.07699999958276749
74,12,0.08500000089406967
75,12,0.08760000020265579
76,12,0.1168999969959259
77,12,0.1168999969959259
78,12,0.1168999969959259
79,12,0.1168999969959259
80,12,0.1168999969959259
81,12,0.1907999962568283
82,12,0.27000001072883606
83,12,0.27300000190734863
84,12,0.27300000190734863
85,12,0.2709999978542328
86,12,0.2669999897480011
87,12,0.27900001406669617
88,12,0.2680000066757202
89,12,0.2639000117778778
90,12,0.26600000262260437
91,12,0.27399998903274536
92,12,0.1988999992609024
93,12,0.048700001090765
94,12,0.04740000143647194
95,12,0.03500000014901161
96,12,0.03359999880194664
97,12,0.05889999866485596
98,12,0.02669999934732914
99,12,0.04439999908208847
100,12,0.04270000010728836
1,13,0.2526000142097473
2,13,0.1737000048160553
3,13,0.17000000178813934
4,13,0.14869999885559082
5,13,0.13300000131130219
6,13,0.13600000739097595
7,13,0.15139999985694885
8,13,0.17000000178813934
9,13,0.13699999451637268
10,13,0.17430000007152557
11,13,0.20250000059604645
12,13,0.05339999869465828
13,13,0.07739999890327454
14,13,0.05790000036358833
15,13,0.06440000236034393
16,13,0.050999999046325684
17,13,0.08160000294446945
18,13,0.053199999034404755
19,13,0.06639999896287918
20,13,0.05620000138878822
21,13,0.06769999861717224
22,13,0.07109999656677246
23,13,0.04580000042915344
24,13,0.03400000184774399
25,13,0.02969999983906746
26,13,0.03610000014305115
27,13,0.029999999329447746
28,13,0.04179999977350235
29,13,0.04569999873638153
30,13,0.03739999979734421
31,13,0.03750000149011612
32,13,0.043699998408555984
33,13,0.06689999997615814
34,13,0.06480000168085098
35,13,0.06210000067949295
36,13,0.10559999942779541
37,13,0.11050000041723251
38,13,0.09269999712705612
39,13,0.11729999631643295
40,13,0.12210000306367874
41,13,0.06729999929666519
42,13,0.28999999165534973
43,13,0.27799999713897705
44,13,0.03799999877810478
45,13,0.04769999906420708
46,13,0.06759999692440033
47,13,0.07410000264644623
48,13,0.08789999783039093
49,13,0.0640999972820282
50,13,0.08839999884366989
51,13,0.07400000095367432
52,13,0.06809999793767929
53,13,0.12269999831914902
54,13,0.14010000228881836
55,13,0.1492999941110611
56,13,0.1753000020980835
57,13,0.20440000295639038
58,13,0.19349999725818634
59,13,0.14059999585151672
60,13,0.07580000162124634
61,13,0.11460000276565552
62,13,0.17090000212192535
63,13,0.06449999660253525
64,13,0.04439999908208847
65,13,0.04390000179409981
66,13,0.042399998754262924
67,13,0.049400001764297485
68,13,0.057100001722574234
69,13,0.08900000154972076
70,13,0.045099999755620956
71,13,0.0746999979019165
72,13,0.09669999778270721
73,13,0.06499999761581421
74,13,0.049800001084804535
75,13,0.06560000032186508
76,13,0.06859999895095825
77,13,0.06859999895095825
78,13,0.06859999895095825
79,13,0.06859999895095825
80,13,0.06859999895095825
81,13,0.06859999895095825
82,13,0.25099998712539673
83,13,0.26899999380111694
84,13,0.2709999978542328
85,13,0.27300000190734863
86,13,0.27300000190734863
87,13,0.27300000190734863
88,13,0.2750000059604645
89,13,0.27399998903274536
90,13,0.2680000066757202
91,13,0.06270000338554382
92,13,0.05979999899864197
93,13,0.03539999946951866
94,13,0.043800000101327896
95,13,0.04800000041723251
96,13,0.031300000846385956
97,13,0.029200000688433647
98,13,0.05290000140666962
99,13,0.051600001752376556
100,13,0.05810000002384186
1,14,0.23680000007152557
2,14,0.23600000143051147
3,14,0.16200000047683716
4,14,0.13500000536441803
5,14,0.13699999451637268
6,14,0.13699999451637268
7,14,0.12999999523162842
8,14,0.13089999556541443
9,14,0.1542000025510788
10,14,0.13699999451637268
11,14,0.2160000056028366
12,14,0.07450000196695328
13,14,0.08839999884366989
14,14,0.05299999937415123
15,14,0.052000001072883606
16,14,0.08940000087022781
17,14,0.08489999920129776
18,14,0.07419999688863754
19,14,0.04960000142455101
20,14,0.09430000185966492
21,14,0.07450000196695328
22,14,0.06780000030994415
23,14,0.04960000142455101
24,14,0.03189999982714653
25,14,0.025699999183416367
26,14,0.03709999844431877
27,14,0.043699998408555984
28,14,0.03700000047683716
29,14,0.05939999967813492
30,14,0.03819999843835831
31,14,0.061400000005960464
32,14,0.05040000006556511
33,14,0.07249999791383743
34,14,0.10450000315904617
35,14,0.13259999454021454
36,14,0.131400004029274
37,14,0.09109999984502792
38,14,0.094200000166893
39,14,0.12520000338554382
40,14,0.06989999860525131
41,14,0.06560000032186508
42,14,0.2930000126361847
43,14,0.28299999237060547
44,14,0.053300000727176666
45,14,0.025499999523162842
46,14,0.041200000792741776
47,14,0.04670000076293945
48,14,0.07180000096559525
49,14,0.06279999762773514
50,14,0.08269999921321869
51,14,0.0949999988079071
52,14,0.07919999957084656
53,14,0.0828000009059906
54,14,0.10080000013113022
55,14,0.13359999656677246
56,14,0.18790000677108765
57,14,0.17239999771118164
58,14,0.18850000202655792
59,14,0.11479999870061874
60,14,0.14790000021457672
61,14,0.14669999480247498
62,14,0.10989999771118164
63,14,0.08320000022649765
64,14,0.04529999941587448
65,14,0.04670000076293945
66,14,0.048900000751018524
67,14,0.0723000019788742
68,14,0.0925000011920929
69,14,0.07930000126361847
70,14,0.12349999696016312
71,14,0.06800000369548798
72,14,0.07519999891519547
73,14,0.05689999833703041
74,14,0.049800001084804535
75,14,0.04859999939799309
76,14,0.04859999939799309
77,14,0.04859999939799309
78,14,0.04859999939799309
79,14,0.04859999939799309
80,14,0.04859999939799309
81,14,0.04859999939799309
82,14,0.04859999939799309
83,14,0.04859999939799309
84,14,0.2840000092983246
85,14,0.2759999930858612
86,14,0.26499998569488525
87,14,0.2669000029563904
88,14,0.2770000100135803
89,14,0.27000001072883606
90,14,0.19099999964237213
91,14,0.07249999791383743
92,14,0.09880000352859497
93,14,0.06669999659061432
94,14,0.06589999794960022
95,14,0.050700001418590546
96,14,0.029500000178813934
97,14,0.030899999663233757
98,14,0.029999999329447746
99,14,0.04410000145435333
100,14,0.04899999871850014
1,15,0.21400000154972076
2,15,0.23600000143051147
3,15,0.1817999929189682
4,15,0.1420000046491623
5,15,0.13699999451637268
6,15,0.14100000262260437
7,15,0.12999999523162842
8,15,0.15700000524520874
9,15,0.21699999272823334
10,15,0.20000000298023224
11,15,0.15240000188350677
12,15,0.07779999822378159
13,15,0.11400000005960464
14,15,0.05860000103712082
15,15,0.032600000500679016
16,15,0.06419999897480011
17,15,0.07129999995231628
18,15,0.0625
19,15,0.0949999988079071
20,15,0.09290000051259995
21,15,0.06109999865293503
22,15,0.06909999996423721
23,15,0.05310000106692314
24,15,0.020600000396370888
25,15,0.026100000366568565
26,15,0.04450000077486038
27,15,0.0640999972820282
28,15,0.03350000083446503
29,15,0.041600000113248825
30,15,0.04670000076293945
31,15,0.11209999769926071
32,15,0.11500000208616257
33,15,0.0908999964594841
34,15,0.13359999656677246
35,15,0.10589999705553055
36,15,0.09889999777078629
37,15,0.06270000338554382
38,15,0.04879999905824661
39,15,0.08030000329017639
40,15,0.08640000224113464
41,15,0.2849999964237213
42,15,0.2980000078678131
43,15,0.28999999165534973
44,15,0.025200000032782555
45,15,0.04320000112056732
46,15,0.049400001764297485
47,15,0.05550000071525574
48,15,0.07329999655485153
49,15,0.07320000231266022
50,15,0.08079999685287476
51,15,0.07509999722242355
52,15,0.07810000330209732
53,15,0.0714000016450882
54,15,0.06430000066757202
55,15,0.16110000014305115
56,15,0.19009999930858612
57,15,0.18979999423027039
58,15,0.15729999542236328
59,15,0.09870000183582306
60,15,0.1859000027179718
61,15,0.18690000474452972
62,15,0.10769999772310257
63,15,0.07779999822378159
64,15,0.053300000727176666
65,15,0.03240000084042549
66,15,0.048900000751018524
67,15,0.06710000336170197
68,15,0.09220000356435776
69,15,0.07559999823570251
70,15,0.09589999914169312
71,15,0.059700001031160355
72,15,0.08190000057220459
73,15,0.0640999972820282
74,15,0.06710000336170197
75,15,0.06419999897480011
76,15,0.043699998408555984
77,15,0.043699998408555984
78,15,0.043699998408555984
79,15,0.043699998408555984
80,15,0.043699998408555984
81,15,0.043699998408555984
82,15,0.043699998408555984
83,15,0.043699998408555984
84,15,0.2759999930858612
85,15,0.24279999732971191
86,15,0.2669999897480011
87,15,0.2720000147819519
88,15,0.2800000011920929
89,15,0.2720000147819519
90,15,0.17180000245571136
91,15,0.1793999969959259
92,15,0.11079999804496765
93,15,0.13040000200271606
94,15,0.09309999644756317
95,15,0.07349999994039536
96,15,0.05649999901652336
97,15,0.03350000083446503
98,15,0.03750000149011612
99,15,0.03970000147819519
100,15,0.042899999767541885
1,16,0.23800000548362732
2,16,0.20600000023841858
3,16,0.19699999690055847
4,16,0.15389999747276306
5,16,0.14100000262260437
6,16,0.13130000233650208
7,16,0.13500000536441803
8,16,0.15139999985694885
9,16,0.17990000545978546
10,16,0.16410000622272491
11,16,0.20069999992847443
12,16,0.041200000792741776
13,16,0.06780000030994415
14,16,0.06750000268220901
15,16,0.09719999879598618
16,16,0.04270000010728836
17,16,0.059700001031160355
18,16,0.07119999825954437
19,16,0.045499999076128006
20,16,0.05420000106096268
21,16,0.03220000118017197
22,16,0.052000001072883606
23,16,0.06610000133514404
24,16,0.03999999910593033
25,16,0.039799999445676804
26,16,0.0949999988079071
27,16,0.07729999721050262
28,16,0.05490000173449516
29,16,0.031099999323487282
30,16,0.03590000048279762
31,16,0.07509999722242355
32,16,0.08290000259876251
33,16,0.08810000121593475
34,16,0.14630000293254852
35,16,0.1006999984383583
36,16,0.1006999984383583
37,16,0.09220000356435776
38,16,0.13330000638961792
39,16,0.08730000257492065
40,16,0.12280000001192093
41,16,0.28999999165534973
42,16,0.30000001192092896
43,16,0.29100000858306885
44,16,0.05299999937415123
45,16,0.04839999973773956
46,16,0.06700000166893005
47,16,0.04859999939799309
48,16,0.06319999694824219
49,16,0.04320000112056732
50,16,0.06350000202655792
51,16,0.07349999994039536
52,16,0.07020000368356705
53,16,0.07029999792575836
54,16,0.08669999986886978
55,16,0.11100000143051147
56,16,0.11320000141859055
57,16,0.16429999470710754
58,16,0.18469999730587006
59,16,0.1046999990940094
60,16,0.14949999749660492
61,16,0.1615999937057495
62,16,0.08500000089406967
63,16,0.10010000318288803
64,16,0.12210000306367874
65,16,0.06270000338554382
66,16,0.05480000004172325
67,16,0.062199998646974564
68,16,0.05590000003576279
69,16,0.05620000138878822
70,16,0.07029999792575836
71,16,0.08449999988079071
72,16,0.05079999938607216
73,16,0.05730000138282776
74,16,0.07819999754428864
75,16,0.06270000338554382
76,16,0.0640999972820282
77,16,0.0640999972820282
78,16,0.0640999972820282
79,16,0.0640999972820282
80,16,0.0640999972820282
81,16,0.0640999972820282
82,16,0.0640999972820282
83,16,0.0640999972820282
84,16,0.19979999959468842
85,16,0.2840000092983246
86,16,0.25600001215934753
87,16,0.27000001072883606
88,16,0.28700000047683716
89,16,0.2709999978542328
90,16,0.2467000037431717
91,16,0.10719999670982361
92,16,0.11590000241994858
93,16,0.10350000113248825
94,16,0.1289999932050705
95,16,0.09589999914169312
96,16,0.07450000196695328
97,16,0.04050000011920929
98,16,0.028300000354647636
99,16,0.031099999323487282
100,16,0.049800001084804535
1,17,0.21400000154972076
2,17,0.16300000250339508
3,17,0.13600000739097595
4,17,0.17910000681877136
5,17,0.13099999725818634
6,17,0.1420000046491623
7,17,0.13650000095367432
8,17,0.13199999928474426
9,17,0.15189999341964722
10,17,0.13699999451637268
11,17,0.16979999840259552
12,17,0.09070000052452087
13,17,0.0649000033736229
14,17,0.07850000262260437
15,17,0.09019999951124191
16,17,0.06019999831914902
17,17,0.09019999951124191
18,17,0.07150000333786011
19,17,0.0560000017285347
20,17,0.047200001776218414
21,17,0.03880000114440918
22,17,0.0617000013589859
23,17,0.05909999832510948
24,17,0.03799999877810478
25,17,0.0430000014603138
26,17,0.07100000232458115
27,17,0.07180000096559525
28,17,0.05849999934434891
29,17,0.03150000050663948
30,17,0.029100000858306885
31,17,0.06949999928474426
32,17,0.11150000244379044
33,17,0.10559999942779541
34,17,0.13220000267028809
35,17,0.10000000149011612
36,17,0.13449999690055847
37,17,0.13699999451637268
38,17,0.09399999678134918
39,17,0.0689999982714653
40,17,0.09629999846220016
41,17,0.29100000858306885
42,17,0.2939999997615814
43,17,0.05350000038743019
44,17,0.031099999323487282
45,17,0.0430000014603138
46,17,0.04899999871850014
47,17,0.066600002348423
48,17,0.041999999433755875
49,17,0.04179999977350235
50,17,0.04650000110268593
51,17,0.07599999755620956
52,17,0.08910000324249268
53,17,0.10719999670982361
54,17,0.13259999454021454
55,17,0.15399999916553497
56,17,0.1664000004529953
57,17,0.13030000030994415
58,17,0.14640000462532043
59,17,0.09220000356435776
60,17,0.10170000046491623
61,17,0.07000000029802322
62,17,0.06629999727010727
63,17,0.09870000183582306
64,17,0.09109999984502792
65,17,0.06790000200271606
66,17,0.06780000030994415
67,17,0.10559999942779541
68,17,0.08089999854564667
69,17,0.09300000220537186
70,17,0.044599998742341995
71,17,0.04600000008940697
72,17,0.03420000150799751
73,17,0.050200000405311584
74,17,0.06289999932050705
75,17,0.05249999836087227
76,17,0.04179999977350235
77,17,0.04179999977350235
78,17,0.04179999977350235
79,17,0.04179999977350235
80,17,0.04179999977350235
81,17,0.04179999977350235
82,17,0.04179999977350235
83,17,0.04179999977350235
84,17,0.04179999977350235
85,17,0.1889999955892563
86,17,0.26100000739097595
87,17,0.2770000100135803
88,17,0.27799999713897705
89,17,0.2770000100135803
90,17,0.2680000066757202
91,17,0.2329999953508377
92,17,0.20080000162124634
93,17,0.2159000039100647
94,17,0.11129999905824661
95,17,0.0794999971985817
96,17,0.04749999940395355
97,17,0.0551999993622303
98,17,0.04039999842643738
99,17,0.04360000044107437
100,17,0.04479999840259552
1,18,0.26100000739097595
2,18,0.1420000046491623
3,18,0.14180000126361847
4,18,0.15299999713897705
5,18,0.13300000131130219
6,18,0.13500000536441803
7,18,0.13500000536441803
8,18,0.1468999981880188
9,18,0.25200000405311584
10,18,0.2467000037431717
11,18,0.19609999656677246
12,18,0.0925000011920929
13,18,0.09350000321865082
14,18,0.10189999639987946
15,18,0.07810000330209732
16,18,0.07779999822378159
17,18,0.05920000001788139
18,18,0.052400000393390656
19,18,0.03959999978542328
20,18,0.04390000179409981
21,18,0.028300000354647636
22,18,0.058400001376867294
23,18,0.039400000125169754
24,18,0.03849999979138374
25,18,0.029200000688433647
26,18,0.0771000012755394
27,18,0.05689999833703041
28,18,0.05590000003576279
29,18,0.05590000003576279
30,18,0.07569999992847443
31,18,0.093299999833107
32,18,0.11659999936819077
33,18,0.14149999618530273
34,18,0.1850000023841858
35,18,0.10570000112056732
36,18,0.1216999962925911
37,18,0.10339999943971634
38,18,0.10830000042915344
39,18,0.09080000221729279
40,18,0.296999990940094
41,18,0.2980000078678131
42,18,0.29600000381469727
43,18,0.296999990940094
44,18,0.0502999983727932
45,18,0.07339999824762344
46,18,0.04470000043511391
47,18,0.05270000174641609
48,18,0.06260000169277191
49,18,0.04639999940991402
50,18,0.062300000339746475
51,18,0.04650000110268593
52,18,0.06840000301599503
53,18,0.1039000004529953
54,18,0.0892999991774559
55,18,0.16670000553131104
56,18,0.15410000085830688
57,18,0.18639999628067017
58,18,0.08380000293254852
59,18,0.08619999885559082
60,18,0.06870000064373016
61,18,0.08290000259876251
62,18,0.05860000103712082
63,18,0.10540000349283218
64,18,0.10450000315904617
65,18,0.06880000233650208
66,18,0.08179999887943268
67,18,0.058800000697374344
68,18,0.0551999993622303
69,18,0.049800001084804535
70,18,0.04309999942779541
71,18,0.043800000101327896
72,18,0.02800000086426735
73,18,0.056699998676776886
74,18,0.03869999945163727
75,18,0.04699999839067459
76,18,0.04699999839067459
77,18,0.04699999839067459
78,18,0.04699999839067459
79,18,0.04699999839067459
80,18,0.04699999839067459
81,18,0.04699999839067459
82,18,0.04699999839067459
83,18,0.04699999839067459
84,18,0.04699999839067459
85,18,0.2709999978542328
86,18,0.2750000059604645
87,18,0.2770000100135803
88,18,0.26499998569488525
89,18,0.27300000190734863
90,18,0.2680000066757202
91,18,0.27000001072883606
92,18,0.18690000474452972
93,18,0.16619999706745148
94,18,0.09120000153779984
95,18,0.08910000324249268
96,18,0.05299999937415123
97,18,0.050200000405311584
98,18,0.04170000180602074
99,18,0.038100000470876694
100,18,0.041999999433755875
1,19,0.2240000069141388
2,19,0.14650000631809235
3,19,0.13699999451637268
4,19,0.163100004196167
5,19,0.17440000176429749
6,19,0.18129999935626984
7,19,0.13199999928474426
8,19,0.13500000536441803
9,19,0.16439999639987946
10,19,0.21199999749660492
11,19,0.1062999963760376
12,19,0.18629999458789825
13,19,0.11810000240802765
14,19,0.08669999986886978
15,19,0.08969999849796295
16,19,0.07050000131130219
17,19,0.09749999642372131
18,19,0.05400000140070915
19,19,0.036400001496076584
20,19,0.07020000368356705
21,19,0.05990000069141388
22,19,0.048700001090765
23,19,0.039799999445676804
24,19,0.06549999862909317
25,19,0.04470000043511391
26,19,0.039000000804662704
27,19,0.04989999905228615
28,19,0.05040000006556511
29,19,0.06939999759197235
30,19,0.05920000001788139
31,19,0.05770000070333481
32,19,0.07530000060796738
33,19,0.09480000287294388
34,19,0.10740000009536743
35,19,0.12890000641345978
36,19,0.15790000557899475
37,19,0.16189999878406525
38,19,0.08209999650716782
39,19,0.08009999990463257
40,19,0.09459999948740005
41,19,0.10450000315904617
42,19,0.3019999861717224
43,19,0.3100000023841858
44,19,0.29600000381469727
45,19,0.06549999862909317
46,19,0.05909999832510948
47,19,0.05810000002384186
48,19,0.042100001126527786
49,19,0.05900000035762787
50,19,0.07620000094175339
51,19,0.04019999876618385
52,19,0.07440000027418137
53,19,0.050599999725818634
54,19,0.10329999774694443
55,19,0.1526000052690506
56,19,0.18960000574588776
57,19,0.12890000641345978
58,19,0.07890000194311142
59,19,0.05510000139474869
60,19,0.049800001084804535
61,19,0.05559999868273735
62,19,0.1387999951839447
63,19,0.17640000581741333
64,19,0.09719999879598618
65,19,0.05660000070929527
66,19,0.059300001710653305
67,19,0.04659999907016754
68,19,0.048500001430511475
69,19,0.031599998474121094
70,19,0.04479999840259552
71,19,0.038100000470876694
72,19,0.03150000050663948
73,19,0.03319999948143959
74,19,0.033799998462200165
75,19,0.033799998462200165
76,19,0.023499999195337296
77,19,0.02590000070631504
78,19,0.03799999877810478
79,19,0.03799999877810478
80,19,0.03799999877810478
81,19,0.03799999877810478
82,19,0.03799999877810478
83,19,0.03799999877810478
84,19,0.03799999877810478
85,19,0.03799999877810478
86,19,0.1817999929189682
87,19,0.28700000047683716
88,19,0.27799999713897705
89,19,0.2680000066757202
90,19,0.2750000059604645
91,19,0.27000001072883606
92,19,0.266400009393692
93,19,0.1378999948501587
94,19,0.1136000007390976
95,19,0.09380000084638596
96,19,0.08560000360012054
97,19,0.08060000091791153
98,19,0.04569999873638153
99,19,0.03370000049471855
100,19,0.03700000047683716
1,20,0.22300000488758087
2,20,0.25699999928474426
3,20,0.1979999989271164
4,20,0.19349999725818634
5,20,0.13770000636577606
6,20,0.19099999964237213
7,20,0.13199999928474426
8,20,0.19539999961853027
9,20,0.18140000104904175
10,20,0.21330000460147858
11,20,0.15790000557899475
12,20,0.13369999825954437
13,20,0.1356000006198883
14,20,0.09019999951124191
15,20,0.09989999979734421
16,20,0.08969999849796295
17,20,0.07970000058412552
18,20,0.04390000179409981
19,20,0.05180000141263008
20,20,0.03680000081658363
21,20,0.03689999878406525
22,20,0.03799999877810478
23,20,0.04749999940395355
24,20,0.05979999899864197
25,20,0.035999998450279236
26,20,0.028599999845027924
27,20,0.042899999767541885
28,20,0.03139999881386757
29,20,0.04800000041723251
30,20,0.03999999910593033
31,20,0.08179999887943268
32,20,0.08309999853372574
33,20,0.09160000085830688
34,20,0.07699999958276749
35,20,0.09290000051259995
36,20,0.09520000219345093
37,20,0.08179999887943268
38,20,0.09629999846220016
39,20,0.08919999748468399
40,20,0.11640000343322754
41,20,0.11710000038146973
42,20,0.30000001192092896
43,20,0.30000001192092896
44,20,0.2939999997615814
45,20,0.2849999964237213
46,20,0.05380000174045563
47,20,0.051100000739097595
48,20,0.03269999846816063
49,20,0.04639999940991402
50,20,0.04340000078082085
51,20,0.04450000077486038
52,20,0.0674000009894371
53,20,0.09350000321865082
54,20,0.07900000363588333
55,20,0.18930000066757202
56,20,0.14399999380111694
57,20,0.15889999270439148
58,20,0.0917000025510788
59,20,0.07999999821186066
60,20,0.07360000163316727
61,20,0.07270000129938126
62,20,0.10180000215768814
63,20,0.09769999980926514
64,20,0.0812000036239624
65,20,0.06379999965429306
66,20,0.060600001364946365
67,20,0.06449999660253525
68,20,0.03370000049471855
69,20,0.039400000125169754
70,20,0.029400000348687172
71,20,0.033399999141693115
72,20,0.015200000256299973
73,20,0.020800000056624413
74,20,0.031599998474121094
75,20,0.029500000178813934
76,20,0.02250000089406967
77,20,0.02710000053048134
78,20,0.02710000053048134
79,20,0.02710000053048134
80,20,0.02710000053048134
81,20,0.02710000053048134
82,20,0.02710000053048134
83,20,0.02710000053048134
84,20,0.02710000053048134
85,20,0.29499998688697815
86,20,0.20970000326633453
87,20,0.2930000126361847
88,20,0.27799999713897705
89,20,0.2720000147819519
90,20,0.27799999713897705
91,20,0.2680000066757202
92,20,0.2709999978542328
93,20,0.26100000739097595
94,20,0.09300000220537186
95,20,0.046799998730421066
96,20,0.05550000071525574
97,20,0.06080000102519989
98,20,0.049400001764297485
99,20,0.049400001764297485
100,20,0.049400001764297485
1,21,0.20250000059604645
2,21,0.24899999797344208
3,21,0.23999999463558197
4,21,0.1889999955892563
5,21,0.17870000004768372
6,21,0.20000000298023224
7,21,0.13699999451637268
8,21,0.19699999690055847
9,21,0.15109999477863312
10,21,0.19259999692440033
11,21,0.19529999792575836
12,21,0.1324000060558319
13,21,0.181099995970726
14,21,0.10209999978542328
15,21,0.11919999867677689
16,21,0.05400000140070915
17,21,0.047600001096725464
18,21,0.07109999656677246
19,21,0.09000000357627869
20,21,0.04670000076293945
21,21,0.044599998742341995
22,21,0.035999998450279236
23,21,0.031199999153614044
24,21,0.03629999980330467
25,21,0.03799999877810478
26,21,0.032600000500679016
27,21,0.023800000548362732
28,21,0.024900000542402267
29,21,0.024900000542402267
30,21,0.04520000144839287
31,21,0.05550000071525574
32,21,0.07000000029802322
33,21,0.03739999979734421
34,21,0.06859999895095825
35,21,0.07079999893903732
36,21,0.09309999644756317
37,21,0.062199998646974564
38,21,0.08309999853372574
39,21,0.1468999981880188
40,21,0.11879999935626984
41,21,0.09399999678134918
42,21,0.08389999717473984
43,21,0.30399999022483826
44,21,0.2939999997615814
45,21,0.28600001335144043
46,21,0.04320000112056732
47,21,0.048900000751018524
48,21,0.06520000100135803
49,21,0.04470000043511391
50,21,0.04439999908208847
51,21,0.044599998742341995
52,21,0.07850000262260437
53,21,0.10559999942779541
54,21,0.10890000313520432
55,21,0.1316000074148178
56,21,0.16910000145435333
57,21,0.10180000215768814
58,21,0.11349999904632568
59,21,0.1264999955892563
60,21,0.07450000196695328
61,21,0.08259999752044678
62,21,0.17880000174045563
63,21,0.1168999969959259
64,21,0.07840000092983246
65,21,0.05719999969005585
66,21,0.05570000037550926
67,21,0.04879999905824661
68,21,0.054099999368190765
69,21,0.05640000104904175
70,21,0.031099999323487282
71,21,0.03779999911785126
72,21,0.026900000870227814
73,21,0.02669999934732914
74,21,0.02449999935925007
75,21,0.018300000578165054
76,21,0.02280000038444996
77,21,0.028599999845027924
78,21,0.028599999845027924
79,21,0.04699999839067459
80,21,0.04699999839067459
81,21,0.04699999839067459
82,21,0.04699999839067459
83,21,0.04699999839067459
84,21,0.2101999968290329
85,21,0.28700000047683716
86,21,0.2750000059604645
87,21,0.1665000021457672
88,21,0.2680000066757202
89,21,0.24400000274181366
90,21,0.2630000114440918
91,21,0.2720000147819519
92,21,0.25699999928474426
93,21,0.25699999928474426
94,21,0.1907999962568283
95,21,0.06400000303983688
96,21,0.03929999843239784
97,21,0.04859999939799309
98,21,0.0333000011742115
99,21,0.0333000011742115
100,21,0.0333000011742115
1,22,0.19529999792575836
2,22,0.26499998569488525
3,22,0.164900004863739
4,22,0.18000000715255737
5,22,0.2329999953508377
6,22,0.2290000021457672
7,22,0.2029999941587448
8,22,0.16300000250339508
9,22,0.14489999413490295
10,22,0.19699999690055847
11,22,0.19439999759197235
12,22,0.10740000009536743
13,22,0.13819999992847443
14,22,0.11949999630451202
15,22,0.10119999945163727
16,22,0.05559999868273735
17,22,0.06040000170469284
18,22,0.05939999967813492
19,22,0.0714000016450882
20,22,0.051600001752376556
21,22,0.04569999873638153
22,22,0.03920000046491623
23,22,0.049800001084804535
24,22,0.039000000804662704
25,22,0.041099999099969864
26,22,0.0421999990940094
27,22,0.023499999195337296
28,22,0.025299999862909317
29,22,0.024800000712275505
30,22,0.03009999915957451
31,22,0.028699999675154686
32,22,0.05139999836683273
33,22,0.046300001442432404
34,22,0.05979999899864197
35,22,0.05480000004172325
36,22,0.10509999841451645
37,22,0.11479999870061874
38,22,0.12870000302791595
39,22,0.1046999990940094
40,22,0.12960000336170197
41,22,0.0681999996304512
42,22,0.04960000142455101
43,22,0.02810000069439411
44,22,0.2800000011920929
45,22,0.29499998688697815
46,22,0.28700000047683716
47,22,0.28700000047683716
48,22,0.04560000076889992
49,22,0.039400000125169754
50,22,0.0568000003695488
51,22,0.0649000033736229
52,22,0.09149999916553497
53,22,0.06480000168085098
54,22,0.059700001031160355
55,22,0.15639999508857727
56,22,0.09260000288486481
57,22,0.10999999940395355
58,22,0.11999999731779099
59,22,0.10440000146627426
60,22,0.08969999849796295
61,22,0.06340000033378601
62,22,0.09279999881982803
63,22,0.09279999881982803
64,22,0.0674000009894371
65,22,0.04490000009536743
66,22,0.0560000017285347
67,22,0.04179999977350235
68,22,0.04820000007748604
69,22,0.05559999868273735
70,22,0.0649000033736229
71,22,0.04470000043511391
72,22,0.04650000110268593
73,22,0.03060000017285347
74,22,0.029899999499320984
75,22,0.01489999983459711
76,22,0.021199999377131462
77,22,0.025499999523162842
78,22,0.024299999698996544
79,22,0.02800000086426735
80,22,0.02800000086426735
81,22,0.02800000086426735
82,22,0.02800000086426735
83,22,0.07989999651908875
84,22,0.08219999819993973
85,22,0.08669999986886978
86,22,0.27900001406669617
87,22,0.18359999358654022
88,22,0.24300000071525574
89,22,0.2199999988079071
90,22,0.2720000147819519
91,22,0.2720000147819519
92,22,0.25699999928474426
93,22,0.257999986410141
94,22,0.27300000190734863
95,22,0.2680000066757202
96,22,0.17820000648498535
97,22,0.17820000648498535
98,22,0.17820000648498535
99,22,0.17820000648498535
100,22,0.17820000648498535
1,23,0.10589999705553055
2,23,0.24400000274181366
3,23,0.15700000524520874
4,23,0.13300000131130219
5,23,0.2329999953508377
6,23,0.17000000178813934
7,23,0.15600000321865082
8,23,0.25099998712539673
9,23,0.17730000615119934
10,23,0.18230000138282776
11,23,0.20250000059604645
12,23,0.10119999945163727
13,23,0.19990000128746033
14,23,0.13379999995231628
15,23,0.13670000433921814
16,23,0.08659999817609787
17,23,0.08699999749660492
18,23,0.07109999656677246
19,23,0.0843999981880188
20,23,0.06629999727010727
21,23,0.03880000114440918
22,23,0.04479999840259552
23,23,0.03449999913573265
24,23,0.030700000002980232
25,23,0.03720000013709068
26,23,0.043699998408555984
27,23,0.020600000396370888
28,23,0.020800000056624413
29,23,0.022199999541044235
30,23,0.05290000140666962
31,23,0.06239999830722809
32,23,0.0560000017285347
33,23,0.07289999723434448
34,23,0.0738999992609024
35,23,0.08619999885559082
36,23,0.1581999957561493
37,23,0.1363999992609024
38,23,0.20069999992847443
39,23,0.1485999971628189
40,23,0.09889999777078629
41,23,0.0575999990105629
42,23,0.05939999967813492
43,23,0.040800001472234726
44,23,0.05860000103712082
45,23,0.05009999871253967
46,23,0.28999999165534973
47,23,0.27300000190734863
48,23,0.2800000011920929
49,23,0.296999990940094
50,23,0.11089999973773956
51,23,0.06629999727010727
52,23,0.08590000122785568
53,23,0.06970000267028809
54,23,0.08290000259876251
55,23,0.12919999659061432
56,23,0.10270000249147415
57,23,0.0892999991774559
58,23,0.14090000092983246
59,23,0.1436000019311905
60,23,0.08129999786615372
61,23,0.0828000009059906
62,23,0.07199999690055847
63,23,0.08479999750852585
64,23,0.0869000032544136
65,23,0.07760000228881836
66,23,0.04989999905228615
67,23,0.0608999989926815
68,23,0.07930000126361847
69,23,0.0575999990105629
70,23,0.05939999967813492
71,23,0.05119999870657921
72,23,0.04780000075697899
73,23,0.03880000114440918
74,23,0.02449999935925007
75,23,0.02630000002682209
76,23,0.027300000190734863
77,23,0.02630000002682209
78,23,0.027899999171495438
79,23,0.023399999365210533
80,23,0.023399999365210533
81,23,0.023399999365210533
82,23,0.0406000018119812
83,23,0.050999999046325684
84,23,0.04729999974370003
85,23,0.07729999721050262
86,23,0.06849999725818634
87,23,0.08709999918937683
88,23,0.2329999953508377
89,23,0.2329999953508377
90,23,0.2637999951839447
91,23,0.2619999945163727
92,23,0.23000000417232513
93,23,0.2709999978542328
94,23,0.2800000011920929
95,23,0.2680000066757202
96,23,0.2680000066757202
97,23,0.2680000066757202
98,23,0.2680000066757202
99,23,0.2680000066757202
100,23,0.2680000066757202
1,24,0.11789999902248383
2,24,0.26100000739097595
3,24,0.19910000264644623
4,24,0.13500000536441803
5,24,0.164000004529953
6,24,0.2669999897480011
7,24,0.2329999953508377
8,24,0.2667999863624573
9,24,0.15839999914169312
10,24,0.20000000298023224
11,24,0.19709999859333038
12,24,0.10809999704360962
13,24,0.1298999935388565
14,24,0.09939999878406525
15,24,0.10559999942779541
16,24,0.07440000027418137
17,24,0.05889999866485596
18,24,0.061900001019239426
19,24,0.08699999749660492
20,24,0.05270000174641609
21,24,0.03929999843239784
22,24,0.02930000051856041
23,24,0.0333000011742115
24,24,0.04100000113248825
25,24,0.028599999845027924
26,24,0.04179999977350235
27,24,0.03610000014305115
28,24,0.026499999687075615
29,24,0.03440000116825104
30,24,0.05139999836683273
31,24,0.04780000075697899
32,24,0.03819999843835831
33,24,0.04270000010728836
34,24,0.033900000154972076
35,24,0.05009999871253967
36,24,0.06560000032186508
37,24,0.11100000143051147
38,24,0.12389999628067017
39,24,0.1039000004529953
40,24,0.08540000021457672
41,24,0.055399999022483826
42,24,0.04960000142455101
43,24,0.07479999959468842
44,24,0.04560000076889992
45,24,0.07069999724626541
46,24,0.08060000091791153
47,24,0.10909999907016754
48,24,0.27900001406669617
49,24,0.30799999833106995
50,24,0.3179999887943268
51,24,0.3310000002384186
52,24,0.328000009059906
53,24,0.048900000751018524
54,24,0.08829999715089798
55,24,0.09210000187158585
56,24,0.08720000088214874
57,24,0.1143999993801117
58,24,0.07479999959468842
59,24,0.11259999871253967
60,24,0.08209999650716782
61,24,0.08250000327825546
62,24,0.0364999994635582
63,24,0.07760000228881836
64,24,0.11420000344514847
65,24,0.09210000187158585
66,24,0.09459999948740005
67,24,0.05009999871253967
68,24,0.06989999860525131
69,24,0.06769999861717224
70,24,0.06880000233650208
71,24,0.09019999951124191
72,24,0.04910000041127205
73,24,0.05530000105500221
74,24,0.030899999663233757
75,24,0.018200000748038292
76,24,0.0284000001847744
77,24,0.02160000056028366
78,24,0.029500000178813934
79,24,0.029999999329447746
80,24,0.04039999842643738
81,24,0.031199999153614044
82,24,0.04390000179409981
83,24,0.02710000053048134
84,24,0.03440000116825104
85,24,0.08959999680519104
86,24,0.06849999725818634
87,24,0.07069999724626541
88,24,0.10830000042915344
89,24,0.2329999953508377
90,24,0.16290000081062317
91,24,0.26600000262260437
92,24,0.289000004529953
93,24,0.28299999237060547
94,24,0.27399998903274536
95,24,0.2669999897480011
96,24,0.2849999964237213
97,24,0.2849999964237213
98,24,0.2849999964237213
99,24,0.2849999964237213
100,24,0.2849999964237213
1,25,0.09380000084638596
2,25,0.11069999635219574
3,25,0.13199999928474426
4,25,0.17030000686645508
5,25,0.25600001215934753
6,25,0.26600000262260437
7,25,0.2669999897480011
8,25,0.2669999897480011
9,25,0.16300000250339508
10,25,0.20270000398159027
11,25,0.2021999955177307
12,25,0.15839999914169312
13,25,0.147599995136261
14,25,0.2046000063419342
15,25,0.1062999963760376
16,25,0.07460000365972519
17,25,0.04749999940395355
18,25,0.059300001710653305
19,25,0.06639999896287918
20,25,0.042899999767541885
21,25,0.03970000147819519
22,25,0.021900000050663948
23,25,0.02810000069439411
24,25,0.030500000342726707
25,25,0.028999999165534973
26,25,0.018699999898672104
27,25,0.024700000882148743
28,25,0.03720000013709068
29,25,0.03849999979138374
30,25,0.04490000009536743
31,25,0.0430000014603138
32,25,0.03440000116825104
33,25,0.025800000876188278
34,25,0.041099999099969864
35,25,0.03999999910593033
36,25,0.05979999899864197
37,25,0.07890000194311142
38,25,0.09939999878406525
39,25,0.07450000196695328
40,25,0.07670000195503235
41,25,0.05990000069141388
42,25,0.05050000175833702
43,25,0.06509999930858612
44,25,0.04529999941587448
45,25,0.05959999933838844
46,25,0.10329999774694443
47,25,0.1429000049829483
48,25,0.1582999974489212
49,25,0.11670000106096268
50,25,0.08290000259876251
51,25,0.328000009059906
52,25,0.3330000042915344
53,25,0.3149999976158142
54,25,0.31299999356269836
55,25,0.30399999022483826
56,25,0.07639999687671661
57,25,0.08540000021457672
58,25,0.06279999762773514
59,25,0.06279999762773514
60,25,0.05350000038743019
61,25,0.07289999723434448
62,25,0.05180000141263008
63,25,0.12389999628067017
64,25,0.06669999659061432
65,25,0.07039999961853027
66,25,0.06350000202655792
67,25,0.055399999022483826
68,25,0.07079999893903732
69,25,0.07559999823570251
70,25,0.06880000233650208
71,25,0.07959999889135361
72,25,0.05810000002384186
73,25,0.03929999843239784
74,25,0.025800000876188278
75,25,0.023499999195337296
76,25,0.02419999986886978
77,25,0.03689999878406525
78,25,0.04879999905824661
79,25,0.0544000007212162
80,25,0.06629999727010727
81,25,0.050999999046325684
82,25,0.03460000082850456
83,25,0.029400000348687172
84,25,0.03610000014305115
85,25,0.0674000009894371
86,25,0.061500001698732376
87,25,0.07919999957084656
88,25,0.1039000004529953
89,25,0.06589999794960022
90,25,0.17820000648498535
91,25,0.2639999985694885
92,25,0.2809999883174896
93,25,0.27900001406669617
94,25,0.28700000047683716
95,25,0.29600000381469727
96,25,0.28299999237060547
97,25,0.28299999237060547
98,25,0.28299999237060547
99,25,0.28299999237060547
100,25,0.28299999237060547
1,26,0.09939999878406525
2,26,0.1565999984741211
3,26,0.12999999523162842
4,26,0.12999999523162842
5,26,0.20239999890327454
6,26,0.257999986410141
7,26,0.2680000066757202
8,26,0.15839999914169312
9,26,0.2329999953508377
10,26,0.2029999941587448
11,26,0.2529999911785126
12,26,0.1745000034570694
13,26,0.17010000348091125
14,26,0.14839999377727509
15,26,0.125
16,26,0.06599999964237213
17,26,0.03669999912381172
18,26,0.04699999839067459
19,26,0.051600001752376556
20,26,0.0348999984562397
21,26,0.02669999934732914
22,26,0.02239999920129776
23,26,0.04470000043511391
24,26,0.02710000053048134
25,26,0.017899999395012856
26,26,0.019899999722838402
27,26,0.023499999195337296
28,26,0.028200000524520874
29,26,0.03999999910593033
30,26,0.03909999877214432
31,26,0.03999999910593033
32,26,0.04610000178217888
33,26,0.031199999153614044
34,26,0.03460000082850456
35,26,0.05000000074505806
36,26,0.07460000365972519
37,26,0.07069999724626541
38,26,0.10379999876022339
39,26,0.05719999969005585
40,26,0.05990000069141388
41,26,0.0575999990105629
42,26,0.08330000191926956
43,26,0.0820000022649765
44,26,0.1006999984383583
45,26,0.1071000024676323
46,26,0.09849999845027924
47,26,0.10970000177621841
48,26,0.08349999785423279
49,26,0.08780000358819962
50,26,0.12160000205039978
51,26,0.05550000071525574
52,26,0.08739999681711197
53,26,0.32600000500679016
54,26,0.3239000141620636
55,26,0.29899999499320984
56,26,0.3050000071525574
57,26,0.0885000005364418
58,26,0.28999999165534973
59,26,0.048500001430511475
60,26,0.030400000512599945
61,26,0.050200000405311584
62,26,0.07829999923706055
63,26,0.066600002348423
64,26,0.060499999672174454
65,26,0.08820000290870667
66,26,0.06780000030994415
67,26,0.09399999678134918
68,26,0.09849999845027924
69,26,0.05730000138282776
70,26,0.06849999725818634
71,26,0.0908999964594841
72,26,0.061900001019239426
73,26,0.07460000365972519
74,26,0.041099999099969864
75,26,0.035999998450279236
76,26,0.039900001138448715
77,26,0.05090000107884407
78,26,0.03480000048875809
79,26,0.043699998408555984
80,26,0.05530000105500221
81,26,0.0333000011742115
82,26,0.036400001496076584
83,26,0.051600001752376556
84,26,0.04149999842047691
85,26,0.06549999862909317
86,26,0.06729999929666519
87,26,0.05090000107884407
88,26,0.09049999713897705
89,26,0.15919999778270721
90,26,0.12129999697208405
91,26,0.16290000081062317
92,26,0.27000001072883606
93,26,0.2639999985694885
94,26,0.28999999165534973
95,26,0.28999999165534973
96,26,0.296999990940094
97,26,0.296999990940094
98,26,0.296999990940094
99,26,0.296999990940094
100,26,0.296999990940094
1,27,0.09210000187158585
2,27,0.18299999833106995
3,27,0.12700000405311584
4,27,0.12700000405311584
5,27,0.17599999904632568
6,27,0.243599995970726
7,27,0.25200000405311584
8,27,0.148499995470047
9,27,0.16580000519752502
10,27,0.24799999594688416
11,27,0.24799999594688416
12,27,0.18000000715255737
13,27,0.19699999690055847
14,27,0.11060000211000443
15,27,0.11309999972581863
16,27,0.09279999881982803
17,27,0.06780000030994415
18,27,0.05779999867081642
19,27,0.04740000143647194
20,27,0.04190000146627426
21,27,0.04170000180602074
22,27,0.029999999329447746
23,27,0.040699999779462814
24,27,0.026200000196695328
25,27,0.019099999219179153
26,27,0.01600000075995922
27,27,0.03060000017285347
28,27,0.04349999874830246
29,27,0.05469999834895134
30,27,0.051500000059604645
31,27,0.03359999880194664
32,27,0.06120000034570694
33,27,0.049300000071525574
34,27,0.03750000149011612
35,27,0.08550000190734863
36,27,0.10090000182390213
37,27,0.07940000295639038
38,27,0.05739999935030937
39,27,0.0658000037074089
40,27,0.04910000041127205
41,27,0.04050000011920929
42,27,0.03420000150799751
43,27,0.06960000097751617
44,27,0.09539999812841415
45,27,0.08470000326633453
46,27,0.07479999959468842
47,27,0.06239999830722809
48,27,0.13699999451637268
49,27,0.10639999806880951
50,27,0.12160000205039978
51,27,0.09260000288486481
52,27,0.08540000021457672
53,27,0.07800000160932541
54,27,0.07460000365972519
55,27,0.10000000149011612
56,27,0.30799999833106995
57,27,0.3009999990463257
58,27,0.30000001192092896
59,27,0.30799999833106995
60,27,0.296999990940094
61,27,0.296999990940094
62,27,0.08110000193119049
63,27,0.05640000104904175
64,27,0.05570000037550926
65,27,0.10279999673366547
66,27,0.09809999912977219
67,27,0.09000000357627869
68,27,0.10999999940395355
69,27,0.07699999958276749
70,27,0.05649999901652336
71,27,0.05220000073313713
72,27,0.08470000326633453
73,27,0.05959999933838844
74,27,0.05460000038146973
75,27,0.0689999982714653
76,27,0.05460000038146973
77,27,0.051100000739097595
78,27,0.04639999940991402
79,27,0.05270000174641609
80,27,0.06960000097751617
81,27,0.03500000014901161
82,27,0.040699999779462814
83,27,0.07509999722242355
84,27,0.11339999735355377
85,27,0.13330000638961792
86,27,0.12319999933242798
87,27,0.10209999978542328
88,27,0.09539999812841415
89,27,0.13050000369548798
90,27,0.1306000053882599
91,27,0.11249999701976776
92,27,0.2800000011920929
93,27,0.2800000011920929
94,27,0.29100000858306885
95,27,0.29100000858306885
96,27,0.27900001406669617
97,27,0.29899999499320984
98,27,0.29899999499320984
99,27,0.29899999499320984
100,27,0.29899999499320984
1,28,0.1665000021457672
2,28,0.15700000524520874
3,28,0.12880000472068787
4,28,0.12999999523162842
5,28,0.13300000131130219
6,28,0.20600000023841858
7,28,0.25200000405311584
8,28,0.13410000503063202
9,28,0.22370000183582306
10,28,0.22370000183582306
11,28,0.22370000183582306
12,28,0.15410000085830688
13,28,0.20000000298023224
14,28,0.16740000247955322
15,28,0.0632999986410141
16,28,0.06589999794960022
17,28,0.053199999034404755
18,28,0.06610000133514404
19,28,0.03909999877214432
20,28,0.0284000001847744
21,28,0.028300000354647636
22,28,0.03139999881386757
23,28,0.028200000524520874
24,28,0.02889999933540821
25,28,0.022700000554323196
26,28,0.021199999377131462
27,28,0.034299999475479126
28,28,0.038600001484155655
29,28,0.03359999880194664
30,28,0.04399999976158142
31,28,0.03999999910593033
32,28,0.07530000060796738
33,28,0.031199999153614044
34,28,0.03680000081658363
35,28,0.047200001776218414
36,28,0.07460000365972519
37,28,0.06780000030994415
38,28,0.06800000369548798
39,28,0.04969999939203262
40,28,0.03920000046491623
41,28,0.043800000101327896
42,28,0.0868000015616417
43,28,0.08739999681711197
44,28,0.07670000195503235
45,28,0.13979999721050262
46,28,0.08709999918937683
47,28,0.10010000318288803
48,28,0.10180000215768814
49,28,0.08839999884366989
50,28,0.07829999923706055
51,28,0.08009999990463257
52,28,0.05869999900460243
53,28,0.06539999693632126
54,28,0.062199998646974564
55,28,0.06939999759197235
56,28,0.04650000110268593
57,28,0.05339999869465828
58,28,0.29600000381469727
59,28,0.04560000076889992
60,28,0.3100000023841858
61,28,0.29600000381469727
62,28,0.3140000104904175
63,28,0.3269999921321869
64,28,0.3199999928474426
65,28,0.3149999976158142
66,28,0.055799998342990875
67,28,0.052799999713897705
68,28,0.06849999725818634
69,28,0.07069999724626541
70,28,0.057100001722574234
71,28,0.04349999874830246
72,28,0.043800000101327896
73,28,0.06360000371932983
74,28,0.07729999721050262
75,28,0.05739999935030937
76,28,0.06539999693632126
77,28,0.06120000034570694
78,28,0.05869999900460243
79,28,0.04470000043511391
80,28,0.05090000107884407
81,28,0.04100000113248825
82,28,0.0723000019788742
83,28,0.08990000188350677
84,28,0.10260000079870224
85,28,0.16349999606609344
86,28,0.10700000077486038
87,28,0.08179999887943268
88,28,0.07500000298023224
89,28,0.08969999849796295
90,28,0.0934000015258789
91,28,0.07649999856948853
92,28,0.2720000147819519
93,28,0.28200000524520874
94,28,0.27799999713897705
95,28,0.2800000011920929
96,28,0.29100000858306885
97,28,0.28700000047683716
98,28,0.28700000047683716
99,28,0.28700000047683716
100,28,0.28700000047683716
1,29,0.15299999713897705
2,29,0.19830000400543213
3,29,0.13300000131130219
4,29,0.13699999451637268
5,29,0.14100000262260437
6,29,0.15649999678134918
7,29,0.2484000027179718
8,29,0.15929999947547913
9,29,0.15929999947547913
10,29,0.15929999947547913
11,29,0.15929999947547913
12,29,0.15929999947547913
13,29,0.15929999947547913
14,29,0.24300000071525574
15,29,0.1565999984741211
16,29,0.04910000041127205
17,29,0.05739999935030937
18,29,0.045899998396635056
19,29,0.05000000074505806
20,29,0.03280000016093254
21,29,0.026100000366568565
22,29,0.022700000554323196
23,29,0.020099999383091927
24,29,0.021199999377131462
25,29,0.023099999874830246
26,29,0.015799999237060547
27,29,0.013299999758601189
28,29,0.0215000007301569
29,29,0.024900000542402267
30,29,0.026799999177455902
31,29,0.04490000009536743
32,29,0.05000000074505806
33,29,0.04800000041723251
34,29,0.06589999794960022
35,29,0.07760000228881836
36,29,0.10769999772310257
37,29,0.07410000264644623
38,29,0.07050000131130219
39,29,0.07329999655485153
40,29,0.08510000258684158
41,29,0.04650000110268593
42,29,0.06369999796152115
43,29,0.04859999939799309
44,29,0.08179999887943268
45,29,0.06870000064373016
46,29,0.07150000333786011
47,29,0.04569999873638153
48,29,0.06719999760389328
49,29,0.0989999994635582
50,29,0.05139999836683273
51,29,0.052000001072883606
52,29,0.06480000168085098
53,29,0.05590000003576279
54,29,0.07270000129938126
55,29,0.07970000058412552
56,29,0.05620000138878822
57,29,0.03959999978542328
58,29,0.05959999933838844
59,29,0.059300001710653305
60,29,0.039799999445676804
61,29,0.04500000178813934
62,29,0.3149999976158142
63,29,0.05350000038743019
64,29,0.3149999976158142
65,29,0.30799999833106995
66,29,0.32199999690055847
67,29,0.30300000309944153
68,29,0.30000001192092896
69,29,0.29499998688697815
70,29,0.11110000312328339
71,29,0.0828000009059906
72,29,0.0658000037074089
73,29,0.08340000361204147
74,29,0.09239999949932098
75,29,0.07280000299215317
76,29,0.06069999933242798
77,29,0.05860000103712082
78,29,0.05770000070333481
79,29,0.04960000142455101
80,29,0.05570000037550926
81,29,0.055399999022483826
82,29,0.09679999947547913
83,29,0.13459999859333038
84,29,0.1492999941110611
85,29,0.12540000677108765
86,29,0.061500001698732376
87,29,0.07880000025033951
88,29,0.08760000020265579
89,29,0.06199999898672104
90,29,0.09070000052452087
91,29,0.09669999778270721
92,29,0.27900001406669617
93,29,0.2759999930858612
94,29,0.28299999237060547
95,29,0.28189998865127563
96,29,0.289000004529953
97,29,0.3059999942779541
98,29,0.3050000071525574
99,29,0.3059999942779541
100,29,0.2849999964237213
1,30,0.17010000348091125
2,30,0.2329999953508377
3,30,0.131400004029274
4,30,0.16380000114440918
5,30,0.13300000131130219
6,30,0.17520000040531158
7,30,0.21899999678134918
8,30,0.21899999678134918
9,30,0.21899999678134918
10,30,0.21899999678134918
11,30,0.21899999678134918
12,30,0.21899999678134918
13,30,0.21899999678134918
14,30,0.21899999678134918
15,30,0.2759999930858612
16,30,0.2709999978542328
17,30,0.05009999871253967
18,30,0.05380000174045563
19,30,0.05050000175833702
20,30,0.045499999076128006
21,30,0.026399999856948853
22,30,0.026799999177455902
23,30,0.020600000396370888
24,30,0.02410000003874302
25,30,0.02500000037252903
26,30,0.027699999511241913
27,30,0.01769999973475933
28,30,0.026100000366568565
29,30,0.04270000010728836
30,30,0.020600000396370888
31,30,0.02539999969303608
32,30,0.042899999767541885
33,30,0.042500000447034836
34,30,0.07329999655485153
35,30,0.07509999722242355
36,30,0.11259999871253967
37,30,0.07079999893903732
38,30,0.07500000298023224
39,30,0.03620000183582306
40,30,0.0697999969124794
41,30,0.07079999893903732
42,30,0.050200000405311584
43,30,0.07509999722242355
44,30,0.07540000230073929
45,30,0.043800000101327896
46,30,0.06719999760389328
47,30,0.060499999672174454
48,30,0.05490000173449516
49,30,0.049300000071525574
50,30,0.04149999842047691
51,30,0.06019999831914902
52,30,0.06669999659061432
53,30,0.06279999762773514
54,30,0.058800000697374344
55,30,0.06080000102519989
56,30,0.05950000137090683
57,30,0.03929999843239784
58,30,0.04529999941587448
59,30,0.06369999796152115
60,30,0.07519999891519547
61,30,0.04769999906420708
62,30,0.032999999821186066
63,30,0.0333000011742115
64,30,0.04270000010728836
65,30,0.03240000084042549
66,30,0.30300000309944153
67,30,0.0868000015616417
68,30,0.2980000078678131
69,30,0.3050000071525574
70,30,0.2849999964237213
71,30,0.28999999165534973
72,30,0.0794999971985817
73,30,0.09189999848604202
74,30,0.07729999721050262
75,30,0.05000000074505806
76,30,0.04749999940395355
77,30,0.055399999022483826
78,30,0.04399999976158142
79,30,0.049800001084804535
80,30,0.04190000146627426
81,30,0.07729999721050262
82,30,0.07460000365972519
83,30,0.1005999967455864
84,30,0.13779999315738678
85,30,0.125900000333786
86,30,0.07109999656677246
87,30,0.05959999933838844
88,30,0.05869999900460243
89,30,0.04439999908208847
90,30,0.039000000804662704
91,30,0.06279999762773514
92,30,0.27900001406669617
93,30,0.2800000011920929
94,30,0.2809999883174896
95,30,0.26919999718666077
96,30,0.29899999499320984
97,30,0.31299999356269836
98,30,0.30399999022483826
99,30,0.2980000078678131
100,30,0.29100000858306885
1,31,0.1826999932527542
2,31,0.13699999451637268
3,31,0.15690000355243683
4,31,0.1446000039577484
5,31,0.13699999451637268
6,31,0.13699999451637268
7,31,0.22059999406337738
8,31,0.22059999406337738
9,31,0.22059999406337738
10,31,0.22059999406337738
11,31,0.22059999406337738
12,31,0.22059999406337738
13,31,0.22059999406337738
14,31,0.22059999406337738
15,31,0.22059999406337738
16,31,0.2680000066757202
17,31,0.28700000047683716
18,31,0.04699999839067459
19,31,0.060600001364946365
20,31,0.042100001126527786
21,31,0.027799999341368675
22,31,0.01850000023841858
23,31,0.02329999953508377
24,31,0.024399999529123306
25,31,0.020400000736117363
26,31,0.029999999329447746
27,31,0.031700000166893005
28,31,0.0272000003606081
29,31,0.029200000688433647
30,31,0.0203000009059906
31,31,0.022600000724196434
32,31,0.033900000154972076
33,31,0.030899999663233757
34,31,0.03629999980330467
35,31,0.06270000338554382
36,31,0.11420000344514847
37,31,0.10329999774694443
38,31,0.05040000006556511
39,31,0.05050000175833702
40,31,0.08160000294446945
41,31,0.07109999656677246
42,31,0.08370000123977661
43,31,0.06759999692440033
44,31,0.07339999824762344
45,31,0.07460000365972519
46,31,0.07559999823570251
47,31,0.05869999900460243
48,31,0.07020000368356705
49,31,0.056299999356269836
50,31,0.07840000092983246
51,31,0.06260000169277191
52,31,0.048900000751018524
53,31,0.030500000342726707
54,31,0.04639999940991402
55,31,0.04190000146627426
56,31,0.028999999165534973
57,31,0.04309999942779541
58,31,0.023800000548362732
59,31,0.0357000008225441
60,31,0.0421999990940094
61,31,0.05180000141263008
62,31,0.050700001418590546
63,31,0.03819999843835831
64,31,0.05050000175833702
65,31,0.030500000342726707
66,31,0.029999999329447746
67,31,0.046300001442432404
68,31,0.0828000009059906
69,31,0.08500000089406967
70,31,0.2919999957084656
71,31,0.289000004529953
72,31,0.296999990940094
73,31,0.29100000858306885
74,31,0.2919999957084656
75,31,0.05040000006556511
76,31,0.04170000180602074
77,31,0.08259999752044678
78,31,0.0632999986410141
79,31,0.050599999725818634
80,31,0.05310000106692314
81,31,0.05090000107884407
82,31,0.06260000169277191
83,31,0.09679999947547913
84,31,0.1128000020980835
85,31,0.08860000222921371
86,31,0.08739999681711197
87,31,0.08429999649524689
88,31,0.08070000261068344
89,31,0.07859999686479568
90,31,0.046300001442432404
91,31,0.053599998354911804
92,31,0.08009999990463257
93,31,0.28999999165534973
94,31,0.2770000100135803
95,31,0.28999999165534973
96,31,0.3070000112056732
97,31,0.31700000166893005
98,31,0.3140000104904175
99,31,0.29499998688697815
100,31,0.2809999883174896
1,32,0.1907999962568283
2,32,0.18799999356269836
3,32,0.20000000298023224
4,32,0.15199999511241913
5,32,0.13699999451637268
6,32,0.13779999315738678
7,32,0.1809999942779541
8,32,0.1809999942779541
9,32,0.1809999942779541
10,32,0.1809999942779541
11,32,0.1809999942779541
12,32,0.1809999942779541
13,32,0.1809999942779541
14,32,0.1809999942779541
15,32,0.1809999942779541
16,32,0.27300000190734863
17,32,0.27799999713897705
18,32,0.28200000524520874
19,32,0.18809999525547028
20,32,0.04830000177025795
21,32,0.023800000548362732
22,32,0.023499999195337296
23,32,0.025800000876188278
24,32,0.024299999698996544
25,32,0.03530000150203705
26,32,0.031099999323487282
27,32,0.033900000154972076
28,32,0.031300000846385956
29,32,0.025699999183416367
30,32,0.039900001138448715
31,32,0.030899999663233757
32,32,0.03539999946951866
33,32,0.049800001084804535
34,32,0.05180000141263008
35,32,0.05939999967813492
36,32,0.06689999997615814
37,32,0.03840000182390213
38,32,0.04100000113248825
39,32,0.05310000106692314
40,32,0.05249999836087227
41,32,0.0625
42,32,0.052299998700618744
43,32,0.04190000146627426
44,32,0.06909999996423721
45,32,0.0421999990940094
46,32,0.05270000174641609
47,32,0.05570000037550926
48,32,0.0551999993622303
49,32,0.06710000336170197
50,32,0.06669999659061432
51,32,0.066600002348423
52,32,0.03319999948143959
53,32,0.04170000180602074
54,32,0.043699998408555984
55,32,0.03779999911785126
56,32,0.019300000742077827
57,32,0.032099999487400055
58,32,0.04089999943971634
59,32,0.03449999913573265
60,32,0.0430000014603138
61,32,0.03819999843835831
62,32,0.0421999990940094
63,32,0.032600000500679016
64,32,0.030300000682473183
65,32,0.03400000184774399
66,32,0.02879999950528145
67,32,0.042899999767541885
68,32,0.055799998342990875
69,32,0.0430000014603138
70,32,0.0940999984741211
71,32,0.0658000037074089
72,32,0.29499998688697815
73,32,0.29100000858306885
74,32,0.28299999237060547
75,32,0.27399998903274536
76,32,0.0649000033736229
77,32,0.06129999831318855
78,32,0.053599998354911804
79,32,0.04560000076889992
80,32,0.04809999838471413
81,32,0.06750000268220901
82,32,0.05609999969601631
83,32,0.07810000330209732
84,32,0.1168999969959259
85,32,0.15410000085830688
86,32,0.12849999964237213
87,32,0.12240000069141388
88,32,0.07440000027418137
89,32,0.08380000293254852
90,32,0.05469999834895134
91,32,0.09679999947547913
92,32,0.09799999743700027
93,32,0.3009999990463257
94,32,0.2865999937057495
95,32,0.28299999237060547
96,32,0.3050000071525574
97,32,0.29899999499320984
98,32,0.29499998688697815
99,32,0.28299999237060547
100,32,0.2750000059604645
1,33,0.1889999955892563
2,33,0.21299999952316284
3,33,0.2029999941587448
4,33,0.19699999690055847
5,33,0.13199999928474426
6,33,0.15700000524520874
7,33,0.15600000321865082
8,33,0.15600000321865082
9,33,0.15600000321865082
10,33,0.15600000321865082
11,33,0.15600000321865082
12,33,0.15600000321865082
13,33,0.15600000321865082
14,33,0.15600000321865082
15,33,0.15600000321865082
16,33,0.15600000321865082
17,33,0.289000004529953
18,33,0.29600000381469727
19,33,0.18449999392032623
20,33,0.19169999659061432
21,33,0.028300000354647636
22,33,0.028300000354647636
23,33,0.021900000050663948
24,33,0.021900000050663948
25,33,0.029899999499320984
26,33,0.03150000050663948
27,33,0.05009999871253967
28,33,0.04320000112056732
29,33,0.06589999794960022
30,33,0.04179999977350235
31,33,0.04670000076293945
32,33,0.04270000010728836
33,33,0.06129999831318855
34,33,0.06539999693632126
35,33,0.060600001364946365
36,33,0.03709999844431877
37,33,0.057500001043081284
38,33,0.06830000132322311
39,33,0.08940000087022781
40,33,0.06710000336170197
41,33,0.06949999928474426
42,33,0.052400000393390656
43,33,0.060100000351667404
44,33,0.06270000338554382
45,33,0.03610000014305115
46,33,0.029600000008940697
47,33,0.05810000002384186
48,33,0.05220000073313713
49,33,0.06120000034570694
50,33,0.06459999829530716
51,33,0.03629999980330467
52,33,0.04749999940395355
53,33,0.03629999980330467
54,33,0.029400000348687172
55,33,0.03009999915957451
56,33,0.01860000006854534
57,33,0.026200000196695328
58,33,0.0364999994635582
59,33,0.03220000118017197
60,33,0.025200000032782555
61,33,0.028699999675154686
62,33,0.032600000500679016
63,33,0.03590000048279762
64,33,0.043299999088048935
65,33,0.03550000116229057
66,33,0.0272000003606081
67,33,0.04639999940991402
68,33,0.06560000032186508
69,33,0.05939999967813492
70,33,0.04540000110864639
71,33,0.04039999842643738
72,33,0.06120000034570694
73,33,0.3050000071525574
74,33,0.29330000281333923
75,33,0.27799999713897705
76,33,0.2669999897480011
77,33,0.051100000739097595
78,33,0.042899999767541885
79,33,0.057100001722574234
80,33,0.07500000298023224
81,33,0.0771000012755394
82,33,0.05139999836683273
83,33,0.0949999988079071
84,33,0.10320000350475311
85,33,0.1826999932527542
86,33,0.16380000114440918
87,33,0.14550000429153442
88,33,0.061900001019239426
89,33,0.07919999957084656
90,33,0.07450000196695328
91,33,0.15399999916553497
92,33,0.09520000219345093
93,33,0.30300000309944153
94,33,0.3009999990463257
95,33,0.29600000381469727
96,33,0.30300000309944153
97,33,0.2939999997615814
98,33,0.28999999165534973
99,33,0.2709999978542328
100,33,0.28299999237060547
1,34,0.18359999358654022
2,34,0.19099999964237213
3,34,0.19869999587535858
4,34,0.13199999928474426
5,34,0.12999999523162842
6,34,0.15000000596046448
7,34,0.2003999948501587
8,34,0.14569999277591705
9,34,0.14569999277591705
10,34,0.14569999277591705
11,34,0.14569999277591705
12,34,0.14569999277591705
13,34,0.14569999277591705
14,34,0.14569999277591705
15,34,0.14569999277591705
16,34,0.28700000047683716
17,34,0.29100000858306885
18,34,0.29100000858306885
19,34,0.27900001406669617
20,34,0.20970000326633453
21,34,0.043699998408555984
22,34,0.04399999976158142
23,34,0.0421999990940094
24,34,0.04050000011920929
25,34,0.027300000190734863
26,34,0.024800000712275505
27,34,0.06260000169277191
28,34,0.05559999868273735
29,34,0.07590000331401825
30,34,0.06539999693632126
31,34,0.06199999898672104
32,34,0.08799999952316284
33,34,0.07639999687671661
34,34,0.07540000230073929
35,34,0.03720000013709068
36,34,0.030500000342726707
37,34,0.02810000069439411
38,34,0.04439999908208847
39,34,0.06859999895095825
40,34,0.06610000133514404
41,34,0.06729999929666519
42,34,0.08240000158548355
43,34,0.09449999779462814
44,34,0.08959999680519104
45,34,0.054099999368190765
46,34,0.052400000393390656
47,34,0.05550000071525574
48,34,0.05530000105500221
49,34,0.03530000150203705
50,34,0.04899999871850014
51,34,0.03920000046491623
52,34,0.03739999979734421
53,34,0.04839999973773956
54,34,0.035599999129772186
55,34,0.0340999998152256
56,34,0.0272000003606081
57,34,0.03669999912381172
58,34,0.05950000137090683
59,34,0.04280000180006027
60,34,0.025200000032782555
61,34,0.04179999977350235
62,34,0.033399999141693115
63,34,0.03420000150799751
64,34,0.03750000149011612
65,34,0.030899999663233757
66,34,0.03689999878406525
67,34,0.03550000116229057
68,34,0.04259999841451645
69,34,0.03020000085234642
70,34,0.02319999970495701
71,34,0.040699999779462814
72,34,0.06790000200271606
73,34,0.08139999955892563
74,34,0.30160000920295715
75,34,0.2879999876022339
76,34,0.2720000147819519
77,34,0.2809999883174896
78,34,0.05090000107884407
79,34,0.07109999656677246
80,34,0.10750000178813934
81,34,0.1145000010728836
82,34,0.10779999941587448
83,34,0.10490000247955322
84,34,0.13369999825954437
85,34,0.16619999706745148
86,34,0.16680000722408295
87,34,0.16619999706745148
88,34,0.13699999451637268
89,34,0.12790000438690186
90,34,0.12690000236034393
91,34,0.15839999914169312
92,34,0.03150000050663948
93,34,0.28999999165534973
94,34,0.3050000071525574
95,34,0.30399999022483826
96,34,0.29600000381469727
97,34,0.28700000047683716
98,34,0.3019999861717224
99,34,0.27300000190734863
100,34,0.2800000011920929
1,35,0.1826999932527542
2,35,0.14110000431537628
3,35,0.2029999941587448
4,35,0.13699999451637268
5,35,0.13199999928474426
6,35,0.17800000309944153
7,35,0.13500000536441803
8,35,0.13300000131130219
9,35,0.13300000131130219
10,35,0.13300000131130219
11,35,0.13300000131130219
12,35,0.13300000131130219
13,35,0.13300000131130219
14,35,0.13300000131130219
15,35,0.13300000131130219
16,35,0.27399998903274536
17,35,0.28299999237060547
18,35,0.2809999883174896
19,35,0.2840000092983246
20,35,0.29499998688697815
21,35,0.1979999989271164
22,35,0.05090000107884407
23,35,0.061000000685453415
24,35,0.07109999656677246
25,35,0.05909999832510948
26,35,0.04439999908208847
27,35,0.05869999900460243
28,35,0.048900000751018524
29,35,0.07360000163316727
30,35,0.10890000313520432
31,35,0.065700002014637
32,35,0.051899999380111694
33,35,0.08389999717473984
34,35,0.0868000015616417
35,35,0.07190000265836716
36,35,0.046300001442432404
37,35,0.03790000081062317
38,35,0.07460000365972519
39,35,0.06880000233650208
40,35,0.05900000035762787
41,35,0.06369999796152115
42,35,0.10869999974966049
43,35,0.10859999805688858
44,35,0.11800000071525574
45,35,0.08330000191926956
46,35,0.1168999969959259
47,35,0.09099999815225601
48,35,0.06870000064373016
49,35,0.05990000069141388
50,35,0.04729999974370003
51,35,0.04470000043511391
52,35,0.05169999971985817
53,35,0.08179999887943268
54,35,0.051100000739097595
55,35,0.04729999974370003
56,35,0.0544000007212162
57,35,0.056299999356269836
58,35,0.08839999884366989
59,35,0.04039999842643738
60,35,0.033799998462200165
61,35,0.0471000000834465
62,35,0.03539999946951866
63,35,0.04019999876618385
64,35,0.02810000069439411
65,35,0.03629999980330467
66,35,0.02850000001490116
67,35,0.03269999846816063
68,35,0.03920000046491623
69,35,0.04809999838471413
70,35,0.046300001442432404
71,35,0.06949999928474426
72,35,0.07890000194311142
73,35,0.06199999898672104
74,35,0.08460000157356262
75,35,0.12210000306367874
76,35,0.2750000059604645
77,35,0.03590000048279762
78,35,0.042500000447034836
79,35,0.050999999046325684
80,35,0.05790000036358833
81,35,0.14190000295639038
82,35,0.12250000238418579
83,35,0.13670000433921814
84,35,0.20919999480247498
85,35,0.13369999825954437
86,35,0.18129999935626984
87,35,0.2076999992132187
88,35,0.11940000206232071
89,35,0.09269999712705612
90,35,0.1462000012397766
91,35,0.08799999952316284
92,35,0.07900000363588333
93,35,0.05220000073313713
94,35,0.2980000078678131
95,35,0.2980000078678131
96,35,0.29600000381469727
97,35,0.28299999237060547
98,35,0.27799999713897705
99,35,0.26499998569488525
100,35,0.2630000114440918
1,36,0.04659999907016754
2,36,0.19979999959468842
3,36,0.21699999272823334
4,36,0.21299999952316284
5,36,0.12999999523162842
6,36,0.12999999523162842
7,36,0.12999999523162842
8,36,0.12389999628067017
9,36,0.18799999356269836
10,36,0.18799999356269836
11,36,0.18799999356269836
12,36,0.18799999356269836
13,36,0.18799999356269836
14,36,0.18799999356269836
15,36,0.18799999356269836
16,36,0.18799999356269836
17,36,0.2919999957084656
18,36,0.28200000524520874
19,36,0.2770000100135803
20,36,0.28600001335144043
21,36,0.3009999990463257
22,36,0.21209999918937683
23,36,0.0471000000834465
24,36,0.06300000101327896
25,36,0.051899999380111694
26,36,0.03720000013709068
27,36,0.05860000103712082
28,36,0.04910000041127205
29,36,0.07050000131130219
30,36,0.09520000219345093
31,36,0.09520000219345093
32,36,0.07689999788999557
33,36,0.131400004029274
34,36,0.09099999815225601
35,36,0.08839999884366989
36,36,0.06459999829530716
37,36,0.07129999995231628
38,36,0.07750000059604645
39,36,0.07859999686479568
40,36,0.06109999865293503
41,36,0.0738999992609024
42,36,0.10700000077486038
43,36,0.10869999974966049
44,36,0.14560000598430634
45,36,0.08839999884366989
46,36,0.0723000019788742
47,36,0.0617000013589859
48,36,0.07509999722242355
49,36,0.04910000041127205
50,36,0.07050000131130219
51,36,0.07360000163316727
52,36,0.028300000354647636
53,36,0.04569999873638153
54,36,0.04600000008940697
55,36,0.06019999831914902
56,36,0.055799998342990875
57,36,0.057500001043081284
58,36,0.07689999788999557
59,36,0.05829999968409538
60,36,0.0430000014603138
61,36,0.04899999871850014
62,36,0.048900000751018524
63,36,0.06379999965429306
64,36,0.02459999918937683
65,36,0.02810000069439411
66,36,0.043800000101327896
67,36,0.02979999966919422
68,36,0.04769999906420708
69,36,0.06669999659061432
70,36,0.059700001031160355
71,36,0.13850000500679016
72,36,0.09839999675750732
73,36,0.08720000088214874
74,36,0.0632999986410141
75,36,0.27300000190734863
76,36,0.27399998903274536
77,36,0.28299999237060547
78,36,0.28999999165534973
79,36,0.03819999843835831
80,36,0.08799999952316284
81,36,0.06379999965429306
82,36,0.07720000296831131
83,36,0.11089999973773956
84,36,0.22679999470710754
85,36,0.11909999698400497
86,36,0.13940000534057617
87,36,0.12890000641345978
88,36,0.10869999974966049
89,36,0.15379999577999115
90,36,0.16990000009536743
91,36,0.13330000638961792
92,36,0.09239999949932098
93,36,0.07739999890327454
94,36,0.29899999499320984
95,36,0.30399999022483826
96,36,0.3019999861717224
97,36,0.296999990940094
98,36,0.2800000011920929
99,36,0.27900001406669617
100,36,0.2669999897480011
1,37,0.04809999838471413
2,37,0.04919999837875366
3,37,0.16300000250339508
4,37,0.17499999701976776
5,37,0.156700000166893
6,37,0.12919999659061432
7,37,0.12999999523162842
8,37,0.15610000491142273
9,37,0.1543000042438507
10,37,0.19859999418258667
11,37,0.23409999907016754
12,37,0.26100000739097595
13,37,0.26100000739097595
14,37,0.26100000739097595
15,37,0.27300000190734863
16,37,0.19169999659061432
17,37,0.27799999713897705
18,37,0.19699999690055847
19,37,0.27399998903274536
20,37,0.2879999876022339
21,37,0.29600000381469727
22,37,0.30399999022483826
23,37,0.2939999997615814
24,37,0.1898999959230423
25,37,0.04560000076889992
26,37,0.03869999945163727
27,37,0.032999999821186066
28,37,0.057100001722574234
29,37,0.06759999692440033
30,37,0.11760000139474869
31,37,0.08540000021457672
32,37,0.0681999996304512
33,37,0.07850000262260437
34,37,0.06949999928474426
35,37,0.052299998700618744
36,37,0.05050000175833702
37,37,0.05770000070333481
38,37,0.0706000030040741
39,37,0.09229999780654907
40,37,0.07900000363588333
41,37,0.055399999022483826
42,37,0.08389999717473984
43,37,0.05620000138878822
44,37,0.07090000063180923
45,37,0.06379999965429306
46,37,0.06419999897480011
47,37,0.08399999886751175
48,37,0.10840000212192535
49,37,0.05249999836087227
50,37,0.06499999761581421
51,37,0.05689999833703041
52,37,0.03779999911785126
53,37,0.057100001722574234
54,37,0.05139999836683273
55,37,0.0421999990940094
56,37,0.05849999934434891
57,37,0.0544000007212162
58,37,0.07890000194311142
59,37,0.04879999905824661
60,37,0.05770000070333481
61,37,0.05169999971985817
62,37,0.04179999977350235
63,37,0.027300000190734863
64,37,0.017999999225139618
65,37,0.016499999910593033
66,37,0.029500000178813934
67,37,0.052400000393390656
68,37,0.04960000142455101
69,37,0.03519999980926514
70,37,0.08380000293254852
71,37,0.1005999967455864
72,37,0.09939999878406525
73,37,0.06610000133514404
74,37,0.07660000026226044
75,37,0.05849999934434891
76,37,0.2669999897480011
77,37,0.28200000524520874
78,37,0.28290000557899475
79,37,0.04430000111460686
80,37,0.03539999946951866
81,37,0.03869999945163727
82,37,0.04500000178813934
83,37,0.08789999783039093
84,37,0.11219999939203262
85,37,0.11159999668598175
86,37,0.0658000037074089
87,37,0.0892999991774559
88,37,0.10570000112056732
89,37,0.1160999983549118
90,37,0.10130000114440918
91,37,0.09589999914169312
92,37,0.07360000163316727
93,37,0.2840000092983246
94,37,0.29600000381469727
95,37,0.2939999997615814
96,37,0.2919999957084656
97,37,0.2879999876022339
98,37,0.02879999950528145
99,37,0.2809999883174896
100,37,0.2669999897480011
1,38,0.04729999974370003
2,38,0.06560000032186508
3,38,0.18359999358654022
4,38,0.13699999451637268
5,38,0.13359999656677246
6,38,0.12720000743865967
7,38,0.12999999523162842
8,38,0.13600000739097595
9,38,0.19509999454021454
10,38,0.24699999392032623
11,38,0.23800000548362732
12,38,0.2669999897480011
13,38,0.2709999978542328
14,38,0.27799999713897705
15,38,0.27900001406669617
16,38,0.2770000100135803
17,38,0.2770000100135803
18,38,0.28999999165534973
19,38,0.27900001406669617
20,38,0.1826999932527542
21,38,0.1889999955892563
22,38,0.20250000059604645
23,38,0.3109999895095825
24,38,0.2939999997615814
25,38,0.1826999932527542
26,38,0.03959999978542328
27,38,0.03849999979138374
28,38,0.0632999986410141
29,38,0.08990000188350677
30,38,0.11479999870061874
31,38,0.11490000039339066
32,38,0.09830000251531601
33,38,0.09059999883174896
34,38,0.07440000027418137
35,38,0.04699999839067459
36,38,0.04639999940991402
37,38,0.06949999928474426
38,38,0.06499999761581421
39,38,0.13089999556541443
40,38,0.09210000187158585
41,38,0.06859999895095825
42,38,0.07559999823570251
43,38,0.05909999832510948
44,38,0.05889999866485596
45,38,0.07339999824762344
46,38,0.0892999991774559
47,38,0.06930000334978104
48,38,0.11180000007152557
49,38,0.09019999951124191
50,38,0.08179999887943268
51,38,0.06620000302791595
52,38,0.08380000293254852
53,38,0.09529999643564224
54,38,0.06469999998807907
55,38,0.06800000369548798
56,38,0.06620000302791595
57,38,0.07760000228881836
58,38,0.05730000138282776
59,38,0.044599998742341995
60,38,0.06939999759197235
61,38,0.05689999833703041
62,38,0.02879999950528145
63,38,0.0333000011742115
64,38,0.0272000003606081
65,38,0.04450000077486038
66,38,0.03220000118017197
67,38,0.03720000013709068
68,38,0.032099999487400055
69,38,0.028699999675154686
70,38,0.05460000038146973
71,38,0.06719999760389328
72,38,0.1151999980211258
73,38,0.125900000333786
74,38,0.08839999884366989
75,38,0.07850000262260437
76,38,0.2750000059604645
77,38,0.27300000190734863
78,38,0.2750000059604645
79,38,0.2800000011920929
80,38,0.025699999183416367
81,38,0.023800000548362732
82,38,0.03420000150799751
83,38,0.043800000101327896
84,38,0.048700001090765
85,38,0.10090000182390213
86,38,0.09290000051259995
87,38,0.06780000030994415
88,38,0.07500000298023224
89,38,0.07559999823570251
90,38,0.0722000002861023
91,38,0.11429999768733978
92,38,0.12120000272989273
93,38,0.29100000858306885
94,38,0.28999999165534973
95,38,0.28999999165534973
96,38,0.2879999876022339
97,38,0.28299999237060547
98,38,0.06960000097751617
99,38,0.13050000369548798
100,38,0.26100000739097595
1,39,0.07339999824762344
2,39,0.11420000344514847
3,39,0.09200000017881393
4,39,0.1467999964952469
5,39,0.12700000405311584
6,39,0.12680000066757202
7,39,0.12770000100135803
8,39,0.1696999967098236
9,39,0.15469999611377716
10,39,0.24799999594688416
11,39,0.2540000081062317
12,39,0.25699999928474426
13,39,0.27160000801086426
14,39,0.28600001335144043
15,39,0.289000004529953
16,39,0.2930000126361847
17,39,0.2879999876022339
18,39,0.28600001335144043
19,39,0.2680000066757202
20,39,0.30300000309944153
21,39,0.296999990940094
22,39,0.29600000381469727
23,39,0.3050000071525574
24,39,0.2809999883174896
25,39,0.28999999165534973
26,39,0.3059999942779541
27,39,0.289000004529953
28,39,0.28119999170303345
29,39,0.26899999380111694
30,39,0.26600000262260437
31,39,0.2849999964237213
32,39,0.2849999964237213
33,39,0.28700000047683716
34,39,0.2849999964237213
35,39,0.2800000011920929
36,39,0.29899999499320984
37,39,0.28999999165534973
38,39,0.30000001192092896
39,39,0.29499998688697815
40,39,0.18629999458789825
41,39,0.1444000005722046
42,39,0.09709999710321426
43,39,0.1273999959230423
44,39,0.09560000151395798
45,39,0.07859999686479568
46,39,0.08250000327825546
47,39,0.08579999953508377
48,39,0.13670000433921814
49,39,0.15600000321865082
50,39,0.0786999985575676
51,39,0.07819999754428864
52,39,0.09740000218153
53,39,0.08820000290870667
54,39,0.04360000044107437
55,39,0.03700000047683716
56,39,0.07599999755620956
57,39,0.05959999933838844
58,39,0.048500001430511475
59,39,0.04639999940991402
60,39,0.09189999848604202
61,39,0.06520000100135803
62,39,0.04910000041127205
63,39,0.03929999843239784
64,39,0.04859999939799309
65,39,0.10080000013113022
66,39,0.025599999353289604
67,39,0.05000000074505806
68,39,0.04230000078678131
69,39,0.03180000185966492
70,39,0.04859999939799309
71,39,0.07500000298023224
72,39,0.14880000054836273
73,39,0.11729999631643295
74,39,0.10279999673366547
75,39,0.0860000029206276
76,39,0.07109999656677246
77,39,0.2849999964237213
78,39,0.2800000011920929
79,39,0.28700000047683716
80,39,0.2809999883174896
81,39,0.02459999918937683
82,39,0.029899999499320984
83,39,0.050700001418590546
84,39,0.05779999867081642
85,39,0.06800000369548798
86,39,0.08789999783039093
87,39,0.08380000293254852
88,39,0.045499999076128006
89,39,0.05950000137090683
90,39,0.052400000393390656
91,39,0.10199999809265137
92,39,0.02319999970495701
93,39,0.29100000858306885
94,39,0.28600001335144043
95,39,0.28200000524520874
96,39,0.28600001335144043
97,39,0.08529999852180481
98,39,0.042100001126527786
99,39,0.04969999939203262
100,39,0.2590000033378601
1,40,0.10249999910593033
2,40,0.08479999750852585
3,40,0.06080000102519989
4,40,0.04010000079870224
5,40,0.0754999965429306
6,40,0.1574999988079071
7,40,0.14100000262260437
8,40,0.23000000417232513
9,40,0.2669999897480011
10,40,0.25699999928474426
11,40,0.2709999978542328
12,40,0.2879999876022339
13,40,0.28999999165534973
14,40,0.2930000126361847
15,40,0.29100000858306885
16,40,0.3009999990463257
17,40,0.28299999237060547
18,40,0.2849999964237213
19,40,0.27300000190734863
20,40,0.2879999876022339
21,40,0.30000001192092896
22,40,0.29100000858306885
23,40,0.28600001335144043
24,40,0.2930000126361847
25,40,0.30000001192092896
26,40,0.2939999997615814
27,40,0.2919999957084656
28,40,0.2809999883174896
29,40,0.2734000086784363
30,40,0.2703999876976013
31,40,0.296999990940094
32,40,0.29100000858306885
33,40,0.29600000381469727
34,40,0.28999999165534973
35,40,0.26600000262260437
36,40,0.2809999883174896
37,40,0.2840000092983246
38,40,0.30300000309944153
39,40,0.28999999165534973
40,40,0.2800000011920929
41,40,0.27000001072883606
42,40,0.2029999941587448
43,40,0.15299999713897705
44,40,0.16740000247955322
45,40,0.1898999959230423
46,40,0.09880000352859497
47,40,0.11429999768733978
48,40,0.08640000224113464
49,40,0.12139999866485596
50,40,0.10329999774694443
51,40,0.07069999724626541
52,40,0.0812000036239624
53,40,0.06719999760389328
54,40,0.07880000025033951
55,40,0.048900000751018524
56,40,0.041600000113248825
57,40,0.039900001138448715
58,40,0.05260000005364418
59,40,0.07020000368356705
60,40,0.062300000339746475
61,40,0.057500001043081284
62,40,0.08640000224113464
63,40,0.08330000191926956
64,40,0.10740000009536743
65,40,0.13920000195503235
66,40,0.06889999657869339
67,40,0.06260000169277191
68,40,0.0430000014603138
69,40,0.03280000016093254
70,40,0.07739999890327454
71,40,0.09319999814033508
72,40,0.09969999641180038
73,40,0.08990000188350677
74,40,0.08160000294446945
75,40,0.02669999934732914
76,40,0.027699999511241913
77,40,0.03229999914765358
78,40,0.019899999722838402
79,40,0.28999999165534973
80,40,0.0340999998152256
81,40,0.03269999846816063
82,40,0.030799999833106995
83,40,0.04190000146627426
84,40,0.0608999989926815
85,40,0.05480000004172325
86,40,0.04769999906420708
87,40,0.08919999748468399
88,40,0.07349999994039536
89,40,0.08380000293254852
90,40,0.07859999686479568
91,40,0.07100000232458115
92,40,0.07289999723434448
93,40,0.29600000381469727
94,40,0.27799999713897705
95,40,0.296999990940094
96,40,0.2919999957084656
97,40,0.059300001710653305
98,40,0.0551999993622303
99,40,0.05849999934434891
100,40,0.2549999952316284
1,41,0.12409999966621399
2,41,0.0940999984741211
3,41,0.046799998730421066
4,41,0.03629999980330467
5,41,0.05640000104904175
6,41,0.07479999959468842
7,41,0.08749999850988388
8,41,0.13680000603199005
9,41,0.0689999982714653
10,41,0.16380000114440918
11,41,0.16110000014305115
12,41,0.27300000190734863
13,41,0.28999999165534973
14,41,0.28999999165534973
15,41,0.28299999237060547
16,41,0.29100000858306885
17,41,0.29600000381469727
18,41,0.29600000381469727
19,41,0.2919999957084656
20,41,0.3019999861717224
21,41,0.2939999997615814
22,41,0.2939999997615814
23,41,0.29499998688697815
24,41,0.2980000078678131
25,41,0.30399999022483826
26,41,0.2939999997615814
27,41,0.29899999499320984
28,41,0.2879999876022339
29,41,0.296999990940094
30,41,0.27399998903274536
31,41,0.28600001335144043
32,41,0.28999999165534973
33,41,0.2939999997615814
34,41,0.28999999165534973
35,41,0.2800000011920929
36,41,0.28200000524520874
37,41,0.28700000047683716
38,41,0.289000004529953
39,41,0.29100000858306885
40,41,0.2709999978542328
41,41,0.2630000114440918
42,41,0.2709999978542328
43,41,0.21699999272823334
44,41,0.257999986410141
45,41,0.2549999952316284
46,41,0.18359999358654022
47,41,0.061000000685453415
48,41,0.060600001364946365
49,41,0.08980000019073486
50,41,0.07109999656677246
51,41,0.11969999969005585
52,41,0.1062999963760376
53,41,0.08709999918937683
54,41,0.125900000333786
55,41,0.061500001698732376
56,41,0.048500001430511475
57,41,0.052400000393390656
58,41,0.06400000303983688
59,41,0.06129999831318855
60,41,0.09510000050067902
61,41,0.05920000001788139
62,41,0.1185000017285347
63,41,0.09889999777078629
64,41,0.11599999666213989
65,41,0.09549999982118607
66,41,0.08699999749660492
67,41,0.06710000336170197
68,41,0.08229999989271164
69,41,0.08150000125169754
70,41,0.07569999992847443
71,41,0.08489999920129776
72,41,0.056299999356269836
73,41,0.05869999900460243
74,41,0.065700002014637
75,41,0.03790000081062317
76,41,0.045099999755620956
77,41,0.031199999153614044
78,41,0.28299999237060547
79,41,0.29580000042915344
80,41,0.2770000100135803
81,41,0.036400001496076584
82,41,0.0348999984562397
83,41,0.051100000739097595
84,41,0.07270000129938126
85,41,0.049800001084804535
86,41,0.04560000076889992
87,41,0.048500001430511475
88,41,0.06499999761581421
89,41,0.11710000038146973
90,41,0.07699999958276749
91,41,0.0731000006198883
92,41,0.28600001335144043
93,41,0.2919999957084656
94,41,0.2800000011920929
95,41,0.3019999861717224
96,41,0.03060000017285347
97,41,0.023399999365210533
98,41,0.026499999687075615
99,41,0.038100000470876694
100,41,0.08820000290870667
1,42,0.06849999725818634
2,42,0.07419999688863754
3,42,0.10559999942779541
4,42,0.07329999655485153
5,42,0.08799999952316284
6,42,0.10750000178813934
7,42,0.1054999977350235
8,42,0.15489999949932098
9,42,0.06270000338554382
10,42,0.0754999965429306
11,42,0.066600002348423
12,42,0.049800001084804535
13,42,0.16110000014305115
14,42,0.041600000113248825
15,42,0.16200000047683716
16,42,0.09040000289678574
17,42,0.14309999346733093
18,42,0.15389999747276306
19,42,0.28200000524520874
20,42,0.3070000112056732
21,42,0.29499998688697815
22,42,0.18629999458789825
23,42,0.1898999959230423
24,42,0.3070000112056732
25,42,0.18539999425411224
26,42,0.2980000078678131
27,42,0.09809999912977219
28,42,0.289000004529953
29,42,0.15839999914169312
30,42,0.28700000047683716
31,42,0.29100000858306885
32,42,0.2800000011920929
33,42,0.27799999713897705
34,42,0.28700000047683716
35,42,0.2809999883174896
36,42,0.27300000190734863
37,42,0.2800000011920929
38,42,0.2759999930858612
39,42,0.27300000190734863
40,42,0.27300000190734863
41,42,0.2680000066757202
42,42,0.2619999945163727
43,42,0.24899999797344208
44,42,0.2581999897956848
45,42,0.2720000147819519
46,42,0.26600000262260437
47,42,0.0494999997317791
48,42,0.04399999976158142
49,42,0.060600001364946365
50,42,0.07190000265836716
51,42,0.09830000251531601
52,42,0.09040000289678574
53,42,0.08160000294446945
54,42,0.0722000002861023
55,42,0.04560000076889992
56,42,0.08420000225305557
57,42,0.0658000037074089
58,42,0.05849999934434891
59,42,0.07109999656677246
60,42,0.09200000017881393
61,42,0.11900000274181366
62,42,0.20190000534057617
63,42,0.1606999933719635
64,42,0.17090000212192535
65,42,0.1282999962568283
66,42,0.07620000094175339
67,42,0.08389999717473984
68,42,0.07750000059604645
69,42,0.08089999854564667
70,42,0.05770000070333481
71,42,0.040699999779462814
72,42,0.030500000342726707
73,42,0.05389999970793724
74,42,0.045499999076128006
75,42,0.05209999904036522
76,42,0.04899999871850014
77,42,0.04919999837875366
78,42,0.28999999165534973
79,42,0.29100000858306885
80,42,0.27000001072883606
81,42,0.23000000417232513
82,42,0.05350000038743019
83,42,0.04520000144839287
84,42,0.039799999445676804
85,42,0.04019999876618385
86,42,0.03999999910593033
87,42,0.06780000030994415
88,42,0.09070000052452087
89,42,0.07720000296831131
90,42,0.09790000319480896
91,42,0.04320000112056732
92,42,0.2770000100135803
93,42,0.29100000858306885
94,42,0.29600000381469727
95,42,0.29499998688697815
96,42,0.02419999986886978
97,42,0.02539999969303608
98,42,0.019700000062584877
99,42,0.026499999687075615
100,42,0.04769999906420708
1,43,0.050599999725818634
2,43,0.06620000302791595
3,43,0.10199999809265137
4,43,0.0885000005364418
5,43,0.13770000636577606
6,43,0.20960000157356262
7,43,0.17159999907016754
8,43,0.12720000743865967
9,43,0.12409999966621399
10,43,0.07249999791383743
11,43,0.06700000166893005
12,43,0.07349999994039536
13,43,0.06880000233650208
14,43,0.06859999895095825
15,43,0.06419999897480011
16,43,0.10329999774694443
17,43,0.08349999785423279
18,43,0.07410000264644623
19,43,0.17010000348091125
20,43,0.29499998688697815
21,43,0.29100000858306885
22,43,0.296999990940094
23,43,0.2879999876022339
24,43,0.3070000112056732
25,43,0.3190000057220459
26,43,0.30799999833106995
27,43,0.3089999854564667
28,43,0.3089999854564667
29,43,0.1656000018119812
30,43,0.12280000001192093
31,43,0.11969999969005585
32,43,0.1647000014781952
33,43,0.18809999525547028
34,43,0.18809999525547028
35,43,0.17100000381469727
36,43,0.2720000147819519
37,43,0.2809999883174896
38,43,0.2750000059604645
39,43,0.2549999952316284
40,43,0.26600000262260437
41,43,0.25
42,43,0.2680000066757202
43,43,0.26600000262260437
44,43,0.20000000298023224
45,43,0.2709999978542328
46,43,0.27000001072883606
47,43,0.2709999978542328
48,43,0.17550000548362732
49,43,0.042500000447034836
50,43,0.0421999990940094
51,43,0.06639999896287918
52,43,0.07079999893903732
53,43,0.0835999995470047
54,43,0.11079999804496765
55,43,0.04690000042319298
56,43,0.0697999969124794
57,43,0.039500001817941666
58,43,0.05490000173449516
59,43,0.06400000303983688
60,43,0.11810000240802765
61,43,0.0949999988079071
62,43,0.08410000056028366
63,43,0.0763000026345253
64,43,0.12120000272989273
65,43,0.0746999979019165
66,43,0.06300000101327896
67,43,0.05270000174641609
68,43,0.07720000296831131
69,43,0.09070000052452087
70,43,0.05790000036358833
71,43,0.05959999933838844
72,43,0.051100000739097595
73,43,0.04230000078678131
74,43,0.060600001364946365
75,43,0.07270000129938126
76,43,0.0575999990105629
77,43,0.04899999871850014
78,43,0.0674000009894371
79,43,0.2809999883174896
80,43,0.2680000066757202
81,43,0.2639999985694885
82,43,0.2630000114440918
83,43,0.05979999899864197
84,43,0.046300001442432404
85,43,0.03959999978542328
86,43,0.05380000174045563
87,43,0.06859999895095825
88,43,0.10040000081062317
89,43,0.0868000015616417
90,43,0.0868000015616417
91,43,0.26600000262260437
92,43,0.2849999964237213
93,43,0.3089999854564667
94,43,0.3109999895095825
95,43,0.3093000054359436
96,43,0.026499999687075615
97,43,0.02319999970495701
98,43,0.01860000006854534
99,43,0.0210999995470047
100,43,0.07559999823570251
1,44,0.061400000005960464
2,44,0.07270000129938126
3,44,0.08820000290870667
4,44,0.094200000166893
5,44,0.19349999725818634
6,44,0.24459999799728394
7,44,0.2378000020980835
8,44,0.16040000319480896
9,44,0.18870000541210175
10,44,0.13680000603199005
11,44,0.0957999974489212
12,44,0.10119999945163727
13,44,0.10540000349283218
14,44,0.09399999678134918
15,44,0.09309999644756317
16,44,0.10040000081062317
17,44,0.06970000267028809
18,44,0.052000001072883606
19,44,0.06040000170469284
20,44,0.16200000047683716
21,44,0.28999999165534973
22,44,0.30300000309944153
23,44,0.3009999990463257
24,44,0.32199999690055847
25,44,0.31200000643730164
26,44,0.3050000071525574
27,44,0.3019999861717224
28,44,0.29499998688697815
29,44,0.29499998688697815
30,44,0.29499998688697815
31,44,0.29499998688697815
32,44,0.29499998688697815
33,44,0.29499998688697815
34,44,0.29499998688697815
35,44,0.11810000240802765
36,44,0.08560000360012054
37,44,0.1565999984741211
38,44,0.15839999914169312
39,44,0.22990000247955322
40,44,0.24799999594688416
41,44,0.18170000612735748
42,44,0.21699999272823334
43,44,0.2669999897480011
44,44,0.2549999952316284
45,44,0.27000001072883606
46,44,0.257999986410141
47,44,0.23000000417232513
48,44,0.2669999897480011
49,44,0.04259999841451645
50,44,0.08290000259876251
51,44,0.0632999986410141
52,44,0.05979999899864197
53,44,0.09549999982118607
54,44,0.1160999983549118
55,44,0.07970000058412552
56,44,0.07750000059604645
57,44,0.05550000071525574
58,44,0.05999999865889549
59,44,0.0658000037074089
60,44,0.08910000324249268
61,44,0.1096000000834465
62,44,0.16760000586509705
63,44,0.11379999667406082
64,44,0.10949999839067459
65,44,0.08959999680519104
66,44,0.06549999862909317
67,44,0.07400000095367432
68,44,0.07559999823570251
69,44,0.1347000002861023
70,44,0.11860000342130661
71,44,0.08919999748468399
72,44,0.04179999977350235
73,44,0.04270000010728836
74,44,0.03669999912381172
75,44,0.04390000179409981
76,44,0.05209999904036522
77,44,0.04390000179409981
78,44,0.0608999989926815
79,44,0.03689999878406525
80,44,0.27799999713897705
81,44,0.26899999380111694
82,44,0.02590000070631504
83,44,0.07559999823570251
84,44,0.05730000138282776
85,44,0.05249999836087227
86,44,0.053199999034404755
87,44,0.10869999974966049
88,44,0.09910000115633011
89,44,0.1111999973654747
90,44,0.13500000536441803
91,44,0.2619999945163727
92,44,0.29499998688697815
93,44,0.3140000104904175
94,44,0.3160000145435333
95,44,0.025599999353289604
96,44,0.02590000070631504
97,44,0.01899999938905239
98,44,0.019700000062584877
99,44,0.04050000011920929
100,44,0.27000001072883606
1,45,0.052000001072883606
2,45,0.051500000059604645
3,45,0.10119999945163727
4,45,0.11869999766349792
5,45,0.17270000278949738
6,45,0.24050000309944153
7,45,0.24629999697208405
8,45,0.21459999680519104
9,45,0.20749999582767487
10,45,0.17149999737739563
11,45,0.13130000233650208
12,45,0.10440000146627426
13,45,0.09489999711513519
14,45,0.06989999860525131
15,45,0.08579999953508377
16,45,0.08540000021457672
17,45,0.07240000367164612
18,45,0.05530000105500221
19,45,0.043299999088048935
20,45,0.17100000381469727
21,45,0.3050000071525574
22,45,0.3009999990463257
23,45,0.3089999854564667
24,45,0.3109999895095825
25,45,0.3089999854564667
26,45,0.3070000112056732
27,45,0.28999999165534973
28,45,0.2881999909877777
29,45,0.2881999909877777
30,45,0.2881999909877777
31,45,0.2881999909877777
32,45,0.2881999909877777
33,45,0.2881999909877777
34,45,0.2881999909877777
35,45,0.2881999909877777
36,45,0.1485999971628189
37,45,0.17949999868869781
38,45,0.09520000219345093
39,45,0.08190000057220459
40,45,0.2529999911785126
41,45,0.21199999749660492
42,45,0.2630000114440918
43,45,0.2680000066757202
44,45,0.2669999897480011
45,45,0.26600000262260437
46,45,0.27000001072883606
47,45,0.25699999928474426
48,45,0.2619999945163727
49,45,0.15119999647140503
50,45,0.05480000004172325
51,45,0.07490000128746033
52,45,0.0771000012755394
53,45,0.10729999840259552
54,45,0.07609999924898148
55,45,0.08209999650716782
56,45,0.07000000029802322
57,45,0.07779999822378159
58,45,0.05009999871253967
59,45,0.05779999867081642
60,45,0.15479999780654907
61,45,0.11720000207424164
62,45,0.0957999974489212
63,45,0.12280000001192093
64,45,0.11729999631643295
65,45,0.09830000251531601
66,45,0.05420000106096268
67,45,0.07750000059604645
68,45,0.09449999779462814
69,45,0.1136000007390976
70,45,0.11259999871253967
71,45,0.0885000005364418
72,45,0.07639999687671661
73,45,0.06159999966621399
74,45,0.041999999433755875
75,45,0.04470000043511391
76,45,0.07280000299215317
77,45,0.0868000015616417
78,45,0.04500000178813934
79,45,0.27900001406669617
80,45,0.2786000072956085
81,45,0.2709999978542328
82,45,0.28999999165534973
83,45,0.06480000168085098
84,45,0.07119999825954437
85,45,0.06319999694824219
86,45,0.052400000393390656
87,45,0.07429999858140945
88,45,0.05220000073313713
89,45,0.0575999990105629
90,45,0.1412999927997589
91,45,0.28999999165534973
92,45,0.3009999990463257
93,45,0.3190000057220459
94,45,0.31700000166893005
95,45,0.05040000006556511
96,45,0.029200000688433647
97,45,0.01899999938905239
98,45,0.024800000712275505
99,45,0.2630000114440918
100,45,0.2619999945163727
1,46,0.07360000163316727
2,46,0.08240000158548355
3,46,0.13269999623298645
4,46,0.13220000267028809
5,46,0.19380000233650208
6,46,0.22169999778270721
7,46,0.2280000001192093
8,46,0.21850000321865082
9,46,0.2143000066280365
10,46,0.2079000025987625
11,46,0.1370999962091446
12,46,0.10840000212192535
13,46,0.08889999985694885
14,46,0.08500000089406967
15,46,0.06589999794960022
16,46,0.07739999890327454
17,46,0.04919999837875366
18,46,0.05310000106692314
19,46,0.0414000004529953
20,46,0.1889999955892563
21,46,0.2939999997615814
22,46,0.3149999976158142
23,46,0.3109999895095825
24,46,0.3070000112056732
25,46,0.30300000309944153
26,46,0.30300000309944153
27,46,0.29600000381469727
28,46,0.289000004529953
29,46,0.289000004529953
30,46,0.289000004529953
31,46,0.289000004529953
32,46,0.289000004529953
33,46,0.289000004529953
34,46,0.289000004529953
35,46,0.289000004529953
36,46,0.1062999963760376
37,46,0.09849999845027924
38,46,0.08760000020265579
39,46,0.08720000088214874
40,46,0.08460000157356262
41,46,0.21699999272823334
42,46,0.25699999928474426
43,46,0.24400000274181366
44,46,0.26499998569488525
45,46,0.25029999017715454
46,46,0.27549999952316284
47,46,0.27000001072883606
48,46,0.2529999911785126
49,46,0.27399998903274536
50,46,0.06989999860525131
51,46,0.05829999968409538
52,46,0.06379999965429306
53,46,0.08699999749660492
54,46,0.06260000169277191
55,46,0.049300000071525574
56,46,0.07190000265836716
57,46,0.09669999778270721
58,46,0.10159999877214432
59,46,0.060100000351667404
60,46,0.13019999861717224
61,46,0.14659999310970306
62,46,0.09380000084638596
63,46,0.12380000203847885
64,46,0.08060000091791153
65,46,0.10429999977350235
66,46,0.0949999988079071
67,46,0.09969999641180038
68,46,0.131400004029274
69,46,0.09809999912977219
70,46,0.08150000125169754
71,46,0.07569999992847443
72,46,0.06809999793767929
73,46,0.03999999910593033
74,46,0.0414000004529953
75,46,0.04280000180006027
76,46,0.05999999865889549
77,46,0.060600001364946365
78,46,0.051500000059604645
79,46,0.2750000059604645
80,46,0.2809999883174896
81,46,0.28299999237060547
82,46,0.04650000110268593
83,46,0.07000000029802322
84,46,0.07819999754428864
85,46,0.08839999884366989
86,46,0.10199999809265137
87,46,0.11169999837875366
88,46,0.09610000252723694
89,46,0.0812000036239624
90,46,0.27300000190734863
91,46,0.2800000011920929
92,46,0.30000001192092896
93,46,0.3109999895095825
94,46,0.3089999854564667
95,46,0.04270000010728836
96,46,0.042100001126527786
97,46,0.03629999980330467
98,46,0.024299999698996544
99,46,0.2750000059604645
100,46,0.26499998569488525
1,47,0.09000000357627869
2,47,0.10849999636411667
3,47,0.14270000159740448
4,47,0.1624000072479248
5,47,0.15940000116825104
6,47,0.17659999430179596
7,47,0.20730000734329224
8,47,0.19820000231266022
9,47,0.1850000023841858
10,47,0.18970000743865967
11,47,0.15410000085830688
12,47,0.15150000154972076
13,47,0.07729999721050262
14,47,0.06780000030994415
15,47,0.03550000116229057
16,47,0.05620000138878822
17,47,0.040800001472234726
18,47,0.059700001031160355
19,47,0.044199999421834946
20,47,0.051100000739097595
21,47,0.18629999458789825
22,47,0.29499998688697815
23,47,0.29899999499320984
24,47,0.29100000858306885
25,47,0.2919999957084656
26,47,0.28700000047683716
27,47,0.2759999930858612
28,47,0.2720000147819519
29,47,0.2720000147819519
30,47,0.2720000147819519
31,47,0.2720000147819519
32,47,0.2720000147819519
33,47,0.2720000147819519
34,47,0.2720000147819519
35,47,0.2720000147819519
36,47,0.10440000146627426
37,47,0.08169999718666077
38,47,0.08449999988079071
39,47,0.07360000163316727
40,47,0.1006999984383583
41,47,0.10620000213384628
42,47,0.20600000023841858
43,47,0.1420000046491623
44,47,0.17090000212192535
45,47,0.23800000548362732
46,47,0.2619999945163727
47,47,0.2720000147819519
48,47,0.2759999930858612
49,47,0.27799999713897705
50,47,0.16200000047683716
51,47,0.05939999967813492
52,47,0.037700001150369644
53,47,0.049300000071525574
54,47,0.0471000000834465
55,47,0.027699999511241913
56,47,0.08290000259876251
57,47,0.07339999824762344
58,47,0.11159999668598175
59,47,0.19130000472068787
60,47,0.12780000269412994
61,47,0.14810000360012054
62,47,0.16210000216960907
63,47,0.11320000141859055
64,47,0.16459999978542328
65,47,0.1678999960422516
66,47,0.1550000011920929
67,47,0.15780000388622284
68,47,0.1598999947309494
69,47,0.08209999650716782
70,47,0.06199999898672104
71,47,0.07259999960660934
72,47,0.049300000071525574
73,47,0.05530000105500221
74,47,0.06650000065565109
75,47,0.04280000180006027
76,47,0.03849999979138374
77,47,0.06279999762773514
78,47,0.07660000026226044
79,47,0.2809999883174896
80,47,0.28299999237060547
81,47,0.03629999980330467
82,47,0.03720000013709068
83,47,0.0421999990940094
84,47,0.08789999783039093
85,47,0.10329999774694443
86,47,0.09830000251531601
87,47,0.0917000025510788
88,47,0.08699999749660492
89,47,0.09359999746084213
90,47,0.2770000100135803
91,47,0.296999990940094
92,47,0.30300000309944153
93,47,0.03240000084042549
94,47,0.0333000011742115
95,47,0.039900001138448715
96,47,0.051100000739097595
97,47,0.04050000011920929
98,47,0.09269999712705612
99,47,0.26499998569488525
100,47,0.28200000524520874
1,48,0.08789999783039093
2,48,0.13339999318122864
3,48,0.1664000004529953
4,48,0.16850000619888306
5,48,0.1468999981880188
6,48,0.1679999977350235
7,48,0.1136000007390976
8,48,0.12790000438690186
9,48,0.1941000074148178
10,48,0.18050000071525574
11,48,0.15790000557899475
12,48,0.19349999725818634
13,48,0.07769999653100967
14,48,0.08529999852180481
15,48,0.06120000034570694
16,48,0.03620000183582306
17,48,0.041999999433755875
18,48,0.05900000035762787
19,48,0.04899999871850014
20,48,0.06260000169277191
21,48,0.17910000681877136
22,48,0.296999990940094
23,48,0.28700000047683716
24,48,0.28999999165534973
25,48,0.3050000071525574
26,48,0.29100000858306885
27,48,0.2680000066757202
28,48,0.2809999883174896
29,48,0.2809999883174896
30,48,0.2809999883174896
31,48,0.2809999883174896
32,48,0.2809999883174896
33,48,0.2809999883174896
34,48,0.2809999883174896
35,48,0.2809999883174896
36,48,0.05700000002980232
37,48,0.07559999823570251
38,48,0.08910000324249268
39,48,0.07530000060796738
40,48,0.07169999927282333
41,48,0.061400000005960464
42,48,0.1656000018119812
43,48,0.13210000097751617
44,48,0.18479999899864197
45,48,0.13600000739097595
46,48,0.164000004529953
47,48,0.26899999380111694
48,48,0.2720000147819519
49,48,0.2750000059604645
50,48,0.16830000281333923
51,48,0.08860000222921371
52,48,0.04820000007748604
53,48,0.10559999942779541
54,48,0.05490000173449516
55,48,0.04919999837875366
56,48,0.0934000015258789
57,48,0.1370999962091446
58,48,0.14880000054836273
59,48,0.1687999963760376
60,48,0.0940999984741211
61,48,0.16189999878406525
62,48,0.14399999380111694
63,48,0.14650000631809235
64,48,0.16179999709129333
65,48,0.15309999883174896
66,48,0.14669999480247498
67,48,0.15440000593662262
68,48,0.10649999976158142
69,48,0.10090000182390213
70,48,0.12049999833106995
71,48,0.0763000026345253
72,48,0.0640999972820282
73,48,0.09189999848604202
74,48,0.08889999985694885
75,48,0.08389999717473984
76,48,0.061900001019239426
77,48,0.06859999895095825
78,48,0.061900001019239426
79,48,0.2709999978542328
80,48,0.28200000524520874
81,48,0.28600001335144043
82,48,0.033799998462200165
83,48,0.0348999984562397
84,48,0.058400001376867294
85,48,0.08309999853372574
86,48,0.07850000262260437
87,48,0.08609999716281891
88,48,0.09359999746084213
89,48,0.29499998688697815
90,48,0.2770000100135803
91,48,0.2800000011920929
92,48,0.3089999854564667
93,48,0.07639999687671661
94,48,0.0478999987244606
95,48,0.061799999326467514
96,48,0.04149999842047691
97,48,0.13230000436306
98,48,0.2770000100135803
99,48,0.2639999985694885
100,48,0.27799999713897705
1,49,0.13040000200271606
2,49,0.1324000060558319
3,49,0.11289999634027481
4,49,0.1550000011920929
5,49,0.1907999962568283
6,49,0.13269999623298645
7,49,0.1542000025510788
8,49,0.2282000035047531
9,49,0.15639999508857727
10,49,0.11050000041723251
11,49,0.13600000739097595
12,49,0.13699999451637268
13,49,0.1080000028014183
14,49,0.07750000059604645
15,49,0.04439999908208847
16,49,0.029500000178813934
17,49,0.03449999913573265
18,49,0.038100000470876694
19,49,0.03400000184774399
20,49,0.039900001138448715
21,49,0.19619999825954437
22,49,0.29899999499320984
23,49,0.28299999237060547
24,49,0.29600000381469727
25,49,0.28600001335144043
26,49,0.28999999165534973
27,49,0.27000001072883606
28,49,0.2770000100135803
29,49,0.2770000100135803
30,49,0.2770000100135803
31,49,0.2770000100135803
32,49,0.2770000100135803
33,49,0.2770000100135803
34,49,0.2770000100135803
35,49,0.2770000100135803
36,49,0.04859999939799309
37,49,0.0689999982714653
38,49,0.07900000363588333
39,49,0.05510000139474869
40,49,0.052799999713897705
41,49,0.06970000267028809
42,49,0.049800001084804535
43,49,0.12999999523162842
44,49,0.25200000405311584
45,49,0.18299999833106995
46,49,0.18359999358654022
47,49,0.28200000524520874
48,49,0.27300000190734863
49,49,0.27900001406669617
50,49,0.09309999644756317
51,49,0.07760000228881836
52,49,0.06880000233650208
53,49,0.07360000163316727
54,49,0.04560000076889992
55,49,0.10159999877214432
56,49,0.08500000089406967
57,49,0.11190000176429749
58,49,0.19349999725818634
59,49,0.13580000400543213
60,49,0.13279999792575836
61,49,0.12960000336170197
62,49,0.09380000084638596
63,49,0.08269999921321869
64,49,0.10989999771118164
65,49,0.09669999778270721
66,49,0.16019999980926514
67,49,0.1542000025510788
68,49,0.09549999982118607
69,49,0.07530000060796738
70,49,0.09989999979734421
71,49,0.12600000202655792
72,49,0.07450000196695328
73,49,0.0869000032544136
74,49,0.06769999861717224
75,49,0.06360000371932983
76,49,0.041200000792741776
77,49,0.02979999966919422
78,49,0.04450000077486038
79,49,0.04010000079870224
80,49,0.28999999165534973
81,49,0.3009999990463257
82,49,0.28200000524520874
83,49,0.031599998474121094
84,49,0.05869999900460243
85,49,0.07930000126361847
86,49,0.08950000256299973
87,49,0.09740000218153
88,49,0.1565999984741211
89,49,0.28999999165534973
90,49,0.28200000524520874
91,49,0.3019999861717224
92,49,0.3140000104904175
93,49,0.030400000512599945
94,49,0.04039999842643738
95,49,0.0737999975681305
96,49,0.07429999858140945
97,49,0.16200000047683716
98,49,0.2720000147819519
99,49,0.2540000081062317
100,49,0.2709999978542328
1,50,0.1680999994277954
2,50,0.13619999587535858
3,50,0.0885000005364418
4,50,0.13660000264644623
5,50,0.1459999978542328
6,50,0.13379999995231628
7,50,0.19429999589920044
8,50,0.18070000410079956
9,50,0.10559999942779541
10,50,0.10369999706745148
11,50,0.15929999947547913
12,50,0.09009999781847
13,50,0.06159999966621399
14,50,0.06669999659061432
15,50,0.04670000076293945
16,50,0.03889999911189079
17,50,0.05510000139474869
18,50,0.043800000101327896
19,50,0.04769999906420708
20,50,0.0333000011742115
21,50,0.16200000047683716
22,50,0.2953999936580658
23,50,0.29100000858306885
24,50,0.2840000092983246
25,50,0.2919999957084656
26,50,0.29600000381469727
27,50,0.28700000047683716
28,50,0.26499998569488525
29,50,0.26499998569488525
30,50,0.26499998569488525
31,50,0.26499998569488525
32,50,0.09570000320672989
33,50,0.09570000320672989
34,50,0.09570000320672989
35,50,0.09570000320672989
36,50,0.08860000222921371
37,50,0.0820000022649765
38,50,0.04989999905228615
39,50,0.06689999997615814
40,50,0.06759999692440033
41,50,0.05290000140666962
42,50,0.1665000021457672
43,50,0.12800000607967377
44,50,0.14480000734329224
45,50,0.16300000250339508
46,50,0.15950000286102295
47,50,0.27000001072883606
48,50,0.2800000011920929
49,50,0.2759999930858612
50,50,0.16740000247955322
51,50,0.10740000009536743
52,50,0.06800000369548798
53,50,0.06560000032186508
54,50,0.04610000178217888
55,50,0.06669999659061432
56,50,0.09749999642372131
57,50,0.0989999994635582
58,50,0.12559999525547028
59,50,0.11429999768733978
60,50,0.1023000031709671
61,50,0.11980000138282776
62,50,0.10750000178813934
63,50,0.14560000598430634
64,50,0.09910000115633011
65,50,0.09989999979734421
66,50,0.1655000001192093
67,50,0.16429999470710754
68,50,0.11010000109672546
69,50,0.05119999870657921
70,50,0.08789999783039093
71,50,0.1062999963760376
72,50,0.11029999703168869
73,50,0.07729999721050262
74,50,0.08730000257492065
75,50,0.05460000038146973
76,50,0.061799999326467514
77,50,0.0421999990940094
78,50,0.052400000393390656
79,50,0.060600001364946365
80,50,0.28700000047683716
81,50,0.2849999964237213
82,50,0.2879999876022339
83,50,0.038600001484155655
84,50,0.052299998700618744
85,50,0.0658000037074089
86,50,0.06480000168085098
87,50,0.09860000014305115
88,50,0.2939999997615814
89,50,0.3050000071525574
90,50,0.30399999022483826
91,50,0.29600000381469727
92,50,0.04430000111460686
93,50,0.06539999693632126
94,50,0.05119999870657921
95,50,0.054499998688697815
96,50,0.06430000066757202
97,50,0.1468999981880188
98,50,0.2980000078678131
99,50,0.27300000190734863
100,50,0.22619999945163727
1,51,0.13030000030994415
2,51,0.12020000070333481
3,51,0.09610000252723694
4,51,0.08510000258684158
5,51,0.09709999710321426
6,51,0.09220000356435776
7,51,0.10660000145435333
8,51,0.1800999939441681
9,51,0.12099999934434891
10,51,0.10599999874830246
11,51,0.13830000162124634
12,51,0.08179999887943268
13,51,0.061400000005960464
14,51,0.03629999980330467
15,51,0.046300001442432404
16,51,0.03220000118017197
17,51,0.053300000727176666
18,51,0.050700001418590546
19,51,0.0471000000834465
20,51,0.0502999983727932
21,51,0.30300000309944153
22,51,0.3009999990463257
23,51,0.28999999165534973
24,51,0.27900001406669617
25,51,0.28299999237060547
26,51,0.28200000524520874
27,51,0.2770000100135803
28,51,0.2770000100135803
29,51,0.28700000047683716
30,51,0.1746000051498413
31,51,0.1746000051498413
32,51,0.08309999853372574
33,51,0.07079999893903732
34,51,0.07500000298023224
35,51,0.09080000221729279
36,51,0.05050000175833702
37,51,0.05700000002980232
38,51,0.06809999793767929
39,51,0.052799999713897705
40,51,0.05999999865889549
41,51,0.06499999761581421
42,51,0.049400001764297485
43,51,0.12999999523162842
44,51,0.18469999730587006
45,51,0.1842000037431717
46,51,0.24400000274181366
47,51,0.19249999523162842
48,51,0.2770000100135803
49,51,0.2800000011920929
50,51,0.07850000262260437
51,51,0.08089999854564667
52,51,0.08179999887943268
53,51,0.048900000751018524
54,51,0.060600001364946365
55,51,0.09390000253915787
56,51,0.12319999933242798
57,51,0.09809999912977219
58,51,0.08560000360012054
59,51,0.10029999911785126
60,51,0.1378999948501587
61,51,0.09769999980926514
62,51,0.09459999948740005
63,51,0.09910000115633011
64,51,0.13359999656677246
65,51,0.10809999704360962
66,51,0.13050000369548798
67,51,0.18060000240802765
68,51,0.0989999994635582
69,51,0.07500000298023224
70,51,0.06369999796152115
71,51,0.0658000037074089
72,51,0.09790000319480896
73,51,0.08699999749660492
74,51,0.10040000081062317
75,51,0.0738999992609024
76,51,0.08110000193119049
77,51,0.04439999908208847
78,51,0.033900000154972076
79,51,0.04430000111460686
80,51,0.03849999979138374
81,51,0.28999999165534973
82,51,0.2840000092983246
83,51,0.26100000739097595
84,51,0.054499998688697815
85,51,0.0763000026345253
86,51,0.06419999897480011
87,51,0.2919999957084656
88,51,0.2849999964237213
89,51,0.28999999165534973
90,51,0.3050000071525574
91,51,0.3070000112056732
92,51,0.0714000016450882
93,51,0.05530000105500221
94,51,0.061500001698732376
95,51,0.06520000100135803
96,51,0.07530000060796738
97,51,0.15299999713897705
98,51,0.2919999957084656
99,51,0.28299999237060547
100,51,0.27000001072883606
1,52,0.14110000431537628
2,52,0.13210000097751617
3,52,0.09939999878406525
4,52,0.07360000163316727
5,52,0.10530000180006027
6,52,0.08460000157356262
7,52,0.09229999780654907
8,52,0.10589999705553055
9,52,0.12210000306367874
10,52,0.1005999967455864
11,52,0.0860000029206276
12,52,0.09669999778270721
13,52,0.08269999921321869
14,52,0.04809999838471413
15,52,0.05810000002384186
16,52,0.0421999990940094
17,52,0.04729999974370003
18,52,0.03689999878406525
19,52,0.04650000110268593
20,52,0.04820000007748604
21,52,0.29600000381469727
22,52,0.2939999997615814
23,52,0.29499998688697815
24,52,0.29100000858306885
25,52,0.2840000092983246
26,52,0.2809999883174896
27,52,0.27300000190734863
28,52,0.27300000190734863
29,52,0.28999999165534973
30,52,0.14560000598430634
31,52,0.14560000598430634
32,52,0.12449999898672104
33,52,0.13989999890327454
34,52,0.0729999989271164
35,52,0.05530000105500221
36,52,0.06769999861717224
37,52,0.047600001096725464
38,52,0.04349999874830246
39,52,0.024000000208616257
40,52,0.043800000101327896
41,52,0.05119999870657921
42,52,0.04470000043511391
43,52,0.17910000681877136
44,52,0.1979999989271164
45,52,0.25099998712539673
46,52,0.2639999985694885
47,52,0.2669999897480011
48,52,0.2750000059604645
49,52,0.1889999955892563
50,52,0.059700001031160355
51,52,0.08429999649524689
52,52,0.08089999854564667
53,52,0.093299999833107
54,52,0.08340000361204147
55,52,0.0868000015616417
56,52,0.10570000112056732
57,52,0.16850000619888306
58,52,0.11460000276565552
59,52,0.0738999992609024
60,52,0.08380000293254852
61,52,0.15449999272823334
62,52,0.09149999916553497
63,52,0.08169999718666077
64,52,0.11339999735355377
65,52,0.08389999717473984
66,52,0.10409999638795853
67,52,0.13490000367164612
68,52,0.07940000295639038
69,52,0.07829999923706055
70,52,0.09560000151395798
71,52,0.11680000275373459
72,52,0.11540000140666962
73,52,0.09030000120401382
74,52,0.09440000355243683
75,52,0.05209999904036522
76,52,0.05810000002384186
77,52,0.048900000751018524
78,52,0.06970000267028809
79,52,0.04470000043511391
80,52,0.061900001019239426
81,52,0.2919999957084656
82,52,0.2680000066757202
83,52,0.27399998903274536
84,52,0.05649999901652336
85,52,0.032099999487400055
86,52,0.03189999982714653
87,52,0.29499998688697815
88,52,0.28200000524520874
89,52,0.28700000047683716
90,52,0.3070000112056732
91,52,0.07119999825954437
92,52,0.08139999955892563
93,52,0.09179999679327011
94,52,0.050700001418590546
95,52,0.07460000365972519
96,52,0.0608999989926815
97,52,0.17100000381469727
98,52,0.29600000381469727
99,52,0.2849999964237213
100,52,0.2549999952316284
1,53,0.1687999963760376
2,53,0.07980000227689743
3,53,0.06270000338554382
4,53,0.09070000052452087
5,53,0.07729999721050262
6,53,0.07429999858140945
7,53,0.10329999774694443
8,53,0.0632999986410141
9,53,0.06379999965429306
10,53,0.05169999971985817
11,53,0.03750000149011612
12,53,0.05900000035762787
13,53,0.06610000133514404
14,53,0.05570000037550926
15,53,0.039000000804662704
16,53,0.04179999977350235
17,53,0.04600000008940697
18,53,0.0738999992609024
19,53,0.05209999904036522
20,53,0.14669999480247498
21,53,0.296999990940094
22,53,0.3070000112056732
23,53,0.296999990940094
24,53,0.2770000100135803
25,53,0.28600001335144043
26,53,0.28600001335144043
27,53,0.2849999964237213
28,53,0.28600001335144043
29,53,0.1728000044822693
30,53,0.18000000715255737
31,53,0.14740000665187836
32,53,0.16349999606609344
33,53,0.1120000034570694
34,53,0.0738999992609024
35,53,0.06549999862909317
36,53,0.06870000064373016
37,53,0.043299999088048935
38,53,0.03449999913573265
39,53,0.031099999323487282
40,53,0.019500000402331352
41,53,0.03420000150799751
42,53,0.02979999966919422
43,53,0.14669999480247498
44,53,0.1565999984741211
45,53,0.25099998712539673
46,53,0.2630000114440918
47,53,0.26100000739097595
48,53,0.18629999458789825
49,53,0.07670000195503235
50,53,0.058400001376867294
51,53,0.0575999990105629
52,53,0.09210000187158585
53,53,0.12600000202655792
54,53,0.09210000187158585
55,53,0.10920000076293945
56,53,0.13439999520778656
57,53,0.09600000083446503
58,53,0.09359999746084213
59,53,0.12150000035762787
60,53,0.14079999923706055
61,53,0.08609999716281891
62,53,0.08060000091791153
63,53,0.09059999883174896
64,53,0.08649999648332596
65,53,0.13809999823570251
66,53,0.10700000077486038
67,53,0.11190000176429749
68,53,0.07020000368356705
69,53,0.08089999854564667
70,53,0.10029999911785126
71,53,0.09049999713897705
72,53,0.06530000269412994
73,53,0.0689999982714653
74,53,0.0544000007212162
75,53,0.03959999978542328
76,53,0.06030000001192093
77,53,0.06159999966621399
78,53,0.07900000363588333
79,53,0.04639999940991402
80,53,0.07240000367164612
81,53,0.2800000011920929
82,53,0.2549999952316284
83,53,0.2680000066757202
84,53,0.2680000066757202
85,53,0.031199999153614044
86,53,0.2849999964237213
87,53,0.30000001192092896
88,53,0.28999999165534973
89,53,0.289000004529953
90,53,0.31200000643730164
91,53,0.10320000350475311
92,53,0.07779999822378159
93,53,0.09040000289678574
94,53,0.057999998331069946
95,53,0.05999999865889549
96,53,0.06809999793767929
97,53,0.289000004529953
98,53,0.28999999165534973
99,53,0.289000004529953
100,53,0.2680000066757202
1,54,0.11729999631643295
2,54,0.09040000289678574
3,54,0.04439999908208847
4,54,0.05590000003576279
5,54,0.10400000214576721
6,54,0.06759999692440033
7,54,0.0812000036239624
8,54,0.04670000076293945
9,54,0.03720000013709068
10,54,0.04809999838471413
11,54,0.07540000230073929
12,54,0.04340000078082085
13,54,0.05779999867081642
14,54,0.045499999076128006
15,54,0.05460000038146973
16,54,0.03449999913573265
17,54,0.03480000048875809
18,54,0.03920000046491623
19,54,0.0430000014603138
20,54,0.28999999165534973
21,54,0.2980000078678131
22,54,0.29899999499320984
23,54,0.30300000309944153
24,54,0.29100000858306885
25,54,0.28299999237060547
26,54,0.296999990940094
27,54,0.28700000047683716
28,54,0.18539999425411224
29,54,0.19480000436306
30,54,0.2152000069618225
31,54,0.18240000307559967
32,54,0.24009999632835388
33,54,0.1688999980688095
34,54,0.08829999715089798
35,54,0.0706000030040741
36,54,0.06430000066757202
37,54,0.04830000177025795
38,54,0.030899999663233757
39,54,0.043699998408555984
40,54,0.028200000524520874
41,54,0.02759999968111515
42,54,0.1656000018119812
43,54,0.19699999690055847
44,54,0.2029999941587448
45,54,0.1889999955892563
46,54,0.23999999463558197
47,54,0.19099999964237213
48,54,0.18000000715255737
49,54,0.048700001090765
50,54,0.049800001084804535
51,54,0.07670000195503235
52,54,0.08919999748468399
53,54,0.07460000365972519
54,54,0.0860000029206276
55,54,0.10400000214576721
56,54,0.10019999742507935
57,54,0.14470000565052032
58,54,0.13840000331401825
59,54,0.1826000064611435
60,54,0.18039999902248383
61,54,0.12680000066757202
62,54,0.13249999284744263
63,54,0.11670000106096268
64,54,0.11590000241994858
65,54,0.16279999911785126
66,54,0.13030000030994415
67,54,0.10570000112056732
68,54,0.11010000109672546
69,54,0.10499999672174454
70,54,0.11159999668598175
71,54,0.11710000038146973
72,54,0.07360000163316727
73,54,0.09019999951124191
74,54,0.05770000070333481
75,54,0.0568000003695488
76,54,0.06780000030994415
77,54,0.07959999889135361
78,54,0.07890000194311142
79,54,0.08609999716281891
80,54,0.06419999897480011
81,54,0.06710000336170197
82,54,0.26600000262260437
83,54,0.2800000011920929
84,54,0.26899999380111694
85,54,0.27799999713897705
86,54,0.28700000047683716
87,54,0.29600000381469727
88,54,0.2840000092983246
89,54,0.296999990940094
90,54,0.10649999976158142
91,54,0.11540000140666962
92,54,0.038100000470876694
93,54,0.05810000002384186
94,54,0.05620000138878822
95,54,0.06970000267028809
96,54,0.0738999992609024
97,54,0.2930000126361847
98,54,0.28700000047683716
99,54,0.28600001335144043
100,54,0.2558000087738037
1,55,0.06469999998807907
2,55,0.05570000037550926
3,55,0.0892999991774559
4,55,0.11729999631643295
5,55,0.12219999730587006
6,55,0.06449999660253525
7,55,0.051600001752376556
8,55,0.03970000147819519
9,55,0.029100000858306885
10,55,0.05869999900460243
11,55,0.06719999760389328
12,55,0.0333000011742115
13,55,0.032999999821186066
14,55,0.035999998450279236
15,55,0.03869999945163727
16,55,0.01360000018030405
17,55,0.02969999983906746
18,55,0.03680000081658363
19,55,0.04610000178217888
20,55,0.289000004529953
21,55,0.29600000381469727
22,55,0.3050000071525574
23,55,0.28700000047683716
24,55,0.29899999499320984
25,55,0.2879999876022339
26,55,0.30399999022483826
27,55,0.2919999957084656
28,55,0.16590000689029694
29,55,0.1356000006198883
30,55,0.15360000729560852
31,55,0.11219999939203262
32,55,0.10750000178813934
33,55,0.11110000312328339
34,55,0.12229999899864197
35,55,0.12319999933242798
36,55,0.10830000042915344
37,55,0.07559999823570251
38,55,0.08500000089406967
39,55,0.06530000269412994
40,55,0.06419999897480011
41,55,0.04490000009536743
42,55,0.16920000314712524
43,55,0.17499999701976776
44,55,0.13300000131130219
45,55,0.20000000298023224
46,55,0.20239999890327454
47,55,0.23999999463558197
48,55,0.07670000195503235
49,55,0.041999999433755875
50,55,0.05869999900460243
51,55,0.05849999934434891
52,55,0.05719999969005585
53,55,0.06509999930858612
54,55,0.0949999988079071
55,55,0.09189999848604202
56,55,0.07800000160932541
57,55,0.18119999766349792
58,55,0.13089999556541443
59,55,0.1664000004529953
60,55,0.21040000021457672
61,55,0.16339999437332153
62,55,0.12129999697208405
63,55,0.11590000241994858
64,55,0.10289999842643738
65,55,0.1046999990940094
66,55,0.08810000121593475
67,55,0.09679999947547913
68,55,0.17270000278949738
69,55,0.12790000438690186
70,55,0.14399999380111694
71,55,0.15330000221729279
72,55,0.11209999769926071
73,55,0.11890000104904175
74,55,0.07999999821186066
75,55,0.10339999943971634
76,55,0.12080000340938568
77,55,0.05860000103712082
78,55,0.07360000163316727
79,55,0.06629999727010727
80,55,0.0625
81,55,0.057999998331069946
82,55,0.04129999876022339
83,55,0.2508000135421753
84,55,0.2680000066757202
85,55,0.2800000011920929
86,55,0.289000004529953
87,55,0.28999999165534973
88,55,0.09189999848604202
89,55,0.12269999831914902
90,55,0.08829999715089798
91,55,0.11010000109672546
92,55,0.07519999891519547
93,55,0.07890000194311142
94,55,0.07249999791383743
95,55,0.16290000081062317
96,55,0.27399998903274536
97,55,0.27900001406669617
98,55,0.2800000011920929
99,55,0.28600001335144043
100,55,0.2720000147819519
1,56,0.05649999901652336
2,56,0.05130000039935112
3,56,0.05939999967813492
4,56,0.07109999656677246
5,56,0.08110000193119049
6,56,0.04479999840259552
7,56,0.03400000184774399
8,56,0.04969999939203262
9,56,0.04600000008940697
10,56,0.05559999868273735
11,56,0.0689999982714653
12,56,0.03280000016093254
13,56,0.02889999933540821
14,56,0.03060000017285347
15,56,0.02810000069439411
16,56,0.025299999862909317
17,56,0.03099999949336052
18,56,0.28679999709129333
19,56,0.2996000051498413
20,56,0.29899999499320984
21,56,0.3070000112056732
22,56,0.30399999022483826
23,56,0.2809999883174896
24,56,0.289000004529953
25,56,0.2840000092983246
26,56,0.29899999499320984
27,56,0.17640000581741333
28,56,0.09309999644756317
29,56,0.09279999881982803
30,56,0.07810000330209732
31,56,0.10740000009536743
32,56,0.0763000026345253
33,56,0.1136000007390976
34,56,0.15109999477863312
35,56,0.12839999794960022
36,56,0.09239999949932098
37,56,0.05640000104904175
38,56,0.0860000029206276
39,56,0.10719999670982361
40,56,0.09380000084638596
41,56,0.0471000000834465
42,56,0.20679999887943268
43,56,0.25099998712539673
44,56,0.14079999923706055
45,56,0.1703999936580658
46,56,0.19930000603199005
47,56,0.1665000021457672
48,56,0.06369999796152115
49,56,0.05009999871253967
50,56,0.03020000085234642
51,56,0.05649999901652336
52,56,0.0851999968290329
53,56,0.12790000438690186
54,56,0.12160000205039978
55,56,0.18240000307559967
56,56,0.09870000183582306
57,56,0.09589999914169312
58,56,0.11010000109672546
59,56,0.13830000162124634
60,56,0.09350000321865082
61,56,0.07850000262260437
62,56,0.08110000193119049
63,56,0.12690000236034393
64,56,0.13359999656677246
65,56,0.14010000228881836
66,56,0.1485999971628189
67,56,0.11029999703168869
68,56,0.18690000474452972
69,56,0.15160000324249268
70,56,0.18019999563694
71,56,0.11349999904632568
72,56,0.1136000007390976
73,56,0.06040000170469284
74,56,0.08380000293254852
75,56,0.06419999897480011
76,56,0.12839999794960022
77,56,0.05640000104904175
78,56,0.033900000154972076
79,56,0.035599999129772186
80,56,0.05169999971985817
81,56,0.07850000262260437
82,56,0.09030000120401382
83,56,0.05530000105500221
84,56,0.26600000262260437
85,56,0.27630001306533813
86,56,0.28999999165534973
87,56,0.28700000047683716
88,56,0.08839999884366989
89,56,0.0997999981045723
90,56,0.08259999752044678
91,56,0.09210000187158585
92,56,0.11819999665021896
93,56,0.06719999760389328
94,56,0.06610000133514404
95,56,0.2800000011920929
96,56,0.2849999964237213
97,56,0.2709999978542328
98,56,0.28299999237060547
99,56,0.28700000047683716
100,56,0.2669999897480011
1,57,0.05730000138282776
2,57,0.046300001442432404
3,57,0.0697999969124794
4,57,0.0771000012755394
5,57,0.0722000002861023
6,57,0.05249999836087227
7,57,0.05209999904036522
8,57,0.03629999980330467
9,57,0.05249999836087227
10,57,0.04740000143647194
11,57,0.02710000053048134
12,57,0.024900000542402267
13,57,0.0284000001847744
14,57,0.0203000009059906
15,57,0.02459999918937683
16,57,0.023499999195337296
17,57,0.08370000123977661
18,57,0.29100000858306885
19,57,0.3059999942779541
20,57,0.29600000381469727
21,57,0.28999999165534973
22,57,0.30399999022483826
23,57,0.27300000190734863
24,57,0.2770000100135803
25,57,0.18000000715255737
26,57,0.0568000003695488
27,57,0.05909999832510948
28,57,0.07000000029802322
29,57,0.10249999910593033
30,57,0.06400000303983688
31,57,0.07760000228881836
32,57,0.0957999974489212
33,57,0.15209999680519104
34,57,0.10289999842643738
35,57,0.09019999951124191
36,57,0.09709999710321426
37,57,0.06889999657869339
38,57,0.07720000296831131
39,57,0.05559999868273735
40,57,0.07410000264644623
41,57,0.13500000536441803
42,57,0.24120000004768372
43,57,0.20600000023841858
44,57,0.22139999270439148
45,57,0.20600000023841858
46,57,0.22349999845027924
47,57,0.09679999947547913
48,57,0.06599999964237213
49,57,0.04910000041127205
50,57,0.040800001472234726
51,57,0.06939999759197235
52,57,0.1421000063419342
53,57,0.10989999771118164
54,57,0.15070000290870667
55,57,0.10970000177621841
56,57,0.08250000327825546
57,57,0.10909999907016754
58,57,0.09730000048875809
59,57,0.05900000035762787
60,57,0.1062999963760376
61,57,0.09239999949932098
62,57,0.11980000138282776
63,57,0.11720000207424164
64,57,0.1264999955892563
65,57,0.1396999955177307
66,57,0.08619999885559082
67,57,0.09989999979734421
68,57,0.1858000010251999
69,57,0.188400000333786
70,57,0.1728000044822693
71,57,0.13510000705718994
72,57,0.11320000141859055
73,57,0.13179999589920044
74,57,0.09880000352859497
75,57,0.058400001376867294
76,57,0.0689999982714653
77,57,0.07599999755620956
78,57,0.04479999840259552
79,57,0.035599999129772186
80,57,0.050200000405311584
81,57,0.08269999921321869
82,57,0.11270000040531158
83,57,0.11429999768733978
84,57,0.2759999930858612
85,57,0.2849999964237213
86,57,0.28999999165534973
87,57,0.28600001335144043
88,57,0.27799999713897705
89,57,0.296999990940094
90,57,0.3009999990463257
91,57,0.3050000071525574
92,57,0.08910000324249268
93,57,0.10180000215768814
94,57,0.0689999982714653
95,57,0.27900001406669617
96,57,0.2809999883174896
97,57,0.2680000066757202
98,57,0.27799999713897705
99,57,0.2930000126361847
100,57,0.2750000059604645
1,58,0.049800001084804535
2,58,0.05689999833703041
3,58,0.06239999830722809
4,58,0.0608999989926815
5,58,0.053599998354911804
6,58,0.04450000077486038
7,58,0.04230000078678131
8,58,0.07599999755620956
9,58,0.059700001031160355
10,58,0.045899998396635056
11,58,0.03720000013709068
12,58,0.02810000069439411
13,58,0.023499999195337296
14,58,0.0215000007301569
15,58,0.02329999953508377
16,58,0.0908999964594841
17,58,0.2879999876022339
18,58,0.3059999942779541
19,58,0.30300000309944153
20,58,0.3019999861717224
21,58,0.30000001192092896
22,58,0.3089999854564667
23,58,0.2759999930858612
24,58,0.27300000190734863
25,58,0.16019999980926514
26,58,0.059700001031160355
27,58,0.051600001752376556
28,58,0.0869000032544136
29,58,0.09019999951124191
30,58,0.05869999900460243
31,58,0.065700002014637
32,58,0.0746999979019165
33,58,0.11959999799728394
34,58,0.08219999819993973
35,58,0.10830000042915344
36,58,0.11110000312328339
37,58,0.11729999631643295
38,58,0.05050000175833702
39,58,0.06780000030994415
40,58,0.07119999825954437
41,58,0.20000000298023224
42,58,0.25699999928474426
43,58,0.13699999451637268
44,58,0.20499999821186066
45,58,0.227400004863739
46,58,0.13950000703334808
47,58,0.13259999454021454
48,58,0.07100000232458115
49,58,0.07029999792575836
50,58,0.06589999794960022
51,58,0.07109999656677246
52,58,0.1354999989271164
53,58,0.1039000004529953
54,58,0.13330000638961792
55,58,0.07020000368356705
56,58,0.12430000305175781
57,58,0.09120000153779984
58,58,0.08219999819993973
59,58,0.05999999865889549
60,58,0.09220000356435776
61,58,0.054499998688697815
62,58,0.05869999900460243
63,58,0.07519999891519547
64,58,0.11249999701976776
65,58,0.13529999554157257
66,58,0.11649999767541885
67,58,0.12950000166893005
68,58,0.18490000069141388
69,58,0.14399999380111694
70,58,0.15790000557899475
71,58,0.1899999976158142
72,58,0.18940000236034393
73,58,0.10930000245571136
74,58,0.10540000349283218
75,58,0.07479999959468842
76,58,0.06790000200271606
77,58,0.060600001364946365
78,58,0.05770000070333481
79,58,0.07559999823570251
80,58,0.049400001764297485
81,58,0.07930000126361847
82,58,0.11259999871253967
83,58,0.29499998688697815
84,58,0.2840000092983246
85,58,0.27799999713897705
86,58,0.2809999883174896
87,58,0.09629999846220016
88,58,0.27300000190734863
89,58,0.29899999499320984
90,58,0.29499998688697815
91,58,0.30300000309944153
92,58,0.07069999724626541
93,58,0.08179999887943268
94,58,0.1656000018119812
95,58,0.2800000011920929
96,58,0.27300000190734863
97,58,0.2529999911785126
98,58,0.2669999897480011
99,58,0.29100000858306885
100,58,0.289000004529953
1,59,0.05909999832510948
2,59,0.06350000202655792
3,59,0.0714000016450882
4,59,0.0820000022649765
5,59,0.05180000141263008
6,59,0.05290000140666962
7,59,0.05339999869465828
8,59,0.07090000063180923
9,59,0.05979999899864197
10,59,0.05310000106692314
11,59,0.043800000101327896
12,59,0.04089999943971634
13,59,0.044599998742341995
14,59,0.045499999076128006
15,59,0.03959999978542328
16,59,0.2720000147819519
17,59,0.28299999237060547
18,59,0.3100000023841858
19,59,0.2980000078678131
20,59,0.29100000858306885
21,59,0.3070000112056732
22,59,0.3019999861717224
23,59,0.2849999964237213
24,59,0.2800000011920929
25,59,0.03460000082850456
26,59,0.04089999943971634
27,59,0.04470000043511391
28,59,0.05950000137090683
29,59,0.041099999099969864
30,59,0.046300001442432404
31,59,0.06279999762773514
32,59,0.0794999971985817
33,59,0.11710000038146973
34,59,0.12099999934434891
35,59,0.1712000072002411
36,59,0.13330000638961792
37,59,0.08889999985694885
38,59,0.07360000163316727
39,59,0.06260000169277191
40,59,0.19709999859333038
41,59,0.2529999911785126
42,59,0.26100000739097595
43,59,0.14149999618530273
44,59,0.18119999766349792
45,59,0.13670000433921814
46,59,0.1729000061750412
47,59,0.10499999672174454
48,59,0.12129999697208405
49,59,0.06970000267028809
50,59,0.05130000039935112
51,59,0.056699998676776886
52,59,0.08349999785423279
53,59,0.07739999890327454
54,59,0.11349999904632568
55,59,0.11909999698400497
56,59,0.14880000054836273
57,59,0.09399999678134918
58,59,0.08810000121593475
59,59,0.06750000268220901
60,59,0.07850000262260437
61,59,0.10450000315904617
62,59,0.11190000176429749
63,59,0.08659999817609787
64,59,0.13300000131130219
65,59,0.14810000360012054
66,59,0.18240000307559967
67,59,0.12280000001192093
68,59,0.1542000025510788
69,59,0.10140000283718109
70,59,0.10249999910593033
71,59,0.13089999556541443
72,59,0.14550000429153442
73,59,0.07639999687671661
74,59,0.06129999831318855
75,59,0.06440000236034393
76,59,0.060499999672174454
77,59,0.06040000170469284
78,59,0.07859999686479568
79,59,0.06430000066757202
80,59,0.10779999941587448
81,59,0.05550000071525574
82,59,0.2809999883174896
83,59,0.26899999380111694
84,59,0.27000001072883606
85,59,0.2770000100135803
86,59,0.07329999655485153
87,59,0.09189999848604202
88,59,0.06989999860525131
89,59,0.061799999326467514
90,59,0.28700000047683716
91,59,0.30000001192092896
92,59,0.28700000047683716
93,59,0.2849999964237213
94,59,0.28999999165534973
95,59,0.28999999165534973
96,59,0.28700000047683716
97,59,0.2720000147819519
98,59,0.2680000066757202
99,59,0.28299999237060547
100,59,0.2840000092983246
1,60,0.0722000002861023
2,60,0.06030000001192093
3,60,0.04360000044107437
4,60,0.09889999777078629
5,60,0.06499999761581421
6,60,0.10540000349283218
7,60,0.0877000018954277
8,60,0.07339999824762344
9,60,0.07810000330209732
10,60,0.059700001031160355
11,60,0.06260000169277191
12,60,0.05050000175833702
13,60,0.03819999843835831
14,60,0.05490000173449516
15,60,0.2849999964237213
16,60,0.2750000059604645
17,60,0.28299999237060547
18,60,0.30000001192092896
19,60,0.289000004529953
20,60,0.28999999165534973
21,60,0.3050000071525574
22,60,0.30000001192092896
23,60,0.13680000603199005
24,60,0.04149999842047691
25,60,0.03460000082850456
26,60,0.032999999821186066
27,60,0.034699998795986176
28,60,0.03929999843239784
29,60,0.03480000048875809
30,60,0.03319999948143959
31,60,0.061400000005960464
32,60,0.04390000179409981
33,60,0.11050000041723251
34,60,0.0714000016450882
35,60,0.14800000190734863
36,60,0.14730000495910645
37,60,0.05869999900460243
38,60,0.05420000106096268
39,60,0.04179999977350235
40,60,0.25099998712539673
41,60,0.26600000262260437
42,60,0.2759999930858612
43,60,0.2305999994277954
44,60,0.27300000190734863
45,60,0.17730000615119934
46,60,0.07750000059604645
47,60,0.06560000032186508
48,60,0.066600002348423
49,60,0.06300000101327896
50,60,0.04859999939799309
51,60,0.04690000042319298
52,60,0.09350000321865082
53,60,0.06030000001192093
54,60,0.0803999975323677
55,60,0.10180000215768814
56,60,0.10769999772310257
57,60,0.08060000091791153
58,60,0.1160999983549118
59,60,0.08340000361204147
60,60,0.12690000236034393
61,60,0.11819999665021896
62,60,0.10559999942779541
63,60,0.10000000149011612
64,60,0.12790000438690186
65,60,0.11840000003576279
66,60,0.14229999482631683
67,60,0.1039000004529953
68,60,0.09399999678134918
69,60,0.07959999889135361
70,60,0.07100000232458115
71,60,0.1185000017285347
72,60,0.11590000241994858
73,60,0.11999999731779099
74,60,0.08349999785423279
75,60,0.07079999893903732
76,60,0.07259999960660934
77,60,0.05959999933838844
78,60,0.0949999988079071
79,60,0.1006999984383583
80,60,0.0737999975681305
81,60,0.04769999906420708
82,60,0.2849999964237213
83,60,0.2809999883174896
84,60,0.2849999964237213
85,60,0.28600001335144043
86,60,0.07989999651908875
87,60,0.04910000041127205
88,60,0.08649999648332596
89,60,0.07530000060796738
90,60,0.0617000013589859
91,60,0.29600000381469727
92,60,0.2800000011920929
93,60,0.2750000059604645
94,60,0.28999999165534973
95,60,0.28299999237060547
96,60,0.28299999237060547
97,60,0.2709999978542328
98,60,0.2619999945163727
99,60,0.2630000114440918
100,60,0.27300000190734863
1,61,0.07119999825954437
2,61,0.06719999760389328
3,61,0.043699998408555984
4,61,0.06530000269412994
5,61,0.06989999860525131
6,61,0.09210000187158585
7,61,0.11990000307559967
8,61,0.0794999971985817
9,61,0.05999999865889549
10,61,0.09220000356435776
11,61,0.04740000143647194
12,61,0.0348999984562397
13,61,0.04179999977350235
14,61,0.12870000302791595
15,61,0.27900001406669617
16,61,0.2809999883174896
17,61,0.2770000100135803
18,61,0.29100000858306885
19,61,0.28999999165534973
20,61,0.2980000078678131
21,61,0.296999990940094
22,61,0.15389999747276306
23,61,0.03359999880194664
24,61,0.028300000354647636
25,61,0.031199999153614044
26,61,0.030400000512599945
27,61,0.0333000011742115
28,61,0.03550000116229057
29,61,0.03460000082850456
30,61,0.037300001829862595
31,61,0.05979999899864197
32,61,0.08389999717473984
33,61,0.06300000101327896
34,61,0.08659999817609787
35,61,0.13279999792575836
36,61,0.11869999766349792
37,61,0.1062999963760376
38,61,0.07209999859333038
39,61,0.1574999988079071
40,61,0.15479999780654907
41,61,0.20800000429153442
42,61,0.2709999978542328
43,61,0.25699999928474426
44,61,0.23999999463558197
45,61,0.062199998646974564
46,61,0.0471000000834465
47,61,0.06549999862909317
48,61,0.0608999989926815
49,61,0.029999999329447746
50,61,0.040699999779462814
51,61,0.0364999994635582
52,61,0.04490000009536743
53,61,0.06930000334978104
54,61,0.12030000239610672
55,61,0.1151999980211258
56,61,0.08309999853372574
57,61,0.07090000063180923
58,61,0.11169999837875366
59,61,0.09149999916553497
60,61,0.13660000264644623
61,61,0.1168999969959259
62,61,0.10869999974966049
63,61,0.09309999644756317
64,61,0.17080000042915344
65,61,0.1256999969482422
66,61,0.14560000598430634
67,61,0.10140000283718109
68,61,0.13510000705718994
69,61,0.12030000239610672
70,61,0.10599999874830246
71,61,0.09529999643564224
72,61,0.1062999963760376
73,61,0.11129999905824661
74,61,0.1273999959230423
75,61,0.0868000015616417
76,61,0.07150000333786011
77,61,0.06949999928474426
78,61,0.11379999667406082
79,61,0.12080000340938568
80,61,0.10750000178813934
81,61,0.28700000047683716
82,61,0.2919999957084656
83,61,0.2669999897480011
84,61,0.2849999964237213
85,61,0.27799999713897705
86,61,0.08959999680519104
87,61,0.04179999977350235
88,61,0.05590000003576279
89,61,0.07339999824762344
90,61,0.035599999129772186
91,61,0.15839999914169312
92,61,0.28700000047683716
93,61,0.2930000126361847
94,61,0.2709999978542328
95,61,0.27799999713897705
96,61,0.2669999897480011
97,61,0.27000001072883606
98,61,0.26499998569488525
99,61,0.25200000405311584
100,61,0.2680000066757202
1,62,0.06989999860525131
2,62,0.07280000299215317
3,62,0.034699998795986176
4,62,0.048500001430511475
5,62,0.06769999861717224
6,62,0.06430000066757202
7,62,0.06830000132322311
8,62,0.0892999991774559
9,62,0.06589999794960022
10,62,0.04989999905228615
11,62,0.02370000071823597
12,62,0.026100000366568565
13,62,0.08190000057220459
14,62,0.2800000011920929
15,62,0.28600001335144043
16,62,0.28700000047683716
17,62,0.28200000524520874
18,62,0.2800000011920929
19,62,0.2919999957084656
20,62,0.3019999861717224
21,62,0.12780000269412994
22,62,0.03779999911785126
23,62,0.04230000078678131
24,62,0.027300000190734863
25,62,0.03500000014901161
26,62,0.02449999935925007
27,62,0.0357000008225441
28,62,0.041999999433755875
29,62,0.03550000116229057
30,62,0.03550000116229057
31,62,0.05490000173449516
32,62,0.08780000358819962
33,62,0.0786999985575676
34,62,0.1379999965429306
35,62,0.13169999420642853
36,62,0.10840000212192535
37,62,0.10010000318288803
38,62,0.10530000180006027
39,62,0.24199999868869781
40,62,0.13379999995231628
41,62,0.24400000274181366
42,62,0.2290000021457672
43,62,0.2581000030040741
44,62,0.24779999256134033
45,62,0.07779999822378159
46,62,0.06109999865293503
47,62,0.0723000019788742
48,62,0.049300000071525574
49,62,0.04450000077486038
50,62,0.043699998408555984
51,62,0.03929999843239784
52,62,0.06599999964237213
53,62,0.06719999760389328
54,62,0.06620000302791595
55,62,0.11680000275373459
56,62,0.07890000194311142
57,62,0.09989999979734421
58,62,0.08780000358819962
59,62,0.12060000002384186
60,62,0.16089999675750732
61,62,0.13920000195503235
62,62,0.12690000236034393
63,62,0.1396999955177307
64,62,0.10170000046491623
65,62,0.12380000203847885
66,62,0.12559999525547028
67,62,0.08269999921321869
68,62,0.06769999861717224
69,62,0.07109999656677246
70,62,0.09910000115633011
71,62,0.09350000321865082
72,62,0.1307000070810318
73,62,0.1274999976158142
74,62,0.12250000238418579
75,62,0.16189999878406525
76,62,0.09200000017881393
77,62,0.08760000020265579
78,62,0.10859999805688858
79,62,0.11249999701976776
80,62,0.11249999701976776
81,62,0.2879999876022339
82,62,0.28700000047683716
83,62,0.28299999237060547
84,62,0.27300000190734863
85,62,0.28200000524520874
86,62,0.047600001096725464
87,62,0.06700000166893005
88,62,0.05090000107884407
89,62,0.048900000751018524
90,62,0.05869999900460243
91,62,0.28999999165534973
92,62,0.2800000011920929
93,62,0.28200000524520874
94,62,0.2930000126361847
95,62,0.27900001406669617
96,62,0.2720000147819519
97,62,0.2669999897480011
98,62,0.2549999952316284
99,62,0.13410000503063202
100,62,0.1436000019311905
1,63,0.07509999722242355
2,63,0.1006999984383583
3,63,0.0966000035405159
4,63,0.07750000059604645
5,63,0.07129999995231628
6,63,0.11010000109672546
7,63,0.07810000330209732
8,63,0.06019999831914902
9,63,0.050999999046325684
10,63,0.03400000184774399
11,63,0.09809999912977219
12,63,0.2639999985694885
13,63,0.2329999953508377
14,63,0.2770000100135803
15,63,0.28700000047683716
16,63,0.2840000092983246
17,63,0.27300000190734863
18,63,0.2709999978542328
19,63,0.30300000309944153
20,63,0.30300000309944153
21,63,0.05389999970793724
22,63,0.05620000138878822
23,63,0.038600001484155655
24,63,0.027499999850988388
25,63,0.02319999970495701
26,63,0.01730000041425228
27,63,0.020099999383091927
28,63,0.03269999846816063
29,63,0.06520000100135803
30,63,0.0632999986410141
31,63,0.05310000106692314
32,63,0.09860000014305115
33,63,0.09910000115633011
34,63,0.10830000042915344
35,63,0.1005999967455864
36,63,0.07959999889135361
37,63,0.15189999341964722
38,63,0.15399999916553497
39,63,0.1809999942779541
40,63,0.15600000321865082
41,63,0.23999999463558197
42,63,0.23160000145435333
43,63,0.21209999918937683
44,63,0.16830000281333923
45,63,0.06620000302791595
46,63,0.06650000065565109
47,63,0.0340999998152256
48,63,0.052299998700618744
49,63,0.04580000042915344
50,63,0.06239999830722809
51,63,0.04610000178217888
52,63,0.052400000393390656
53,63,0.05770000070333481
54,63,0.061500001698732376
55,63,0.10540000349283218
56,63,0.09809999912977219
57,63,0.08179999887943268
58,63,0.08169999718666077
59,63,0.0828000009059906
60,63,0.16429999470710754
61,63,0.14800000190734863
62,63,0.1949000060558319
63,63,0.15600000321865082
64,63,0.13009999692440033
65,63,0.13429999351501465
66,63,0.08389999717473984
67,63,0.14239999651908875
68,63,0.1137000024318695
69,63,0.11249999701976776
70,63,0.08799999952316284
71,63,0.10589999705553055
72,63,0.19020000100135803
73,63,0.15360000729560852
74,63,0.1356000006198883
75,63,0.1088000014424324
76,63,0.10559999942779541
77,63,0.07620000094175339
78,63,0.09860000014305115
79,63,0.12729999423027039
80,63,0.14810000360012054
81,63,0.28999999165534973
82,63,0.2759999930858612
83,63,0.2680000066757202
84,63,0.2770000100135803
85,63,0.28299999237060547
86,63,0.10000000149011612
87,63,0.10610000044107437
88,63,0.08259999752044678
89,63,0.1647000014781952
90,63,0.28220000863075256
91,63,0.28999999165534973
92,63,0.27900001406669617
93,63,0.2750000059604645
94,63,0.2720000147819519
95,63,0.25699999928474426
96,63,0.2680000066757202
97,63,0.27000001072883606
98,63,0.13230000436306
99,63,0.1379999965429306
100,63,0.16060000658035278
1,64,0.1468999981880188
2,64,0.10090000182390213
3,64,0.14949999749660492
4,64,0.08829999715089798
5,64,0.10809999704360962
6,64,0.08309999853372574
7,64,0.062300000339746475
8,64,0.0502999983727932
9,64,0.04569999873638153
10,64,0.039000000804662704
11,64,0.25699999928474426
12,64,0.2639999985694885
13,64,0.2770000100135803
14,64,0.2849999964237213
15,64,0.27799999713897705
16,64,0.28299999237060547
17,64,0.2759999930858612
18,64,0.2630000114440918
19,64,0.19709999859333038
20,64,0.04830000177025795
21,64,0.04910000041127205
22,64,0.06260000169277191
23,64,0.06419999897480011
24,64,0.038600001484155655
25,64,0.036400001496076584
26,64,0.031700000166893005
27,64,0.025200000032782555
28,64,0.03220000118017197
29,64,0.045899998396635056
30,64,0.07729999721050262
31,64,0.10719999670982361
32,64,0.07000000029802322
33,64,0.12240000069141388
34,64,0.1185000017285347
35,64,0.1046999990940094
36,64,0.04919999837875366
37,64,0.11509999632835388
38,64,0.2680000066757202
39,64,0.2630000114440918
40,64,0.26600000262260437
41,64,0.25200000405311584
42,64,0.2549999952316284
43,64,0.23000000417232513
44,64,0.10350000113248825
45,64,0.08349999785423279
46,64,0.0771000012755394
47,64,0.05689999833703041
48,64,0.04910000041127205
49,64,0.0640999972820282
50,64,0.04729999974370003
51,64,0.045499999076128006
52,64,0.052799999713897705
53,64,0.05640000104904175
54,64,0.07859999686479568
55,64,0.1120000034570694
56,64,0.11999999731779099
57,64,0.0908999964594841
58,64,0.057500001043081284
59,64,0.08070000261068344
60,64,0.1289999932050705
61,64,0.1143999993801117
62,64,0.11680000275373459
63,64,0.09019999951124191
64,64,0.093299999833107
65,64,0.09080000221729279
66,64,0.11010000109672546
67,64,0.12080000340938568
68,64,0.10080000013113022
69,64,0.0908999964594841
70,64,0.08640000224113464
71,64,0.06289999932050705
72,64,0.13809999823570251
73,64,0.16689999401569366
74,64,0.15219999849796295
75,64,0.07720000296831131
76,64,0.061000000685453415
77,64,0.04740000143647194
78,64,0.0722000002861023
79,64,0.125900000333786
80,64,0.12780000269412994
81,64,0.29899999499320984
82,64,0.2849999964237213
83,64,0.2709999978542328
84,64,0.2720000147819519
85,64,0.06040000170469284
86,64,0.10459999740123749
87,64,0.15729999542236328
88,64,0.15299999713897705
89,64,0.2619999945163727
90,64,0.28700000047683716
91,64,0.2800000011920929
92,64,0.28999999165534973
93,64,0.29100000858306885
94,64,0.2709999978542328
95,64,0.25200000405311584
96,64,0.2619999945163727
97,64,0.24899999797344208
98,64,0.08290000259876251
99,64,0.09910000115633011
100,64,0.10239999741315842
1,65,0.15569999814033508
2,65,0.15719999372959137
3,65,0.13120000064373016
4,65,0.09080000221729279
5,65,0.10729999840259552
6,65,0.13269999623298645
7,65,0.0885000005364418
8,65,0.06689999997615814
9,65,0.05050000175833702
10,65,0.09179999679327011
11,65,0.2680000066757202
12,65,0.2669999897480011
13,65,0.2329999953508377
14,65,0.27300000190734863
15,65,0.28999999165534973
16,65,0.28200000524520874
17,65,0.27799999713897705
18,65,0.18809999525547028
19,65,0.06260000169277191
20,65,0.054999999701976776
21,65,0.06459999829530716
22,65,0.07829999923706055
23,65,0.05889999866485596
24,65,0.04500000178813934
25,65,0.035999998450279236
26,65,0.02419999986886978
27,65,0.020600000396370888
28,65,0.02630000002682209
29,65,0.05609999969601631
30,65,0.039900001138448715
31,65,0.08529999852180481
32,65,0.07029999792575836
33,65,0.08479999750852585
34,65,0.1152999997138977
35,65,0.09529999643564224
36,65,0.07100000232458115
37,65,0.15569999814033508
38,65,0.26600000262260437
39,65,0.2199999988079071
40,65,0.23999999463558197
41,65,0.18700000643730164
42,65,0.2540000081062317
43,65,0.17260000109672546
44,65,0.09309999644756317
45,65,0.07419999688863754
46,65,0.07649999856948853
47,65,0.06319999694824219
48,65,0.05590000003576279
49,65,0.07729999721050262
50,65,0.05909999832510948
51,65,0.0754999965429306
52,65,0.06419999897480011
53,65,0.06689999997615814
54,65,0.0786999985575676
55,65,0.08910000324249268
56,65,0.11159999668598175
57,65,0.06629999727010727
58,65,0.04529999941587448
59,65,0.08169999718666077
60,65,0.09889999777078629
61,65,0.09220000356435776
62,65,0.09759999811649323
63,65,0.07680000364780426
64,65,0.10109999775886536
65,65,0.06109999865293503
66,65,0.08399999886751175
67,65,0.10339999943971634
68,65,0.06939999759197235
69,65,0.09239999949932098
70,65,0.09189999848604202
71,65,0.06920000165700912
72,65,0.12849999964237213
73,65,0.14790000021457672
74,65,0.0851999968290329
75,65,0.09889999777078629
76,65,0.10570000112056732
77,65,0.06970000267028809
78,65,0.059700001031160355
79,65,0.15489999949932098
80,65,0.08190000057220459
81,65,0.29100000858306885
82,65,0.2939999997615814
83,65,0.2759999930858612
84,65,0.2750000059604645
85,65,0.28200000524520874
86,65,0.17190000414848328
87,65,0.289000004529953
88,65,0.27000001072883606
89,65,0.26100000739097595
90,65,0.27900001406669617
91,65,0.2678000032901764
92,65,0.2809999883174896
93,65,0.2840000092983246
94,65,0.2720000147819519
95,65,0.18809999525547028
96,65,0.2619999945163727
97,65,0.2639999985694885
98,65,0.1972000002861023
99,65,0.27399998903274536
100,65,0.10869999974966049
1,66,0.13670000433921814
2,66,0.11559999734163284
3,66,0.09799999743700027
4,66,0.07840000092983246
5,66,0.10540000349283218
6,66,0.05609999969601631
7,66,0.08460000157356262
8,66,0.046799998730421066
9,66,0.26170000433921814
10,66,0.25699999928474426
11,66,0.2709999978542328
12,66,0.24699999392032623
13,66,0.2639999985694885
14,66,0.2720000147819519
15,66,0.27799999713897705
16,66,0.2849999964237213
17,66,0.19619999825954437
18,66,0.04560000076889992
19,66,0.05530000105500221
20,66,0.05299999937415123
21,66,0.06480000168085098
22,66,0.059300001710653305
23,66,0.05469999834895134
24,66,0.0706000030040741
25,66,0.0340999998152256
26,66,0.02500000037252903
27,66,0.02630000002682209
28,66,0.01860000006854534
29,66,0.026100000366568565
30,66,0.03319999948143959
31,66,0.1362999975681305
32,66,0.07209999859333038
33,66,0.11029999703168869
34,66,0.09440000355243683
35,66,0.09239999949932098
36,66,0.07750000059604645
37,66,0.2800000011920929
38,66,0.28200000524520874
39,66,0.27000001072883606
40,66,0.22300000488758087
41,66,0.19519999623298645
42,66,0.23430000245571136
43,66,0.12150000035762787
44,66,0.14589999616146088
45,66,0.11490000039339066
46,66,0.13439999520778656
47,66,0.11429999768733978
48,66,0.10849999636411667
49,66,0.11990000307559967
50,66,0.12020000070333481
51,66,0.11980000138282776
52,66,0.08470000326633453
53,66,0.07109999656677246
54,66,0.06729999929666519
55,66,0.1177000030875206
56,66,0.10339999943971634
57,66,0.06019999831914902
58,66,0.050999999046325684
59,66,0.04050000011920929
60,66,0.07519999891519547
61,66,0.04170000180602074
62,66,0.06870000064373016
63,66,0.07699999958276749
64,66,0.0478999987244606
65,66,0.04309999942779541
66,66,0.04500000178813934
67,66,0.05559999868273735
68,66,0.05550000071525574
69,66,0.08089999854564667
70,66,0.09790000319480896
71,66,0.07069999724626541
72,66,0.11320000141859055
73,66,0.14149999618530273
74,66,0.0868000015616417
75,66,0.1657000035047531
76,66,0.11219999939203262
77,66,0.07090000063180923
78,66,0.07819999754428864
79,66,0.09160000085830688
80,66,0.28999999165534973
81,66,0.2919999957084656
82,66,0.27799999713897705
83,66,0.2759999930858612
84,66,0.27799999713897705
85,66,0.3009999990463257
86,66,0.28299999237060547
87,66,0.28700000047683716
88,66,0.27300000190734863
89,66,0.2800000011920929
90,66,0.28999999165534973
91,66,0.28600001335144043
92,66,0.17550000548362732
93,66,0.16419999301433563
94,66,0.12549999356269836
95,66,0.10530000180006027
96,66,0.2669999897480011
97,66,0.2619999945163727
98,66,0.2290000021457672
99,66,0.2759999930858612
100,66,0.125900000333786
1,67,0.1103999987244606
2,67,0.12020000070333481
3,67,0.09849999845027924
4,67,0.09049999713897705
5,67,0.09160000085830688
6,67,0.08330000191926956
7,67,0.16920000314712524
8,67,0.26600000262260437
9,67,0.2669999897480011
10,67,0.2720000147819519
11,67,0.2619999945163727
12,67,0.2529999911785126
13,67,0.25699999928474426
14,67,0.27300000190734863
15,67,0.2759999930858612
16,67,0.2750000059604645
17,67,0.04659999907016754
18,67,0.04749999940395355
19,67,0.040300000458955765
20,67,0.04280000180006027
21,67,0.07419999688863754
22,67,0.06710000336170197
23,67,0.045499999076128006
24,67,0.03849999979138374
25,67,0.020999999716877937
26,67,0.02879999950528145
27,67,0.02239999920129776
28,67,0.03009999915957451
29,67,0.03539999946951866
30,67,0.06270000338554382
31,67,0.10890000313520432
32,67,0.07649999856948853
33,67,0.11729999631643295
34,67,0.1290999948978424
35,67,0.12389999628067017
36,67,0.11330000311136246
37,67,0.289000004529953
38,67,0.28299999237060547
39,67,0.2800000011920929
40,67,0.26499998569488525
41,67,0.23010000586509705
42,67,0.15119999647140503
43,67,0.06549999862909317
44,67,0.10980000346899033
45,67,0.09849999845027924
46,67,0.15299999713897705
47,67,0.15459999442100525
48,67,0.12409999966621399
49,67,0.13259999454021454
50,67,0.15219999849796295
51,67,0.16200000047683716
52,67,0.08309999853372574
53,67,0.07760000228881836
54,67,0.08919999748468399
55,67,0.15070000290870667
56,67,0.08839999884366989
57,67,0.04839999973773956
58,67,0.03970000147819519
59,67,0.030500000342726707
60,67,0.04729999974370003
61,67,0.042100001126527786
62,67,0.05829999968409538
63,67,0.041999999433755875
64,67,0.031599998474121094
65,67,0.0333000011742115
66,67,0.053199999034404755
67,67,0.057999998331069946
68,67,0.04450000077486038
69,67,0.07249999791383743
70,67,0.1128000020980835
71,67,0.08959999680519104
72,67,0.09149999916553497
73,67,0.06400000303983688
74,67,0.1062999963760376
75,67,0.13199999928474426
76,67,0.10909999907016754
77,67,0.10939999669790268
78,67,0.07129999995231628
79,67,0.05130000039935112
80,67,0.28999999165534973
81,67,0.28999999165534973
82,67,0.27799999713897705
83,67,0.2770000100135803
84,67,0.28999999165534973
85,67,0.2800000011920929
86,67,0.2759999930858612
87,67,0.2840000092983246
88,67,0.2809999883174896
89,67,0.2849999964237213
90,67,0.2849999964237213
91,67,0.13860000669956207
92,67,0.125
93,67,0.11140000075101852
94,67,0.15209999680519104
95,67,0.11749999970197678
96,67,0.1039000004529953
97,67,0.2619999945163727
98,67,0.26600000262260437
99,67,0.18490000069141388
100,67,0.16750000417232513
1,68,0.05530000105500221
2,68,0.06120000034570694
3,68,0.06030000001192093
4,68,0.08749999850988388
5,68,0.0997999981045723
6,68,0.06960000097751617
7,68,0.25200000405311584
8,68,0.24300000071525574
9,68,0.26499998569488525
10,68,0.2619999945163727
11,68,0.2590000033378601
12,68,0.2619999945163727
13,68,0.2669999897480011
14,68,0.26899999380111694
15,68,0.16920000314712524
16,68,0.09830000251531601
17,68,0.061799999326467514
18,68,0.05559999868273735
19,68,0.07750000059604645
20,68,0.05380000174045563
21,68,0.06120000034570694
22,68,0.0478999987244606
23,68,0.05770000070333481
24,68,0.06539999693632126
25,68,0.05490000173449516
26,68,0.031199999153614044
27,68,0.03629999980330467
28,68,0.04129999876022339
29,68,0.042100001126527786
30,68,0.0746999979019165
31,68,0.11050000041723251
32,68,0.09539999812841415
33,68,0.10379999876022339
34,68,0.11379999667406082
35,68,0.13580000400543213
36,68,0.06340000033378601
37,68,0.2849999964237213
38,68,0.2750000059604645
39,68,0.25999999046325684
40,68,0.25699999928474426
41,68,0.2759999930858612
42,68,0.1574999988079071
43,68,0.08780000358819962
44,68,0.11980000138282776
45,68,0.20749999582767487
46,68,0.1111999973654747
47,68,0.13259999454021454
48,68,0.1054999977350235
49,68,0.17730000615119934
50,68,0.18240000307559967
51,68,0.11999999731779099
52,68,0.07580000162124634
53,68,0.11259999871253967
54,68,0.0714000016450882
55,68,0.07280000299215317
56,68,0.06319999694824219
57,68,0.049400001764297485
58,68,0.04309999942779541
59,68,0.03629999980330467
60,68,0.0430000014603138
61,68,0.05460000038146973
62,68,0.05339999869465828
63,68,0.03539999946951866
64,68,0.04729999974370003
65,68,0.04309999942779541
66,68,0.06440000236034393
67,68,0.05860000103712082
68,68,0.07360000163316727
69,68,0.05380000174045563
70,68,0.0843999981880188
71,68,0.08760000020265579
72,68,0.09390000253915787
73,68,0.0908999964594841
74,68,0.13199999928474426
75,68,0.20749999582767487
76,68,0.11490000039339066
77,68,0.06790000200271606
78,68,0.11670000106096268
79,68,0.163100004196167
80,68,0.04769999906420708
81,68,0.2840000092983246
82,68,0.28600001335144043
83,68,0.27799999713897705
84,68,0.2849999964237213
85,68,0.28200000524520874
86,68,0.2800000011920929
87,68,0.28200000524520874
88,68,0.27799999713897705
89,68,0.29100000858306885
90,68,0.17980000376701355
91,68,0.19050000607967377
92,68,0.12690000236034393
93,68,0.12139999866485596
94,68,0.155799999833107
95,68,0.12380000203847885
96,68,0.2770000100135803
97,68,0.27300000190734863
98,68,0.2329999953508377
99,68,0.15000000596046448
100,68,0.11469999700784683
1,69,0.04430000111460686
2,69,0.051899999380111694
3,69,0.05959999933838844
4,69,0.05820000171661377
5,69,0.18400000035762787
6,69,0.25600001215934753
7,69,0.24400000274181366
8,69,0.22089999914169312
9,69,0.25200000405311584
10,69,0.25
11,69,0.24860000610351562
12,69,0.2630000114440918
13,69,0.25200000405311584
14,69,0.06480000168085098
15,69,0.11089999973773956
16,69,0.08540000021457672
17,69,0.06419999897480011
18,69,0.06199999898672104
19,69,0.07069999724626541
20,69,0.07479999959468842
21,69,0.061000000685453415
22,69,0.040699999779462814
23,69,0.05209999904036522
24,69,0.031099999323487282
25,69,0.043800000101327896
26,69,0.04690000042319298
27,69,0.03799999877810478
28,69,0.03759999945759773
29,69,0.051600001752376556
30,69,0.08349999785423279
31,69,0.10270000249147415
32,69,0.10080000013113022
33,69,0.13369999825954437
34,69,0.12290000170469284
35,69,0.11680000275373459
36,69,0.2849999964237213
37,69,0.2840000092983246
38,69,0.25459998846054077
39,69,0.25200000405311584
40,69,0.2529999911785126
41,69,0.27300000190734863
42,69,0.11339999735355377
43,69,0.12430000305175781
44,69,0.15729999542236328
45,69,0.21209999918937683
46,69,0.19670000672340393
47,69,0.1307000070810318
48,69,0.1054999977350235
49,69,0.10209999978542328
50,69,0.14820000529289246
51,69,0.15330000221729279
52,69,0.13729999959468842
53,69,0.06620000302791595
54,69,0.09529999643564224
55,69,0.07680000364780426
56,69,0.10329999774694443
57,69,0.050999999046325684
58,69,0.055399999022483826
59,69,0.04639999940991402
60,69,0.06459999829530716
61,69,0.08219999819993973
62,69,0.06669999659061432
63,69,0.08009999990463257
64,69,0.06159999966621399
65,69,0.06589999794960022
66,69,0.08649999648332596
67,69,0.1143999993801117
68,69,0.09480000287294388
69,69,0.06560000032186508
70,69,0.0471000000834465
71,69,0.10360000282526016
72,69,0.09830000251531601
73,69,0.10559999942779541
74,69,0.15289999544620514
75,69,0.16249999403953552
76,69,0.19779999554157257
77,69,0.09059999883174896
78,69,0.296999990940094
79,69,0.29600000381469727
80,69,0.28600001335144043
81,69,0.2849999964237213
82,69,0.2709999978542328
83,69,0.2770000100135803
84,69,0.28299999237060547
85,69,0.2809999883174896
86,69,0.28600001335144043
87,69,0.24879999458789825
88,69,0.2062000036239624
89,69,0.2402999997138977
90,69,0.12710000574588776
91,69,0.14560000598430634
92,69,0.1378999948501587
93,69,0.1462000012397766
94,69,0.14329999685287476
95,69,0.16329999268054962
96,69,0.2669999897480011
97,69,0.24300000071525574
98,69,0.2669999897480011
99,69,0.1517000049352646
100,69,0.11980000138282776
1,70,0.043299999088048935
2,70,0.04670000076293945
3,70,0.049400001764297485
4,70,0.03889999911189079
5,70,0.2669999897480011
6,70,0.2630000114440918
7,70,0.26499998569488525
8,70,0.20509999990463257
9,70,0.23800000548362732
10,70,0.22100000083446503
11,70,0.2549999952316284
12,70,0.25699999928474426
13,70,0.17820000648498535
14,70,0.05429999902844429
15,70,0.10909999907016754
16,70,0.1014999970793724
17,70,0.0868000015616417
18,70,0.08299999684095383
19,70,0.0738999992609024
20,70,0.061799999326467514
21,70,0.07280000299215317
22,70,0.05119999870657921
23,70,0.03790000081062317
24,70,0.0414000004529953
25,70,0.03180000185966492
26,70,0.041200000792741776
27,70,0.05009999871253967
28,70,0.049800001084804535
29,70,0.0681999996304512
30,70,0.08950000256299973
31,70,0.13490000367164612
32,70,0.08980000019073486
33,70,0.15719999372959137
34,70,0.10279999673366547
35,70,0.10840000212192535
36,70,0.28700000047683716
37,70,0.27799999713897705
38,70,0.2590999901294708
39,70,0.2750000059604645
40,70,0.19699999690055847
41,70,0.2669999897480011
42,70,0.12780000269412994
43,70,0.07599999755620956
44,70,0.12790000438690186
45,70,0.12690000236034393
46,70,0.10909999907016754
47,70,0.06939999759197235
48,70,0.0812000036239624
49,70,0.055399999022483826
50,70,0.1193000003695488
51,70,0.08399999886751175
52,70,0.09149999916553497
53,70,0.06430000066757202
54,70,0.0892999991774559
55,70,0.07760000228881836
56,70,0.07190000265836716
57,70,0.0414000004529953
58,70,0.04780000075697899
59,70,0.04349999874830246
60,70,0.10409999638795853
61,70,0.06809999793767929
62,70,0.11810000240802765
63,70,0.050999999046325684
64,70,0.05090000107884407
65,70,0.15109999477863312
66,70,0.15690000355243683
67,70,0.1111999973654747
68,70,0.0697999969124794
69,70,0.0812000036239624
70,70,0.08950000256299973
71,70,0.1551000028848648
72,70,0.11349999904632568
73,70,0.11169999837875366
74,70,0.16590000689029694
75,70,0.13490000367164612
76,70,0.10130000114440918
77,70,0.28600001335144043
78,70,0.28700000047683716
79,70,0.2750000059604645
80,70,0.2879999876022339
81,70,0.2720000147819519
82,70,0.2750000059604645
83,70,0.2750000059604645
84,70,0.27000001072883606
85,70,0.26499998569488525
86,70,0.28600001335144043
87,70,0.2198999971151352
88,70,0.12919999659061432
89,70,0.09860000014305115
90,70,0.07199999690055847
91,70,0.15700000524520874
92,70,0.10520000010728836
93,70,0.13779999315738678
94,70,0.17829999327659607
95,70,0.16110000014305115
96,70,0.28600001335144043
97,70,0.2680000066757202
98,70,0.24799999594688416
99,70,0.1597999930381775
100,70,0.15150000154972076
1,71,0.03689999878406525
2,71,0.04490000009536743
3,71,0.1817999929189682
4,71,0.24699999392032623
5,71,0.2709999978542328
6,71,0.2529999911785126
7,71,0.26159998774528503
8,71,0.23029999434947968
9,71,0.23800000548362732
10,71,0.2630000114440918
11,71,0.17870000004768372
12,71,0.08190000057220459
13,71,0.040300000458955765
14,71,0.04919999837875366
15,71,0.05429999902844429
16,71,0.09539999812841415
17,71,0.0851999968290329
18,71,0.06549999862909317
19,71,0.11169999837875366
20,71,0.07190000265836716
21,71,0.0754999965429306
22,71,0.07050000131130219
23,71,0.06260000169277191
24,71,0.04749999940395355
25,71,0.05180000141263008
26,71,0.045499999076128006
27,71,0.04650000110268593
28,71,0.059700001031160355
29,71,0.07769999653100967
30,71,0.07460000365972519
31,71,0.1444000005722046
32,71,0.11729999631643295
33,71,0.07530000060796738
34,71,0.0868000015616417
35,71,0.09719999879598618
36,71,0.28999999165534973
37,71,0.2709999978542328
38,71,0.27900001406669617
39,71,0.25099998712539673
40,71,0.2639999985694885
41,71,0.2750000059604645
42,71,0.11159999668598175
43,71,0.06870000064373016
44,71,0.09459999948740005
45,71,0.10019999742507935
46,71,0.0877000018954277
47,71,0.057999998331069946
48,71,0.121799997985363
49,71,0.09099999815225601
50,71,0.08959999680519104
51,71,0.10419999808073044
52,71,0.08169999718666077
53,71,0.04699999839067459
54,71,0.07810000330209732
55,71,0.06449999660253525
56,71,0.0803999975323677
57,71,0.07720000296831131
58,71,0.05660000070929527
59,71,0.07819999754428864
60,71,0.0674000009894371
61,71,0.0658000037074089
62,71,0.07840000092983246
63,71,0.07289999723434448
64,71,0.08259999752044678
65,71,0.1453000009059906
66,71,0.09640000015497208
67,71,0.0851999968290329
68,71,0.1324000060558319
69,71,0.12229999899864197
70,71,0.0966000035405159
71,71,0.10140000283718109
72,71,0.09480000287294388
73,71,0.181099995970726
74,71,0.1462000012397766
75,71,0.13779999315738678
76,71,0.133200004696846
77,71,0.27900001406669617
78,71,0.2879999876022339
79,71,0.2879999876022339
80,71,0.2800000011920929
81,71,0.12240000069141388
82,71,0.2680000066757202
83,71,0.2800000011920929
84,71,0.28600001335144043
85,71,0.2750000059604645
86,71,0.27799999713897705
87,71,0.28600001335144043
88,71,0.12890000641345978
89,71,0.09679999947547913
90,71,0.07900000363588333
91,71,0.13449999690055847
92,71,0.1225999966263771
93,71,0.16419999301433563
94,71,0.18389999866485596
95,71,0.23970000445842743
96,71,0.29100000858306885
97,71,0.27900001406669617
98,71,0.2282000035047531
99,71,0.12520000338554382
100,71,0.16179999709129333
1,72,0.19619999825954437
2,72,0.2329999953508377
3,72,0.25200000405311584
4,72,0.25699999928474426
5,72,0.2669999897480011
6,72,0.26600000262260437
7,72,0.2630000114440918
8,72,0.2549999952316284
9,72,0.257999986410141
10,72,0.16830000281333923
11,72,0.061900001019239426
12,72,0.04659999907016754
13,72,0.05739999935030937
14,72,0.06750000268220901
15,72,0.08630000054836273
16,72,0.09269999712705612
17,72,0.06939999759197235
18,72,0.07660000026226044
19,72,0.08079999685287476
20,72,0.06750000268220901
21,72,0.03739999979734421
22,72,0.08919999748468399
23,72,0.07829999923706055
24,72,0.07119999825954437
25,72,0.0966000035405159
26,72,0.11270000040531158
27,72,0.09600000083446503
28,72,0.07739999890327454
29,72,0.10260000079870224
30,72,0.09070000052452087
31,72,0.10790000110864639
32,72,0.06989999860525131
33,72,0.07069999724626541
34,72,0.11089999973773956
35,72,0.045899998396635056
36,72,0.29600000381469727
37,72,0.28299999237060547
38,72,0.2709999978542328
39,72,0.2680000066757202
40,72,0.27300000190734863
41,72,0.27399998903274536
42,72,0.11249999701976776
43,72,0.1071000024676323
44,72,0.13199999928474426
45,72,0.11240000277757645
46,72,0.11890000104904175
47,72,0.1460999995470047
48,72,0.11879999935626984
49,72,0.07069999724626541
50,72,0.09740000218153
51,72,0.06960000097751617
52,72,0.08079999685287476
53,72,0.06870000064373016
54,72,0.05990000069141388
55,72,0.06679999828338623
56,72,0.03929999843239784
57,72,0.062300000339746475
58,72,0.05139999836683273
59,72,0.051500000059604645
60,72,0.05220000073313713
61,72,0.05900000035762787
62,72,0.09109999984502792
63,72,0.08309999853372574
64,72,0.08250000327825546
65,72,0.12790000438690186
66,72,0.1306000053882599
67,72,0.13500000536441803
68,72,0.17080000042915344
69,72,0.15109999477863312
70,72,0.08219999819993973
71,72,0.07479999959468842
72,72,0.08160000294446945
73,72,0.15150000154972076
74,72,0.14059999585151672
75,72,0.11159999668598175
76,72,0.27799999713897705
77,72,0.2800000011920929
78,72,0.2849999964237213
79,72,0.28200000524520874
80,72,0.2782999873161316
81,72,0.11569999903440475
82,72,0.25699999928474426
83,72,0.26600000262260437
84,72,0.2630000114440918
85,72,0.26600000262260437
86,72,0.2720000147819519
87,72,0.28999999165534973
88,72,0.28999999165534973
89,72,0.29600000381469727
90,72,0.3050000071525574
91,72,0.10350000113248825
92,72,0.11729999631643295
93,72,0.14090000092983246
94,72,0.20659999549388885
95,72,0.30300000309944153
96,72,0.296999990940094
97,72,0.24869999289512634
98,72,0.20430000126361847
99,72,0.2281000018119812
100,72,0.18629999458789825
1,73,0.18000000715255737
2,73,0.18449999392032623
3,73,0.2329999953508377
4,73,0.2549999952316284
5,73,0.25699999928474426
6,73,0.26600000262260437
7,73,0.2619999945163727
8,73,0.2329999953508377
9,73,0.2549999952316284
10,73,0.08139999955892563
11,73,0.06780000030994415
12,73,0.040300000458955765
13,73,0.04749999940395355
14,73,0.04439999908208847
15,73,0.05820000171661377
16,73,0.07429999858140945
17,73,0.11969999969005585
18,73,0.11180000007152557
19,73,0.0722000002861023
20,73,0.05620000138878822
21,73,0.06750000268220901
22,73,0.13359999656677246
23,73,0.10270000249147415
24,73,0.10279999673366547
25,73,0.13269999623298645
26,73,0.09200000017881393
27,73,0.12150000035762787
28,73,0.1014999970793724
29,73,0.08669999986886978
30,73,0.06459999829530716
31,73,0.07959999889135361
32,73,0.11590000241994858
33,73,0.08389999717473984
34,73,0.10890000313520432
35,73,0.03150000050663948
36,73,0.28999999165534973
37,73,0.28299999237060547
38,73,0.27399998903274536
39,73,0.2759999930858612
40,73,0.27300000190734863
41,73,0.2720000147819519
42,73,0.2540000081062317
43,73,0.08619999885559082
44,73,0.1655000001192093
45,73,0.06469999998807907
46,73,0.12380000203847885
47,73,0.09780000150203705
48,73,0.09189999848604202
49,73,0.06930000334978104
50,73,0.09179999679327011
51,73,0.04800000041723251
52,73,0.0333000011742115
53,73,0.039799999445676804
54,73,0.05000000074505806
55,73,0.03629999980330467
56,73,0.031300000846385956
57,73,0.026799999177455902
58,73,0.020400000736117363
59,73,0.02710000053048134
60,73,0.05079999938607216
61,73,0.07079999893903732
62,73,0.07760000228881836
63,73,0.11420000344514847
64,73,0.10580000281333923
65,73,0.09989999979734421
66,73,0.11460000276565552
67,73,0.120899997651577
68,73,0.14409999549388885
69,73,0.13510000705718994
70,73,0.07750000059604645
71,73,0.05719999969005585
72,73,0.11150000244379044
73,73,0.1054999977350235
74,73,0.0868000015616417
75,73,0.10170000046491623
76,73,0.26600000262260437
77,73,0.28999999165534973
78,73,0.2750000059604645
79,73,0.2709999978542328
80,73,0.27900001406669617
81,73,0.2720000147819519
82,73,0.2669999897480011
83,73,0.2556999921798706
84,73,0.26499998569488525
85,73,0.27000001072883606
86,73,0.2750000059604645
87,73,0.28999999165534973
88,73,0.28700000047683716
89,73,0.3019999861717224
90,73,0.29600000381469727
91,73,0.2849999964237213
92,73,0.10580000281333923
93,73,0.16670000553131104
94,73,0.2630000114440918
95,73,0.2980000078678131
96,73,0.30399999022483826
97,73,0.24570000171661377
98,73,0.2451000064611435
99,73,0.17810000479221344
100,73,0.19169999659061432
1,74,0.13500000536441803
2,74,0.13600000739097595
3,74,0.23000000417232513
4,74,0.23510000109672546
5,74,0.2029999941587448
6,74,0.2549999952316284
7,74,0.25200000405311584
8,74,0.2303999960422516
9,74,0.1665000021457672
10,74,0.03620000183582306
11,74,0.019600000232458115
12,74,0.01759999990463257
13,74,0.029100000858306885
14,74,0.031300000846385956
15,74,0.04740000143647194
16,74,0.07150000333786011
17,74,0.054999999701976776
18,74,0.12890000641345978
19,74,0.0868000015616417
20,74,0.08950000256299973
21,74,0.09139999747276306
22,74,0.19089999794960022
23,74,0.1581999957561493
24,74,0.1185000017285347
25,74,0.13369999825954437
26,74,0.0820000022649765
27,74,0.1143999993801117
28,74,0.07440000027418137
29,74,0.1031000018119812
30,74,0.09830000251531601
31,74,0.11069999635219574
32,74,0.13289999961853027
33,74,0.12380000203847885
34,74,0.08290000259876251
35,74,0.012600000016391277
36,74,0.2849999964237213
37,74,0.2669999897480011
38,74,0.24799999594688416
39,74,0.27300000190734863
40,74,0.2630000114440918
41,74,0.2639999985694885
42,74,0.2029999941587448
43,74,0.15119999647140503
44,74,0.08910000324249268
45,74,0.07419999688863754
46,74,0.07079999893903732
47,74,0.09440000355243683
48,74,0.17080000042915344
49,74,0.06800000369548798
50,74,0.05869999900460243
51,74,0.05939999967813492
52,74,0.03290000185370445
53,74,0.03240000084042549
54,74,0.021199999377131462
55,74,0.022099999710917473
56,74,0.01899999938905239
57,74,0.014100000262260437
58,74,0.021800000220537186
59,74,0.025699999183416367
60,74,0.0430000014603138
61,74,0.06430000066757202
62,74,0.07689999788999557
63,74,0.07689999788999557
64,74,0.10639999806880951
65,74,0.1436000019311905
66,74,0.13439999520778656
67,74,0.1436000019311905
68,74,0.19869999587535858
69,74,0.14229999482631683
70,74,0.11800000071525574
71,74,0.07800000160932541
72,74,0.10570000112056732
73,74,0.11550000309944153
74,74,0.07050000131130219
75,74,0.2680000066757202
76,74,0.2630000114440918
77,74,0.28999999165534973
78,74,0.27900001406669617
79,74,0.2750000059604645
80,74,0.27799999713897705
81,74,0.2720000147819519
82,74,0.2770000100135803
83,74,0.07109999656677246
84,74,0.07559999823570251
85,74,0.2750000059604645
86,74,0.2800000011920929
87,74,0.29899999499320984
88,74,0.30300000309944153
89,74,0.2980000078678131
90,74,0.30300000309944153
91,74,0.2639999985694885
92,74,0.2849999964237213
93,74,0.16009999811649323
94,74,0.27900001406669617
95,74,0.28600001335144043
96,74,0.18160000443458557
97,74,0.19140000641345978
98,74,0.21660000085830688
99,74,0.13040000200271606
100,74,0.10920000076293945
1,75,0.12770000100135803
2,75,0.1289999932050705
3,75,0.14640000462532043
4,75,0.2639999985694885
5,75,0.2363000065088272
6,75,0.2750000059604645
7,75,0.24199999868869781
8,75,0.02850000001490116
9,75,0.0203000009059906
10,75,0.03359999880194664
11,75,0.043699998408555984
12,75,0.04740000143647194
13,75,0.05869999900460243
14,75,0.0722000002861023
15,75,0.04780000075697899
16,75,0.0560000017285347
17,75,0.038600001484155655
18,75,0.0706000030040741
19,75,0.08309999853372574
20,75,0.06129999831318855
21,75,0.11020000278949738
22,75,0.163100004196167
23,75,0.15360000729560852
24,75,0.13289999961853027
25,75,0.09290000051259995
26,75,0.07410000264644623
27,75,0.06449999660253525
28,75,0.05249999836087227
29,75,0.0877000018954277
30,75,0.10499999672174454
31,75,0.0997999981045723
32,75,0.09640000015497208
33,75,0.10270000249147415
34,75,0.11969999969005585
35,75,0.03869999945163727
36,75,0.2809999883174896
37,75,0.2800000011920929
38,75,0.2619999945163727
39,75,0.27000001072883606
40,75,0.26100000739097595
41,75,0.23800000548362732
42,75,0.23600000143051147
43,75,0.15839999914169312
44,75,0.11270000040531158
45,75,0.06350000202655792
46,75,0.06350000202655792
47,75,0.06350000202655792
48,75,0.09319999814033508
49,75,0.0754999965429306
50,75,0.09489999711513519
51,75,0.0794999971985817
52,75,0.03629999980330467
53,75,0.027499999850988388
54,75,0.026000000536441803
55,75,0.028200000524520874
56,75,0.028599999845027924
57,75,0.02590000070631504
58,75,0.03189999982714653
59,75,0.031099999323487282
60,75,0.04230000078678131
61,75,0.07559999823570251
62,75,0.093299999833107
63,75,0.07180000096559525
64,75,0.06509999930858612
65,75,0.12600000202655792
66,75,0.15150000154972076
67,75,0.09939999878406525
68,75,0.1340000033378601
69,75,0.10000000149011612
70,75,0.12070000171661377
71,75,0.12020000070333481
72,75,0.10170000046491623
73,75,0.12600000202655792
74,75,0.11729999631643295
75,75,0.13050000369548798
76,75,0.2720000147819519
77,75,0.2759999930858612
78,75,0.2800000011920929
79,75,0.2680000066757202
80,75,0.27900001406669617
81,75,0.29499998688697815
82,75,0.27799999713897705
83,75,0.26600000262260437
84,75,0.08009999990463257
85,75,0.16249999403953552
86,75,0.11069999635219574
87,75,0.3019999861717224
88,75,0.30000001192092896
89,75,0.28999999165534973
90,75,0.296999990940094
91,75,0.28299999237060547
92,75,0.27399998903274536
93,75,0.2709999978542328
94,75,0.2770000100135803
95,75,0.1354999989271164
96,75,0.18330000340938568
97,75,0.19480000436306
98,75,0.11460000276565552
99,75,0.09160000085830688
100,75,0.05550000071525574
1,76,0.12999999523162842
2,76,0.1324000060558319
3,76,0.14569999277591705
4,76,0.2329999953508377
5,76,0.25999999046325684
6,76,0.23999999463558197
7,76,0.1728000044822693
8,76,0.026000000536441803
9,76,0.03840000182390213
10,76,0.02070000022649765
11,76,0.04439999908208847
12,76,0.06859999895095825
13,76,0.09799999743700027
14,76,0.04320000112056732
15,76,0.041999999433755875
16,76,0.042500000447034836
17,76,0.06480000168085098
18,76,0.061500001698732376
19,76,0.06989999860525131
20,76,0.05350000038743019
21,76,0.0917000025510788
22,76,0.09179999679327011
23,76,0.08619999885559082
24,76,0.1152999997138977
25,76,0.10819999873638153
26,76,0.07890000194311142
27,76,0.0851999968290329
28,76,0.0674000009894371
29,76,0.06480000168085098
30,76,0.11100000143051147
31,76,0.07530000060796738
32,76,0.11309999972581863
33,76,0.14219999313354492
34,76,0.13009999692440033
35,76,0.09870000183582306
36,76,0.289000004529953
37,76,0.27900001406669617
38,76,0.26600000262260437
39,76,0.2669999897480011
40,76,0.2596000134944916
41,76,0.2680000066757202
42,76,0.2680000066757202
43,76,0.2669999897480011
44,76,0.11789999902248383
45,76,0.11789999902248383
46,76,0.11789999902248383
47,76,0.11789999902248383
48,76,0.11789999902248383
49,76,0.11789999902248383
50,76,0.11789999902248383
51,76,0.060100000351667404
52,76,0.045099999755620956
53,76,0.040699999779462814
54,76,0.048500001430511475
55,76,0.021199999377131462
56,76,0.020800000056624413
57,76,0.019200000911951065
58,76,0.02850000001490116
59,76,0.03480000048875809
60,76,0.03929999843239784
61,76,0.05790000036358833
62,76,0.06830000132322311
63,76,0.048500001430511475
64,76,0.0892999991774559
65,76,0.18449999392032623
66,76,0.18619999289512634
67,76,0.14659999310970306
68,76,0.09179999679327011
69,76,0.08229999989271164
70,76,0.08590000122785568
71,76,0.0957999974489212
72,76,0.06960000097751617
73,76,0.09669999778270721
74,76,0.09849999845027924
75,76,0.0828000009059906
76,76,0.26809999346733093
77,76,0.27300000190734863
78,76,0.27399998903274536
79,76,0.2809999883174896
80,76,0.28299999237060547
81,76,0.27000001072883606
82,76,0.2720000147819519
83,76,0.2849999964237213
84,76,0.055799998342990875
85,76,0.11029999703168869
86,76,0.12139999866485596
87,76,0.12020000070333481
88,76,0.2770000100135803
89,76,0.2840000092983246
90,76,0.29100000858306885
91,76,0.2709999978542328
92,76,0.27900001406669617
93,76,0.2630000114440918
94,76,0.2800000011920929
95,76,0.1136000007390976
96,76,0.16359999775886536
97,76,0.17430000007152557
98,76,0.11219999939203262
99,76,0.08100000023841858
100,76,0.05779999867081642
1,77,0.12919999659061432
2,77,0.12700000405311584
3,77,0.20600000023841858
4,77,0.2468000054359436
5,77,0.1940000057220459
6,77,0.1565999984741211
7,77,0.021900000050663948
8,77,0.024800000712275505
9,77,0.027699999511241913
10,77,0.028699999675154686
11,77,0.02019999921321869
12,77,0.03709999844431877
13,77,0.08470000326633453
14,77,0.06710000336170197
15,77,0.03929999843239784
16,77,0.05000000074505806
17,77,0.04170000180602074
18,77,0.07280000299215317
19,77,0.08100000023841858
20,77,0.055799998342990875
21,77,0.06710000336170197
22,77,0.05719999969005585
23,77,0.05510000139474869
24,77,0.11890000104904175
25,77,0.10520000010728836
26,77,0.1031000018119812
27,77,0.10530000180006027
28,77,0.06369999796152115
29,77,0.04129999876022339
30,77,0.06800000369548798
31,77,0.07190000265836716
32,77,0.10580000281333923
33,77,0.10419999808073044
34,77,0.0892999991774559
35,77,0.12849999964237213
36,77,0.147599995136261
37,77,0.27300000190734863
38,77,0.2720000147819519
39,77,0.25200000405311584
40,77,0.26499998569488525
41,77,0.2709999978542328
42,77,0.27300000190734863
43,77,0.2639999985694885
44,77,0.2720000147819519
45,77,0.04050000011920929
46,77,0.04050000011920929
47,77,0.04050000011920929
48,77,0.04050000011920929
49,77,0.04050000011920929
50,77,0.04050000011920929
51,77,0.04050000011920929
52,77,0.04050000011920929
53,77,0.04050000011920929
54,77,0.057100001722574234
55,77,0.02370000071823597
56,77,0.013799999840557575
57,77,0.017100000753998756
58,77,0.028999999165534973
59,77,0.03849999979138374
60,77,0.046799998730421066
61,77,0.08560000360012054
62,77,0.07349999994039536
63,77,0.07519999891519547
64,77,0.09269999712705612
65,77,0.11710000038146973
66,77,0.18790000677108765
67,77,0.10890000313520432
68,77,0.0697999969124794
69,77,0.09570000320672989
70,77,0.1477999985218048
71,77,0.13840000331401825
72,77,0.1014999970793724
73,77,0.08709999918937683
74,77,0.08240000158548355
75,77,0.01979999989271164
76,77,0.2669999897480011
77,77,0.2669999897480011
78,77,0.2980000078678131
79,77,0.29600000381469727
80,77,0.2849999964237213
81,77,0.2709999978542328
82,77,0.2849999964237213
83,77,0.28700000047683716
84,77,0.008100000210106373
85,77,0.06369999796152115
86,77,0.08250000327825546
87,77,0.08760000020265579
88,77,0.10599999874830246
89,77,0.08190000057220459
90,77,0.2840000092983246
91,77,0.28299999237060547
92,77,0.27799999713897705
93,77,0.27300000190734863
94,77,0.2849999964237213
95,77,0.28999999165534973
96,77,0.2919999957084656
97,77,0.27399998903274536
98,77,0.12030000239610672
99,77,0.057500001043081284
100,77,0.0502999983727932
1,78,0.13300000131130219
2,78,0.13590000569820404
3,78,0.21199999749660492
4,78,0.1850000023841858
5,78,0.2029999941587448
6,78,0.18000000715255737
7,78,0.017999999225139618
8,78,0.03880000114440918
9,78,0.027000000700354576
10,78,0.035999998450279236
11,78,0.030400000512599945
12,78,0.07519999891519547
13,78,0.07989999651908875
14,78,0.05050000175833702
15,78,0.0471000000834465
16,78,0.04230000078678131
17,78,0.04470000043511391
18,78,0.05889999866485596
19,78,0.05380000174045563
20,78,0.05299999937415123
21,78,0.05169999971985817
22,78,0.07460000365972519
23,78,0.07349999994039536
24,78,0.08250000327825546
25,78,0.093299999833107
26,78,0.10719999670982361
27,78,0.08940000087022781
28,78,0.07599999755620956
29,78,0.06549999862909317
30,78,0.07559999823570251
31,78,0.06019999831914902
32,78,0.08399999886751175
33,78,0.09139999747276306
34,78,0.08510000258684158
35,78,0.08739999681711197
36,78,0.1071000024676323
37,78,0.12780000269412994
38,78,0.2750000059604645
39,78,0.2669999897480011
40,78,0.2669999897480011
41,78,0.2750000059604645
42,78,0.2630000114440918
43,78,0.2639999985694885
44,78,0.2669999897480011
45,78,0.28200000524520874
46,78,0.28200000524520874
47,78,0.28200000524520874
48,78,0.28200000524520874
49,78,0.28200000524520874
50,78,0.28200000524520874
51,78,0.28200000524520874
52,78,0.28200000524520874
53,78,0.28200000524520874
54,78,0.037700001150369644
55,78,0.03150000050663948
56,78,0.027000000700354576
57,78,0.03550000116229057
58,78,0.03460000082850456
59,78,0.03869999945163727
60,78,0.05310000106692314
61,78,0.06669999659061432
62,78,0.05909999832510948
63,78,0.08309999853372574
64,78,0.08820000290870667
65,78,0.06809999793767929
66,78,0.08889999985694885
67,78,0.07989999651908875
68,78,0.05559999868273735
69,78,0.0502999983727932
70,78,0.0869000032544136
71,78,0.14589999616146088
72,78,0.09669999778270721
73,78,0.08219999819993973
74,78,0.08259999752044678
75,78,0.12729999423027039
76,78,0.01080000028014183
77,78,0.26499998569488525
78,78,0.2849999964237213
79,78,0.28700000047683716
80,78,0.289000004529953
81,78,0.27300000190734863
82,78,0.28999999165534973
83,78,0.29600000381469727
84,78,0.2770000100135803
85,78,0.017100000753998756
86,78,0.08540000021457672
87,78,0.0714000016450882
88,78,0.06729999929666519
89,78,0.011699999682605267
90,78,0.28700000047683716
91,78,0.27799999713897705
92,78,0.2590000033378601
93,78,0.2669999897480011
94,78,0.28999999165534973
95,78,0.2720000147819519
96,78,0.27900001406669617
97,78,0.2619999945163727
98,78,0.2800000011920929
99,78,0.26499998569488525
100,78,0.2759999930858612
1,79,0.13500000536441803
2,79,0.13500000536441803
3,79,0.17749999463558197
4,79,0.1420000046491623
5,79,0.027899999171495438
6,79,0.012600000016391277
7,79,0.020899999886751175
8,79,0.021900000050663948
9,79,0.05609999969601631
10,79,0.04740000143647194
11,79,0.061400000005960464
12,79,0.0658000037074089
13,79,0.04769999906420708
14,79,0.042899999767541885
15,79,0.04149999842047691
16,79,0.02630000002682209
17,79,0.04989999905228615
18,79,0.053199999034404755
19,79,0.0568000003695488
20,79,0.04670000076293945
21,79,0.06279999762773514
22,79,0.0478999987244606
23,79,0.05510000139474869
24,79,0.10559999942779541
25,79,0.09009999781847
26,79,0.1454000025987625
27,79,0.08739999681711197
28,79,0.09189999848604202
29,79,0.06419999897480011
30,79,0.06239999830722809
31,79,0.06589999794960022
32,79,0.07209999859333038
33,79,0.13619999587535858
34,79,0.08590000122785568
35,79,0.08969999849796295
36,79,0.08810000121593475
37,79,0.08190000057220459
38,79,0.2750000059604645
39,79,0.25200000405311584
40,79,0.2630000114440918
41,79,0.27799999713897705
42,79,0.28700000047683716
43,79,0.2680000066757202
44,79,0.2759999930858612
45,79,0.2639999985694885
46,79,0.2639999985694885
47,79,0.2639999985694885
48,79,0.2639999985694885
49,79,0.2639999985694885
50,79,0.2639999985694885
51,79,0.2639999985694885
52,79,0.2639999985694885
53,79,0.2639999985694885
54,79,0.043800000101327896
55,79,0.03920000046491623
56,79,0.046799998730421066
57,79,0.03880000114440918
58,79,0.02419999986886978
59,79,0.029899999499320984
60,79,0.03620000183582306
61,79,0.043699998408555984
62,79,0.04179999977350235
63,79,0.10329999774694443
64,79,0.08399999886751175
65,79,0.11630000174045563
66,79,0.08380000293254852
67,79,0.07559999823570251
68,79,0.05090000107884407
69,79,0.04560000076889992
70,79,0.05990000069141388
71,79,0.08160000294446945
72,79,0.12319999933242798
73,79,0.11959999799728394
74,79,0.1298999935388565
75,79,0.1160999983549118
76,79,0.008999999612569809
77,79,0.28200000524520874
78,79,0.2680000066757202
79,79,0.28999999165534973
80,79,0.28600001335144043
81,79,0.2750000059604645
82,79,0.27399998903274536
83,79,0.28600001335144043
84,79,0.2800000011920929
85,79,0.2709999978542328
86,79,0.1071000024676323
87,79,0.0828000009059906
88,79,0.06639999896287918
89,79,0.060100000351667404
90,79,0.2709999978542328
91,79,0.06300000101327896
92,79,0.2669999897480011
93,79,0.2484000027179718
94,79,0.2809999883174896
95,79,0.2750000059604645
96,79,0.28299999237060547
97,79,0.2770000100135803
98,79,0.2709999978542328
99,79,0.2750000059604645
100,79,0.27300000190734863
1,80,0.13500000536441803
2,80,0.15279999375343323
3,80,0.2029999941587448
4,80,0.1565999984741211
5,80,0.033900000154972076
6,80,0.019600000232458115
7,80,0.018300000578165054
8,80,0.02329999953508377
9,80,0.020400000736117363
10,80,0.026000000536441803
11,80,0.02500000037252903
12,80,0.03669999912381172
13,80,0.04010000079870224
14,80,0.04670000076293945
15,80,0.0430000014603138
16,80,0.042100001126527786
17,80,0.04749999940395355
18,80,0.04050000011920929
19,80,0.04650000110268593
20,80,0.05869999900460243
21,80,0.0414000004529953
22,80,0.0658000037074089
23,80,0.08169999718666077
24,80,0.11159999668598175
25,80,0.0957999974489212
26,80,0.13120000064373016
27,80,0.10830000042915344
28,80,0.07829999923706055
29,80,0.061400000005960464
30,80,0.06790000200271606
31,80,0.06560000032186508
32,80,0.0851999968290329
33,80,0.08799999952316284
34,80,0.131400004029274
35,80,0.12309999763965607
36,80,0.0714000016450882
37,80,0.07090000063180923
38,80,0.008100000210106373
39,80,0.2720000147819519
40,80,0.26600000262260437
41,80,0.27900001406669617
42,80,0.2849999964237213
43,80,0.26010000705718994
44,80,0.2709999978542328
45,80,0.2720000147819519
46,80,0.2669999897480011
47,80,0.2669999897480011
48,80,0.2669999897480011
49,80,0.2669999897480011
50,80,0.2669999897480011
51,80,0.2669999897480011
52,80,0.2669999897480011
53,80,0.2669999897480011
54,80,0.0617000013589859
55,80,0.05420000106096268
56,80,0.05900000035762787
57,80,0.03200000151991844
58,80,0.03550000116229057
59,80,0.02710000053048134
60,80,0.028200000524520874
61,80,0.028300000354647636
62,80,0.030400000512599945
63,80,0.04910000041127205
64,80,0.06750000268220901
65,80,0.08320000022649765
66,80,0.06809999793767929
67,80,0.07069999724626541
68,80,0.05209999904036522
69,80,0.025800000876188278
70,80,0.04500000178813934
71,80,0.07660000026226044
72,80,0.09740000218153
73,80,0.08789999783039093
74,80,0.09969999641180038
75,80,0.08179999887943268
76,80,0.1525000035762787
77,80,0.11729999631643295
78,80,0.2809999883174896
79,80,0.2849999964237213
80,80,0.29899999499320984
81,80,0.2980000078678131
82,80,0.27399998903274536
83,80,0.28600001335144043
84,80,0.2809999883174896
85,80,0.2809999883174896
86,80,0.27799999713897705
87,80,0.00930000003427267
88,80,0.27300000190734863
89,80,0.2809999883174896
90,80,0.27799999713897705
91,80,0.026900000870227814
92,80,0.025499999523162842
93,80,0.04320000112056732
94,80,0.04349999874830246
95,80,0.066600002348423
96,80,0.27000001072883606
97,80,0.2709999978542328
98,80,0.2720000147819519
99,80,0.2800000011920929
100,80,0.28600001335144043
1,81,0.13300000131130219
2,81,0.13300000131130219
3,81,0.1565999984741211
4,81,0.0333000011742115
5,81,0.03319999948143959
6,81,0.01489999983459711
7,81,0.01769999973475933
8,81,0.020600000396370888
9,81,0.020600000396370888
10,81,0.0203000009059906
11,81,0.028699999675154686
12,81,0.02290000021457672
13,81,0.06499999761581421
14,81,0.041200000792741776
15,81,0.0203000009059906
16,81,0.021199999377131462
17,81,0.03739999979734421
18,81,0.054499998688697815
19,81,0.038600001484155655
20,81,0.0723000019788742
21,81,0.062300000339746475
22,81,0.06509999930858612
23,81,0.06880000233650208
24,81,0.1200999990105629
25,81,0.1324000060558319
26,81,0.11810000240802765
27,81,0.07370000332593918
28,81,0.0421999990940094
29,81,0.05469999834895134
30,81,0.062300000339746475
31,81,0.10769999772310257
32,81,0.09399999678134918
33,81,0.06710000336170197
34,81,0.09759999811649323
35,81,0.17589999735355377
36,81,0.1088000014424324
37,81,0.07010000199079514
38,81,0.017100000753998756
39,81,0.2720000147819519
40,81,0.2290000021457672
41,81,0.2709999978542328
42,81,0.2770000100135803
43,81,0.2680000066757202
44,81,0.2750000059604645
45,81,0.27900001406669617
46,81,0.2750000059604645
47,81,0.2750000059604645
48,81,0.2750000059604645
49,81,0.2750000059604645
50,81,0.2750000059604645
51,81,0.2750000059604645
52,81,0.2750000059604645
53,81,0.09200000017881393
54,81,0.05389999970793724
55,81,0.056299999356269836
56,81,0.041200000792741776
57,81,0.027300000190734863
58,81,0.026499999687075615
59,81,0.02280000038444996
60,81,0.030700000002980232
61,81,0.02930000051856041
62,81,0.03819999843835831
63,81,0.045099999755620956
64,81,0.059300001710653305
65,81,0.0714000016450882
66,81,0.09399999678134918
67,81,0.08389999717473984
68,81,0.043800000101327896
69,81,0.051100000739097595
70,81,0.05169999971985817
71,81,0.052400000393390656
72,81,0.0868000015616417
73,81,0.12960000336170197
74,81,0.0957999974489212
75,81,0.07880000025033951
76,81,0.11129999905824661
77,81,0.10909999907016754
78,81,0.029500000178813934
79,81,0.28299999237060547
80,81,0.30399999022483826
81,81,0.3050000071525574
82,81,0.27399998903274536
83,81,0.2849999964237213
84,81,0.289000004529953
85,81,0.28600001335144043
86,81,0.289000004529953
87,81,0.28200000524520874
88,81,0.28200000524520874
89,81,0.2669999897480011
90,81,0.04610000178217888
91,81,0.05900000035762787
92,81,0.03970000147819519
93,81,0.03220000118017197
94,81,0.03689999878406525
95,81,0.03799999877810478
96,81,0.05790000036358833
97,81,0.09539999812841415
98,81,0.27399998903274536
99,81,0.26499998569488525
100,81,0.27300000190734863
1,82,0.12999999523162842
2,82,0.13220000267028809
3,82,0.055799998342990875
4,82,0.03449999913573265
5,82,0.01860000006854534
6,82,0.018200000748038292
7,82,0.017500000074505806
8,82,0.019300000742077827
9,82,0.019600000232458115
10,82,0.019700000062584877
11,82,0.02449999935925007
12,82,0.021199999377131462
13,82,0.031300000846385956
14,82,0.029100000858306885
15,82,0.02199999988079071
16,82,0.015799999237060547
17,82,0.050700001418590546
18,82,0.059300001710653305
19,82,0.05869999900460243
20,82,0.05649999901652336
21,82,0.061400000005960464
22,82,0.10019999742507935
23,82,0.07900000363588333
24,82,0.1459999978542328
25,82,0.15600000321865082
26,82,0.09019999951124191
27,82,0.06830000132322311
28,82,0.08100000023841858
29,82,0.07959999889135361
30,82,0.11980000138282776
31,82,0.08579999953508377
32,82,0.06989999860525131
33,82,0.07970000058412552
34,82,0.07429999858140945
35,82,0.0697999969124794
36,82,0.07660000026226044
37,82,0.05299999937415123
38,82,0.0544000007212162
39,82,0.008100000210106373
40,82,0.21199999749660492
41,82,0.2809999883174896
42,82,0.27399998903274536
43,82,0.2770000100135803
44,82,0.25600001215934753
45,82,0.26600000262260437
46,82,0.27900001406669617
47,82,0.19939999282360077
48,82,0.19939999282360077
49,82,0.19939999282360077
50,82,0.19939999282360077
51,82,0.19939999282360077
52,82,0.19939999282360077
53,82,0.19939999282360077
54,82,0.03849999979138374
55,82,0.03020000085234642
56,82,0.04320000112056732
57,82,0.03550000116229057
58,82,0.0406000018119812
59,82,0.016300000250339508
60,82,0.024700000882148743
61,82,0.015399999916553497
62,82,0.016200000420212746
63,82,0.04610000178217888
64,82,0.042899999767541885
65,82,0.050599999725818634
66,82,0.06599999964237213
67,82,0.06369999796152115
68,82,0.06769999861717224
69,82,0.07440000027418137
70,82,0.04520000144839287
71,82,0.03269999846816063
72,82,0.05790000036358833
73,82,0.0869000032544136
74,82,0.07129999995231628
75,82,0.10899999737739563
76,82,0.09049999713897705
77,82,0.09049999713897705
78,82,0.06780000030994415
79,82,0.10000000149011612
80,82,0.11249999701976776
81,82,0.2919999957084656
82,82,0.28999999165534973
83,82,0.28700000047683716
84,82,0.28999999165534973
85,82,0.289000004529953
86,82,0.28999999165534973
87,82,0.28299999237060547
88,82,0.27300000190734863
89,82,0.05620000138878822
90,82,0.08269999921321869
91,82,0.0649000033736229
92,82,0.02979999966919422
93,82,0.032099999487400055
94,82,0.03460000082850456
95,82,0.029200000688433647
96,82,0.032600000500679016
97,82,0.026100000366568565
98,82,0.0406000018119812
99,82,0.2619999945163727
100,82,0.2522999942302704
1,83,0.12800000607967377
2,83,0.15150000154972076
3,83,0.14489999413490295
4,83,0.042899999767541885
5,83,0.04740000143647194
6,83,0.019600000232458115
7,83,0.017899999395012856
8,83,0.012199999764561653
9,83,0.013100000098347664
10,83,0.020400000736117363
11,83,0.015200000256299973
12,83,0.020400000736117363
13,83,0.030400000512599945
14,83,0.020899999886751175
15,83,0.015399999916553497
16,83,0.021900000050663948
17,83,0.03920000046491623
18,83,0.061400000005960464
19,83,0.048900000751018524
20,83,0.07720000296831131
21,83,0.06889999657869339
22,83,0.057500001043081284
23,83,0.0812000036239624
24,83,0.11490000039339066
25,83,0.14959999918937683
26,83,0.07500000298023224
27,83,0.08399999886751175
28,83,0.10540000349283218
29,83,0.10140000283718109
30,83,0.09399999678134918
31,83,0.06669999659061432
32,83,0.10180000215768814
33,83,0.07490000128746033
34,83,0.051100000739097595
35,83,0.05959999933838844
36,83,0.052000001072883606
37,83,0.045099999755620956
38,83,0.054099999368190765
39,83,0.012600000016391277
40,83,0.2011999934911728
41,83,0.2782999873161316
42,83,0.26499998569488525
43,83,0.259799987077713
44,83,0.2378000020980835
45,83,0.26109999418258667
46,83,0.28299999237060547
47,83,0.25600001215934753
48,83,0.25600001215934753
49,83,0.25600001215934753
50,83,0.25600001215934753
51,83,0.25600001215934753
52,83,0.06629999727010727
53,83,0.05490000173449516
54,83,0.03959999978542328
55,83,0.05180000141263008
56,83,0.039900001138448715
57,83,0.04100000113248825
58,83,0.028599999845027924
59,83,0.014499999582767487
60,83,0.01730000041425228
61,83,0.015200000256299973
62,83,0.01899999938905239
63,83,0.03920000046491623
64,83,0.043699998408555984
65,83,0.04320000112056732
66,83,0.06769999861717224
67,83,0.04470000043511391
68,83,0.057500001043081284
69,83,0.09539999812841415
70,83,0.07850000262260437
71,83,0.09049999713897705
72,83,0.08320000022649765
73,83,0.08380000293254852
74,83,0.10779999941587448
75,83,0.07670000195503235
76,83,0.07989999651908875
77,83,0.04340000078082085
78,83,0.08030000329017639
79,83,0.09269999712705612
80,83,0.15479999780654907
81,83,0.3050000071525574
82,83,0.3059999942779541
83,83,0.2980000078678131
84,83,0.2919999957084656
85,83,0.28700000047683716
86,83,0.28700000047683716
87,83,0.2784000039100647
88,83,0.27900001406669617
89,83,0.04320000112056732
90,83,0.053199999034404755
91,83,0.0551999993622303
92,83,0.03370000049471855
93,83,0.03660000115633011
94,83,0.029999999329447746
95,83,0.0272000003606081
96,83,0.02590000070631504
97,83,0.020800000056624413
98,83,0.015799999237060547
99,83,0.03620000183582306
100,83,0.03970000147819519
1,84,0.1298999935388565
2,84,0.1404000073671341
3,84,0.052000001072883606
4,84,0.05770000070333481
5,84,0.027499999850988388
6,84,0.03579999879002571
7,84,0.01979999989271164
8,84,0.020999999716877937
9,84,0.01940000057220459
10,84,0.03280000016093254
11,84,0.024700000882148743
12,84,0.027499999850988388
13,84,0.026100000366568565
14,84,0.01899999938905239
15,84,0.02250000089406967
16,84,0.03759999945759773
17,84,0.05400000140070915
18,84,0.06159999966621399
19,84,0.040800001472234726
20,84,0.04179999977350235
21,84,0.06279999762773514
22,84,0.1062999963760376
23,84,0.07909999787807465
24,84,0.09350000321865082
25,84,0.12460000067949295
26,84,0.06499999761581421
27,84,0.08370000123977661
28,84,0.1136000007390976
29,84,0.09929999709129333
30,84,0.07240000367164612
31,84,0.049800001084804535
32,84,0.07190000265836716
33,84,0.0478999987244606
34,84,0.05779999867081642
35,84,0.06430000066757202
36,84,0.04149999842047691
37,84,0.024000000208616257
38,84,0.05779999867081642
39,84,0.08250000327825546
40,84,0.08910000324249268
41,84,0.07289999723434448
42,84,0.26600000262260437
43,84,0.2639999985694885
44,84,0.25099998712539673
45,84,0.27300000190734863
46,84,0.257999986410141
47,84,0.24699999392032623
48,84,0.2199999988079071
49,84,0.2199999988079071
50,84,0.2199999988079071
51,84,0.05770000070333481
52,84,0.05559999868273735
53,84,0.06729999929666519
54,84,0.04019999876618385
55,84,0.04179999977350235
56,84,0.04019999876618385
57,84,0.03200000151991844
58,84,0.040800001472234726
59,84,0.019700000062584877
60,84,0.020500000566244125
61,84,0.027699999511241913
62,84,0.021299999207258224
63,84,0.034699998795986176
64,84,0.03350000083446503
65,84,0.026200000196695328
66,84,0.050599999725818634
67,84,0.05299999937415123
68,84,0.11129999905824661
69,84,0.09529999643564224
70,84,0.09889999777078629
71,84,0.07609999924898148
72,84,0.09700000286102295
73,84,0.07289999723434448
74,84,0.1096000000834465
75,84,0.10999999940395355
76,84,0.11869999766349792
77,84,0.05490000173449516
78,84,0.1046999990940094
79,84,0.07150000333786011
80,84,0.17669999599456787
81,84,0.3070000112056732
82,84,0.2930000126361847
83,84,0.3050000071525574
84,84,0.29899999499320984
85,84,0.2809999883174896
86,84,0.28200000524520874
87,84,0.2770000100135803
88,84,0.28299999237060547
89,84,0.01080000028014183
90,84,0.05429999902844429
91,84,0.05000000074505806
92,84,0.04149999842047691
93,84,0.03189999982714653
94,84,0.02449999935925007
95,84,0.03189999982714653
96,84,0.019600000232458115
97,84,0.03920000046491623
98,84,0.02810000069439411
99,84,0.050599999725818634
100,84,0.05570000037550926
1,85,0.15299999713897705
2,85,0.16019999980926514
3,85,0.061400000005960464
4,85,0.04910000041127205
5,85,0.02329999953508377
6,85,0.013100000098347664
7,85,0.019999999552965164
8,85,0.022099999710917473
9,85,0.019500000402331352
10,85,0.022199999541044235
11,85,0.020899999886751175
12,85,0.029100000858306885
13,85,0.01600000075995922
14,85,0.021199999377131462
15,85,0.01679999940097332
16,85,0.026100000366568565
17,85,0.0430000014603138
18,85,0.06270000338554382
19,85,0.05900000035762787
20,85,0.06809999793767929
21,85,0.09000000357627869
22,85,0.07639999687671661
23,85,0.08179999887943268
24,85,0.08190000057220459
25,85,0.10819999873638153
26,85,0.10540000349283218
27,85,0.09589999914169312
28,85,0.1273999959230423
29,85,0.13040000200271606
30,85,0.08079999685287476
31,85,0.07020000368356705
32,85,0.06800000369548798
33,85,0.08160000294446945
34,85,0.08020000159740448
35,85,0.0763000026345253
36,85,0.0478999987244606
37,85,0.0551999993622303
38,85,0.0608999989926815
39,85,0.03610000014305115
40,85,0.06459999829530716
41,85,0.07280000299215317
42,85,0.11069999635219574
43,85,0.26499998569488525
44,85,0.2809999883174896
45,85,0.27799999713897705
46,85,0.2619999945163727
47,85,0.25920000672340393
48,85,0.26499998569488525
49,85,0.20810000598430634
50,85,0.19699999690055847
51,85,0.008100000210106373
52,85,0.1023000031709671
53,85,0.09000000357627869
54,85,0.03959999978542328
55,85,0.02319999970495701
56,85,0.020800000056624413
57,85,0.026000000536441803
58,85,0.04670000076293945
59,85,0.02669999934732914
60,85,0.0272000003606081
61,85,0.030500000342726707
62,85,0.029100000858306885
63,85,0.033900000154972076
64,85,0.028599999845027924
65,85,0.04490000009536743
66,85,0.04780000075697899
67,85,0.05530000105500221
68,85,0.09269999712705612
69,85,0.09510000050067902
70,85,0.10270000249147415
71,85,0.10809999704360962
72,85,0.0851999968290329
73,85,0.08709999918937683
74,85,0.06199999898672104
75,85,0.09480000287294388
76,85,0.09709999710321426
77,85,0.07959999889135361
78,85,0.0697999969124794
79,85,0.07419999688863754
80,85,0.15360000729560852
81,85,0.1071000024676323
82,85,0.30799999833106995
83,85,0.30300000309944153
84,85,0.2849999964237213
85,85,0.2750000059604645
86,85,0.289000004529953
87,85,0.289000004529953
88,85,0.2680000066757202
89,85,0.2549999952316284
90,85,0.008999999612569809
91,85,0.07429999858140945
92,85,0.053199999034404755
93,85,0.02630000002682209
94,85,0.032499998807907104
95,85,0.028699999675154686
96,85,0.01679999940097332
97,85,0.017999999225139618
98,85,0.03189999982714653
99,85,0.039400000125169754
100,85,0.05169999971985817
1,86,0.13500000536441803
2,86,0.09359999746084213
3,86,0.042100001126527786
4,86,0.06800000369548798
5,86,0.025499999523162842
6,86,0.008999999612569809
7,86,0.01549999974668026
8,86,0.012000000104308128
9,86,0.018799999728798866
10,86,0.019500000402331352
11,86,0.02290000021457672
12,86,0.02979999966919422
13,86,0.023800000548362732
14,86,0.026599999517202377
15,86,0.021199999377131462
16,86,0.027699999511241913
17,86,0.052000001072883606
18,86,0.06390000134706497
19,86,0.06369999796152115
20,86,0.04960000142455101
21,86,0.08470000326633453
22,86,0.050700001418590546
23,86,0.06350000202655792
24,86,0.09179999679327011
25,86,0.09749999642372131
26,86,0.05810000002384186
27,86,0.08340000361204147
28,86,0.1316000074148178
29,86,0.1356000006198883
30,86,0.10989999771118164
31,86,0.11500000208616257
32,86,0.125
33,86,0.09260000288486481
34,86,0.09309999644756317
35,86,0.06040000170469284
36,86,0.04129999876022339
37,86,0.04529999941587448
38,86,0.04859999939799309
39,86,0.05139999836683273
40,86,0.0729999989271164
41,86,0.029400000348687172
42,86,0.052000001072883606
43,86,0.2750000059604645
44,86,0.29100000858306885
45,86,0.28999999165534973
46,86,0.2639999985694885
47,86,0.24699999392032623
48,86,0.2290000021457672
49,86,0.2549999952316284
50,86,0.21119999885559082
51,86,0.008100000210106373
52,86,0.10970000177621841
53,86,0.09160000085830688
54,86,0.0284000001847744
55,86,0.027499999850988388
56,86,0.014999999664723873
57,86,0.02290000021457672
58,86,0.031700000166893005
59,86,0.027899999171495438
60,86,0.024800000712275505
61,86,0.02800000086426735
62,86,0.05310000106692314
63,86,0.0357000008225441
64,86,0.032600000500679016
65,86,0.041600000113248825
66,86,0.02879999950528145
67,86,0.04969999939203262
68,86,0.052799999713897705
69,86,0.0471000000834465
70,86,0.08940000087022781
71,86,0.09889999777078629
72,86,0.09960000216960907
73,86,0.20600000023841858
74,86,0.12720000743865967
75,86,0.09679999947547913
76,86,0.12269999831914902
77,86,0.06859999895095825
78,86,0.0737999975681305
79,86,0.07500000298023224
80,86,0.09019999951124191
81,86,0.2879999876022339
82,86,0.30799999833106995
83,86,0.29499998688697815
84,86,0.2939999997615814
85,86,0.2800000011920929
86,86,0.2709999978542328
87,86,0.27300000190734863
88,86,0.26600000262260437
89,86,0.2709999978542328
90,86,0.0658000037074089
91,86,0.04320000112056732
92,86,0.038100000470876694
93,86,0.03790000081062317
94,86,0.050700001418590546
95,86,0.02710000053048134
96,86,0.01899999938905239
97,86,0.022199999541044235
98,86,0.02889999933540821
99,86,0.039400000125169754
100,86,0.03669999912381172
1,87,0.13459999859333038
2,87,0.1306000053882599
3,87,0.08190000057220459
4,87,0.060100000351667404
5,87,0.040300000458955765
6,87,0.016899999231100082
7,87,0.019099999219179153
8,87,0.01759999990463257
9,87,0.019700000062584877
10,87,0.01759999990463257
11,87,0.020800000056624413
12,87,0.03590000048279762
13,87,0.02710000053048134
14,87,0.035999998450279236
15,87,0.04149999842047691
16,87,0.04529999941587448
17,87,0.04830000177025795
18,87,0.04320000112056732
19,87,0.054099999368190765
20,87,0.05119999870657921
21,87,0.0754999965429306
22,87,0.07989999651908875
23,87,0.09040000289678574
24,87,0.11219999939203262
25,87,0.08330000191926956
26,87,0.05909999832510948
27,87,0.06710000336170197
28,87,0.10530000180006027
29,87,0.13490000367164612
30,87,0.15620000660419464
31,87,0.20110000669956207
32,87,0.14249999821186066
33,87,0.14659999310970306
34,87,0.12129999697208405
35,87,0.0786999985575676
36,87,0.061900001019239426
37,87,0.06129999831318855
38,87,0.05950000137090683
39,87,0.07680000364780426
40,87,0.04800000041723251
41,87,0.04179999977350235
42,87,0.04560000076889992
43,87,0.02070000022649765
44,87,0.28700000047683716
45,87,0.28700000047683716
46,87,0.25699999928474426
47,87,0.2619999945163727
48,87,0.2680000066757202
49,87,0.25270000100135803
50,87,0.26100000739097595
51,87,0.19699999690055847
52,87,0.008100000210106373
53,87,0.0502999983727932
54,87,0.0348999984562397
55,87,0.0284000001847744
56,87,0.026799999177455902
57,87,0.027699999511241913
58,87,0.0340999998152256
59,87,0.0348999984562397
60,87,0.024800000712275505
61,87,0.039900001138448715
62,87,0.07000000029802322
63,87,0.05719999969005585
64,87,0.04050000011920929
65,87,0.03200000151991844
66,87,0.03460000082850456
67,87,0.05559999868273735
68,87,0.07880000025033951
69,87,0.04859999939799309
70,87,0.057500001043081284
71,87,0.11969999969005585
72,87,0.10599999874830246
73,87,0.16599999368190765
74,87,0.15459999442100525
75,87,0.08070000261068344
76,87,0.06759999692440033
77,87,0.07670000195503235
78,87,0.06260000169277191
79,87,0.06520000100135803
80,87,0.09629999846220016
81,87,0.29899999499320984
82,87,0.3050000071525574
83,87,0.2939999997615814
84,87,0.2809999883174896
85,87,0.26600000262260437
86,87,0.27300000190734863
87,87,0.27399998903274536
88,87,0.2720000147819519
89,87,0.03150000050663948
90,87,0.07959999889135361
91,87,0.07079999893903732
92,87,0.0502999983727932
93,87,0.03970000147819519
94,87,0.0364999994635582
95,87,0.03849999979138374
96,87,0.027699999511241913
97,87,0.030799999833106995
98,87,0.032499998807907104
99,87,0.029899999499320984
100,87,0.026100000366568565
1,88,0.1404000073671341
2,88,0.13619999587535858
3,88,0.13680000603199005
4,88,0.059300001710653305
5,88,0.0348999984562397
6,88,0.03519999980926514
7,88,0.019899999722838402
8,88,0.013299999758601189
9,88,0.02879999950528145
10,88,0.0348999984562397
11,88,0.03739999979734421
12,88,0.03970000147819519
13,88,0.024800000712275505
14,88,0.030799999833106995
15,88,0.03449999913573265
16,88,0.03959999978542328
17,88,0.04560000076889992
18,88,0.036400001496076584
19,88,0.05730000138282776
20,88,0.06560000032186508
21,88,0.05849999934434891
22,88,0.07569999992847443
23,88,0.08290000259876251
24,88,0.08669999986886978
25,88,0.08919999748468399
26,88,0.13109999895095825
27,88,0.12460000067949295
28,88,0.1111999973654747
29,88,0.11500000208616257
30,88,0.14890000224113464
31,88,0.20059999823570251
32,88,0.21559999883174896
33,88,0.18140000104904175
34,88,0.12430000305175781
35,88,0.08079999685287476
36,88,0.059300001710653305
37,88,0.05689999833703041
38,88,0.06419999897480011
39,88,0.060499999672174454
40,88,0.05429999902844429
41,88,0.07940000295639038
42,88,0.07599999755620956
43,88,0.0658000037074089
44,88,0.29100000858306885
45,88,0.28600001335144043
46,88,0.2750000059604645
47,88,0.25600001215934753
48,88,0.23000000417232513
49,88,0.24699999392032623
50,88,0.25699999928474426
51,88,0.2549999952316284
52,88,0.2680000066757202
53,88,0.047600001096725464
54,88,0.04969999939203262
55,88,0.0333000011742115
56,88,0.03280000016093254
57,88,0.037700001150369644
58,88,0.038600001484155655
59,88,0.03449999913573265
60,88,0.026599999517202377
61,88,0.048500001430511475
62,88,0.02710000053048134
63,88,0.05339999869465828
64,88,0.043299999088048935
65,88,0.04699999839067459
66,88,0.03959999978542328
67,88,0.04969999939203262
68,88,0.08699999749660492
69,88,0.04919999837875366
70,88,0.07519999891519547
71,88,0.09480000287294388
72,88,0.10890000313520432
73,88,0.11379999667406082
74,88,0.0771000012755394
75,88,0.09860000014305115
76,88,0.05040000006556511
77,88,0.06589999794960022
78,88,0.031199999153614044
79,88,0.27799999713897705
80,88,0.28299999237060547
81,88,0.2750000059604645
82,88,0.29100000858306885
83,88,0.28700000047683716
84,88,0.2709999978542328
85,88,0.2669999897480011
86,88,0.26600000262260437
87,88,0.11729999631643295
88,88,0.0681999996304512
89,88,0.07159999758005142
90,88,0.09369999915361404
91,88,0.08179999887943268
92,88,0.06480000168085098
93,88,0.06880000233650208
94,88,0.05649999901652336
95,88,0.039799999445676804
96,88,0.027799999341368675
97,88,0.03150000050663948
98,88,0.024900000542402267
99,88,0.025699999183416367
100,88,0.038600001484155655
1,89,0.16300000250339508
2,89,0.15299999713897705
3,89,0.08550000190734863
4,89,0.01510000042617321
5,89,0.022600000724196434
6,89,0.017000000923871994
7,89,0.013899999670684338
8,89,0.026200000196695328
9,89,0.02669999934732914
10,89,0.03449999913573265
11,89,0.04729999974370003
12,89,0.05009999871253967
13,89,0.0348999984562397
14,89,0.04879999905824661
15,89,0.05180000141263008
16,89,0.053300000727176666
17,89,0.058400001376867294
18,89,0.06319999694824219
19,89,0.07349999994039536
20,89,0.11050000041723251
21,89,0.0714000016450882
22,89,0.0828000009059906
23,89,0.08910000324249268
24,89,0.1128000020980835
25,89,0.08389999717473984
26,89,0.12929999828338623
27,89,0.12489999830722809
28,89,0.12880000472068787
29,89,0.11060000211000443
30,89,0.10909999907016754
31,89,0.15299999713897705
32,89,0.15790000557899475
33,89,0.15880000591278076
34,89,0.16769999265670776
35,89,0.0681999996304512
36,89,0.05849999934434891
37,89,0.06769999861717224
38,89,0.07779999822378159
39,89,0.09740000218153
40,89,0.09570000320672989
41,89,0.07519999891519547
42,89,0.03680000081658363
43,89,0.04259999841451645
44,89,0.02070000022649765
45,89,0.27799999713897705
46,89,0.2770000100135803
47,89,0.2709999978542328
48,89,0.2680000066757202
49,89,0.26600000262260437
50,89,0.2590000033378601
51,89,0.2639999985694885
52,89,0.2549999952316284
53,89,0.03869999945163727
54,89,0.057500001043081284
55,89,0.03420000150799751
56,89,0.032499998807907104
57,89,0.03799999877810478
58,89,0.03779999911785126
59,89,0.026100000366568565
60,89,0.02810000069439411
61,89,0.03799999877810478
62,89,0.04490000009536743
63,89,0.04809999838471413
64,89,0.05490000173449516
65,89,0.061900001019239426
66,89,0.0272000003606081
67,89,0.020999999716877937
68,89,0.030500000342726707
69,89,0.04360000044107437
70,89,0.05939999967813492
71,89,0.08380000293254852
72,89,0.06989999860525131
73,89,0.11129999905824661
74,89,0.05389999970793724
75,89,0.04650000110268593
76,89,0.06719999760389328
77,89,0.06340000033378601
78,89,0.03869999945163727
79,89,0.29100000858306885
80,89,0.29499998688697815
81,89,0.28299999237060547
82,89,0.28700000047683716
83,89,0.2759999930858612
84,89,0.2646999955177307
85,89,0.257999986410141
86,89,0.2680000066757202
87,89,0.08190000057220459
88,89,0.05609999969601631
89,89,0.09210000187158585
90,89,0.07800000160932541
91,89,0.06599999964237213
92,89,0.055399999022483826
93,89,0.05310000106692314
94,89,0.06300000101327896
95,89,0.02969999983906746
96,89,0.043299999088048935
97,89,0.033399999141693115
98,89,0.028200000524520874
99,89,0.03849999979138374
100,89,0.05139999836683273
1,90,0.12720000743865967
2,90,0.17599999904632568
3,90,0.25200000405311584
4,90,0.030500000342726707
5,90,0.019200000911951065
6,90,0.01810000091791153
7,90,0.020899999886751175
8,90,0.025599999353289604
9,90,0.025100000202655792
10,90,0.03460000082850456
11,90,0.0640999972820282
12,90,0.04349999874830246
13,90,0.059700001031160355
14,90,0.04820000007748604
15,90,0.0738999992609024
16,90,0.0714000016450882
17,90,0.06289999932050705
18,90,0.08179999887943268
19,90,0.12039999663829803
20,90,0.0934000015258789
21,90,0.10989999771118164
22,90,0.11509999632835388
23,90,0.11400000005960464
24,90,0.16110000014305115
25,90,0.07620000094175339
26,90,0.07670000195503235
27,90,0.10890000313520432
28,90,0.1046999990940094
29,90,0.08179999887943268
30,90,0.10819999873638153
31,90,0.1160999983549118
32,90,0.11060000211000443
33,90,0.09369999915361404
34,90,0.12919999659061432
35,90,0.07270000129938126
36,90,0.07450000196695328
37,90,0.06480000168085098
38,90,0.07689999788999557
39,90,0.08449999988079071
40,90,0.11980000138282776
41,90,0.07419999688863754
42,90,0.03590000048279762
43,90,0.036400001496076584
44,90,0.08640000224113464
45,90,0.2720000147819519
46,90,0.28299999237060547
47,90,0.2549999952316284
48,90,0.2549999952316284
49,90,0.26899999380111694
50,90,0.2639999985694885
51,90,0.2329999953508377
52,90,0.2750000059604645
53,90,0.27000001072883606
54,90,0.058800000697374344
55,90,0.03739999979734421
56,90,0.03400000184774399
57,90,0.028699999675154686
58,90,0.036400001496076584
59,90,0.049800001084804535
60,90,0.0608999989926815
61,90,0.06870000064373016
62,90,0.06040000170469284
63,90,0.052299998700618744
64,90,0.04390000179409981
65,90,0.0632999986410141
66,90,0.037700001150369644
67,90,0.02449999935925007
68,90,0.0333000011742115
69,90,0.062300000339746475
70,90,0.10849999636411667
71,90,0.13860000669956207
72,90,0.062300000339746475
73,90,0.11919999867677689
74,90,0.05829999968409538
75,90,0.042899999767541885
76,90,0.033799998462200165
77,90,0.07289999723434448
78,90,0.29499998688697815
79,90,0.28999999165534973
80,90,0.29899999499320984
81,90,0.29600000381469727
82,90,0.28700000047683716
83,90,0.27900001406669617
84,90,0.2720000147819519
85,90,0.2619999945163727
86,90,0.02250000089406967
87,90,0.065700002014637
88,90,0.10700000077486038
89,90,0.06270000338554382
90,90,0.05649999901652336
91,90,0.06159999966621399
92,90,0.05810000002384186
93,90,0.05909999832510948
94,90,0.036400001496076584
95,90,0.027300000190734863
96,90,0.029899999499320984
97,90,0.030300000682473183
98,90,0.051500000059604645
99,90,0.04830000177025795
100,90,0.06480000168085098
1,91,0.12999999523162842
2,91,0.2078000009059906
3,91,0.2199999988079071
4,91,0.023800000548362732
5,91,0.025200000032782555
6,91,0.017400000244379044
7,91,0.014399999752640724
8,91,0.029500000178813934
9,91,0.044199999421834946
10,91,0.03150000050663948
11,91,0.05559999868273735
12,91,0.042899999767541885
13,91,0.06310000270605087
14,91,0.0430000014603138
15,91,0.07079999893903732
16,91,0.032600000500679016
17,91,0.09549999982118607
18,91,0.12080000340938568
19,91,0.12160000205039978
20,91,0.10440000146627426
21,91,0.1120000034570694
22,91,0.11460000276565552
23,91,0.10000000149011612
24,91,0.1460999995470047
25,91,0.12319999933242798
26,91,0.06620000302791595
27,91,0.07850000262260437
28,91,0.09510000050067902
29,91,0.09679999947547913
30,91,0.06129999831318855
31,91,0.06539999693632126
32,91,0.08550000190734863
33,91,0.05180000141263008
34,91,0.062199998646974564
35,91,0.061400000005960464
36,91,0.07760000228881836
37,91,0.07840000092983246
38,91,0.07500000298023224
39,91,0.07660000026226044
40,91,0.08150000125169754
41,91,0.09399999678134918
42,91,0.07959999889135361
43,91,0.055399999022483826
44,91,0.03819999843835831
45,91,0.045899998396635056
46,91,0.2680000066757202
47,91,0.2630000114440918
48,91,0.2639999985694885
49,91,0.2809999883174896
50,91,0.2669999897480011
51,91,0.2549999952316284
52,91,0.2770000100135803
53,91,0.2770000100135803
54,91,0.15119999647140503
55,91,0.04039999842643738
56,91,0.030400000512599945
57,91,0.025299999862909317
58,91,0.021299999207258224
59,91,0.031099999323487282
60,91,0.03750000149011612
61,91,0.053700000047683716
62,91,0.057999998331069946
63,91,0.07129999995231628
64,91,0.061799999326467514
65,91,0.04809999838471413
66,91,0.04989999905228615
67,91,0.0414000004529953
68,91,0.029899999499320984
69,91,0.04969999939203262
70,91,0.11060000211000443
71,91,0.11550000309944153
72,91,0.10649999976158142
73,91,0.07569999992847443
74,91,0.054099999368190765
75,91,0.05220000073313713
76,91,0.03269999846816063
77,91,0.08370000123977661
78,91,0.2800000011920929
79,91,0.29600000381469727
80,91,0.30300000309944153
81,91,0.29100000858306885
82,91,0.2849999964237213
83,91,0.28299999237060547
84,91,0.2770000100135803
85,91,0.24199999868869781
86,91,0.05180000141263008
87,91,0.06880000233650208
88,91,0.0934000015258789
89,91,0.07670000195503235
90,91,0.07660000026226044
91,91,0.060600001364946365
92,91,0.06679999828338623
93,91,0.04349999874830246
94,91,0.04349999874830246
95,91,0.03840000182390213
96,91,0.05350000038743019
97,91,0.035999998450279236
98,91,0.02810000069439411
99,91,0.061799999326467514
100,91,0.10180000215768814
1,92,0.13300000131130219
2,92,0.17599999904632568
3,92,0.2549999952316284
4,92,0.03739999979734421
5,92,0.02810000069439411
6,92,0.03220000118017197
7,92,0.033799998462200165
8,92,0.02500000037252903
9,92,0.04100000113248825
10,92,0.04410000145435333
11,92,0.07460000365972519
12,92,0.045099999755620956
13,92,0.04670000076293945
14,92,0.08500000089406967
15,92,0.09260000288486481
16,92,0.049400001764297485
17,92,0.09120000153779984
18,92,0.09319999814033508
19,92,0.05939999967813492
20,92,0.07460000365972519
21,92,0.10080000013113022
22,92,0.07150000333786011
23,92,0.10019999742507935
24,92,0.06870000064373016
25,92,0.09040000289678574
26,92,0.05979999899864197
27,92,0.05920000001788139
28,92,0.06459999829530716
29,92,0.04960000142455101
30,92,0.05180000141263008
31,92,0.0625
32,92,0.061000000685453415
33,92,0.05640000104904175
34,92,0.06970000267028809
35,92,0.08060000091791153
36,92,0.0551999993622303
37,92,0.06279999762773514
38,92,0.06350000202655792
39,92,0.07580000162124634
40,92,0.09520000219345093
41,92,0.10000000149011612
42,92,0.11500000208616257
43,92,0.12380000203847885
44,92,0.043699998408555984
45,92,0.01979999989271164
46,92,0.26100000739097595
47,92,0.26499998569488525
48,92,0.24400000274181366
49,92,0.2709999978542328
50,92,0.2669999897480011
51,92,0.2639999985694885
52,92,0.26899999380111694
53,92,0.27900001406669617
54,92,0.27000001072883606
55,92,0.04470000043511391
56,92,0.029899999499320984
57,92,0.020999999716877937
58,92,0.017999999225139618
59,92,0.032600000500679016
60,92,0.02879999950528145
61,92,0.03550000116229057
62,92,0.048500001430511475
63,92,0.05920000001788139
64,92,0.05739999935030937
65,92,0.10490000247955322
66,92,0.07800000160932541
67,92,0.05640000104904175
68,92,0.04600000008940697
69,92,0.06019999831914902
70,92,0.06530000269412994
71,92,0.09989999979734421
72,92,0.07739999890327454
73,92,0.07079999893903732
74,92,0.10450000315904617
75,92,0.05570000037550926
76,92,0.048900000751018524
77,92,0.29100000858306885
78,92,0.28949999809265137
79,92,0.29260000586509705
80,92,0.29100000858306885
81,92,0.2919999957084656
82,92,0.29899999499320984
83,92,0.2919999957084656
84,92,0.27799999713897705
85,92,0.07739999890327454
86,92,0.0786999985575676
87,92,0.09799999743700027
88,92,0.12399999797344208
89,92,0.061000000685453415
90,92,0.09610000252723694
91,92,0.09189999848604202
92,92,0.09309999644756317
93,92,0.0649000033736229
94,92,0.07500000298023224
95,92,0.08940000087022781
96,92,0.05609999969601631
97,92,0.056299999356269836
98,92,0.05260000005364418
99,92,0.041200000792741776
100,92,0.0674000009894371
1,93,0.18230000138282776
2,93,0.25699999928474426
3,93,0.2590000033378601
4,93,0.13500000536441803
5,93,0.04740000143647194
6,93,0.06650000065565109
7,93,0.0649000033736229
8,93,0.030899999663233757
9,93,0.04230000078678131
10,93,0.05050000175833702
11,93,0.05119999870657921
12,93,0.056699998676776886
13,93,0.05480000004172325
14,93,0.06560000032186508
15,93,0.08179999887943268
16,93,0.08560000360012054
17,93,0.03849999979138374
18,93,0.04670000076293945
19,93,0.0414000004529953
20,93,0.08330000191926956
21,93,0.0925000011920929
22,93,0.08699999749660492
23,93,0.06480000168085098
24,93,0.053199999034404755
25,93,0.03370000049471855
26,93,0.03579999879002571
27,93,0.025599999353289604
28,93,0.03629999980330467
29,93,0.07069999724626541
30,93,0.03739999979734421
31,93,0.07079999893903732
32,93,0.059700001031160355
33,93,0.0731000006198883
34,93,0.09229999780654907
35,93,0.08540000021457672
36,93,0.06930000334978104
37,93,0.06790000200271606
38,93,0.10819999873638153
39,93,0.08420000225305557
40,93,0.09120000153779984
41,93,0.08449999988079071
42,93,0.07639999687671661
43,93,0.07620000094175339
44,93,0.03790000081062317
45,93,0.03189999982714653
46,93,0.04780000075697899
47,93,0.02070000022649765
48,93,0.2549999952316284
49,93,0.2540000081062317
50,93,0.26589998602867126
51,93,0.2680000066757202
52,93,0.2709999978542328
53,93,0.2619999945163727
54,93,0.27399998903274536
55,93,0.10170000046491623
56,93,0.0203000009059906
57,93,0.025599999353289604
58,93,0.026000000536441803
59,93,0.036400001496076584
60,93,0.02710000053048134
61,93,0.025299999862909317
62,93,0.05209999904036522
63,93,0.06759999692440033
64,93,0.08919999748468399
65,93,0.1039000004529953
66,93,0.08659999817609787
67,93,0.08309999853372574
68,93,0.07100000232458115
69,93,0.051899999380111694
70,93,0.05260000005364418
71,93,0.048900000751018524
72,93,0.0868000015616417
73,93,0.10719999670982361
74,93,0.12610000371932983
75,93,0.04179999977350235
76,93,0.050200000405311584
77,93,0.29600000381469727
78,93,0.2939999997615814
79,93,0.28600001335144043
80,93,0.29100000858306885
81,93,0.2939999997615814
82,93,0.29100000858306885
83,93,0.28299999237060547
84,93,0.2669999897480011
85,93,0.15700000524520874
86,93,0.049800001084804535
87,93,0.08659999817609787
88,93,0.08780000358819962
89,93,0.09780000150203705
90,93,0.11100000143051147
91,93,0.09809999912977219
92,93,0.1420000046491623
93,93,0.07370000332593918
94,93,0.09870000183582306
95,93,0.07339999824762344
96,93,0.061900001019239426
97,93,0.03929999843239784
98,93,0.05400000140070915
99,93,0.04960000142455101
100,93,0.04650000110268593
1,94,0.19699999690055847
2,94,0.22100000083446503
3,94,0.25699999928474426
4,94,0.15389999747276306
5,94,0.05530000105500221
6,94,0.05350000038743019
7,94,0.11540000140666962
8,94,0.0908999964594841
9,94,0.07440000027418137
10,94,0.07270000129938126
11,94,0.06629999727010727
12,94,0.08030000329017639
13,94,0.08399999886751175
14,94,0.0632999986410141
15,94,0.061000000685453415
16,94,0.09830000251531601
17,94,0.05530000105500221
18,94,0.0706000030040741
19,94,0.0706000030040741
20,94,0.11840000003576279
21,94,0.09040000289678574
22,94,0.06560000032186508
23,94,0.052299998700618744
24,94,0.039400000125169754
25,94,0.03720000013709068
26,94,0.03970000147819519
27,94,0.04340000078082085
28,94,0.023600000888109207
29,94,0.039900001138448715
30,94,0.051600001752376556
31,94,0.07450000196695328
32,94,0.06710000336170197
33,94,0.05770000070333481
34,94,0.09000000357627869
35,94,0.08229999989271164
36,94,0.07190000265836716
37,94,0.05040000006556511
38,94,0.04340000078082085
39,94,0.057999998331069946
40,94,0.07660000026226044
41,94,0.047600001096725464
42,94,0.10170000046491623
43,94,0.10379999876022339
44,94,0.045099999755620956
45,94,0.040699999779462814
46,94,0.04899999871850014
47,94,0.009399999864399433
48,94,0.2540000081062317
49,94,0.25200000405311584
50,94,0.26100000739097595
51,94,0.2680000066757202
52,94,0.2750000059604645
53,94,0.2630000114440918
54,94,0.2720000147819519
55,94,0.03150000050663948
56,94,0.0333000011742115
57,94,0.03150000050663948
58,94,0.025800000876188278
59,94,0.03280000016093254
60,94,0.03920000046491623
61,94,0.032999999821186066
62,94,0.03660000115633011
63,94,0.04780000075697899
64,94,0.05490000173449516
65,94,0.05939999967813492
66,94,0.13089999556541443
67,94,0.07050000131130219
68,94,0.06769999861717224
69,94,0.04089999943971634
70,94,0.048500001430511475
71,94,0.06800000369548798
72,94,0.08959999680519104
73,94,0.07660000026226044
74,94,0.11490000039339066
75,94,0.3070000112056732
76,94,0.28700000047683716
77,94,0.2800000011920929
78,94,0.28999999165534973
79,94,0.2800000011920929
80,94,0.2809999883174896
81,94,0.29100000858306885
82,94,0.2770000100135803
83,94,0.046799998730421066
84,94,0.05420000106096268
85,94,0.06909999996423721
86,94,0.03959999978542328
87,94,0.04360000044107437
88,94,0.05550000071525574
89,94,0.12790000438690186
90,94,0.15049999952316284
91,94,0.15150000154972076
92,94,0.13910000026226044
93,94,0.08250000327825546
94,94,0.0925000011920929
95,94,0.07000000029802322
96,94,0.05559999868273735
97,94,0.038100000470876694
98,94,0.04390000179409981
99,94,0.06889999657869339
100,94,0.05719999969005585
1,95,0.20419999957084656
2,95,0.13699999451637268
3,95,0.19099999964237213
4,95,0.2669999897480011
5,95,0.05810000002384186
6,95,0.07569999992847443
7,95,0.14640000462532043
8,95,0.11949999630451202
9,95,0.09989999979734421
10,95,0.061400000005960464
11,95,0.07400000095367432
12,95,0.07180000096559525
13,95,0.06499999761581421
14,95,0.06930000334978104
15,95,0.09040000289678574
16,95,0.09160000085830688
17,95,0.09539999812841415
18,95,0.07360000163316727
19,95,0.07890000194311142
20,95,0.09740000218153
21,95,0.10689999908208847
22,95,0.04830000177025795
23,95,0.049300000071525574
24,95,0.05169999971985817
25,95,0.03180000185966492
26,95,0.041099999099969864
27,95,0.041600000113248825
28,95,0.05999999865889549
29,95,0.06019999831914902
30,95,0.09529999643564224
31,95,0.06549999862909317
32,95,0.0706000030040741
33,95,0.06880000233650208
34,95,0.08009999990463257
35,95,0.07440000027418137
36,95,0.037300001829862595
37,95,0.059300001710653305
38,95,0.07980000227689743
39,95,0.09679999947547913
40,95,0.09019999951124191
41,95,0.1006999984383583
42,95,0.10610000044107437
43,95,0.10769999772310257
44,95,0.07349999994039536
45,95,0.047200001776218414
46,95,0.031199999153614044
47,95,0.017999999225139618
48,95,0.27300000190734863
49,95,0.2669999897480011
50,95,0.24300000071525574
51,95,0.26420000195503235
52,95,0.2630000114440918
53,95,0.2720000147819519
54,95,0.2669999897480011
55,95,0.28999999165534973
56,95,0.08370000123977661
57,95,0.02410000003874302
58,95,0.017100000753998756
59,95,0.027400000020861626
60,95,0.03590000048279762
61,95,0.044199999421834946
62,95,0.04149999842047691
63,95,0.05979999899864197
64,95,0.06849999725818634
65,95,0.10509999841451645
66,95,0.06870000064373016
67,95,0.06289999932050705
68,95,0.052299998700618744
69,95,0.04859999939799309
70,95,0.0820000022649765
71,95,0.07649999856948853
72,95,0.05350000038743019
73,95,0.13770000636577606
74,95,0.28999999165534973
75,95,0.2980000078678131
76,95,0.27799999713897705
77,95,0.28299999237060547
78,95,0.29600000381469727
79,95,0.2849999964237213
80,95,0.27000001072883606
81,95,0.28999999165534973
82,95,0.27000001072883606
83,95,0.2720000147819519
84,95,0.04010000079870224
85,95,0.06469999998807907
86,95,0.058800000697374344
87,95,0.06459999829530716
88,95,0.04659999907016754
89,95,0.08799999952316284
90,95,0.1468999981880188
91,95,0.1680999994277954
92,95,0.12080000340938568
93,95,0.125
94,95,0.07639999687671661
95,95,0.09679999947547913
96,95,0.06369999796152115
97,95,0.03959999978542328
98,95,0.06750000268220901
99,95,0.08380000293254852
100,95,0.062300000339746475
1,96,0.2538999915122986
2,96,0.13699999451637268
3,96,0.18320000171661377
4,96,0.22300000488758087
5,96,0.17010000348091125
6,96,0.12229999899864197
7,96,0.20550000667572021
8,96,0.09650000184774399
9,96,0.10429999977350235
10,96,0.07959999889135361
11,96,0.05999999865889549
12,96,0.08309999853372574
13,96,0.10890000313520432
14,96,0.11320000141859055
15,96,0.11640000343322754
16,96,0.08410000056028366
17,96,0.11949999630451202
18,96,0.13940000534057617
19,96,0.14730000495910645
20,96,0.06840000301599503
21,96,0.06809999793767929
22,96,0.052400000393390656
23,96,0.04639999940991402
24,96,0.05090000107884407
25,96,0.040300000458955765
26,96,0.04650000110268593
27,96,0.05040000006556511
28,96,0.07069999724626541
29,96,0.09220000356435776
30,96,0.0763000026345253
31,96,0.06949999928474426
32,96,0.05730000138282776
33,96,0.07649999856948853
34,96,0.047600001096725464
35,96,0.03959999978542328
36,96,0.04639999940991402
37,96,0.09480000287294388
38,96,0.09200000017881393
39,96,0.1005999967455864
40,96,0.05869999900460243
41,96,0.0794999971985817
42,96,0.07360000163316727
43,96,0.09929999709129333
44,96,0.08799999952316284
45,96,0.038600001484155655
46,96,0.020999999716877937
47,96,0.020999999716877937
48,96,0.27300000190734863
49,96,0.2720000147819519
50,96,0.2619999945163727
51,96,0.2709999978542328
52,96,0.27900001406669617
53,96,0.2770000100135803
54,96,0.27399998903274536
55,96,0.2849999964237213
56,96,0.2849999964237213
57,96,0.2630000114440918
58,96,0.08730000257492065
59,96,0.024299999698996544
60,96,0.028200000524520874
61,96,0.04360000044107437
62,96,0.03539999946951866
63,96,0.06689999997615814
64,96,0.059700001031160355
65,96,0.09160000085830688
66,96,0.13670000433921814
67,96,0.1404999941587448
68,96,0.04650000110268593
69,96,0.08259999752044678
70,96,0.0771000012755394
71,96,0.07699999958276749
72,96,0.2919999957084656
73,96,0.29100000858306885
74,96,0.2919999957084656
75,96,0.3009999990463257
76,96,0.2809999883174896
77,96,0.28600001335144043
78,96,0.2849999964237213
79,96,0.27799999713897705
80,96,0.2639999985694885
81,96,0.2720000147819519
82,96,0.2669999897480011
83,96,0.2669999897480011
84,96,0.042100001126527786
85,96,0.05849999934434891
86,96,0.03759999945759773
87,96,0.05990000069141388
88,96,0.0731000006198883
89,96,0.08990000188350677
90,96,0.15289999544620514
91,96,0.19679999351501465
92,96,0.08219999819993973
93,96,0.10830000042915344
94,96,0.06880000233650208
95,96,0.06840000301599503
96,96,0.0957999974489212
97,96,0.07980000227689743
98,96,0.10819999873638153
99,96,0.07320000231266022
100,96,0.06499999761581421
1,97,0.22300000488758087
2,97,0.13199999928474426
3,97,0.1720000058412552
4,97,0.23000000417232513
5,97,0.2669999897480011
6,97,0.18330000340938568
7,97,0.16859999299049377
8,97,0.11909999698400497
9,97,0.1266999989748001
10,97,0.1370999962091446
11,97,0.06499999761581421
12,97,0.0632999986410141
13,97,0.05939999967813492
14,97,0.08420000225305557
15,97,0.10599999874830246
16,97,0.10520000010728836
17,97,0.11890000104904175
18,97,0.10999999940395355
19,97,0.19689999520778656
20,97,0.15780000388622284
21,97,0.12080000340938568
22,97,0.08160000294446945
23,97,0.06719999760389328
24,97,0.04170000180602074
25,97,0.0348999984562397
26,97,0.05950000137090683
27,97,0.09679999947547913
28,97,0.07840000092983246
29,97,0.10289999842643738
30,97,0.11330000311136246
31,97,0.06889999657869339
32,97,0.08070000261068344
33,97,0.06560000032186508
34,97,0.05609999969601631
35,97,0.03579999879002571
36,97,0.040800001472234726
37,97,0.059300001710653305
38,97,0.04899999871850014
39,97,0.07360000163316727
40,97,0.07689999788999557
41,97,0.09600000083446503
42,97,0.12200000137090683
43,97,0.09560000151395798
44,97,0.08309999853372574
45,97,0.04430000111460686
46,97,0.029400000348687172
47,97,0.026100000366568565
48,97,0.026499999687075615
49,97,0.27300000190734863
50,97,0.2619999945163727
51,97,0.26100000739097595
52,97,0.28200000524520874
53,97,0.29600000381469727
54,97,0.2800000011920929
55,97,0.2680000066757202
56,97,0.2709999978542328
57,97,0.2639999985694885
58,97,0.27399998903274536
59,97,0.15299999713897705
60,97,0.04089999943971634
61,97,0.03310000151395798
62,97,0.03359999880194664
63,97,0.05400000140070915
64,97,0.05939999967813492
65,97,0.0828000009059906
66,97,0.10989999771118164
67,97,0.1370999962091446
68,97,0.08370000123977661
69,97,0.3009999990463257
70,97,0.3199999928474426
71,97,0.3140000104904175
72,97,0.29100000858306885
73,97,0.2939999997615814
74,97,0.3140000104904175
75,97,0.3009999990463257
76,97,0.3050000071525574
77,97,0.11879999935626984
78,97,0.0892999991774559
79,97,0.06800000369548798
80,97,0.07289999723434448
81,97,0.04769999906420708
82,97,0.2680000066757202
83,97,0.25699999928474426
84,97,0.05649999901652336
85,97,0.07419999688863754
86,97,0.07440000027418137
87,97,0.04439999908208847
88,97,0.03999999910593033
89,97,0.0674000009894371
90,97,0.13600000739097595
91,97,0.12870000302791595
92,97,0.10480000078678131
93,97,0.0778999999165535
94,97,0.05820000171661377
95,97,0.05790000036358833
96,97,0.05999999865889549
97,97,0.06430000066757202
98,97,0.0608999989926815
99,97,0.060600001364946365
100,97,0.07010000199079514
1,98,0.1899999976158142
2,98,0.13699999451637268
3,98,0.17350000143051147
4,98,0.1932000070810318
5,98,0.2029999941587448
6,98,0.11159999668598175
7,98,0.19599999487400055
8,98,0.1648000031709671
9,98,0.20020000636577606
10,98,0.17350000143051147
11,98,0.11129999905824661
12,98,0.08229999989271164
13,98,0.051600001752376556
14,98,0.05119999870657921
15,98,0.05869999900460243
16,98,0.0689999982714653
17,98,0.11299999803304672
18,98,0.08959999680519104
19,98,0.09780000150203705
20,98,0.09430000185966492
21,98,0.16940000653266907
22,98,0.14800000190734863
23,98,0.11909999698400497
24,98,0.08410000056028366
25,98,0.05909999832510948
26,98,0.058400001376867294
27,98,0.10350000113248825
28,98,0.11550000309944153
29,98,0.14820000529289246
30,98,0.11010000109672546
31,98,0.09210000187158585
32,98,0.03849999979138374
33,98,0.06040000170469284
34,98,0.07100000232458115
35,98,0.054499998688697815
36,98,0.06369999796152115
37,98,0.042100001126527786
38,98,0.04560000076889992
39,98,0.06629999727010727
40,98,0.06989999860525131
41,98,0.06369999796152115
42,98,0.08730000257492065
43,98,0.08990000188350677
44,98,0.09830000251531601
45,98,0.06849999725818634
46,98,0.06109999865293503
47,98,0.05559999868273735
48,98,0.0640999972820282
49,98,0.26600000262260437
50,98,0.2849999964237213
51,98,0.2630000114440918
52,98,0.27799999713897705
53,98,0.28200000524520874
54,98,0.2750000059604645
55,98,0.28600001335144043
56,98,0.27399998903274536
57,98,0.27219998836517334
58,98,0.2639999985694885
59,98,0.2770000100135803
60,98,0.27300000190734863
61,98,0.12780000269412994
62,98,0.1565999984741211
63,98,0.0625
64,98,0.051600001752376556
65,98,0.10670000314712524
66,98,0.11729999631643295
67,98,0.1160999983549118
68,98,0.3149999976158142
69,98,0.3050000071525574
70,98,0.29899999499320984
71,98,0.29600000381469727
72,98,0.2800000011920929
73,98,0.2939999997615814
74,98,0.3009999990463257
75,98,0.29249998927116394
76,98,0.15029999613761902
77,98,0.07959999889135361
78,98,0.09700000286102295
79,98,0.046300001442432404
80,98,0.08070000261068344
81,98,0.2720000147819519
82,98,0.27399998903274536
83,98,0.057999998331069946
84,98,0.07440000027418137
85,98,0.11680000275373459
86,98,0.12129999697208405
87,98,0.05900000035762787
88,98,0.07810000330209732
89,98,0.062199998646974564
90,98,0.09669999778270721
91,98,0.10260000079870224
92,98,0.07689999788999557
93,98,0.05920000001788139
94,98,0.04129999876022339
95,98,0.05770000070333481
96,98,0.04010000079870224
97,98,0.051899999380111694
98,98,0.05770000070333481
99,98,0.07259999960660934
100,98,0.0754999965429306
1,99,0.18799999356269836
2,99,0.13199999928474426
3,99,0.13300000131130219
4,99,0.1979999989271164
5,99,0.19169999659061432
6,99,0.26899999380111694
7,99,0.13019999861717224
8,99,0.18299999833106995
9,99,0.0812000036239624
10,99,0.08889999985694885
11,99,0.1606999933719635
12,99,0.10980000346899033
13,99,0.05779999867081642
14,99,0.05209999904036522
15,99,0.04129999876022339
16,99,0.038600001484155655
17,99,0.05480000004172325
18,99,0.050999999046325684
19,99,0.08150000125169754
20,99,0.0860000029206276
21,99,0.09030000120401382
22,99,0.11299999803304672
23,99,0.07620000094175339
24,99,0.07729999721050262
25,99,0.06780000030994415
26,99,0.06360000371932983
27,99,0.08030000329017639
28,99,0.09600000083446503
29,99,0.13040000200271606
30,99,0.08919999748468399
31,99,0.08049999922513962
32,99,0.04910000041127205
33,99,0.0966000035405159
34,99,0.12309999763965607
35,99,0.10970000177621841
36,99,0.1582999974489212
37,99,0.05389999970793724
38,99,0.05119999870657921
39,99,0.07000000029802322
40,99,0.07000000029802322
41,99,0.09480000287294388
42,99,0.0794999971985817
43,99,0.09749999642372131
44,99,0.1160999983549118
45,99,0.07329999655485153
46,99,0.0632999986410141
47,99,0.07810000330209732
48,99,0.06939999759197235
49,99,0.05939999967813492
50,99,0.08730000257492065
51,99,0.27799999713897705
52,99,0.2879999876022339
53,99,0.27799999713897705
54,99,0.2849999964237213
55,99,0.2809999883174896
56,99,0.27799999713897705
57,99,0.2619999945163727
58,99,0.24699999392032623
59,99,0.27300000190734863
60,99,0.27900001406669617
61,99,0.2840000092983246
62,99,0.2809999883174896
63,99,0.2800000011920929
64,99,0.13860000669956207
65,99,0.08630000054836273
66,99,0.058400001376867294
67,99,0.29899999499320984
68,99,0.3059999942779541
69,99,0.3089999854564667
70,99,0.30300000309944153
71,99,0.30399999022483826
72,99,0.2939999997615814
73,99,0.2750000059604645
74,99,0.289000004529953
75,99,0.2980000078678131
76,99,0.07900000363588333
77,99,0.09019999951124191
78,99,0.06610000133514404
79,99,0.028599999845027924
80,99,0.03620000183582306
81,99,0.2919999957084656
82,99,0.27900001406669617
83,99,0.2709999978542328
84,99,0.08340000361204147
85,99,0.05889999866485596
86,99,0.06859999895095825
87,99,0.05270000174641609
88,99,0.07900000363588333
89,99,0.08980000019073486
90,99,0.05730000138282776
91,99,0.05000000074505806
92,99,0.057999998331069946
93,99,0.08839999884366989
94,99,0.053300000727176666
95,99,0.05299999937415123
96,99,0.04729999974370003
97,99,0.06129999831318855
98,99,0.03539999946951866
99,99,0.06260000169277191
100,99,0.06239999830722809
1,100,0.1420000046491623
2,100,0.13199999928474426
3,100,0.15690000355243683
4,100,0.2029999941587448
5,100,0.18799999356269836
6,100,0.26600000262260437
7,100,0.10930000245571136
8,100,0.11169999837875366
9,100,0.10130000114440918
10,100,0.09000000357627869
11,100,0.10000000149011612
12,100,0.05730000138282776
13,100,0.06719999760389328
14,100,0.055799998342990875
15,100,0.04659999907016754
16,100,0.04500000178813934
17,100,0.07240000367164612
18,100,0.04560000076889992
19,100,0.0689999982714653
20,100,0.06610000133514404
21,100,0.061799999326467514
22,100,0.08669999986886978
23,100,0.07699999958276749
24,100,0.12200000137090683
25,100,0.0885000005364418
26,100,0.08579999953508377
27,100,0.07460000365972519
28,100,0.0957999974489212
29,100,0.08540000021457672
30,100,0.0778999999165535
31,100,0.07100000232458115
32,100,0.06019999831914902
33,100,0.08860000222921371
34,100,0.08609999716281891
35,100,0.09610000252723694
36,100,0.14380000531673431
37,100,0.0697999969124794
38,100,0.07919999957084656
39,100,0.08349999785423279
40,100,0.05590000003576279
41,100,0.07959999889135361
42,100,0.08799999952316284
43,100,0.06469999998807907
44,100,0.07460000365972519
45,100,0.06549999862909317
46,100,0.08070000261068344
47,100,0.0560000017285347
48,100,0.0632999986410141
49,100,0.07729999721050262
50,100,0.09359999746084213
51,100,0.14579999446868896
52,100,0.14399999380111694
53,100,0.2750000059604645
54,100,0.26600000262260437
55,100,0.27000001072883606
56,100,0.2709999978542328
57,100,0.27300000190734863
58,100,0.23569999635219574
59,100,0.2800000011920929
60,100,0.2800000011920929
61,100,0.28600001335144043
62,100,0.28600001335144043
63,100,0.29899999499320984
64,100,0.28999999165534973
65,100,0.2849999964237213
66,100,0.28999999165534973
67,100,0.11249999701976776
68,100,0.30300000309944153
69,100,0.31299999356269836
70,100,0.30300000309944153
71,100,0.3089999854564667
72,100,0.2919999957084656
73,100,0.28999999165534973
74,100,0.28700000047683716
75,100,0.04320000112056732
76,100,0.050700001418590546
77,100,0.05779999867081642
78,100,0.029200000688433647
79,100,0.038100000470876694
80,100,0.05180000141263008
81,100,0.037300001829862595
82,100,0.27900001406669617
83,100,0.28299999237060547
84,100,0.2770000100135803
85,100,0.05590000003576279
86,100,0.039500001817941666
87,100,0.03420000150799751
88,100,0.05389999970793724
89,100,0.07509999722242355
90,100,0.05609999969601631
91,100,0.045899998396635056
92,100,0.08179999887943268
93,100,0.12250000238418579
94,100,0.061900001019239426
95,100,0.05389999970793724
96,100,0.06840000301599503
97,100,0.05460000038146973
98,100,0.04639999940991402
99,100,0.06199999898672104
100,100,0.10939999669790268
1,101,0.13699999451637268
2,101,0.13699999451637268
3,101,0.13510000705718994
4,101,0.18970000743865967
5,101,0.15700000524520874
6,101,0.27300000190734863
7,101,0.09030000120401382
8,101,0.050700001418590546
9,101,0.0575999990105629
10,101,0.06610000133514404
11,101,0.0560000017285347
12,101,0.04960000142455101
13,101,0.05510000139474869
14,101,0.07530000060796738
15,101,0.04479999840259552
16,101,0.03999999910593033
17,101,0.05810000002384186
18,101,0.0478999987244606
19,101,0.041099999099969864
20,101,0.06499999761581421
21,101,0.07249999791383743
22,101,0.08169999718666077
23,101,0.07400000095367432
24,101,0.06689999997615814
25,101,0.05389999970793724
26,101,0.04780000075697899
27,101,0.07569999992847443
28,101,0.09679999947547913
29,101,0.06199999898672104
30,101,0.06239999830722809
31,101,0.06270000338554382
32,101,0.06939999759197235
33,101,0.07590000331401825
34,101,0.05649999901652336
35,101,0.08669999986886978
36,101,0.08720000088214874
37,101,0.09040000289678574
38,101,0.11580000072717667
39,101,0.12849999964237213
40,101,0.06880000233650208
41,101,0.1128000020980835
42,101,0.09210000187158585
43,101,0.08540000021457672
44,101,0.09049999713897705
45,101,0.05909999832510948
46,101,0.04899999871850014
47,101,0.04659999907016754
48,101,0.042100001126527786
49,101,0.06710000336170197
50,101,0.08980000019073486
51,101,0.0851999968290329
52,101,0.06599999964237213
53,101,0.15389999747276306
54,101,0.26499998569488525
55,101,0.26600000262260437
56,101,0.27300000190734863
57,101,0.26100000739097595
58,101,0.25099998712539673
59,101,0.2669999897480011
60,101,0.2809999883174896
61,101,0.2669999897480011
62,101,0.27399998903274536
63,101,0.28600001335144043
64,101,0.28299999237060547
65,101,0.29899999499320984
66,101,0.2879999876022339
67,101,0.296999990940094
68,101,0.30399999022483826
69,101,0.29600000381469727
70,101,0.035999998450279236
71,101,0.3149999976158142
72,101,0.055799998342990875
73,101,0.28999999165534973
74,101,0.28999999165534973
75,101,0.06120000034570694
76,101,0.07800000160932541
77,101,0.039400000125169754
78,101,0.03929999843239784
79,101,0.029999999329447746
80,101,0.04879999905824661
81,101,0.061400000005960464
82,101,0.2919999957084656
83,101,0.28200000524520874
84,101,0.2849999964237213
85,101,0.28600001335144043
86,101,0.042899999767541885
87,101,0.05169999971985817
88,101,0.03909999877214432
89,101,0.0544000007212162
90,101,0.03709999844431877
91,101,0.045899998396635056
92,101,0.04129999876022339
93,101,0.06870000064373016
94,101,0.08919999748468399
95,101,0.06710000336170197
96,101,0.0674000009894371
97,101,0.08839999884366989
98,101,0.044599998742341995
99,101,0.058800000697374344
100,101,0.09600000083446503
1,102,0.1551000028848648
2,102,0.12999999523162842
3,102,0.14429999887943268
4,102,0.25699999928474426
5,102,0.22100000083446503
6,102,0.2590000033378601
7,102,0.2540999948978424
8,102,0.0494999997317791
9,102,0.03920000046491623
10,102,0.05040000006556511
11,102,0.06129999831318855
12,102,0.06279999762773514
13,102,0.05719999969005585
14,102,0.040800001472234726
15,102,0.027799999341368675
16,102,0.03929999843239784
17,102,0.05249999836087227
18,102,0.03779999911785126
19,102,0.041600000113248825
20,102,0.04809999838471413
21,102,0.07050000131130219
22,102,0.06549999862909317
23,102,0.15620000660419464
24,102,0.06870000064373016
25,102,0.0714000016450882
26,102,0.05649999901652336
27,102,0.09319999814033508
28,102,0.052400000393390656
29,102,0.057999998331069946
30,102,0.043800000101327896
31,102,0.04450000077486038
32,102,0.06210000067949295
33,102,0.06549999862909317
34,102,0.09019999951124191
35,102,0.06960000097751617
36,102,0.0885000005364418
37,102,0.12849999964237213
38,102,0.0786999985575676
39,102,0.08799999952316284
40,102,0.1446000039577484
41,102,0.11389999836683273
42,102,0.08829999715089798
43,102,0.06520000100135803
44,102,0.08299999684095383
45,102,0.07760000228881836
46,102,0.052299998700618744
47,102,0.052000001072883606
48,102,0.04859999939799309
49,102,0.03959999978542328
50,102,0.05119999870657921
51,102,0.06289999932050705
52,102,0.052000001072883606
53,102,0.04879999905824661
54,102,0.0731000006198883
55,102,0.2680000066757202
56,102,0.27300000190734863
57,102,0.2639999985694885
58,102,0.26600000262260437
59,102,0.2720000147819519
60,102,0.26600000262260437
61,102,0.2669999897480011
62,102,0.27799999713897705
63,102,0.29100000858306885
64,102,0.2849999964237213
65,102,0.29600000381469727
66,102,0.29499998688697815
67,102,0.3050000071525574
68,102,0.2879999876022339
69,102,0.28700000047683716
70,102,0.30799999833106995
71,102,0.31299999356269836
72,102,0.3230000138282776
73,102,0.30799999833106995
74,102,0.03869999945163727
75,102,0.28999999165534973
76,102,0.08190000057220459
77,102,0.06930000334978104
78,102,0.053599998354911804
79,102,0.031099999323487282
80,102,0.03269999846816063
81,102,0.04610000178217888
82,102,0.06560000032186508
83,102,0.3059999942779541
84,102,0.27799999713897705
85,102,0.2849999964237213
86,102,0.27799999713897705
87,102,0.0551999993622303
88,102,0.04320000112056732
89,102,0.029500000178813934
90,102,0.02969999983906746
91,102,0.03440000116825104
92,102,0.03799999877810478
93,102,0.06469999998807907
94,102,0.052400000393390656
95,102,0.08699999749660492
96,102,0.060499999672174454
97,102,0.05480000004172325
98,102,0.06560000032186508
99,102,0.08160000294446945
100,102,0.07670000195503235
1,103,0.16300000250339508
2,103,0.13500000536441803
3,103,0.13189999759197235
4,103,0.2290000021457672
5,103,0.2619999945163727
6,103,0.2720000147819519
7,103,0.25699999928474426
8,103,0.06440000236034393
9,103,0.03660000115633011
10,103,0.04540000110864639
11,103,0.04800000041723251
12,103,0.05040000006556511
13,103,0.07400000095367432
14,103,0.025100000202655792
15,103,0.024399999529123306
16,103,0.026499999687075615
17,103,0.030500000342726707
18,103,0.03359999880194664
19,103,0.03539999946951866
20,103,0.03220000118017197
21,103,0.029500000178813934
22,103,0.04089999943971634
23,103,0.08129999786615372
24,103,0.07329999655485153
25,103,0.09589999914169312
26,103,0.09300000220537186
27,103,0.0949999988079071
28,103,0.047200001776218414
29,103,0.0333000011742115
30,103,0.028300000354647636
31,103,0.04690000042319298
32,103,0.051600001752376556
33,103,0.07249999791383743
34,103,0.08799999952316284
35,103,0.07689999788999557
36,103,0.11800000071525574
37,103,0.11540000140666962
38,103,0.06780000030994415
39,103,0.12309999763965607
40,103,0.06629999727010727
41,103,0.03840000182390213
42,103,0.06340000033378601
43,103,0.03779999911785126
44,103,0.050599999725818634
45,103,0.045899998396635056
46,103,0.031099999323487282
47,103,0.03680000081658363
48,103,0.03739999979734421
49,103,0.03889999911189079
50,103,0.07209999859333038
51,103,0.06700000166893005
52,103,0.03359999880194664
53,103,0.06870000064373016
54,103,0.07810000330209732
55,103,0.17139999568462372
56,103,0.18299999833106995
57,103,0.14669999480247498
58,103,0.2529999911785126
59,103,0.2630000114440918
60,103,0.25600001215934753
61,103,0.2709999978542328
62,103,0.27309998869895935
63,103,0.289000004529953
64,103,0.28600001335144043
65,103,0.2939999997615814
66,103,0.2919999957084656
67,103,0.2800000011920929
68,103,0.28200000524520874
69,103,0.28200000524520874
70,103,0.3059999942779541
71,103,0.3050000071525574
72,103,0.3093000054359436
73,103,0.3109999895095825
74,103,0.3070000112056732
75,103,0.06120000034570694
76,103,0.3070000112056732
77,103,0.10620000213384628
78,103,0.0674000009894371
79,103,0.05510000139474869
80,103,0.05660000070929527
81,103,0.05620000138878822
82,103,0.07249999791383743
83,103,0.049400001764297485
84,103,0.27900001406669617
85,103,0.28299999237060547
86,103,0.27900001406669617
87,103,0.27300000190734863
88,103,0.04280000180006027
89,103,0.053300000727176666
90,103,0.033900000154972076
91,103,0.048500001430511475
92,103,0.06289999932050705
93,103,0.058800000697374344
94,103,0.10429999977350235
95,103,0.12139999866485596
96,103,0.09799999743700027
97,103,0.06669999659061432
98,103,0.09709999710321426
99,103,0.05220000073313713
100,103,0.06939999759197235
1,104,0.24199999868869781
2,104,0.13199999928474426
3,104,0.12999999523162842
4,104,0.23999999463558197
5,104,0.27300000190734863
6,104,0.2838999927043915
7,104,0.2879999876022339
8,104,0.11890000104904175
9,104,0.050599999725818634
10,104,0.03590000048279762
11,104,0.0632999986410141
12,104,0.043299999088048935
13,104,0.044599998742341995
14,104,0.02500000037252903
15,104,0.02019999921321869
16,104,0.028200000524520874
17,104,0.03060000017285347
18,104,0.029500000178813934
19,104,0.02370000071823597
20,104,0.025100000202655792
21,104,0.050200000405311584
22,104,0.05420000106096268
23,104,0.041999999433755875
24,104,0.06970000267028809
25,104,0.09939999878406525
26,104,0.13930000364780426
27,104,0.09749999642372131
28,104,0.0674000009894371
29,104,0.047600001096725464
30,104,0.06859999895095825
31,104,0.05209999904036522
32,104,0.07649999856948853
33,104,0.10010000318288803
34,104,0.09309999644756317
35,104,0.09969999641180038
36,104,0.0892999991774559
37,104,0.10220000147819519
38,104,0.08669999986886978
39,104,0.1031000018119812
40,104,0.066600002348423
41,104,0.0737999975681305
42,104,0.04439999908208847
43,104,0.03579999879002571
44,104,0.046799998730421066
45,104,0.03759999945759773
46,104,0.03669999912381172
47,104,0.0471000000834465
48,104,0.021700000390410423
49,104,0.054999999701976776
50,104,0.0617000013589859
51,104,0.061000000685453415
52,104,0.07919999957084656
53,104,0.0771000012755394
54,104,0.08349999785423279
55,104,0.12309999763965607
56,104,0.21690000593662262
57,104,0.24879999458789825
58,104,0.2062000036239624
59,104,0.19169999659061432
60,104,0.19979999959468842
61,104,0.2800000011920929
62,104,0.2770000100135803
63,104,0.2849999964237213
64,104,0.296999990940094
65,104,0.28299999237060547
66,104,0.2919999957084656
67,104,0.28600001335144043
68,104,0.28999999165534973
69,104,0.2939999997615814
70,104,0.29600000381469727
71,104,0.3059999942779541
72,104,0.2939999997615814
73,104,0.3109999895095825
74,104,0.3149999976158142
75,104,0.3230000138282776
76,104,0.1565999984741211
77,104,0.30799999833106995
78,104,0.11339999735355377
79,104,0.0722000002861023
80,104,0.06840000301599503
81,104,0.07000000029802322
82,104,0.06889999657869339
83,104,0.06459999829530716
84,104,0.029200000688433647
85,104,0.027899999171495438
86,104,0.27799999713897705
87,104,0.2630000114440918
88,104,0.2329999953508377
89,104,0.06419999897480011
90,104,0.07209999859333038
91,104,0.10010000318288803
92,104,0.06909999996423721
93,104,0.07069999724626541
94,104,0.133200004696846
95,104,0.12080000340938568
96,104,0.10589999705553055
97,104,0.06480000168085098
98,104,0.1664000004529953
99,104,0.07760000228881836
100,104,0.06289999932050705
1,105,0.2669999897480011
2,105,0.25200000405311584
3,105,0.17059999704360962
4,105,0.23899999260902405
5,105,0.2630000114440918
6,105,0.28999999165534973
7,105,0.2750000059604645
8,105,0.17910000681877136
9,105,0.07249999791383743
10,105,0.10409999638795853
11,105,0.05660000070929527
12,105,0.0364999994635582
13,105,0.042500000447034836
14,105,0.025699999183416367
15,105,0.021199999377131462
16,105,0.02889999933540821
17,105,0.02800000086426735
18,105,0.02419999986886978
19,105,0.023800000548362732
20,105,0.03269999846816063
21,105,0.05609999969601631
22,105,0.0625
23,105,0.08179999887943268
24,105,0.09070000052452087
25,105,0.09520000219345093
26,105,0.07970000058412552
27,105,0.10080000013113022
28,105,0.0640999972820282
29,105,0.06610000133514404
30,105,0.0430000014603138
31,105,0.04010000079870224
32,105,0.07100000232458115
33,105,0.07460000365972519
34,105,0.1468999981880188
35,105,0.0868000015616417
36,105,0.07559999823570251
37,105,0.06310000270605087
38,105,0.125
39,105,0.08529999852180481
40,105,0.04639999940991402
41,105,0.03460000082850456
42,105,0.023499999195337296
43,105,0.01940000057220459
44,105,0.026499999687075615
45,105,0.026000000536441803
46,105,0.04179999977350235
47,105,0.04919999837875366
48,105,0.04520000144839287
49,105,0.051100000739097595
50,105,0.07129999995231628
51,105,0.09529999643564224
52,105,0.06629999727010727
53,105,0.07410000264644623
54,105,0.07729999721050262
55,105,0.12970000505447388
56,105,0.20200000703334808
57,105,0.1931000053882599
58,105,0.22380000352859497
59,105,0.2222999930381775
60,105,0.16339999437332153
61,105,0.07829999923706055
62,105,0.06689999997615814
63,105,0.06970000267028809
64,105,0.061799999326467514
65,105,0.1808999925851822
66,105,0.28999999165534973
67,105,0.29600000381469727
68,105,0.28999999165534973
69,105,0.29100000858306885
70,105,0.3089999854564667
71,105,0.3100000023841858
72,105,0.3089999854564667
73,105,0.3240000009536743
74,105,0.3230000138282776
75,105,0.31200000643730164
76,105,0.15029999613761902
77,105,0.30799999833106995
78,105,0.30799999833106995
79,105,0.12690000236034393
80,105,0.08290000259876251
81,105,0.08739999681711197
82,105,0.049800001084804535
83,105,0.07079999893903732
84,105,0.03920000046491623
85,105,0.048500001430511475
86,105,0.042899999767541885
87,105,0.2630000114440918
88,105,0.1889999955892563
89,105,0.27300000190734863
90,105,0.27000001072883606
91,105,0.11810000240802765
92,105,0.09229999780654907
93,105,0.11739999800920486
94,105,0.09009999781847
95,105,0.07190000265836716
96,105,0.08349999785423279
97,105,0.07479999959468842
98,105,0.12210000306367874
99,105,0.06270000338554382
100,105,0.03180000185966492
1,106,0.25290000438690186
2,106,0.2329999953508377
3,106,0.2290000021457672
4,106,0.25699999928474426
5,106,0.2630000114440918
6,106,0.2809999883174896
7,106,0.29899999499320984
8,106,0.17910000681877136
9,106,0.12280000001192093
10,106,0.1128000020980835
11,106,0.06830000132322311
12,106,0.04879999905824661
13,106,0.04600000008940697
14,106,0.032099999487400055
15,106,0.02979999966919422
16,106,0.024900000542402267
17,106,0.024700000882148743
18,106,0.02850000001490116
19,106,0.01549999974668026
20,106,0.015300000086426735
21,106,0.025800000876188278
22,106,0.029500000178813934
23,106,0.05730000138282776
24,106,0.09759999811649323
25,106,0.06589999794960022
26,106,0.07530000060796738
27,106,0.0892999991774559
28,106,0.06340000033378601
29,106,0.08060000091791153
30,106,0.05270000174641609
31,106,0.049800001084804535
32,106,0.11840000003576279
33,106,0.08460000157356262
34,106,0.05079999938607216
35,106,0.05209999904036522
36,106,0.0568000003695488
37,106,0.04690000042319298
38,106,0.09700000286102295
39,106,0.040699999779462814
40,106,0.03610000014305115
41,106,0.02239999920129776
42,106,0.0142000000923872
43,106,0.008200000040233135
44,106,0.03359999880194664
45,106,0.04560000076889992
46,106,0.031599998474121094
47,106,0.041200000792741776
48,106,0.030799999833106995
49,106,0.062300000339746475
50,106,0.0778999999165535
51,106,0.08089999854564667
52,106,0.08699999749660492
53,106,0.0885000005364418
54,106,0.07599999755620956
55,106,0.1597999930381775
56,106,0.23669999837875366
57,106,0.2062000036239624
58,106,0.20659999549388885
59,106,0.21240000426769257
60,106,0.1096000000834465
61,106,0.06459999829530716
62,106,0.03959999978542328
63,106,0.03720000013709068
64,106,0.035100001841783524
65,106,0.05119999870657921
66,106,0.05860000103712082
67,106,0.04019999876618385
68,106,0.15029999613761902
69,106,0.29899999499320984
70,106,0.3070000112056732
71,106,0.3240000009536743
72,106,0.3179999887943268
73,106,0.3269999921321869
74,106,0.3190000057220459
75,106,0.3160000145435333
76,106,0.11969999969005585
77,106,0.3230000138282776
78,106,0.3190000057220459
79,106,0.30000001192092896
80,106,0.08449999988079071
81,106,0.0689999982714653
82,106,0.04809999838471413
83,106,0.06129999831318855
84,106,0.0632999986410141
85,106,0.0632999986410141
86,106,0.07840000092983246
87,106,0.050999999046325684
88,106,0.24699999392032623
89,106,0.2770000100135803
90,106,0.25699999928474426
91,106,0.26100000739097595
92,106,0.08820000290870667
93,106,0.1257999986410141
94,106,0.14659999310970306
95,106,0.07460000365972519
96,106,0.09099999815225601
97,106,0.09279999881982803
98,106,0.08699999749660492
99,106,0.07280000299215317
100,106,0.0502999983727932
1,107,0.2529999911785126
2,107,0.1940000057220459
3,107,0.2476000040769577
4,107,0.2680000066757202
5,107,0.26499998569488525
6,107,0.2709999978542328
7,107,0.2919999957084656
8,107,0.15620000660419464
9,107,0.14640000462532043
10,107,0.09700000286102295
11,107,0.06560000032186508
12,107,0.028300000354647636
13,107,0.03959999978542328
14,107,0.03269999846816063
15,107,0.025800000876188278
16,107,0.024399999529123306
17,107,0.02250000089406967
18,107,0.02410000003874302
19,107,0.019099999219179153
20,107,0.01510000042617321
21,107,0.017100000753998756
22,107,0.02459999918937683
23,107,0.026900000870227814
24,107,0.0714000016450882
25,107,0.10220000147819519
26,107,0.11860000342130661
27,107,0.0617000013589859
28,107,0.059700001031160355
29,107,0.06970000267028809
30,107,0.062300000339746475
31,107,0.06120000034570694
32,107,0.031099999323487282
33,107,0.06260000169277191
34,107,0.058800000697374344
35,107,0.07769999653100967
36,107,0.051100000739097595
37,107,0.048500001430511475
38,107,0.06949999928474426
39,107,0.047600001096725464
40,107,0.04010000079870224
41,107,0.03370000049471855
42,107,0.029600000008940697
43,107,0.01730000041425228
44,107,0.014700000174343586
45,107,0.03460000082850456
46,107,0.03620000183582306
47,107,0.03449999913573265
48,107,0.020999999716877937
49,107,0.03959999978542328
50,107,0.07720000296831131
51,107,0.060499999672174454
52,107,0.05000000074505806
53,107,0.08219999819993973
54,107,0.06689999997615814
55,107,0.09989999979734421
56,107,0.15940000116825104
57,107,0.08560000360012054
58,107,0.18070000410079956
59,107,0.12290000170469284
60,107,0.08869999647140503
61,107,0.06790000200271606
62,107,0.031300000846385956
63,107,0.0348999984562397
64,107,0.03359999880194664
65,107,0.04529999941587448
66,107,0.041600000113248825
67,107,0.04740000143647194
68,107,0.05000000074505806
69,107,0.29600000381469727
70,107,0.31200000643730164
71,107,0.3149999976158142
72,107,0.322299987077713
73,107,0.32899999618530273
74,107,0.31700000166893005
75,107,0.32100000977516174
76,107,0.10620000213384628
77,107,0.3240000009536743
78,107,0.3199999928474426
79,107,0.30399999022483826
80,107,0.14329999685287476
81,107,0.10570000112056732
82,107,0.09449999779462814
83,107,0.07599999755620956
84,107,0.07119999825954437
85,107,0.07919999957084656
86,107,0.0828000009059906
87,107,0.09070000052452087
88,107,0.08910000324249268
89,107,0.25999999046325684
90,107,0.24400000274181366
91,107,0.25690001249313354
92,107,0.10369999706745148
93,107,0.1307000070810318
94,107,0.09239999949932098
95,107,0.06369999796152115
96,107,0.07050000131130219
97,107,0.0617000013589859
98,107,0.0957999974489212
99,107,0.06419999897480011
100,107,0.03180000185966492
1,108,0.2750000059604645
2,108,0.2669999897480011
3,108,0.24699999392032623
4,108,0.2720000147819519
5,108,0.26600000262260437
6,108,0.27399998903274536
7,108,0.18809999525547028
8,108,0.16259999573230743
9,108,0.11420000344514847
10,108,0.06800000369548798
11,108,0.049300000071525574
12,108,0.045899998396635056
13,108,0.03970000147819519
14,108,0.03920000046491623
15,108,0.03229999914765358
16,108,0.03709999844431877
17,108,0.02500000037252903
18,108,0.03449999913573265
19,108,0.026499999687075615
20,108,0.0357000008225441
21,108,0.0272000003606081
22,108,0.020600000396370888
23,108,0.02800000086426735
24,108,0.06989999860525131
25,108,0.06780000030994415
26,108,0.09669999778270721
27,108,0.062300000339746475
28,108,0.050999999046325684
29,108,0.0763000026345253
30,108,0.05400000140070915
31,108,0.07779999822378159
32,108,0.07209999859333038
33,108,0.06040000170469284
34,108,0.04430000111460686
35,108,0.06360000371932983
36,108,0.04839999973773956
37,108,0.0640999972820282
38,108,0.0714000016450882
39,108,0.05169999971985817
40,108,0.034699998795986176
41,108,0.05220000073313713
42,108,0.054099999368190765
43,108,0.04500000178813934
44,108,0.025299999862909317
45,108,0.04019999876618385
46,108,0.03880000114440918
47,108,0.028599999845027924
48,108,0.01979999989271164
49,108,0.038600001484155655
50,108,0.05660000070929527
51,108,0.050999999046325684
52,108,0.055399999022483826
53,108,0.054999999701976776
54,108,0.06279999762773514
55,108,0.10520000010728836
56,108,0.12489999830722809
57,108,0.09369999915361404
58,108,0.09470000118017197
59,108,0.08179999887943268
60,108,0.08540000021457672
61,108,0.04899999871850014
62,108,0.04270000010728836
63,108,0.027799999341368675
64,108,0.03449999913573265
65,108,0.031700000166893005
66,108,0.045499999076128006
67,108,0.04390000179409981
68,108,0.05730000138282776
69,108,0.15479999780654907
70,108,0.3089999854564667
71,108,0.3050000071525574
72,108,0.3100000023841858
73,108,0.33500000834465027
74,108,0.3240000009536743
75,108,0.3100000023841858
76,108,0.1404000073671341
77,108,0.3070000112056732
78,108,0.30000001192092896
79,108,0.28999999165534973
80,108,0.13050000369548798
81,108,0.07090000063180923
82,108,0.060499999672174454
83,108,0.0632999986410141
84,108,0.07689999788999557
85,108,0.06480000168085098
86,108,0.051899999380111694
87,108,0.0786999985575676
88,108,0.06629999727010727
89,108,0.06509999930858612
90,108,0.2272000014781952
91,108,0.24899999797344208
92,108,0.2680000066757202
93,108,0.13289999961853027
94,108,0.1054999977350235
95,108,0.08869999647140503
96,108,0.06129999831318855
97,108,0.08229999989271164
98,108,0.08389999717473984
99,108,0.05490000173449516
100,108,0.02449999935925007
1,109,0.2680000066757202
2,109,0.27799999713897705
3,109,0.26100000739097595
4,109,0.24799999594688416
5,109,0.2680000066757202
6,109,0.2630000114440918
7,109,0.16200000047683716
8,109,0.09960000216960907
9,109,0.10999999940395355
10,109,0.08349999785423279
11,109,0.05180000141263008
12,109,0.052000001072883606
13,109,0.04670000076293945
14,109,0.04149999842047691
15,109,0.051500000059604645
16,109,0.03519999980926514
17,109,0.02850000001490116
18,109,0.025599999353289604
19,109,0.037700001150369644
20,109,0.02889999933540821
21,109,0.03539999946951866
22,109,0.05169999971985817
23,109,0.020500000566244125
24,109,0.04430000111460686
25,109,0.05860000103712082
26,109,0.07590000331401825
27,109,0.05590000003576279
28,109,0.04659999907016754
29,109,0.07829999923706055
30,109,0.04859999939799309
31,109,0.04960000142455101
32,109,0.07249999791383743
33,109,0.0722000002861023
34,109,0.08049999922513962
35,109,0.055799998342990875
36,109,0.05420000106096268
37,109,0.06909999996423721
38,109,0.1006999984383583
39,109,0.07410000264644623
40,109,0.062300000339746475
41,109,0.0731000006198883
42,109,0.061000000685453415
43,109,0.06629999727010727
44,109,0.0430000014603138
45,109,0.043800000101327896
46,109,0.04439999908208847
47,109,0.0406000018119812
48,109,0.02410000003874302
49,109,0.03269999846816063
50,109,0.030500000342726707
51,109,0.02319999970495701
52,109,0.05040000006556511
53,109,0.05920000001788139
54,109,0.07440000027418137
55,109,0.11010000109672546
56,109,0.06849999725818634
57,109,0.09179999679327011
58,109,0.08910000324249268
59,109,0.05719999969005585
60,109,0.04259999841451645
61,109,0.038600001484155655
62,109,0.043299999088048935
63,109,0.035999998450279236
64,109,0.032099999487400055
65,109,0.027699999511241913
66,109,0.038600001484155655
67,109,0.04039999842643738
68,109,0.059300001710653305
69,109,0.15839999914169312
70,109,0.31700000166893005
71,109,0.3109999895095825
72,109,0.3089999854564667
73,109,0.3230000138282776
74,109,0.3190000057220459
75,109,0.3190000057220459
76,109,0.3059999942779541
77,109,0.3009999990463257
78,109,0.32100000977516174
79,109,0.27799999713897705
80,109,0.28700000047683716
81,109,0.14579999446868896
82,109,0.07370000332593918
83,109,0.06849999725818634
84,109,0.07850000262260437
85,109,0.05480000004172325
86,109,0.05429999902844429
87,109,0.054499998688697815
88,109,0.0617000013589859
89,109,0.04749999940395355
90,109,0.2669999897480011
91,109,0.23999999463558197
92,109,0.26499998569488525
93,109,0.1136000007390976
94,109,0.10980000346899033
95,109,0.08980000019073486
96,109,0.08160000294446945
97,109,0.0640999972820282
98,109,0.09740000218153
99,109,0.05640000104904175
100,109,0.06679999828338623
1,110,0.2549999952316284
2,110,0.23000000417232513
3,110,0.2549999952316284
4,110,0.2800000011920929
5,110,0.2800000011920929
6,110,0.28299999237060547
7,110,0.1565999984741211
8,110,0.15080000460147858
9,110,0.10689999908208847
10,110,0.11940000206232071
11,110,0.10440000146627426
12,110,0.0940999984741211
13,110,0.11240000277757645
14,110,0.07370000332593918
15,110,0.04619999974966049
16,110,0.0414000004529953
17,110,0.035999998450279236
18,110,0.020600000396370888
19,110,0.03350000083446503
20,110,0.03849999979138374
21,110,0.040699999779462814
22,110,0.03849999979138374
23,110,0.05009999871253967
24,110,0.03449999913573265
25,110,0.05169999971985817
26,110,0.04670000076293945
27,110,0.043299999088048935
28,110,0.04670000076293945
29,110,0.052000001072883606
30,110,0.04500000178813934
31,110,0.06840000301599503
32,110,0.07900000363588333
33,110,0.06769999861717224
34,110,0.05389999970793724
35,110,0.09000000357627869
36,110,0.09790000319480896
37,110,0.08330000191926956
38,110,0.08399999886751175
39,110,0.07620000094175339
40,110,0.0885000005364418
41,110,0.07559999823570251
42,110,0.07079999893903732
43,110,0.07569999992847443
44,110,0.04129999876022339
45,110,0.06199999898672104
46,110,0.045099999755620956
47,110,0.04830000177025795
48,110,0.037300001829862595
49,110,0.05620000138878822
50,110,0.05209999904036522
51,110,0.035599999129772186
52,110,0.041999999433755875
53,110,0.028599999845027924
54,110,0.057100001722574234
55,110,0.07769999653100967
56,110,0.08569999784231186
57,110,0.07349999994039536
58,110,0.05530000105500221
59,110,0.04569999873638153
60,110,0.03929999843239784
61,110,0.029500000178813934
62,110,0.03359999880194664
63,110,0.019500000402331352
64,110,0.027300000190734863
65,110,0.03269999846816063
66,110,0.0364999994635582
67,110,0.061400000005960464
68,110,0.04830000177025795
69,110,0.1656000018119812
70,110,0.3050000071525574
71,110,0.31200000643730164
72,110,0.3059999942779541
73,110,0.3269999921321869
74,110,0.32420000433921814
75,110,0.31200000643730164
76,110,0.33000001311302185
77,110,0.3190000057220459
78,110,0.31200000643730164
79,110,0.2840000092983246
80,110,0.28600001335144043
81,110,0.28200000524520874
82,110,0.27300000190734863
83,110,0.12870000302791595
84,110,0.06539999693632126
85,110,0.06360000371932983
86,110,0.04910000041127205
87,110,0.04659999907016754
88,110,0.05909999832510948
89,110,0.05050000175833702
90,110,0.07760000228881836
91,110,0.2720000147819519
92,110,0.26600000262260437
93,110,0.27399998903274536
94,110,0.0674000009894371
95,110,0.06520000100135803
96,110,0.08990000188350677
97,110,0.09600000083446503
98,110,0.08330000191926956
99,110,0.09470000118017197
100,110,0.07760000228881836
1,111,0.19130000472068787
2,111,0.2630000114440918
3,111,0.2709999978542328
4,111,0.2540000081062317
5,111,0.27300000190734863
6,111,0.2939999997615814
7,111,0.16290000081062317
8,111,0.19840000569820404
9,111,0.14149999618530273
10,111,0.10970000177621841
11,111,0.10840000212192535
12,111,0.10750000178813934
13,111,0.14110000431537628
14,111,0.17309999465942383
15,111,0.06710000336170197
16,111,0.041200000792741776
17,111,0.020999999716877937
18,111,0.024800000712275505
19,111,0.02889999933540821
20,111,0.041099999099969864
21,111,0.06109999865293503
22,111,0.08250000327825546
23,111,0.06129999831318855
24,111,0.05820000171661377
25,111,0.0502999983727932
26,111,0.08340000361204147
27,111,0.0471000000834465
28,111,0.049800001084804535
29,111,0.06390000134706497
30,111,0.054999999701976776
31,111,0.08839999884366989
32,111,0.13459999859333038
33,111,0.1168999969959259
34,111,0.09520000219345093
35,111,0.08309999853372574
36,111,0.13259999454021454
37,111,0.1120000034570694
38,111,0.13760000467300415
39,111,0.1273999959230423
40,111,0.11490000039339066
41,111,0.10300000011920929
42,111,0.1071000024676323
43,111,0.09189999848604202
44,111,0.07540000230073929
45,111,0.05590000003576279
46,111,0.07670000195503235
47,111,0.08060000091791153
48,111,0.06809999793767929
49,111,0.05909999832510948
50,111,0.0771000012755394
51,111,0.04740000143647194
52,111,0.05249999836087227
53,111,0.02800000086426735
54,111,0.052799999713897705
55,111,0.03790000081062317
56,111,0.05849999934434891
57,111,0.08150000125169754
58,111,0.058800000697374344
59,111,0.030899999663233757
60,111,0.041600000113248825
61,111,0.051500000059604645
62,111,0.039000000804662704
63,111,0.019700000062584877
64,111,0.030799999833106995
65,111,0.04699999839067459
66,111,0.08489999920129776
67,111,0.051899999380111694
68,111,0.05400000140070915
69,111,0.13950000703334808
70,111,0.3100000023841858
71,111,0.3089999854564667
72,111,0.3140000104904175
73,111,0.3269999921321869
74,111,0.328000009059906
75,111,0.3361000120639801
76,111,0.34700000286102295
77,111,0.07649999856948853
78,111,0.3240000009536743
79,111,0.3050000071525574
80,111,0.2800000011920929
81,111,0.27900001406669617
82,111,0.28600001335144043
83,111,0.26600000262260437
84,111,0.2669999897480011
85,111,0.09989999979734421
86,111,0.09769999980926514
87,111,0.12839999794960022
88,111,0.05310000106692314
89,111,0.06560000032186508
90,111,0.08500000089406967
91,111,0.2849999964237213
92,111,0.27799999713897705
93,111,0.2879999876022339
94,111,0.28299999237060547
95,111,0.09369999915361404
96,111,0.11900000274181366
97,111,0.07500000298023224
98,111,0.060600001364946365
99,111,0.08129999786615372
100,111,0.07639999687671661
1,112,0.20260000228881836
2,112,0.2709999978542328
3,112,0.2919999957084656
4,112,0.2849999964237213
5,112,0.27799999713897705
6,112,0.20069999992847443
7,112,0.1842000037431717
8,112,0.1891999989748001
9,112,0.15790000557899475
10,112,0.12610000371932983
11,112,0.12800000607967377
12,112,0.1160999983549118
13,112,0.09679999947547913
14,112,0.1745000034570694
15,112,0.10989999771118164
16,112,0.054999999701976776
17,112,0.031199999153614044
18,112,0.031199999153614044
19,112,0.05860000103712082
20,112,0.054999999701976776
21,112,0.0674000009894371
22,112,0.0723000019788742
23,112,0.0763000026345253
24,112,0.10320000350475311
25,112,0.08669999986886978
26,112,0.05460000038146973
27,112,0.061900001019239426
28,112,0.09570000320672989
29,112,0.11219999939203262
30,112,0.10920000076293945
31,112,0.1071000024676323
32,112,0.05640000104904175
33,112,0.06560000032186508
34,112,0.08540000021457672
35,112,0.09139999747276306
36,112,0.08259999752044678
37,112,0.07000000029802322
38,112,0.0835999995470047
39,112,0.18070000410079956
40,112,0.20000000298023224
41,112,0.12080000340938568
42,112,0.16840000450611115
43,112,0.11540000140666962
44,112,0.13189999759197235
45,112,0.11599999666213989
46,112,0.07590000331401825
47,112,0.164000004529953
48,112,0.11869999766349792
49,112,0.07880000025033951
50,112,0.08320000022649765
51,112,0.0851999968290329
52,112,0.07959999889135361
53,112,0.06279999762773514
54,112,0.03840000182390213
55,112,0.030899999663233757
56,112,0.07000000029802322
57,112,0.03999999910593033
58,112,0.07599999755620956
59,112,0.03370000049471855
60,112,0.031199999153614044
61,112,0.04899999871850014
62,112,0.054099999368190765
63,112,0.07259999960660934
64,112,0.039900001138448715
65,112,0.05950000137090683
66,112,0.08500000089406967
67,112,0.058400001376867294
68,112,0.052000001072883606
69,112,0.11069999635219574
70,112,0.30799999833106995
71,112,0.3140000104904175
72,112,0.31200000643730164
73,112,0.30799999833106995
74,112,0.31700000166893005
75,112,0.32899999618530273
76,112,0.33799999952316284
77,112,0.11060000211000443
78,112,0.0738999992609024
79,112,0.08370000123977661
80,112,0.2939999997615814
81,112,0.27799999713897705
82,112,0.28299999237060547
83,112,0.27300000190734863
84,112,0.2770000100135803
85,112,0.2680000066757202
86,112,0.262800008058548
87,112,0.26600000262260437
88,112,0.26499998569488525
89,112,0.2770000100135803
90,112,0.05260000005364418
91,112,0.0723000019788742
92,112,0.28600001335144043
93,112,0.28200000524520874
94,112,0.28999999165534973
95,112,0.1200999990105629
96,112,0.13539999723434448
97,112,0.07699999958276749
98,112,0.09489999711513519
99,112,0.07689999788999557
100,112,0.09200000017881393
1,113,0.25099998712539673
2,113,0.2619999945163727
3,113,0.26499998569488525
4,113,0.27900001406669617
5,113,0.27900001406669617
6,113,0.28700000047683716
7,113,0.17970000207424164
8,113,0.21220000088214874
9,113,0.21230000257492065
10,113,0.19689999520778656
11,113,0.12359999865293503
12,113,0.11720000207424164
13,113,0.1492999941110611
14,113,0.1762000024318695
15,113,0.17319999635219574
16,113,0.1136000007390976
17,113,0.05719999969005585
18,113,0.04129999876022339
19,113,0.06129999831318855
20,113,0.09610000252723694
21,113,0.07999999821186066
22,113,0.1014999970793724
23,113,0.1251000016927719
24,113,0.13079999387264252
25,113,0.09589999914169312
26,113,0.0714000016450882
27,113,0.08579999953508377
28,113,0.07760000228881836
29,113,0.0877000018954277
30,113,0.10170000046491623
31,113,0.08780000358819962
32,113,0.05649999901652336
33,113,0.07190000265836716
34,113,0.07559999823570251
35,113,0.13369999825954437
36,113,0.09210000187158585
37,113,0.07639999687671661
38,113,0.07460000365972519
39,113,0.09279999881982803
40,113,0.14390000700950623
41,113,0.1559000015258789
42,113,0.16670000553131104
43,113,0.18690000474452972
44,113,0.11909999698400497
45,113,0.15919999778270721
46,113,0.15790000557899475
47,113,0.1800999939441681
48,113,0.16599999368190765
49,113,0.1404000073671341
50,113,0.10840000212192535
51,113,0.08420000225305557
52,113,0.053700000047683716
53,113,0.043299999088048935
54,113,0.03920000046491623
55,113,0.049800001084804535
56,113,0.06469999998807907
57,113,0.051100000739097595
58,113,0.05079999938607216
59,113,0.04859999939799309
60,113,0.041999999433755875
61,113,0.07129999995231628
62,113,0.07370000332593918
63,113,0.05620000138878822
64,113,0.09749999642372131
65,113,0.06419999897480011
66,113,0.08330000191926956
67,113,0.12559999525547028
68,113,0.065700002014637
69,113,0.10000000149011612
70,113,0.09719999879598618
71,113,0.3140000104904175
72,113,0.31200000643730164
73,113,0.3050000071525574
74,113,0.3019999861717224
75,113,0.3149999976158142
76,113,0.06120000034570694
77,113,0.12409999966621399
78,113,0.09769999980926514
79,113,0.066600002348423
80,113,0.03620000183582306
81,113,0.05640000104904175
82,113,0.08940000087022781
83,113,0.11479999870061874
84,113,0.2750000059604645
85,113,0.26600000262260437
86,113,0.27900001406669617
87,113,0.27000001072883606
88,113,0.2696000039577484
89,113,0.28999999165534973
90,113,0.28600001335144043
91,113,0.28999999165534973
92,113,0.27300000190734863
93,113,0.2849999964237213
94,113,0.2919999957084656
95,113,0.2680000066757202
96,113,0.14229999482631683
97,113,0.1265999972820282
98,113,0.08229999989271164
99,113,0.0658000037074089
100,113,0.05869999900460243
1,114,0.26499998569488525
2,114,0.27799999713897705
3,114,0.27900001406669617
4,114,0.2750000059604645
5,114,0.28299999237060547
6,114,0.29499998688697815
7,114,0.18440000712871552
8,114,0.1808999925851822
9,114,0.1972000002861023
10,114,0.19709999859333038
11,114,0.16329999268054962
12,114,0.13660000264644623
13,114,0.20499999821186066
14,114,0.14560000598430634
15,114,0.13359999656677246
16,114,0.13920000195503235
17,114,0.0746999979019165
18,114,0.054499998688697815
19,114,0.13109999895095825
20,114,0.09430000185966492
21,114,0.08009999990463257
22,114,0.093299999833107
23,114,0.11219999939203262
24,114,0.10890000313520432
25,114,0.12389999628067017
26,114,0.12380000203847885
27,114,0.11800000071525574
28,114,0.1023000031709671
29,114,0.10890000313520432
30,114,0.062300000339746475
31,114,0.05860000103712082
32,114,0.05420000106096268
33,114,0.05889999866485596
34,114,0.0851999968290329
35,114,0.05570000037550926
36,114,0.06960000097751617
37,114,0.1062999963760376
38,114,0.08420000225305557
39,114,0.15919999778270721
40,114,0.16179999709129333
41,114,0.18490000069141388
42,114,0.21660000085830688
43,114,0.181099995970726
44,114,0.1453000009059906
45,114,0.2062000036239624
46,114,0.19869999587535858
47,114,0.1762000024318695
48,114,0.09939999878406525
49,114,0.18000000715255737
50,114,0.11050000041723251
51,114,0.08889999985694885
52,114,0.07479999959468842
53,114,0.054099999368190765
54,114,0.03480000048875809
55,114,0.04960000142455101
56,114,0.04610000178217888
57,114,0.041999999433755875
58,114,0.03700000047683716
59,114,0.031199999153614044
60,114,0.02969999983906746
61,114,0.04839999973773956
62,114,0.048900000751018524
63,114,0.0771000012755394
64,114,0.09179999679327011
65,114,0.08739999681711197
66,114,0.05050000175833702
67,114,0.05490000173449516
68,114,0.05180000141263008
69,114,0.061900001019239426
70,114,0.3269999921321869
71,114,0.3199999928474426
72,114,0.3050000071525574
73,114,0.3100000023841858
74,114,0.30300000309944153
75,114,0.31299999356269836
76,114,0.04320000112056732
77,114,0.14149999618530273
78,114,0.11729999631643295
79,114,0.1005999967455864
80,114,0.049800001084804535
81,114,0.040800001472234726
82,114,0.10429999977350235
83,114,0.10540000349283218
84,114,0.07750000059604645
85,114,0.14669999480247498
86,114,0.26899999380111694
87,114,0.2709999978542328
88,114,0.28999999165534973
89,114,0.28299999237060547
90,114,0.26600000262260437
91,114,0.29899999499320984
92,114,0.29100000858306885
93,114,0.2849999964237213
94,114,0.28299999237060547
95,114,0.2720000147819519
96,114,0.035999998450279236
97,114,0.10980000346899033
98,114,0.07360000163316727
99,114,0.07970000058412552
100,114,0.07530000060796738
1,115,0.2669999897480011
2,115,0.2770000100135803
3,115,0.2809999883174896
4,115,0.27799999713897705
5,115,0.28299999237060547
6,115,0.27900001406669617
7,115,0.163100004196167
8,115,0.1324000060558319
9,115,0.14749999344348907
10,115,0.2176000028848648
11,115,0.1770000010728836
12,115,0.131400004029274
13,115,0.11670000106096268
14,115,0.10930000245571136
15,115,0.11580000072717667
16,115,0.12229999899864197
17,115,0.11969999969005585
18,115,0.060100000351667404
19,115,0.10400000214576721
20,115,0.07760000228881836
21,115,0.07450000196695328
22,115,0.08380000293254852
23,115,0.0868000015616417
24,115,0.08720000088214874
25,115,0.10649999976158142
26,115,0.155799999833107
27,115,0.14820000529289246
28,115,0.11869999766349792
29,115,0.09790000319480896
30,115,0.08160000294446945
31,115,0.07339999824762344
32,115,0.07039999961853027
33,115,0.0843999981880188
34,115,0.058800000697374344
35,115,0.05570000037550926
36,115,0.06270000338554382
37,115,0.08089999854564667
38,115,0.1412999927997589
39,115,0.12309999763965607
40,115,0.20640000700950623
41,115,0.15790000557899475
42,115,0.23160000145435333
43,115,0.23770000040531158
44,115,0.20749999582767487
45,115,0.20239999890327454
46,115,0.1941000074148178
47,115,0.20659999549388885
48,115,0.12880000472068787
49,115,0.14069999754428864
50,115,0.08560000360012054
51,115,0.06379999965429306
52,115,0.0658000037074089
53,115,0.0421999990940094
54,115,0.030799999833106995
55,115,0.051600001752376556
56,115,0.052400000393390656
57,115,0.04960000142455101
58,115,0.03840000182390213
59,115,0.04089999943971634
60,115,0.0333000011742115
61,115,0.03400000184774399
62,115,0.05299999937415123
63,115,0.05310000106692314
64,115,0.0502999983727932
65,115,0.06949999928474426
66,115,0.07919999957084656
67,115,0.05130000039935112
68,115,0.07180000096559525
69,115,0.05490000173449516
70,115,0.3149999976158142
71,115,0.3190000057220459
72,115,0.2919999957084656
73,115,0.30799999833106995
74,115,0.30000001192092896
75,115,0.07880000025033951
76,115,0.1468999981880188
77,115,0.13670000433921814
78,115,0.1517000049352646
79,115,0.18490000069141388
80,115,0.12330000102519989
81,115,0.04749999940395355
82,115,0.09059999883174896
83,115,0.10320000350475311
84,115,0.12120000272989273
85,115,0.09179999679327011
86,115,0.10119999945163727
87,115,0.13600000739097595
88,115,0.08370000123977661
89,115,0.28200000524520874
90,115,0.27799999713897705
91,115,0.28700000047683716
92,115,0.29100000858306885
93,115,0.29499998688697815
94,115,0.29100000858306885
95,115,0.27900001406669617
96,115,0.27399998903274536
97,115,0.29600000381469727
98,115,0.055799998342990875
99,115,0.08980000019073486
100,115,0.13429999351501465
1,116,0.2809999883174896
2,116,0.2800000011920929
3,116,0.2919999957084656
4,116,0.2750000059604645
5,116,0.27900001406669617
6,116,0.28299999237060547
7,116,0.18359999358654022
8,116,0.1606999933719635
9,116,0.11990000307559967
10,116,0.11909999698400497
11,116,0.13079999387264252
12,116,0.09070000052452087
13,116,0.1306000053882599
14,116,0.1080000028014183
15,116,0.09070000052452087
16,116,0.09059999883174896
17,116,0.07829999923706055
18,116,0.07259999960660934
19,116,0.07259999960660934
20,116,0.08420000225305557
21,116,0.1046999990940094
22,116,0.08799999952316284
23,116,0.08940000087022781
24,116,0.08269999921321869
25,116,0.08760000020265579
26,116,0.1054999977350235
27,116,0.09880000352859497
28,116,0.12080000340938568
29,116,0.12380000203847885
30,116,0.11969999969005585
31,116,0.12520000338554382
32,116,0.08889999985694885
33,116,0.07779999822378159
34,116,0.04569999873638153
35,116,0.04179999977350235
36,116,0.054099999368190765
37,116,0.059300001710653305
38,116,0.08619999885559082
39,116,0.11749999970197678
40,116,0.13079999387264252
41,116,0.17800000309944153
42,116,0.1972000002861023
43,116,0.2402999997138977
44,116,0.23589999973773956
45,116,0.2425999939441681
46,116,0.19130000472068787
47,116,0.1981000006198883
48,116,0.1509999930858612
49,116,0.14149999618530273
50,116,0.08980000019073486
51,116,0.08720000088214874
52,116,0.058800000697374344
53,116,0.039000000804662704
54,116,0.03060000017285347
55,116,0.026499999687075615
56,116,0.0478999987244606
57,116,0.054099999368190765
58,116,0.03460000082850456
59,116,0.026900000870227814
60,116,0.03319999948143959
61,116,0.023099999874830246
62,116,0.024800000712275505
63,116,0.03700000047683716
64,116,0.04470000043511391
65,116,0.06669999659061432
66,116,0.07940000295639038
67,116,0.05689999833703041
68,116,0.0697999969124794
69,116,0.15569999814033508
70,116,0.3269999921321869
71,116,0.3158000111579895
72,116,0.2980000078678131
73,116,0.30799999833106995
74,116,0.3100000023841858
75,116,0.22789999842643738
76,116,0.14800000190734863
77,116,0.10360000282526016
78,116,0.12690000236034393
79,116,0.1589999943971634
80,116,0.08229999989271164
81,116,0.06560000032186508
82,116,0.07259999960660934
83,116,0.13019999861717224
84,116,0.061900001019239426
85,116,0.09189999848604202
86,116,0.1062999963760376
87,116,0.164000004529953
88,116,0.20059999823570251
89,116,0.15839999914169312
90,116,0.29899999499320984
91,116,0.2809999883174896
92,116,0.2919999957084656
93,116,0.2980000078678131
94,116,0.30399999022483826
95,116,0.28700000047683716
96,116,0.29499998688697815
97,116,0.29499998688697815
98,116,0.2770000100135803
99,116,0.0908999964594841
100,116,0.0934000015258789
1,117,0.27399998903274536
2,117,0.2770000100135803
3,117,0.2919999957084656
4,117,0.27900001406669617
5,117,0.2750000059604645
6,117,0.2849999964237213
7,117,0.1907999962568283
8,117,0.14560000598430634
9,117,0.12800000607967377
10,117,0.10999999940395355
11,117,0.18709999322891235
12,117,0.16760000586509705
13,117,0.12120000272989273
14,117,0.08569999784231186
15,117,0.07829999923706055
16,117,0.12219999730587006
17,117,0.14669999480247498
18,117,0.08489999920129776
19,117,0.07329999655485153
20,117,0.06449999660253525
21,117,0.08009999990463257
22,117,0.13089999556541443
23,117,0.09510000050067902
24,117,0.07859999686479568
25,117,0.10329999774694443
26,117,0.08730000257492065
27,117,0.08139999955892563
28,117,0.11670000106096268
29,117,0.1370999962091446
30,117,0.14399999380111694
31,117,0.14650000631809235
32,117,0.16329999268054962
33,117,0.08470000326633453
34,117,0.049400001764297485
35,117,0.04749999940395355
36,117,0.08049999922513962
37,117,0.054499998688697815
38,117,0.0706000030040741
39,117,0.0771000012755394
40,117,0.13179999589920044
41,117,0.1356000006198883
42,117,0.1907999962568283
43,117,0.2282000035047531
44,117,0.2176000028848648
45,117,0.2151000052690506
46,117,0.21610000729560852
47,117,0.2418999969959259
48,117,0.19429999589920044
49,117,0.16590000689029694
50,117,0.14810000360012054
51,117,0.07450000196695328
52,117,0.07100000232458115
53,117,0.055399999022483826
54,117,0.054499998688697815
55,117,0.03350000083446503
56,117,0.03869999945163727
57,117,0.06199999898672104
58,117,0.032499998807907104
59,117,0.027899999171495438
60,117,0.032999999821186066
61,117,0.03590000048279762
62,117,0.02979999966919422
63,117,0.030700000002980232
64,117,0.04659999907016754
65,117,0.06790000200271606
66,117,0.057999998331069946
67,117,0.028699999675154686
68,117,0.029100000858306885
69,117,0.3050000071525574
70,117,0.3070000112056732
71,117,0.3050000071525574
72,117,0.30300000309944153
73,117,0.3089999854564667
74,117,0.1289999932050705
75,117,0.10899999737739563
76,117,0.1185000017285347
77,117,0.1062999963760376
78,117,0.08089999854564667
79,117,0.10679999738931656
80,117,0.10130000114440918
81,117,0.08829999715089798
82,117,0.0771000012755394
83,117,0.10869999974966049
84,117,0.09719999879598618
85,117,0.07850000262260437
86,117,0.15880000591278076
87,117,0.13850000500679016
88,117,0.1793999969959259
89,117,0.15139999985694885
90,117,0.11420000344514847
91,117,0.08370000123977661
92,117,0.30000001192092896
93,117,0.3009999990463257
94,117,0.2919999957084656
95,117,0.28700000047683716
96,117,0.30799999833106995
97,117,0.3070000112056732
98,117,0.28999999165534973
99,117,0.27300000190734863
100,117,0.27300000190734863
1,118,0.2669999897480011
2,118,0.27399998903274536
3,118,0.29100000858306885
4,118,0.2849999964237213
5,118,0.25699999928474426
6,118,0.2680000066757202
7,118,0.17640000581741333
8,118,0.08529999852180481
9,118,0.07129999995231628
10,118,0.11890000104904175
11,118,0.15870000422000885
12,118,0.11460000276565552
13,118,0.14880000054836273
14,118,0.10029999911785126
15,118,0.1080000028014183
16,118,0.11270000040531158
17,118,0.18649999797344208
18,118,0.10329999774694443
19,118,0.13590000569820404
20,118,0.08399999886751175
21,118,0.10459999740123749
22,118,0.14010000228881836
23,118,0.21649999916553497
24,118,0.10339999943971634
25,118,0.07829999923706055
26,118,0.09130000323057175
27,118,0.0723000019788742
28,118,0.11909999698400497
29,118,0.10300000011920929
30,118,0.12359999865293503
31,118,0.1331000030040741
32,118,0.0997999981045723
33,118,0.11670000106096268
34,118,0.06870000064373016
35,118,0.04899999871850014
36,118,0.04690000042319298
37,118,0.0640999972820282
38,118,0.12839999794960022
39,118,0.1446000039577484
40,118,0.13429999351501465
41,118,0.18060000240802765
42,118,0.18619999289512634
43,118,0.21439999341964722
44,118,0.1915999948978424
45,118,0.2264000028371811
46,118,0.23430000245571136
47,118,0.164000004529953
48,118,0.17479999363422394
49,118,0.14880000054836273
50,118,0.1527000069618225
51,118,0.12380000203847885
52,118,0.09179999679327011
53,118,0.06960000097751617
54,118,0.06360000371932983
55,118,0.07649999856948853
56,118,0.05139999836683273
57,118,0.048500001430511475
58,118,0.03420000150799751
59,118,0.03359999880194664
60,118,0.06210000067949295
61,118,0.05400000140070915
62,118,0.04520000144839287
63,118,0.0551999993622303
64,118,0.07829999923706055
65,118,0.06480000168085098
66,118,0.05380000174045563
67,118,0.03480000048875809
68,118,0.12600000202655792
69,118,0.3009999990463257
70,118,0.3070000112056732
71,118,0.3050000071525574
72,118,0.30399999022483826
73,118,0.07649999856948853
74,118,0.1800999939441681
75,118,0.11710000038146973
76,118,0.17820000648498535
77,118,0.14749999344348907
78,118,0.07829999923706055
79,118,0.09740000218153
80,118,0.07559999823570251
81,118,0.06560000032186508
82,118,0.07569999992847443
83,118,0.10450000315904617
84,118,0.13600000739097595
85,118,0.1298999935388565
86,118,0.1582999974489212
87,118,0.2224999964237213
88,118,0.16120000183582306
89,118,0.10220000147819519
90,118,0.09640000015497208
91,118,0.1526000052690506
92,118,0.28999999165534973
93,118,0.2939999997615814
94,118,0.2879999876022339
95,118,0.2759999930858612
96,118,0.30000001192092896
97,118,0.3019999861717224
98,118,0.28999999165534973
99,118,0.27399998903274536
100,118,0.2669999897480011
1,119,0.2529999911785126
2,119,0.2709999978542328
3,119,0.27399998903274536
4,119,0.27000001072883606
5,119,0.2680000066757202
6,119,0.2809999883174896
7,119,0.2750000059604645
8,119,0.18449999392032623
9,119,0.05920000001788139
10,119,0.08739999681711197
11,119,0.1362999975681305
12,119,0.10719999670982361
13,119,0.12309999763965607
14,119,0.11670000106096268
15,119,0.13609999418258667
16,119,0.14219999313354492
17,119,0.17000000178813934
18,119,0.10289999842643738
19,119,0.11789999902248383
20,119,0.11909999698400497
21,119,0.2053000032901764
22,119,0.1687999963760376
23,119,0.1753000020980835
24,119,0.19609999656677246
25,119,0.07819999754428864
26,119,0.09589999914169312
27,119,0.061900001019239426
28,119,0.07959999889135361
29,119,0.10339999943971634
30,119,0.12250000238418579
31,119,0.10939999669790268
32,119,0.0714000016450882
33,119,0.07410000264644623
34,119,0.049800001084804535
35,119,0.05640000104904175
36,119,0.04259999841451645
37,119,0.07599999755620956
38,119,0.17309999465942383
39,119,0.12540000677108765
40,119,0.14380000531673431
41,119,0.10750000178813934
42,119,0.09080000221729279
43,119,0.10329999774694443
44,119,0.1550000011920929
45,119,0.2282000035047531
46,119,0.19660000503063202
47,119,0.1396999955177307
48,119,0.11969999969005585
49,119,0.17739999294281006
50,119,0.10999999940395355
51,119,0.09570000320672989
52,119,0.04800000041723251
53,119,0.05130000039935112
54,119,0.043299999088048935
55,119,0.08079999685287476
56,119,0.054999999701976776
57,119,0.0471000000834465
58,119,0.04430000111460686
59,119,0.035999998450279236
60,119,0.050700001418590546
61,119,0.06279999762773514
62,119,0.07209999859333038
63,119,0.09719999879598618
64,119,0.09229999780654907
65,119,0.06560000032186508
66,119,0.06260000169277191
67,119,0.08190000057220459
68,119,0.296999990940094
69,119,0.3059999942779541
70,119,0.3070000112056732
71,119,0.3059999942779541
72,119,0.30000001192092896
73,119,0.15299999713897705
74,119,0.14300000667572021
75,119,0.08160000294446945
76,119,0.125900000333786
77,119,0.11670000106096268
78,119,0.06549999862909317
79,119,0.051899999380111694
80,119,0.05649999901652336
81,119,0.06300000101327896
82,119,0.05299999937415123
83,119,0.07569999992847443
84,119,0.12280000001192093
85,119,0.09040000289678574
86,119,0.1662999987602234
87,119,0.20759999752044678
88,119,0.15839999914169312
89,119,0.11980000138282776
90,119,0.1762000024318695
91,119,0.1462000012397766
92,119,0.09380000084638596
93,119,0.10999999940395355
94,119,0.12870000302791595
95,119,0.27300000190734863
96,119,0.296999990940094
97,119,0.2930000126361847
98,119,0.28200000524520874
99,119,0.28299999237060547
100,119,0.27900001406669617
1,120,0.2759999930858612
2,120,0.2669999897480011
3,120,0.27900001406669617
4,120,0.28700000047683716
5,120,0.2680000066757202
6,120,0.2709999978542328
7,120,0.28299999237060547
8,120,0.17910000681877136
9,120,0.05570000037550926
10,120,0.1031000018119812
11,120,0.08709999918937683
12,120,0.15449999272823334
13,120,0.1160999983549118
14,120,0.14970000088214874
15,120,0.14399999380111694
16,120,0.16099999845027924
17,120,0.14069999754428864
18,120,0.09679999947547913
19,120,0.11909999698400497
20,120,0.1542000025510788
21,120,0.19990000128746033
22,120,0.15410000085830688
23,120,0.16099999845027924
24,120,0.17339999973773956
25,120,0.08370000123977661
26,120,0.05590000003576279
27,120,0.08569999784231186
28,120,0.06369999796152115
29,120,0.05979999899864197
30,120,0.08219999819993973
31,120,0.11010000109672546
32,120,0.05869999900460243
33,120,0.0625
34,120,0.07559999823570251
35,120,0.06199999898672104
36,120,0.05249999836087227
37,120,0.07450000196695328
38,120,0.09019999951124191
39,120,0.07440000027418137
40,120,0.09679999947547913
41,120,0.08980000019073486
42,120,0.10660000145435333
43,120,0.10719999670982361
44,120,0.1606999933719635
45,120,0.19349999725818634
46,120,0.13099999725818634
47,120,0.11349999904632568
48,120,0.21060000360012054
49,120,0.15109999477863312
50,120,0.09749999642372131
51,120,0.10170000046491623
52,120,0.05290000140666962
53,120,0.050200000405311584
54,120,0.0471000000834465
55,120,0.06989999860525131
56,120,0.056699998676776886
57,120,0.09629999846220016
58,120,0.050599999725818634
59,120,0.05130000039935112
60,120,0.051600001752376556
61,120,0.10239999741315842
62,120,0.10499999672174454
63,120,0.06459999829530716
64,120,0.04529999941587448
65,120,0.03929999843239784
66,120,0.04320000112056732
67,120,0.1462000012397766
68,120,0.29600000381469727
69,120,0.2980000078678131
70,120,0.2980000078678131
71,120,0.29899999499320984
72,120,0.18539999425411224
73,120,0.06270000338554382
74,120,0.05909999832510948
75,120,0.09279999881982803
76,120,0.06679999828338623
77,120,0.07580000162124634
78,120,0.06750000268220901
79,120,0.066600002348423
80,120,0.0471000000834465
81,120,0.048900000751018524
82,120,0.07000000029802322
83,120,0.0722000002861023
84,120,0.09539999812841415
85,120,0.14149999618530273
86,120,0.1542000025510788
87,120,0.18709999322891235
88,120,0.20759999752044678
89,120,0.19349999725818634
90,120,0.15209999680519104
91,120,0.1289999932050705
92,120,0.09430000185966492
93,120,0.09679999947547913
94,120,0.14239999651908875
95,120,0.13860000669956207
96,120,0.289000004529953
97,120,0.296999990940094
98,120,0.2809999883174896
99,120,0.2800000011920929
100,120,0.2759999930858612
1,121,0.2809999883174896
2,121,0.2680000066757202
3,121,0.2800000011920929
4,121,0.28299999237060547
5,121,0.2759999930858612
6,121,0.27300000190734863
7,121,0.2919999957084656
8,121,0.28700000047683716
9,121,0.09130000323057175
10,121,0.11819999665021896
11,121,0.13750000298023224
12,121,0.10459999740123749
13,121,0.1454000025987625
14,121,0.12250000238418579
15,121,0.13019999861717224
16,121,0.06729999929666519
17,121,0.09430000185966492
18,121,0.125900000333786
19,121,0.16930000483989716
20,121,0.21040000021457672
21,121,0.13619999587535858
22,121,0.125900000333786
23,121,0.08079999685287476
24,121,0.08349999785423279
25,121,0.05429999902844429
26,121,0.049800001084804535
27,121,0.057999998331069946
28,121,0.05849999934434891
29,121,0.061400000005960464
30,121,0.11320000141859055
31,121,0.08349999785423279
32,121,0.0551999993622303
33,121,0.09109999984502792
34,121,0.048700001090765
35,121,0.04149999842047691
36,121,0.03720000013709068
37,121,0.09040000289678574
38,121,0.07270000129938126
39,121,0.06840000301599503
40,121,0.09369999915361404
41,121,0.059300001710653305
42,121,0.11460000276565552
43,121,0.13019999861717224
44,121,0.181099995970726
45,121,0.20679999887943268
46,121,0.20059999823570251
47,121,0.18449999392032623
48,121,0.10989999771118164
49,121,0.15459999442100525
50,121,0.17069999873638153
51,121,0.09780000150203705
52,121,0.05719999969005585
53,121,0.057999998331069946
54,121,0.050200000405311584
55,121,0.0851999968290329
56,121,0.09030000120401382
57,121,0.06419999897480011
58,121,0.05869999900460243
59,121,0.046300001442432404
60,121,0.06289999932050705
61,121,0.08420000225305557
62,121,0.04780000075697899
63,121,0.045899998396635056
64,121,0.0357000008225441
65,121,0.05139999836683273
66,121,0.027899999171495438
67,121,0.2709999978542328
68,121,0.29600000381469727
69,121,0.3149999976158142
70,121,0.29499998688697815
71,121,0.29600000381469727
72,121,0.1656000018119812
73,121,0.06289999932050705
74,121,0.03830000013113022
75,121,0.05040000006556511
76,121,0.03680000081658363
77,121,0.042100001126527786
78,121,0.04769999906420708
79,121,0.039000000804662704
80,121,0.05900000035762787
81,121,0.04910000041127205
82,121,0.061000000685453415
83,121,0.08209999650716782
84,121,0.15410000085830688
85,121,0.09319999814033508
86,121,0.11129999905824661
87,121,0.14219999313354492
88,121,0.13359999656677246
89,121,0.1746000051498413
90,121,0.18709999322891235
91,121,0.15620000660419464
92,121,0.12710000574588776
93,121,0.12630000710487366
94,121,0.09719999879598618
95,121,0.11249999701976776
96,121,0.09560000151395798
97,121,0.11729999631643295
98,121,0.28700000047683716
99,121,0.2750000059604645
100,121,0.2619999945163727
1,122,0.28299999237060547
2,122,0.27399998903274536
3,122,0.2800000011920929
4,122,0.2840000092983246
5,122,0.28999999165534973
6,122,0.2720000147819519
7,122,0.27300000190734863
8,122,0.2800000011920929
9,122,0.1412999927997589
10,122,0.11259999871253967
11,122,0.14659999310970306
12,122,0.20250000059604645
13,122,0.16779999434947968
14,122,0.12380000203847885
15,122,0.17430000007152557
16,122,0.13199999928474426
17,122,0.10209999978542328
18,122,0.11999999731779099
19,122,0.13410000503063202
20,122,0.15440000593662262
21,122,0.12319999933242798
22,122,0.10520000010728836
23,122,0.09309999644756317
24,122,0.12470000237226486
25,122,0.04989999905228615
26,122,0.03400000184774399
27,122,0.05310000106692314
28,122,0.08470000326633453
29,122,0.050599999725818634
30,122,0.1348000019788742
31,122,0.10320000350475311
32,122,0.08630000054836273
33,122,0.06689999997615814
34,122,0.06260000169277191
35,122,0.04340000078082085
36,122,0.03539999946951866
37,122,0.06909999996423721
38,122,0.052299998700618744
39,122,0.05739999935030937
40,122,0.08510000258684158
41,122,0.13019999861717224
42,122,0.13510000705718994
43,122,0.07890000194311142
44,122,0.09290000051259995
45,122,0.13619999587535858
46,122,0.1469999998807907
47,122,0.15520000457763672
48,122,0.15360000729560852
49,122,0.131400004029274
50,122,0.10849999636411667
51,122,0.13089999556541443
52,122,0.13410000503063202
53,122,0.09640000015497208
54,122,0.08980000019073486
55,122,0.07440000027418137
56,122,0.05810000002384186
57,122,0.05719999969005585
58,122,0.043800000101327896
59,122,0.06159999966621399
60,122,0.04320000112056732
61,122,0.0714000016450882
62,122,0.05380000174045563
63,122,0.06679999828338623
64,122,0.059300001710653305
65,122,0.05810000002384186
66,122,0.28299999237060547
67,122,0.27000001072883606
68,122,0.289000004529953
69,122,0.29899999499320984
70,122,0.3050000071525574
71,122,0.28999999165534973
72,122,0.04699999839067459
73,122,0.05400000140070915
74,122,0.029100000858306885
75,122,0.03720000013709068
76,122,0.021900000050663948
77,122,0.03700000047683716
78,122,0.028200000524520874
79,122,0.026100000366568565
80,122,0.02969999983906746
81,122,0.020999999716877937
82,122,0.052400000393390656
83,122,0.08839999884366989
84,122,0.10429999977350235
85,122,0.14309999346733093
86,122,0.17820000648498535
87,122,0.1354999989271164
88,122,0.1193000003695488
89,122,0.10289999842643738
90,122,0.08980000019073486
91,122,0.06830000132322311
92,122,0.10300000011920929
93,122,0.0794999971985817
94,122,0.07699999958276749
95,122,0.18709999322891235
96,122,0.12080000340938568
97,122,0.1468999981880188
98,122,0.28999999165534973
99,122,0.2590000033378601
100,122,0.2680000066757202
1,123,0.28700000047683716
2,123,0.28299999237060547
3,123,0.28999999165534973
4,123,0.2750000059604645
5,123,0.2750000059604645
6,123,0.2809999883174896
7,123,0.27300000190734863
8,123,0.28600001335144043
9,123,0.2709999978542328
10,123,0.14309999346733093
11,123,0.14560000598430634
12,123,0.14810000360012054
13,123,0.193900004029274
14,123,0.12870000302791595
15,123,0.1428000032901764
16,123,0.1404999941587448
17,123,0.11869999766349792
18,123,0.0786999985575676
19,123,0.09749999642372131
20,123,0.10490000247955322
21,123,0.10930000245571136
22,123,0.1492999941110611
23,123,0.13609999418258667
24,123,0.13359999656677246
25,123,0.060100000351667404
26,123,0.058400001376867294
27,123,0.06499999761581421
28,123,0.08420000225305557
29,123,0.10570000112056732
30,123,0.08609999716281891
31,123,0.11949999630451202
32,123,0.09160000085830688
33,123,0.05770000070333481
34,123,0.05090000107884407
35,123,0.060600001364946365
36,123,0.07729999721050262
37,123,0.0934000015258789
38,123,0.061400000005960464
39,123,0.05180000141263008
40,123,0.10989999771118164
41,123,0.13210000097751617
42,123,0.1289999932050705
43,123,0.08839999884366989
44,123,0.08869999647140503
45,123,0.10769999772310257
46,123,0.17430000007152557
47,123,0.15800000727176666
48,123,0.121799997985363
49,123,0.07079999893903732
50,123,0.07859999686479568
51,123,0.09459999948740005
52,123,0.12319999933242798
53,123,0.07720000296831131
54,123,0.09440000355243683
55,123,0.08169999718666077
56,123,0.04960000142455101
57,123,0.06859999895095825
58,123,0.07069999724626541
59,123,0.06430000066757202
60,123,0.06790000200271606
61,123,0.0608999989926815
62,123,0.05770000070333481
63,123,0.08139999955892563
64,123,0.07360000163316727
65,123,0.09000000357627869
66,123,0.2750000059604645
67,123,0.27300000190734863
68,123,0.2770000100135803
69,123,0.27459999918937683
70,123,0.296999990940094
71,123,0.04320000112056732
72,123,0.07639999687671661
73,123,0.049400001764297485
74,123,0.03689999878406525
75,123,0.03799999877810478
76,123,0.028699999675154686
77,123,0.04540000110864639
78,123,0.04170000180602074
79,123,0.03849999979138374
80,123,0.05079999938607216
81,123,0.032499998807907104
82,123,0.07259999960660934
83,123,0.07370000332593918
84,123,0.094200000166893
85,123,0.09950000047683716
86,123,0.1468999981880188
87,123,0.11829999834299088
88,123,0.1485999971628189
89,123,0.12160000205039978
90,123,0.0989999994635582
91,123,0.0908999964594841
92,123,0.05620000138878822
93,123,0.050999999046325684
94,123,0.08969999849796295
95,123,0.13459999859333038
96,123,0.11699999868869781
97,123,0.14149999618530273
98,123,0.2939999997615814
99,123,0.20499999821186066
100,123,0.2549999952316284
1,124,0.15569999814033508
2,124,0.28299999237060547
3,124,0.2849999964237213
4,124,0.2800000011920929
5,124,0.27799999713897705
6,124,0.27799999713897705
7,124,0.27900001406669617
8,124,0.28600001335144043
9,124,0.28600001335144043
10,124,0.12870000302791595
11,124,0.11379999667406082
12,124,0.14419999718666077
13,124,0.11710000038146973
14,124,0.09539999812841415
15,124,0.12150000035762787
16,124,0.11599999666213989
17,124,0.07249999791383743
18,124,0.09759999811649323
19,124,0.10859999805688858
20,124,0.09359999746084213
21,124,0.11999999731779099
22,124,0.11069999635219574
23,124,0.10970000177621841
24,124,0.08129999786615372
25,124,0.08070000261068344
26,124,0.07370000332593918
27,124,0.03420000150799751
28,124,0.0632999986410141
29,124,0.06419999897480011
30,124,0.07699999958276749
31,124,0.1152999997138977
32,124,0.149399995803833
33,124,0.059300001710653305
34,124,0.05620000138878822
35,124,0.07339999824762344
36,124,0.08420000225305557
37,124,0.07779999822378159
38,124,0.11100000143051147
39,124,0.07479999959468842
40,124,0.19760000705718994
41,124,0.11869999766349792
42,124,0.10029999911785126
43,124,0.06260000169277191
44,124,0.09939999878406525
45,124,0.10279999673366547
46,124,0.12110000103712082
47,124,0.11460000276565552
48,124,0.07699999958276749
49,124,0.13199999928474426
50,124,0.08919999748468399
51,124,0.09099999815225601
52,124,0.0723000019788742
53,124,0.09679999947547913
54,124,0.061500001698732376
55,124,0.04969999939203262
56,124,0.042899999767541885
57,124,0.04520000144839287
58,124,0.055399999022483826
59,124,0.06419999897480011
60,124,0.05909999832510948
61,124,0.05169999971985817
62,124,0.05209999904036522
63,124,0.0869000032544136
64,124,0.08649999648332596
65,124,0.30799999833106995
66,124,0.296999990940094
67,124,0.28999999165534973
68,124,0.28299999237060547
69,124,0.289000004529953
70,124,0.2939999997615814
71,124,0.06199999898672104
72,124,0.05889999866485596
73,124,0.0754999965429306
74,124,0.07699999958276749
75,124,0.062199998646974564
76,124,0.04230000078678131
77,124,0.03590000048279762
78,124,0.0502999983727932
79,124,0.027899999171495438
80,124,0.03929999843239784
81,124,0.03020000085234642
82,124,0.04520000144839287
83,124,0.07109999656677246
84,124,0.13860000669956207
85,124,0.12890000641345978
86,124,0.13989999890327454
87,124,0.11620000004768372
88,124,0.07689999788999557
89,124,0.1273999959230423
90,124,0.10329999774694443
91,124,0.0681999996304512
92,124,0.07720000296831131
93,124,0.04560000076889992
94,124,0.07069999724626541
95,124,0.12030000239610672
96,124,0.1468999981880188
97,124,0.14710000157356262
98,124,0.025200000032782555
99,124,0.27300000190734863
100,124,0.2720000147819519
1,125,0.15119999647140503
2,125,0.2750000059604645
3,125,0.2750000059604645
4,125,0.2800000011920929
5,125,0.2750000059604645
6,125,0.27900001406669617
7,125,0.27880001068115234
8,125,0.29499998688697815
9,125,0.2980000078678131
10,125,0.2800000011920929
11,125,0.15029999613761902
12,125,0.10920000076293945
13,125,0.12520000338554382
14,125,0.1120000034570694
15,125,0.10580000281333923
16,125,0.15940000116825104
17,125,0.13040000200271606
18,125,0.07370000332593918
19,125,0.10119999945163727
20,125,0.13030000030994415
21,125,0.09220000356435776
22,125,0.15870000422000885
23,125,0.11020000278949738
24,125,0.14669999480247498
25,125,0.07320000231266022
26,125,0.09030000120401382
27,125,0.05260000005364418
28,125,0.04450000077486038
29,125,0.046300001442432404
30,125,0.0763000026345253
31,125,0.08110000193119049
32,125,0.06610000133514404
33,125,0.06340000033378601
34,125,0.055399999022483826
35,125,0.0731000006198883
36,125,0.08969999849796295
37,125,0.08760000020265579
38,125,0.09239999949932098
39,125,0.13220000267028809
40,125,0.10040000081062317
41,125,0.07440000027418137
42,125,0.09719999879598618
43,125,0.0771000012755394
44,125,0.08760000020265579
45,125,0.043800000101327896
46,125,0.07639999687671661
47,125,0.09049999713897705
48,125,0.08910000324249268
49,125,0.12080000340938568
50,125,0.11599999666213989
51,125,0.07850000262260437
52,125,0.06639999896287918
53,125,0.08070000261068344
54,125,0.05550000071525574
55,125,0.041600000113248825
56,125,0.0357000008225441
57,125,0.03759999945759773
58,125,0.0430000014603138
59,125,0.03739999979734421
60,125,0.05220000073313713
61,125,0.06629999727010727
62,125,0.07569999992847443
63,125,0.09179999679327011
64,125,0.13729999959468842
65,125,0.2930000126361847
66,125,0.29899999499320984
67,125,0.28999999165534973
68,125,0.2980000078678131
69,125,0.2849999964237213
70,125,0.15839999914169312
71,125,0.04349999874830246
72,125,0.05770000070333481
73,125,0.06970000267028809
74,125,0.08389999717473984
75,125,0.051899999380111694
76,125,0.03739999979734421
77,125,0.04170000180602074
78,125,0.027300000190734863
79,125,0.04259999841451645
80,125,0.04769999906420708
81,125,0.029999999329447746
82,125,0.052000001072883606
83,125,0.045899998396635056
84,125,0.08940000087022781
85,125,0.09229999780654907
86,125,0.12710000574588776
87,125,0.1914999932050705
88,125,0.11969999969005585
89,125,0.14399999380111694
90,125,0.13359999656677246
91,125,0.08219999819993973
92,125,0.048500001430511475
93,125,0.0763000026345253
94,125,0.050700001418590546
95,125,0.10320000350475311
96,125,0.16949999332427979
97,125,0.12309999763965607
98,125,0.28700000047683716
99,125,0.27900001406669617
100,125,0.27000001072883606
1,126,0.10639999806880951
2,126,0.08160000294446945
3,126,0.27799999713897705
4,126,0.2840000092983246
5,126,0.2709999978542328
6,126,0.2809999883174896
7,126,0.2750000059604645
8,126,0.28700000047683716
9,126,0.296999990940094
10,126,0.28299999237060547
11,126,0.28299999237060547
12,126,0.12240000069141388
13,126,0.07199999690055847
14,126,0.08760000020265579
15,126,0.09319999814033508
16,126,0.10989999771118164
17,126,0.14800000190734863
18,126,0.15399999916553497
19,126,0.10769999772310257
20,126,0.10589999705553055
21,126,0.12970000505447388
22,126,0.13750000298023224
23,126,0.09830000251531601
24,126,0.08919999748468399
25,126,0.11190000176429749
26,126,0.13660000264644623
27,126,0.08879999816417694
28,126,0.08669999986886978
29,126,0.0723000019788742
30,126,0.07670000195503235
31,126,0.09220000356435776
32,126,0.09780000150203705
33,126,0.09279999881982803
34,126,0.06480000168085098
35,126,0.1120000034570694
36,126,0.10130000114440918
37,126,0.07150000333786011
38,126,0.052400000393390656
39,126,0.08479999750852585
40,126,0.13449999690055847
41,126,0.09529999643564224
42,126,0.0940999984741211
43,126,0.11249999701976776
44,126,0.0982000008225441
45,126,0.06989999860525131
46,126,0.10639999806880951
47,126,0.0763000026345253
48,126,0.07050000131130219
49,126,0.10729999840259552
50,126,0.08229999989271164
51,126,0.06769999861717224
52,126,0.08990000188350677
53,126,0.06129999831318855
54,126,0.05480000004172325
55,126,0.02879999950528145
56,126,0.02070000022649765
57,126,0.028699999675154686
58,126,0.045099999755620956
59,126,0.04910000041127205
60,126,0.05739999935030937
61,126,0.0632999986410141
62,126,0.08470000326633453
63,126,0.08129999786615372
64,126,0.1574999988079071
65,126,0.2879999876022339
66,126,0.28999999165534973
67,126,0.28999999165534973
68,126,0.2849999964237213
69,126,0.289000004529953
70,126,0.03220000118017197
71,126,0.03009999915957451
72,126,0.04639999940991402
73,126,0.061400000005960464
74,126,0.05169999971985817
75,126,0.04500000178813934
76,126,0.029999999329447746
77,126,0.030899999663233757
78,126,0.04019999876618385
79,126,0.038600001484155655
80,126,0.05429999902844429
81,126,0.0608999989926815
82,126,0.040800001472234726
83,126,0.02889999933540821
84,126,0.08389999717473984
85,126,0.0843999981880188
86,126,0.09290000051259995
87,126,0.17470000684261322
88,126,0.15600000321865082
89,126,0.19689999520778656
90,126,0.14249999821186066
91,126,0.07039999961853027
92,126,0.04399999976158142
93,126,0.07079999893903732
94,126,0.08919999748468399
95,126,0.11909999698400497
96,126,0.15530000627040863
97,126,0.017999999225139618
98,126,0.29100000858306885
99,126,0.2750000059604645
100,126,0.26600000262260437
1,127,0.09629999846220016
2,127,0.08820000290870667
3,127,0.2720000147819519
4,127,0.2800000011920929
5,127,0.26499998569488525
6,127,0.27399998903274536
7,127,0.28299999237060547
8,127,0.27799999713897705
9,127,0.28999999165534973
10,127,0.28299999237060547
11,127,0.2750000059604645
12,127,0.2680000066757202
13,127,0.14399999380111694
14,127,0.09220000356435776
15,127,0.07930000126361847
16,127,0.1274999976158142
17,127,0.13510000705718994
18,127,0.15719999372959137
19,127,0.18440000712871552
20,127,0.12380000203847885
21,127,0.1454000025987625
22,127,0.1273999959230423
23,127,0.16200000047683716
24,127,0.1655000001192093
25,127,0.18469999730587006
26,127,0.14800000190734863
27,127,0.1550000011920929
28,127,0.13519999384880066
29,127,0.08829999715089798
30,127,0.10580000281333923
31,127,0.12409999966621399
32,127,0.09539999812841415
33,127,0.12520000338554382
34,127,0.08669999986886978
35,127,0.11599999666213989
36,127,0.08820000290870667
37,127,0.05570000037550926
38,127,0.0723000019788742
39,127,0.07989999651908875
40,127,0.11069999635219574
41,127,0.1316000074148178
42,127,0.11720000207424164
43,127,0.10760000348091125
44,127,0.06759999692440033
45,127,0.06960000097751617
46,127,0.10490000247955322
47,127,0.0746999979019165
48,127,0.11299999803304672
49,127,0.055799998342990875
50,127,0.040800001472234726
51,127,0.06759999692440033
52,127,0.061400000005960464
53,127,0.03669999912381172
54,127,0.028300000354647636
55,127,0.020999999716877937
56,127,0.027499999850988388
57,127,0.032499998807907104
58,127,0.025499999523162842
59,127,0.03819999843835831
60,127,0.05779999867081642
61,127,0.04639999940991402
62,127,0.05790000036358833
63,127,0.0608999989926815
64,127,0.3009999990463257
65,127,0.26600000262260437
66,127,0.2770000100135803
67,127,0.2985999882221222
68,127,0.29600000381469727
69,127,0.289000004529953
70,127,0.03790000081062317
71,127,0.027300000190734863
72,127,0.022299999371170998
73,127,0.036400001496076584
74,127,0.051500000059604645
75,127,0.08709999918937683
76,127,0.06239999830722809
77,127,0.03689999878406525
78,127,0.06689999997615814
79,127,0.06300000101327896
80,127,0.07370000332593918
81,127,0.08299999684095383
82,127,0.03759999945759773
83,127,0.03240000084042549
84,127,0.03720000013709068
85,127,0.0706000030040741
86,127,0.1062999963760376
87,127,0.18000000715255737
88,127,0.1534000039100647
89,127,0.14000000059604645
90,127,0.0966000035405159
91,127,0.08739999681711197
92,127,0.07129999995231628
93,127,0.09300000220537186
94,127,0.120899997651577
95,127,0.1356000006198883
96,127,0.02879999950528145
97,127,0.28700000047683716
98,127,0.28700000047683716
99,127,0.28999999165534973
100,127,0.2800000011920929
1,128,0.12399999797344208
2,128,0.1080000028014183
3,128,0.1111999973654747
4,128,0.17010000348091125
5,128,0.2709999978542328
6,128,0.2800000011920929
7,128,0.2669999897480011
8,128,0.2709999978542328
9,128,0.2720000147819519
10,128,0.28299999237060547
11,128,0.27399998903274536
12,128,0.2687999904155731
13,128,0.28299999237060547
14,128,0.07900000363588333
15,128,0.10000000149011612
16,128,0.1096000000834465
17,128,0.133200004696846
18,128,0.11980000138282776
19,128,0.19009999930858612
20,128,0.14090000092983246
21,128,0.13259999454021454
22,128,0.20260000228881836
23,128,0.14100000262260437
24,128,0.18539999425411224
25,128,0.1656000018119812
26,128,0.20430000126361847
27,128,0.18240000307559967
28,128,0.1826999932527542
29,128,0.21199999749660492
30,128,0.15729999542236328
31,128,0.11840000003576279
32,128,0.17630000412464142
33,128,0.12860000133514404
34,128,0.07959999889135361
35,128,0.08749999850988388
36,128,0.05779999867081642
37,128,0.0729999989271164
38,128,0.0714000016450882
39,128,0.08299999684095383
40,128,0.13830000162124634
41,128,0.1298999935388565
42,128,0.08110000193119049
43,128,0.07930000126361847
44,128,0.06279999762773514
45,128,0.05310000106692314
46,128,0.06319999694824219
47,128,0.08070000261068344
48,128,0.0430000014603138
49,128,0.025200000032782555
50,128,0.03200000151991844
51,128,0.04699999839067459
52,128,0.05480000004172325
53,128,0.05900000035762787
54,128,0.04309999942779541
55,128,0.02669999934732914
56,128,0.026100000366568565
57,128,0.019500000402331352
58,128,0.021900000050663948
59,128,0.0203000009059906
60,128,0.031599998474121094
61,128,0.04879999905824661
62,128,0.051100000739097595
63,128,0.08460000157356262
64,128,0.3070000112056732
65,128,0.2840000092983246
66,128,0.2750000059604645
67,128,0.29600000381469727
68,128,0.28999999165534973
69,128,0.14309999346733093
70,128,0.029200000688433647
71,128,0.024900000542402267
72,128,0.02889999933540821
73,128,0.05869999900460243
74,128,0.09830000251531601
75,128,0.09929999709129333
76,128,0.052000001072883606
77,128,0.05700000002980232
78,128,0.09229999780654907
79,128,0.10270000249147415
80,128,0.09679999947547913
81,128,0.08380000293254852
82,128,0.05480000004172325
83,128,0.08060000091791153
84,128,0.05829999968409538
85,128,0.08669999986886978
86,128,0.13760000467300415
87,128,0.12129999697208405
88,128,0.15049999952316284
89,128,0.11909999698400497
90,128,0.10570000112056732
91,128,0.16349999606609344
92,128,0.09880000352859497
93,128,0.10570000112056732
94,128,0.11140000075101852
95,128,0.024000000208616257
96,128,0.28299999237060547
97,128,0.28700000047683716
98,128,0.27799999713897705
99,128,0.2800000011920929
100,128,0.2849999964237213
1,129,0.14239999651908875
2,129,0.14589999616146088
3,129,0.12880000472068787
4,129,0.15389999747276306
5,129,0.2840000092983246
6,129,0.2750000059604645
7,129,0.27399998903274536
8,129,0.2709999978542328
9,129,0.26499998569488525
10,129,0.28999999165534973
11,129,0.27399998903274536
12,129,0.2770000100135803
13,129,0.2840000092983246
14,129,0.28700000047683716
15,129,0.16740000247955322
16,129,0.1306000053882599
17,129,0.10890000313520432
18,129,0.15399999916553497
19,129,0.10790000110864639
20,129,0.18029999732971191
21,129,0.1941000074148178
22,129,0.13230000436306
23,129,0.12030000239610672
24,129,0.0957999974489212
25,129,0.14229999482631683
26,129,0.2371000051498413
27,129,0.20329999923706055
28,129,0.18610000610351562
29,129,0.2363000065088272
30,129,0.14550000429153442
31,129,0.11710000038146973
32,129,0.17020000517368317
33,129,0.19020000100135803
34,129,0.13600000739097595
35,129,0.1225999966263771
36,129,0.09109999984502792
37,129,0.09000000357627869
38,129,0.09300000220537186
39,129,0.09619999676942825
40,129,0.0649000033736229
41,129,0.09239999949932098
42,129,0.08550000190734863
43,129,0.07569999992847443
44,129,0.04800000041723251
45,129,0.04859999939799309
46,129,0.05590000003576279
47,129,0.06880000233650208
48,129,0.05000000074505806
49,129,0.02590000070631504
50,129,0.03849999979138374
51,129,0.04340000078082085
52,129,0.03720000013709068
53,129,0.03660000115633011
54,129,0.035599999129772186
55,129,0.02319999970495701
56,129,0.015200000256299973
57,129,0.01679999940097332
58,129,0.017899999395012856
59,129,0.017000000923871994
60,129,0.02759999968111515
61,129,0.0357000008225441
62,129,0.05400000140070915
63,129,0.3230000138282776
64,129,0.3160000145435333
65,129,0.2919999957084656
66,129,0.2800000011920929
67,129,0.28299999237060547
68,129,0.28999999165534973
69,129,0.08500000089406967
70,129,0.05000000074505806
71,129,0.04230000078678131
72,129,0.03849999979138374
73,129,0.05480000004172325
74,129,0.06970000267028809
75,129,0.060600001364946365
76,129,0.05909999832510948
77,129,0.05829999968409538
78,129,0.08420000225305557
79,129,0.1273999959230423
80,129,0.07989999651908875
81,129,0.07129999995231628
82,129,0.05649999901652336
83,129,0.09260000288486481
84,129,0.07609999924898148
85,129,0.08529999852180481
86,129,0.08760000020265579
87,129,0.06539999693632126
88,129,0.08229999989271164
89,129,0.08839999884366989
90,129,0.06849999725818634
91,129,0.14710000157356262
92,129,0.11420000344514847
93,129,0.08110000193119049
94,129,0.28999999165534973
95,129,0.27900001406669617
96,129,0.2770000100135803
97,129,0.2800000011920929
98,129,0.28600001335144043
99,129,0.28200000524520874
100,129,0.27799999713897705
1,130,0.08320000022649765
2,130,0.0820000022649765
3,130,0.07329999655485153
4,130,0.120899997651577
5,130,0.08669999986886978
6,130,0.28299999237060547
7,130,0.27549999952316284
8,130,0.2770000100135803
9,130,0.27799999713897705
10,130,0.28999999165534973
11,130,0.28299999237060547
12,130,0.2720000147819519
13,130,0.2709999978542328
14,130,0.28999999165534973
15,130,0.28600001335144043
16,130,0.1737000048160553
17,130,0.1136000007390976
18,130,0.10419999808073044
19,130,0.0940999984741211
20,130,0.17810000479221344
21,130,0.13199999928474426
22,130,0.11909999698400497
23,130,0.08950000256299973
24,130,0.11169999837875366
25,130,0.12690000236034393
26,130,0.1565999984741211
27,130,0.181099995970726
28,130,0.1289999932050705
29,130,0.19249999523162842
30,130,0.1688999980688095
31,130,0.16130000352859497
32,130,0.19140000641345978
33,130,0.1664000004529953
34,130,0.14970000088214874
35,130,0.14589999616146088
36,130,0.13269999623298645
37,130,0.06920000165700912
38,130,0.08020000159740448
39,130,0.10130000114440918
40,130,0.09179999679327011
41,130,0.09309999644756317
42,130,0.09650000184774399
43,130,0.05590000003576279
44,130,0.054499998688697815
45,130,0.06509999930858612
46,130,0.04470000043511391
47,130,0.04569999873638153
48,130,0.03240000084042549
49,130,0.031700000166893005
50,130,0.01940000057220459
51,130,0.04639999940991402
52,130,0.015699999406933784
53,130,0.026100000366568565
54,130,0.024700000882148743
55,130,0.022299999371170998
56,130,0.012900000438094139
57,130,0.017100000753998756
58,130,0.009999999776482582
59,130,0.01720000058412552
60,130,0.03240000084042549
61,130,0.03669999912381172
62,130,0.12870000302791595
63,130,0.31299999356269836
64,130,0.3050000071525574
65,130,0.30399999022483826
66,130,0.2930000126361847
67,130,0.28999999165534973
68,130,0.15119999647140503
69,130,0.06270000338554382
70,130,0.039400000125169754
71,130,0.04690000042319298
72,130,0.05310000106692314
73,130,0.06560000032186508
74,130,0.05820000171661377
75,130,0.048900000751018524
76,130,0.05550000071525574
77,130,0.05040000006556511
78,130,0.07109999656677246
79,130,0.1362999975681305
80,130,0.16850000619888306
81,130,0.1324000060558319
82,130,0.07169999927282333
83,130,0.07440000027418137
84,130,0.09120000153779984
85,130,0.07660000026226044
86,130,0.06539999693632126
87,130,0.07569999992847443
88,130,0.07620000094175339
89,130,0.08290000259876251
90,130,0.1039000004529953
91,130,0.15410000085830688
92,130,0.28700000047683716
93,130,0.2800000011920929
94,130,0.2800000011920929
95,130,0.27399998903274536
96,130,0.28299999237060547
97,130,0.28299999237060547
98,130,0.27000001072883606
99,130,0.2630000114440918
100,130,0.2720000147819519
