X,Y,V
1,1,0.05559999868273735
2,1,0.05420000106096268
3,1,0.07479999959468842
4,1,0.0625
5,1,0.06289999932050705
6,1,0.28600001335144043
7,1,0.2849999964237213
8,1,0.25200000405311584
9,1,0.15299999713897705
10,1,0.21539999544620514
11,1,0.24469999969005585
12,1,0.03840000182390213
13,1,0.04170000180602074
14,1,0.03779999911785126
15,1,0.052299998700618744
16,1,0.05979999899864197
17,1,0.04600000008940697
18,1,0.05050000175833702
19,1,0.06790000200271606
20,1,0.08860000222921371
21,1,0.07850000262260437
22,1,0.01979999989271164
23,1,0.20499999821186066
24,1,0.15700000524520874
25,1,0.19089999794960022
26,1,0.25
27,1,0.2029999941587448
28,1,0.14100000262260437
29,1,0.22300000488758087
30,1,0.22390000522136688
31,1,0.2680000066757202
32,1,0.10080000013113022
33,1,0.131400004029274
34,1,0.1006999984383583
35,1,0.11559999734163284
36,1,0.07850000262260437
37,1,0.06790000200271606
38,1,0.09889999777078629
39,1,0.06930000334978104
40,1,0.0430000014603138
41,1,0.03779999911785126
42,1,0.03280000016093254
43,1,0.04430000111460686
44,1,0.06300000101327896
45,1,0.08250000327825546
46,1,0.07360000163316727
47,1,0.08669999986886978
48,1,0.0406000018119812
49,1,0.03759999945759773
50,1,0.04729999974370003
51,1,0.07840000092983246
52,1,0.07370000332593918
53,1,0.046300001442432404
54,1,0.07370000332593918
55,1,0.037700001150369644
56,1,0.059700001031160355
57,1,0.07360000163316727
58,1,0.07720000296831131
59,1,0.04639999940991402
60,1,0.028999999165534973
61,1,0.061799999326467514
62,1,0.03370000049471855
63,1,0.0203000009059906
64,1,0.027499999850988388
65,1,0.031199999153614044
66,1,0.02710000053048134
67,1,0.033900000154972076
68,1,0.043299999088048935
69,1,0.06759999692440033
70,1,0.09200000017881393
71,1,0.11339999735355377
72,1,0.054099999368190765
73,1,0.03849999979138374
74,1,0.05169999971985817
75,1,0.06270000338554382
76,1,0.06880000233650208
77,1,0.0714000016450882
78,1,0.10239999741315842
79,1,0.07509999722242355
80,1,0.08739999681711197
81,1,0.10989999771118164
82,1,0.08959999680519104
83,1,0.10760000348091125
84,1,0.049400001764297485
85,1,0.0551999993622303
86,1,0.07000000029802322
87,1,0.05429999902844429
88,1,0.04830000177025795
89,1,0.031300000846385956
90,1,0.019099999219179153
91,1,0.024399999529123306
92,1,0.02979999966919422
93,1,0.021299999207258224
94,1,0.21140000224113464
95,1,0.24400000274181366
96,1,0.27399998903274536
97,1,0.27399998903274536
98,1,0.2533999979496002
99,1,0.26499998569488525
100,1,0.027499999850988388
1,2,0.08839999884366989
2,2,0.04780000075697899
3,2,0.043299999088048935
4,2,0.06300000101327896
5,2,0.29600000381469727
6,2,0.27799999713897705
7,2,0.25200000405311584
8,2,0.22300000488758087
9,2,0.19099999964237213
10,2,0.15600000321865082
11,2,0.2590000033378601
12,2,0.06040000170469284
13,2,0.02800000086426735
14,2,0.03920000046491623
15,2,0.03920000046491623
16,2,0.052400000393390656
17,2,0.05169999971985817
18,2,0.0632999986410141
19,2,0.06449999660253525
20,2,0.12999999523162842
21,2,0.11249999701976776
22,2,0.02160000056028366
23,2,0.16820000112056732
24,2,0.13289999961853027
25,2,0.14350000023841858
26,2,0.1899999976158142
27,2,0.2513999938964844
28,2,0.1436000019311905
29,2,0.26600000262260437
30,2,0.26600000262260437
31,2,0.26100000739097595
32,2,0.04769999906420708
33,2,0.09960000216960907
34,2,0.08389999717473984
35,2,0.06509999930858612
36,2,0.07729999721050262
37,2,0.07720000296831131
38,2,0.08380000293254852
39,2,0.04470000043511391
40,2,0.050700001418590546
41,2,0.02889999933540821
42,2,0.029200000688433647
43,2,0.04129999876022339
44,2,0.035599999129772186
45,2,0.040699999779462814
46,2,0.045499999076128006
47,2,0.05310000106692314
48,2,0.03629999980330467
49,2,0.029999999329447746
50,2,0.05209999904036522
51,2,0.07360000163316727
52,2,0.09459999948740005
53,2,0.0778999999165535
54,2,0.07500000298023224
55,2,0.055399999022483826
56,2,0.05530000105500221
57,2,0.08860000222921371
58,2,0.07079999893903732
59,2,0.05139999836683273
60,2,0.04740000143647194
61,2,0.05079999938607216
62,2,0.037300001829862595
63,2,0.049800001084804535
64,2,0.03189999982714653
65,2,0.03929999843239784
66,2,0.03350000083446503
67,2,0.030799999833106995
68,2,0.043299999088048935
69,2,0.053199999034404755
70,2,0.0722000002861023
71,2,0.0851999968290329
72,2,0.06849999725818634
73,2,0.06109999865293503
74,2,0.07440000027418137
75,2,0.07540000230073929
76,2,0.09279999881982803
77,2,0.04360000044107437
78,2,0.14010000228881836
79,2,0.11429999768733978
80,2,0.1356000006198883
81,2,0.1396999955177307
82,2,0.12380000203847885
83,2,0.14239999651908875
84,2,0.08810000121593475
85,2,0.06620000302791595
86,2,0.06560000032186508
87,2,0.07970000058412552
88,2,0.050999999046325684
89,2,0.03579999879002571
90,2,0.02019999921321869
91,2,0.02710000053048134
92,2,0.04100000113248825
93,2,0.19699999690055847
94,2,0.25200000405311584
95,2,0.26600000262260437
96,2,0.2750000059604645
97,2,0.28600001335144043
98,2,0.20000000298023224
99,2,0.03220000118017197
100,2,0.031300000846385956
1,3,0.03269999846816063
2,3,0.05000000074505806
3,3,0.05000000074505806
4,3,0.03759999945759773
5,3,0.2849999964237213
6,3,0.2680000066757202
7,3,0.2529999911785126
8,3,0.21310000121593475
9,3,0.2529999911785126
10,3,0.23999999463558197
11,3,0.07609999924898148
12,3,0.0658000037074089
13,3,0.0284000001847744
14,3,0.0421999990940094
15,3,0.04839999973773956
16,3,0.06360000371932983
17,3,0.10119999945163727
18,3,0.06589999794960022
19,3,0.1031000018119812
20,3,0.11079999804496765
21,3,0.0649000033736229
22,3,0.12780000269412994
23,3,0.16290000081062317
24,3,0.20000000298023224
25,3,0.14100000262260437
26,3,0.16300000250339508
27,3,0.17790000140666962
28,3,0.20280000567436218
29,3,0.2619999945163727
30,3,0.2639999985694885
31,3,0.2669999897480011
32,3,0.10620000213384628
33,3,0.09440000355243683
34,3,0.08209999650716782
35,3,0.08179999887943268
36,3,0.11309999972581863
37,3,0.09040000289678574
38,3,0.05660000070929527
39,3,0.03590000048279762
40,3,0.05559999868273735
41,3,0.04529999941587448
42,3,0.05000000074505806
43,3,0.038600001484155655
44,3,0.026000000536441803
45,3,0.02500000037252903
46,3,0.048700001090765
47,3,0.031300000846385956
48,3,0.031099999323487282
49,3,0.052299998700618744
50,3,0.07180000096559525
51,3,0.051500000059604645
52,3,0.05310000106692314
53,3,0.04410000145435333
54,3,0.053300000727176666
55,3,0.07370000332593918
56,3,0.06260000169277191
57,3,0.06780000030994415
58,3,0.07000000029802322
59,3,0.06909999996423721
60,3,0.05350000038743019
61,3,0.02930000051856041
62,3,0.045499999076128006
63,3,0.03400000184774399
64,3,0.03709999844431877
65,3,0.03959999978542328
66,3,0.02669999934732914
67,3,0.03700000047683716
68,3,0.02459999918937683
69,3,0.06560000032186508
70,3,0.054999999701976776
71,3,0.08030000329017639
72,3,0.060100000351667404
73,3,0.08739999681711197
74,3,0.051100000739097595
75,3,0.06759999692440033
76,3,0.054099999368190765
77,3,0.07859999686479568
78,3,0.11949999630451202
79,3,0.15839999914169312
80,3,0.2062000036239624
81,3,0.20440000295639038
82,3,0.14149999618530273
83,3,0.16590000689029694
84,3,0.14380000531673431
85,3,0.11069999635219574
86,3,0.10029999911785126
87,3,0.13680000603199005
88,3,0.08919999748468399
89,3,0.043699998408555984
90,3,0.031199999153614044
91,3,0.2770000100135803
92,3,0.23999999463558197
93,3,0.2529999911785126
94,3,0.2709999978542328
95,3,0.22300000488758087
96,3,0.2630000114440918
97,3,0.03999999910593033
98,3,0.029200000688433647
99,3,0.05009999871253967
100,3,0.04470000043511391
1,4,0.04639999940991402
2,4,0.03610000014305115
3,4,0.02160000056028366
4,4,0.2800000011920929
5,4,0.2800000011920929
6,4,0.25200000405311584
7,4,0.2662000060081482
8,4,0.2630000114440918
9,4,0.156700000166893
10,4,0.049400001764297485
11,4,0.05909999832510948
12,4,0.06889999657869339
13,4,0.06120000034570694
14,4,0.033900000154972076
15,4,0.048700001090765
16,4,0.08079999685287476
17,4,0.05510000139474869
18,4,0.0803999975323677
19,4,0.0925000011920929
20,4,0.06970000267028809
21,4,0.06930000334978104
22,4,0.1046999990940094
23,4,0.19699999690055847
24,4,0.20819999277591705
25,4,0.14300000667572021
26,4,0.13300000131130219
27,4,0.13459999859333038
28,4,0.17499999701976776
29,4,0.1979999989271164
30,4,0.2630000114440918
31,4,0.27300000190734863
32,4,0.045899998396635056
33,4,0.08649999648332596
34,4,0.07779999822378159
35,4,0.07360000163316727
36,4,0.09099999815225601
37,4,0.06430000066757202
38,4,0.05040000006556511
39,4,0.04500000178813934
40,4,0.038600001484155655
41,4,0.045899998396635056
42,4,0.03880000114440918
43,4,0.05220000073313713
44,4,0.048900000751018524
45,4,0.038100000470876694
46,4,0.035999998450279236
47,4,0.03200000151991844
48,4,0.029899999499320984
49,4,0.052799999713897705
50,4,0.08869999647140503
51,4,0.0794999971985817
52,4,0.06270000338554382
53,4,0.053199999034404755
54,4,0.03460000082850456
55,4,0.06129999831318855
56,4,0.05350000038743019
57,4,0.0763000026345253
58,4,0.05249999836087227
59,4,0.04170000180602074
60,4,0.04089999943971634
61,4,0.04580000042915344
62,4,0.04179999977350235
63,4,0.03310000151395798
64,4,0.04320000112056732
65,4,0.046799998730421066
66,4,0.035999998450279236
67,4,0.03440000116825104
68,4,0.03840000182390213
69,4,0.08510000258684158
70,4,0.052000001072883606
71,4,0.10670000314712524
72,4,0.04619999974966049
73,4,0.07750000059604645
74,4,0.08560000360012054
75,4,0.08910000324249268
76,4,0.1006999984383583
77,4,0.09359999746084213
78,4,0.14489999413490295
79,4,0.20250000059604645
80,4,0.15410000085830688
81,4,0.11190000176429749
82,4,0.125900000333786
83,4,0.09809999912977219
84,4,0.1234000027179718
85,4,0.1062999963760376
86,4,0.12380000203847885
87,4,0.20679999887943268
88,4,0.13330000638961792
89,4,0.04809999838471413
90,4,0.04639999940991402
91,4,0.2619999945163727
92,4,0.2750000059604645
93,4,0.27300000190734863
94,4,0.26100000739097595
95,4,0.26499998569488525
96,4,0.2669999897480011
97,4,0.035999998450279236
98,4,0.040300000458955765
99,4,0.055799998342990875
100,4,0.07280000299215317
1,5,0.05260000005364418
2,5,0.04039999842643738
3,5,0.28299999237060547
4,5,0.27300000190734863
5,5,0.26899999380111694
6,5,0.26499998569488525
7,5,0.24199999868869781
8,5,0.23000000417232513
9,5,0.13300000131130219
10,5,0.042899999767541885
11,5,0.06629999727010727
12,5,0.056699998676776886
13,5,0.054999999701976776
14,5,0.06790000200271606
15,5,0.033900000154972076
16,5,0.05260000005364418
17,5,0.07199999690055847
18,5,0.07100000232458115
19,5,0.06040000170469284
20,5,0.062300000339746475
21,5,0.0754999965429306
22,5,0.060499999672174454
23,5,0.08910000324249268
24,5,0.16329999268054962
25,5,0.14399999380111694
26,5,0.13199999928474426
27,5,0.12600000202655792
28,5,0.1420000046491623
29,5,0.16990000009536743
30,5,0.25200000405311584
31,5,0.26600000262260437
32,5,0.27399998903274536
33,5,0.10409999638795853
34,5,0.07190000265836716
35,5,0.06700000166893005
36,5,0.08240000158548355
37,5,0.051100000739097595
38,5,0.05550000071525574
39,5,0.046300001442432404
40,5,0.04320000112056732
41,5,0.04569999873638153
42,5,0.051899999380111694
43,5,0.05570000037550926
44,5,0.06870000064373016
45,5,0.0494999997317791
46,5,0.04430000111460686
47,5,0.027899999171495438
48,5,0.02979999966919422
49,5,0.07199999690055847
50,5,0.09120000153779984
51,5,0.10909999907016754
52,5,0.07339999824762344
53,5,0.04050000011920929
54,5,0.0364999994635582
55,5,0.04580000042915344
56,5,0.05510000139474869
57,5,0.07440000027418137
58,5,0.0544000007212162
59,5,0.04690000042319298
60,5,0.03700000047683716
61,5,0.043299999088048935
62,5,0.03610000014305115
63,5,0.03999999910593033
64,5,0.054099999368190765
65,5,0.03959999978542328
66,5,0.040300000458955765
67,5,0.05909999832510948
68,5,0.04910000041127205
69,5,0.07410000264644623
70,5,0.08820000290870667
71,5,0.09430000185966492
72,5,0.07959999889135361
73,5,0.061400000005960464
74,5,0.09960000216960907
75,5,0.11339999735355377
76,5,0.07639999687671661
77,5,0.10350000113248825
78,5,0.16760000586509705
79,5,0.17820000648498535
80,5,0.09239999949932098
81,5,0.09350000321865082
82,5,0.1136000007390976
83,5,0.08969999849796295
84,5,0.14419999718666077
85,5,0.11680000275373459
86,5,0.1696999967098236
87,5,0.11720000207424164
88,5,0.0925000011920929
89,5,0.26499998569488525
90,5,0.2669999897480011
91,5,0.2199999988079071
92,5,0.2619999945163727
93,5,0.24400000274181366
94,5,0.24400000274181366
95,5,0.06589999794960022
96,5,0.10050000250339508
97,5,0.04500000178813934
98,5,0.07720000296831131
99,5,0.07739999890327454
100,5,0.09969999641180038
1,6,0.039400000125169754
2,6,0.033799998462200165
3,6,0.26499998569488525
4,6,0.2809999883174896
5,6,0.2840000092983246
6,6,0.2639999985694885
7,6,0.25600001215934753
8,6,0.27300000190734863
9,6,0.047200001776218414
10,6,0.044199999421834946
11,6,0.05050000175833702
12,6,0.04500000178813934
13,6,0.03240000084042549
14,6,0.04969999939203262
15,6,0.03819999843835831
16,6,0.051500000059604645
17,6,0.051500000059604645
18,6,0.05480000004172325
19,6,0.05559999868273735
20,6,0.05299999937415123
21,6,0.07620000094175339
22,6,0.10599999874830246
23,6,0.11940000206232071
24,6,0.1298000067472458
25,6,0.21400000154972076
26,6,0.14820000529289246
27,6,0.13779999315738678
28,6,0.15600000321865082
29,6,0.18000000715255737
30,6,0.26100000739097595
31,6,0.27000001072883606
32,6,0.2800000011920929
33,6,0.04769999906420708
34,6,0.0414000004529953
35,6,0.05139999836683273
36,6,0.04650000110268593
37,6,0.09200000017881393
38,6,0.07000000029802322
39,6,0.07450000196695328
40,6,0.0502999983727932
41,6,0.05909999832510948
42,6,0.039400000125169754
43,6,0.030700000002980232
44,6,0.04280000180006027
45,6,0.032099999487400055
46,6,0.02850000001490116
47,6,0.019999999552965164
48,6,0.0421999990940094
49,6,0.0502999983727932
50,6,0.058800000697374344
51,6,0.07779999822378159
52,6,0.06599999964237213
53,6,0.04520000144839287
54,6,0.03539999946951866
55,6,0.04800000041723251
56,6,0.05979999899864197
57,6,0.0649000033736229
58,6,0.04769999906420708
59,6,0.05310000106692314
60,6,0.06629999727010727
61,6,0.04820000007748604
62,6,0.058800000697374344
63,6,0.05420000106096268
64,6,0.06930000334978104
65,6,0.04349999874830246
66,6,0.06019999831914902
67,6,0.08380000293254852
68,6,0.07750000059604645
69,6,0.048500001430511475
70,6,0.06710000336170197
71,6,0.06549999862909317
72,6,0.06319999694824219
73,6,0.0828000009059906
74,6,0.09549999982118607
75,6,0.09910000115633011
76,6,0.1111999973654747
77,6,0.11219999939203262
78,6,0.11810000240802765
79,6,0.08100000023841858
80,6,0.06629999727010727
81,6,0.06289999932050705
82,6,0.11460000276565552
83,6,0.0957999974489212
84,6,0.19429999589920044
85,6,0.11649999767541885
86,6,0.13230000436306
87,6,0.14409999549388885
88,6,0.28299999237060547
89,6,0.26899999380111694
90,6,0.2720000147819519
91,6,0.2639999985694885
92,6,0.24699999392032623
93,6,0.25839999318122864
94,6,0.05590000003576279
95,6,0.060100000351667404
96,6,0.05249999836087227
97,6,0.08110000193119049
98,6,0.12080000340938568
99,6,0.14820000529289246
100,6,0.1316000074148178
1,7,0.04859999939799309
2,7,0.03229999914765358
3,7,0.2329999953508377
4,7,0.2750000059604645
5,7,0.28299999237060547
6,7,0.2750000059604645
7,7,0.2709999978542328
8,7,0.2750000059604645
9,7,0.06560000032186508
10,7,0.05860000103712082
11,7,0.052799999713897705
12,7,0.041600000113248825
13,7,0.045899998396635056
14,7,0.04820000007748604
15,7,0.04270000010728836
16,7,0.05979999899864197
17,7,0.05719999969005585
18,7,0.06769999861717224
19,7,0.05380000174045563
20,7,0.059700001031160355
21,7,0.06859999895095825
22,7,0.05260000005364418
23,7,0.08129999786615372
24,7,0.14579999446868896
25,7,0.13500000536441803
26,7,0.1754000037908554
27,7,0.13699999451637268
28,7,0.13770000636577606
29,7,0.24269999563694
30,7,0.2493000030517578
31,7,0.23999999463558197
32,7,0.2669999897480011
33,7,0.035999998450279236
34,7,0.07660000026226044
35,7,0.08720000088214874
36,7,0.08940000087022781
37,7,0.06639999896287918
38,7,0.11100000143051147
39,7,0.1062999963760376
40,7,0.06260000169277191
41,7,0.048700001090765
42,7,0.047600001096725464
43,7,0.028300000354647636
44,7,0.030799999833106995
45,7,0.023000000044703484
46,7,0.03849999979138374
47,7,0.031300000846385956
48,7,0.023800000548362732
49,7,0.03460000082850456
50,7,0.038600001484155655
51,7,0.03200000151991844
52,7,0.047600001096725464
53,7,0.06270000338554382
54,7,0.03819999843835831
55,7,0.08049999922513962
56,7,0.06499999761581421
57,7,0.047600001096725464
58,7,0.07100000232458115
59,7,0.07349999994039536
60,7,0.050999999046325684
61,7,0.07699999958276749
62,7,0.06840000301599503
63,7,0.0617000013589859
64,7,0.03629999980330467
65,7,0.052299998700618744
66,7,0.04340000078082085
67,7,0.053300000727176666
68,7,0.06909999996423721
69,7,0.051100000739097595
70,7,0.04690000042319298
71,7,0.07150000333786011
72,7,0.09359999746084213
73,7,0.0502999983727932
74,7,0.10289999842643738
75,7,0.06530000269412994
76,7,0.10830000042915344
77,7,0.10970000177621841
78,7,0.13920000195503235
79,7,0.09960000216960907
80,7,0.09380000084638596
81,7,0.08229999989271164
82,7,0.0430000014603138
83,7,0.07450000196695328
84,7,0.17659999430179596
85,7,0.09889999777078629
86,7,0.14589999616146088
87,7,0.2680000066757202
88,7,0.27399998903274536
89,7,0.2709999978542328
90,7,0.26600000262260437
91,7,0.2720000147819519
92,7,0.27399998903274536
93,7,0.10559999942779541
94,7,0.07689999788999557
95,7,0.07100000232458115
96,7,0.125
97,7,0.09830000251531601
98,7,0.13570000231266022
99,7,0.07959999889135361
100,7,0.09269999712705612
1,8,0.03150000050663948
2,8,0.23000000417232513
3,8,0.20260000228881836
4,8,0.2709999978542328
5,8,0.28299999237060547
6,8,0.2750000059604645
7,8,0.2273000031709671
8,8,0.2590000033378601
9,8,0.0957999974489212
10,8,0.065700002014637
11,8,0.03009999915957451
12,8,0.04360000044107437
13,8,0.06780000030994415
14,8,0.03759999945759773
15,8,0.041999999433755875
16,8,0.03519999980926514
17,8,0.04439999908208847
18,8,0.03610000014305115
19,8,0.052299998700618744
20,8,0.060100000351667404
21,8,0.05979999899864197
22,8,0.04470000043511391
23,8,0.07159999758005142
24,8,0.17749999463558197
25,8,0.15700000524520874
26,8,0.18299999833106995
27,8,0.18000000715255737
28,8,0.15109999477863312
29,8,0.1987999975681305
30,8,0.21699999272823334
31,8,0.22040000557899475
32,8,0.2809999883174896
33,8,0.05939999967813492
34,8,0.0632999986410141
35,8,0.0868000015616417
36,8,0.057999998331069946
37,8,0.0812000036239624
38,8,0.09390000253915787
39,8,0.07329999655485153
40,8,0.09099999815225601
41,8,0.10989999771118164
42,8,0.06830000132322311
43,8,0.050200000405311584
44,8,0.03099999949336052
45,8,0.027400000020861626
46,8,0.019700000062584877
47,8,0.027799999341368675
48,8,0.023499999195337296
49,8,0.020600000396370888
50,8,0.01860000006854534
51,8,0.04149999842047691
52,8,0.04320000112056732
53,8,0.03480000048875809
54,8,0.05719999969005585
55,8,0.08619999885559082
56,8,0.06989999860525131
57,8,0.0575999990105629
58,8,0.07850000262260437
59,8,0.07689999788999557
60,8,0.06270000338554382
61,8,0.05900000035762787
62,8,0.06279999762773514
63,8,0.03819999843835831
64,8,0.041600000113248825
65,8,0.045099999755620956
66,8,0.05040000006556511
67,8,0.06199999898672104
68,8,0.06750000268220901
69,8,0.061900001019239426
70,8,0.05770000070333481
71,8,0.05779999867081642
72,8,0.08380000293254852
73,8,0.052400000393390656
74,8,0.09220000356435776
75,8,0.04610000178217888
76,8,0.09870000183582306
77,8,0.13210000097751617
78,8,0.14550000429153442
79,8,0.13279999792575836
80,8,0.10760000348091125
81,8,0.07190000265836716
82,8,0.05249999836087227
83,8,0.08969999849796295
84,8,0.1429000049829483
85,8,0.1306000053882599
86,8,0.19349999725818634
87,8,0.2759999930858612
88,8,0.27900001406669617
89,8,0.2815000116825104
90,8,0.27799999713897705
91,8,0.2680000066757202
92,8,0.2669999897480011
93,8,0.08399999886751175
94,8,0.0771000012755394
95,8,0.08749999850988388
96,8,0.15289999544620514
97,8,0.11949999630451202
98,8,0.11890000104904175
99,8,0.12280000001192093
100,8,0.09290000051259995
1,9,0.04100000113248825
2,9,0.26499998569488525
3,9,0.2290000021457672
4,9,0.2669999897480011
5,9,0.27900001406669617
6,9,0.2720000147819519
7,9,0.23800000548362732
8,9,0.032099999487400055
9,9,0.03629999980330467
10,9,0.03220000118017197
11,9,0.02280000038444996
12,9,0.048700001090765
13,9,0.06199999898672104
14,9,0.058800000697374344
15,9,0.030700000002980232
16,9,0.03280000016093254
17,9,0.05900000035762787
18,9,0.054099999368190765
19,9,0.061500001698732376
20,9,0.05130000039935112
21,9,0.06289999932050705
22,9,0.08760000020265579
23,9,0.06970000267028809
24,9,0.1647000014781952
25,9,0.16979999840259552
26,9,0.16990000009536743
27,9,0.1899999976158142
28,9,0.13500000536441803
29,9,0.193900004029274
30,9,0.25200000405311584
31,9,0.27799999713897705
32,9,0.2750000059604645
33,9,0.06480000168085098
34,9,0.07840000092983246
35,9,0.08709999918937683
36,9,0.09189999848604202
37,9,0.11159999668598175
38,9,0.10920000076293945
39,9,0.08179999887943268
40,9,0.1145000010728836
41,9,0.11949999630451202
42,9,0.08560000360012054
43,9,0.05339999869465828
44,9,0.03959999978542328
45,9,0.031599998474121094
46,9,0.016300000250339508
47,9,0.03819999843835831
48,9,0.03739999979734421
49,9,0.028200000524520874
50,9,0.024000000208616257
51,9,0.027699999511241913
52,9,0.03840000182390213
53,9,0.04610000178217888
54,9,0.060499999672174454
55,9,0.058800000697374344
56,9,0.07850000262260437
57,9,0.05460000038146973
58,9,0.07699999958276749
59,9,0.057100001722574234
60,9,0.05979999899864197
61,9,0.06780000030994415
62,9,0.06639999896287918
63,9,0.050200000405311584
64,9,0.06449999660253525
65,9,0.06849999725818634
66,9,0.09640000015497208
67,9,0.08889999985694885
68,9,0.10159999877214432
69,9,0.07109999656677246
70,9,0.10769999772310257
71,9,0.0851999968290329
72,9,0.08389999717473984
73,9,0.04529999941587448
74,9,0.08389999717473984
75,9,0.062300000339746475
76,9,0.10329999774694443
77,9,0.13359999656677246
78,9,0.14569999277591705
79,9,0.14569999277591705
80,9,0.07970000058412552
81,9,0.08449999988079071
82,9,0.0649000033736229
83,9,0.1054999977350235
84,9,0.13819999992847443
85,9,0.1673000007867813
86,9,0.1949000060558319
87,9,0.2750000059604645
88,9,0.28999999165534973
89,9,0.29499998688697815
90,9,0.2879999876022339
91,9,0.27000001072883606
92,9,0.2770000100135803
93,9,0.09539999812841415
94,9,0.08169999718666077
95,9,0.07689999788999557
96,9,0.1039000004529953
97,9,0.10809999704360962
98,9,0.07180000096559525
99,9,0.11100000143051147
100,9,0.08640000224113464
1,10,0.0575999990105629
2,10,0.24400000274181366
3,10,0.20600000023841858
4,10,0.21899999678134918
5,10,0.2619999945163727
6,10,0.27000001072883606
7,10,0.2639999985694885
8,10,0.04360000044107437
9,10,0.03669999912381172
10,10,0.029400000348687172
11,10,0.04170000180602074
12,10,0.03750000149011612
13,10,0.05689999833703041
14,10,0.03519999980926514
15,10,0.039400000125169754
16,10,0.027899999171495438
17,10,0.03539999946951866
18,10,0.04190000146627426
19,10,0.06400000303983688
20,10,0.09350000321865082
21,10,0.0843999981880188
22,10,0.07940000295639038
23,10,0.046799998730421066
24,10,0.16200000047683716
25,10,0.13500000536441803
26,10,0.17190000414848328
27,10,0.13300000131130219
28,10,0.1979999989271164
29,10,0.19370000064373016
30,10,0.2619999945163727
31,10,0.26100000739097595
32,10,0.257999986410141
33,10,0.2720000147819519
34,10,0.04410000145435333
35,10,0.09269999712705612
36,10,0.1088000014424324
37,10,0.11270000040531158
38,10,0.10790000110864639
39,10,0.09700000286102295
40,10,0.10890000313520432
41,10,0.0917000025510788
42,10,0.05730000138282776
43,10,0.049800001084804535
44,10,0.03539999946951866
45,10,0.021400000900030136
46,10,0.020899999886751175
47,10,0.025499999523162842
48,10,0.035599999129772186
49,10,0.028300000354647636
50,10,0.029200000688433647
51,10,0.027000000700354576
52,10,0.04019999876618385
53,10,0.06629999727010727
54,10,0.06549999862909317
55,10,0.039000000804662704
56,10,0.04540000110864639
57,10,0.03680000081658363
58,10,0.02810000069439411
59,10,0.04729999974370003
60,10,0.05909999832510948
61,10,0.05990000069141388
62,10,0.08910000324249268
63,10,0.09040000289678574
64,10,0.066600002348423
65,10,0.0746999979019165
66,10,0.06710000336170197
67,10,0.07900000363588333
68,10,0.08489999920129776
69,10,0.10989999771118164
70,10,0.08389999717473984
71,10,0.07559999823570251
72,10,0.07769999653100967
73,10,0.05990000069141388
74,10,0.1023000031709671
75,10,0.10029999911785126
76,10,0.13120000064373016
77,10,0.16019999980926514
78,10,0.1907999962568283
79,10,0.1907999962568283
80,10,0.1289999932050705
81,10,0.1289999932050705
82,10,0.06369999796152115
83,10,0.11599999666213989
84,10,0.14970000088214874
85,10,0.1143999993801117
86,10,0.2800000011920929
87,10,0.28600001335144043
88,10,0.30399999022483826
89,10,0.28700000047683716
90,10,0.27900001406669617
91,10,0.27300000190734863
92,10,0.2720000147819519
93,10,0.08550000190734863
94,10,0.1071000024676323
95,10,0.11819999665021896
96,10,0.09640000015497208
97,10,0.15610000491142273
98,10,0.08990000188350677
99,10,0.10029999911785126
100,10,0.12269999831914902
1,11,0.06530000269412994
2,11,0.050200000405311584
3,11,0.25699999928474426
4,11,0.13500000536441803
5,11,0.18880000710487366
6,11,0.26100000739097595
7,11,0.2549999952316284
8,11,0.052000001072883606
9,11,0.04639999940991402
10,11,0.07259999960660934
11,11,0.055799998342990875
12,11,0.042100001126527786
13,11,0.029200000688433647
14,11,0.04190000146627426
15,11,0.051100000739097595
16,11,0.0414000004529953
17,11,0.04650000110268593
18,11,0.04190000146627426
19,11,0.03189999982714653
20,11,0.08349999785423279
21,11,0.10000000149011612
22,11,0.0885000005364418
23,11,0.07180000096559525
24,11,0.04010000079870224
25,11,0.1371999979019165
26,11,0.17520000040531158
27,11,0.2290000021457672
28,11,0.2630000114440918
29,11,0.19370000064373016
30,11,0.26899999380111694
31,11,0.2632000148296356
32,11,0.2329999953508377
33,11,0.28299999237060547
34,11,0.06750000268220901
35,11,0.08309999853372574
36,11,0.0820000022649765
37,11,0.0908999964594841
38,11,0.08980000019073486
39,11,0.12720000743865967
40,11,0.08049999922513962
41,11,0.08529999852180481
42,11,0.043299999088048935
43,11,0.027300000190734863
44,11,0.03139999881386757
45,11,0.02810000069439411
46,11,0.02319999970495701
47,11,0.03229999914765358
48,11,0.026100000366568565
49,11,0.0284000001847744
50,11,0.04650000110268593
51,11,0.053199999034404755
52,11,0.06639999896287918
53,11,0.03999999910593033
54,11,0.03750000149011612
55,11,0.02879999950528145
56,11,0.03449999913573265
57,11,0.03530000150203705
58,11,0.03660000115633011
59,11,0.03009999915957451
60,11,0.062199998646974564
61,11,0.09200000017881393
62,11,0.06340000033378601
63,11,0.07800000160932541
64,11,0.048700001090765
65,11,0.04529999941587448
66,11,0.06949999928474426
67,11,0.06239999830722809
68,11,0.10019999742507935
69,11,0.059700001031160355
70,11,0.07349999994039536
71,11,0.060600001364946365
72,11,0.07729999721050262
73,11,0.09040000289678574
74,11,0.07479999959468842
75,11,0.08389999717473984
76,11,0.1251000016927719
77,11,0.1251000016927719
78,11,0.1251000016927719
79,11,0.1251000016927719
80,11,0.1251000016927719
81,11,0.1251000016927719
82,11,0.1251000016927719
83,11,0.1251000016927719
84,11,0.15719999372959137
85,11,0.2809999883174896
86,11,0.27399998903274536
87,11,0.289000004529953
88,11,0.2939999997615814
89,11,0.2930000126361847
90,11,0.28999999165534973
91,11,0.06459999829530716
92,11,0.09839999675750732
93,11,0.11259999871253967
94,11,0.08060000091791153
95,11,0.05810000002384186
96,11,0.0869000032544136
97,11,0.07680000364780426
98,11,0.04879999905824661
99,11,0.08910000324249268
100,11,0.11190000176429749
1,12,0.06610000133514404
2,12,0.16910000145435333
3,12,0.25200000405311584
4,12,0.20600000023841858
5,12,0.19699999690055847
6,12,0.164000004529953
7,12,0.1899999976158142
8,12,0.2630000114440918
9,12,0.059300001710653305
10,12,0.06109999865293503
11,12,0.05979999899864197
12,12,0.0551999993622303
13,12,0.057999998331069946
14,12,0.0723000019788742
15,12,0.04800000041723251
16,12,0.042500000447034836
17,12,0.03099999949336052
18,12,0.04520000144839287
19,12,0.04320000112056732
20,12,0.057999998331069946
21,12,0.04830000177025795
22,12,0.06480000168085098
23,12,0.042500000447034836
24,12,0.025800000876188278
25,12,0.08460000157356262
26,12,0.14489999413490295
27,12,0.21699999272823334
28,12,0.27300000190734863
29,12,0.2720000147819519
30,12,0.2770000100135803
31,12,0.2669999897480011
32,12,0.24899999797344208
33,12,0.289000004529953
34,12,0.3019999861717224
35,12,0.11209999769926071
36,12,0.052400000393390656
37,12,0.08299999684095383
38,12,0.07180000096559525
39,12,0.07750000059604645
40,12,0.0851999968290329
41,12,0.049300000071525574
42,12,0.036400001496076584
43,12,0.037300001829862595
44,12,0.051899999380111694
45,12,0.01759999990463257
46,12,0.03290000185370445
47,12,0.031599998474121094
48,12,0.042100001126527786
49,12,0.05640000104904175
50,12,0.07880000025033951
51,12,0.06270000338554382
52,12,0.061799999326467514
53,12,0.03269999846816063
54,12,0.03739999979734421
55,12,0.045899998396635056
56,12,0.0551999993622303
57,12,0.03319999948143959
58,12,0.025599999353289604
59,12,0.03620000183582306
60,12,0.08100000023841858
61,12,0.10180000215768814
62,12,0.10130000114440918
63,12,0.06360000371932983
64,12,0.06939999759197235
65,12,0.03280000016093254
66,12,0.05770000070333481
67,12,0.08380000293254852
68,12,0.09189999848604202
69,12,0.05009999871253967
70,12,0.07479999959468842
71,12,0.09629999846220016
72,12,0.11909999698400497
73,12,0.09430000185966492
74,12,0.06729999929666519
75,12,0.07460000365972519
76,12,0.12600000202655792
77,12,0.12600000202655792
78,12,0.12600000202655792
79,12,0.12600000202655792
80,12,0.12600000202655792
81,12,0.12600000202655792
82,12,0.12600000202655792
83,12,0.12600000202655792
84,12,0.17560000717639923
85,12,0.27000001072883606
86,12,0.2800000011920929
87,12,0.27799999713897705
88,12,0.2919999957084656
89,12,0.296999990940094
90,12,0.28200000524520874
91,12,0.07779999822378159
92,12,0.08959999680519104
93,12,0.0966000035405159
94,12,0.09229999780654907
95,12,0.05770000070333481
96,12,0.03539999946951866
97,12,0.10090000182390213
98,12,0.0658000037074089
99,12,0.07559999823570251
100,12,0.07519999891519547
1,13,0.09560000151395798
2,13,0.227400004863739
3,13,0.1851000040769577
4,13,0.16300000250339508
5,13,0.26499998569488525
6,13,0.25200000405311584
7,13,0.19699999690055847
8,13,0.2590000033378601
9,13,0.10170000046491623
10,13,0.09449999779462814
11,13,0.0640999972820282
12,13,0.05350000038743019
13,13,0.07079999893903732
14,13,0.05570000037550926
15,13,0.06279999762773514
16,13,0.03779999911785126
17,13,0.02710000053048134
18,13,0.03970000147819519
19,13,0.041099999099969864
20,13,0.02810000069439411
21,13,0.020099999383091927
22,13,0.03610000014305115
23,13,0.018799999728798866
24,13,0.025800000876188278
25,13,0.03660000115633011
26,13,0.15929999947547913
27,13,0.21699999272823334
28,13,0.27300000190734863
29,13,0.25369998812675476
30,13,0.2800000011920929
31,13,0.27799999713897705
32,13,0.2750000059604645
33,13,0.2939999997615814
34,13,0.30799999833106995
35,13,0.29100000858306885
36,13,0.07739999890327454
37,13,0.05689999833703041
38,13,0.08789999783039093
39,13,0.04780000075697899
40,13,0.09430000185966492
41,13,0.042500000447034836
42,13,0.04230000078678131
43,13,0.047200001776218414
44,13,0.034699998795986176
45,13,0.02370000071823597
46,13,0.03420000150799751
47,13,0.0203000009059906
48,13,0.03240000084042549
49,13,0.048700001090765
50,13,0.08919999748468399
51,13,0.08389999717473984
52,13,0.05510000139474869
53,13,0.06780000030994415
54,13,0.07559999823570251
55,13,0.08990000188350677
56,13,0.05909999832510948
57,13,0.04690000042319298
58,13,0.060100000351667404
59,13,0.05310000106692314
60,13,0.049400001764297485
61,13,0.07530000060796738
62,13,0.0697999969124794
63,13,0.05700000002980232
64,13,0.04969999939203262
65,13,0.048500001430511475
66,13,0.05119999870657921
67,13,0.07410000264644623
68,13,0.06889999657869339
69,13,0.0575999990105629
70,13,0.0625
71,13,0.07109999656677246
72,13,0.09470000118017197
73,13,0.11309999972581863
74,13,0.0851999968290329
75,13,0.08399999886751175
76,13,0.07519999891519547
77,13,0.07519999891519547
78,13,0.07519999891519547
79,13,0.07519999891519547
80,13,0.07519999891519547
81,13,0.07519999891519547
82,13,0.07519999891519547
83,13,0.07519999891519547
84,13,0.28299999237060547
85,13,0.2809999883174896
86,13,0.2809999883174896
87,13,0.27399998903274536
88,13,0.28600001335144043
89,13,0.2840000092983246
90,13,0.12250000238418579
91,13,0.1054999977350235
92,13,0.09279999881982803
93,13,0.07540000230073929
94,13,0.09749999642372131
95,13,0.0681999996304512
96,13,0.06769999861717224
97,13,0.09380000084638596
98,13,0.08190000057220459
99,13,0.07440000027418137
100,13,0.06040000170469284
1,14,0.10379999876022339
2,14,0.23600000143051147
3,14,0.2125999927520752
4,14,0.20000000298023224
5,14,0.2619999945163727
6,14,0.2529999911785126
7,14,0.23600000143051147
8,14,0.07069999724626541
9,14,0.07500000298023224
10,14,0.09939999878406525
11,14,0.07479999959468842
12,14,0.05590000003576279
13,14,0.0625
14,14,0.06210000067949295
15,14,0.03629999980330467
16,14,0.029500000178813934
17,14,0.02500000037252903
18,14,0.021199999377131462
19,14,0.02810000069439411
20,14,0.03539999946951866
21,14,0.024299999698996544
22,14,0.0284000001847744
23,14,0.015599999576807022
24,14,0.02250000089406967
25,14,0.02930000051856041
26,14,0.12870000302791595
27,14,0.23109999299049377
28,14,0.2639999985694885
29,14,0.2630000114440918
30,14,0.2669999897480011
31,14,0.2680000066757202
32,14,0.2840000092983246
33,14,0.28999999165534973
34,14,0.30399999022483826
35,14,0.3050000071525574
36,14,0.29499998688697815
37,14,0.07639999687671661
38,14,0.06589999794960022
39,14,0.04479999840259552
40,14,0.07850000262260437
41,14,0.0471000000834465
42,14,0.03370000049471855
43,14,0.031099999323487282
44,14,0.0340999998152256
45,14,0.028200000524520874
46,14,0.04749999940395355
47,14,0.027899999171495438
48,14,0.04039999842643738
49,14,0.06949999928474426
50,14,0.09749999642372131
51,14,0.09070000052452087
52,14,0.07010000199079514
53,14,0.09969999641180038
54,14,0.1331000030040741
55,14,0.07349999994039536
56,14,0.04910000041127205
57,14,0.05959999933838844
58,14,0.09889999777078629
59,14,0.13169999420642853
60,14,0.0681999996304512
61,14,0.07680000364780426
62,14,0.05649999901652336
63,14,0.04479999840259552
64,14,0.050700001418590546
65,14,0.048500001430511475
66,14,0.051500000059604645
67,14,0.07329999655485153
68,14,0.05979999899864197
69,14,0.03579999879002571
70,14,0.06300000101327896
71,14,0.1111999973654747
72,14,0.10570000112056732
73,14,0.10819999873638153
74,14,0.11800000071525574
75,14,0.11580000072717667
76,14,0.11580000072717667
77,14,0.11580000072717667
78,14,0.11580000072717667
79,14,0.11580000072717667
80,14,0.11580000072717667
81,14,0.11580000072717667
82,14,0.11580000072717667
83,14,0.11580000072717667
84,14,0.28999999165534973
85,14,0.2840000092983246
86,14,0.28700000047683716
87,14,0.2669999897480011
88,14,0.2750000059604645
89,14,0.2800000011920929
90,14,0.1273999959230423
91,14,0.09459999948740005
92,14,0.0877000018954277
93,14,0.07069999724626541
94,14,0.08709999918937683
95,14,0.0754999965429306
96,14,0.06909999996423721
97,14,0.10930000245571136
98,14,0.12309999763965607
99,14,0.1062999963760376
100,14,0.07620000094175339
1,15,0.12790000438690186
2,15,0.1907999962568283
3,15,0.2290000021457672
4,15,0.19699999690055847
5,15,0.25699999928474426
6,15,0.16580000519752502
7,15,0.15700000524520874
8,15,0.1023000031709671
9,15,0.06210000067949295
10,15,0.043800000101327896
11,15,0.0617000013589859
12,15,0.05460000038146973
13,15,0.053700000047683716
14,15,0.04639999940991402
15,15,0.029899999499320984
16,15,0.03920000046491623
17,15,0.022099999710917473
18,15,0.012799999676644802
19,15,0.01549999974668026
20,15,0.02800000086426735
21,15,0.026200000196695328
22,15,0.02539999969303608
23,15,0.02070000022649765
24,15,0.02319999970495701
25,15,0.018300000578165054
26,15,0.03290000185370445
27,15,0.15569999814033508
28,15,0.25600001215934753
29,15,0.27300000190734863
30,15,0.27399998903274536
31,15,0.2680000066757202
32,15,0.2750000059604645
33,15,0.2849999964237213
34,15,0.30000001192092896
35,15,0.3019999861717224
36,15,0.29600000381469727
37,15,0.2919999957084656
38,15,0.08820000290870667
39,15,0.04639999940991402
40,15,0.04610000178217888
41,15,0.03519999980926514
42,15,0.029100000858306885
43,15,0.03150000050663948
44,15,0.026799999177455902
45,15,0.03290000185370445
46,15,0.031599998474121094
47,15,0.056299999356269836
48,15,0.051100000739097595
49,15,0.08669999986886978
50,15,0.14659999310970306
51,15,0.12729999423027039
52,15,0.09279999881982803
53,15,0.14319999516010284
54,15,0.17270000278949738
55,15,0.15839999914169312
56,15,0.1137000024318695
57,15,0.1096000000834465
58,15,0.11680000275373459
59,15,0.08829999715089798
60,15,0.07360000163316727
61,15,0.06759999692440033
62,15,0.04529999941587448
63,15,0.04699999839067459
64,15,0.06710000336170197
65,15,0.0803999975323677
66,15,0.07129999995231628
67,15,0.0966000035405159
68,15,0.08100000023841858
69,15,0.0632999986410141
70,15,0.059700001031160355
71,15,0.051600001752376556
72,15,0.07190000265836716
73,15,0.0869000032544136
74,15,0.06809999793767929
75,15,0.06870000064373016
76,15,0.061900001019239426
77,15,0.061900001019239426
78,15,0.061900001019239426
79,15,0.061900001019239426
80,15,0.061900001019239426
81,15,0.061900001019239426
82,15,0.061900001019239426
83,15,0.061900001019239426
84,15,0.289000004529953
85,15,0.27900001406669617
86,15,0.29600000381469727
87,15,0.2800000011920929
88,15,0.2840000092983246
89,15,0.27399998903274536
90,15,0.1981000006198883
91,15,0.16779999434947968
92,15,0.15109999477863312
93,15,0.09210000187158585
94,15,0.11060000211000443
95,15,0.05979999899864197
96,15,0.05260000005364418
97,15,0.05530000105500221
98,15,0.05719999969005585
99,15,0.08060000091791153
100,15,0.045499999076128006
1,16,0.06970000267028809
2,16,0.16439999639987946
3,16,0.1972000002861023
4,16,0.257999986410141
5,16,0.2630000114440918
6,16,0.18199999630451202
7,16,0.17749999463558197
8,16,0.05950000137090683
9,16,0.10329999774694443
10,16,0.06279999762773514
11,16,0.07050000131130219
12,16,0.03370000049471855
13,16,0.025499999523162842
14,16,0.03449999913573265
15,16,0.04969999939203262
16,16,0.05260000005364418
17,16,0.03060000017285347
18,16,0.020400000736117363
19,16,0.020899999886751175
20,16,0.03240000084042549
21,16,0.025200000032782555
22,16,0.020899999886751175
23,16,0.025499999523162842
24,16,0.029999999329447746
25,16,0.020600000396370888
26,16,0.02459999918937683
27,16,0.029500000178813934
28,16,0.12780000269412994
29,16,0.26600000262260437
30,16,0.27000001072883606
31,16,0.2630000114440918
32,16,0.2680000066757202
33,16,0.2879999876022339
34,16,0.28700000047683716
35,16,0.3109999895095825
36,16,0.2980000078678131
37,16,0.28999999165534973
38,16,0.28200000524520874
39,16,0.16019999980926514
40,16,0.0828000009059906
41,16,0.03310000151395798
42,16,0.029400000348687172
43,16,0.023399999365210533
44,16,0.04100000113248825
45,16,0.06800000369548798
46,16,0.039000000804662704
47,16,0.05090000107884407
48,16,0.06430000066757202
49,16,0.10419999808073044
50,16,0.11069999635219574
51,16,0.17080000042915344
52,16,0.1551000028848648
53,16,0.18230000138282776
54,16,0.14959999918937683
55,16,0.15620000660419464
56,16,0.09860000014305115
57,16,0.09179999679327011
58,16,0.10830000042915344
59,16,0.1273999959230423
60,16,0.09809999912977219
61,16,0.08380000293254852
62,16,0.06040000170469284
63,16,0.05130000039935112
64,16,0.06159999966621399
65,16,0.05779999867081642
66,16,0.05480000004172325
67,16,0.04430000111460686
68,16,0.07240000367164612
69,16,0.05979999899864197
70,16,0.10010000318288803
71,16,0.09220000356435776
72,16,0.10980000346899033
73,16,0.0892999991774559
74,16,0.07460000365972519
75,16,0.09969999641180038
76,16,0.07370000332593918
77,16,0.07370000332593918
78,16,0.07370000332593918
79,16,0.07370000332593918
80,16,0.07370000332593918
81,16,0.07370000332593918
82,16,0.07370000332593918
83,16,0.07370000332593918
84,16,0.289000004529953
85,16,0.28299999237060547
86,16,0.28600001335144043
87,16,0.2709999978542328
88,16,0.28999999165534973
89,16,0.2669999897480011
90,16,0.2214999943971634
91,16,0.20200000703334808
92,16,0.22370000183582306
93,16,0.1120000034570694
94,16,0.08760000020265579
95,16,0.05900000035762787
96,16,0.0640999972820282
97,16,0.05180000141263008
98,16,0.04320000112056732
99,16,0.05389999970793724
100,16,0.055799998342990875
1,17,0.06960000097751617
2,17,0.17599999904632568
3,17,0.20000000298023224
4,17,0.2720000147819519
5,17,0.2720000147819519
6,17,0.21199999749660492
7,17,0.14110000431537628
8,17,0.057500001043081284
9,17,0.05909999832510948
10,17,0.10000000149011612
11,17,0.06319999694824219
12,17,0.04580000042915344
13,17,0.02979999966919422
14,17,0.04190000146627426
15,17,0.024299999698996544
16,17,0.020600000396370888
17,17,0.02419999986886978
18,17,0.013299999758601189
19,17,0.017500000074505806
20,17,0.021199999377131462
21,17,0.021400000900030136
22,17,0.01730000041425228
23,17,0.019099999219179153
24,17,0.019600000232458115
25,17,0.02280000038444996
26,17,0.01549999974668026
27,17,0.02889999933540821
28,17,0.1251000016927719
29,17,0.14669999480247498
30,17,0.26499998569488525
31,17,0.2709999978542328
32,17,0.2630000114440918
33,17,0.28600001335144043
34,17,0.3019999861717224
35,17,0.30799999833106995
36,17,0.3019999861717224
37,17,0.29499998688697815
38,17,0.28999999165534973
39,17,0.2680000066757202
40,17,0.18000000715255737
41,17,0.030700000002980232
42,17,0.037300001829862595
43,17,0.030899999663233757
44,17,0.03550000116229057
45,17,0.048700001090765
46,17,0.02889999933540821
47,17,0.04690000042319298
48,17,0.08609999716281891
49,17,0.09719999879598618
50,17,0.12600000202655792
51,17,0.06830000132322311
52,17,0.1800999939441681
53,17,0.18330000340938568
54,17,0.21130000054836273
55,17,0.21220000088214874
56,17,0.16689999401569366
57,17,0.11869999766349792
58,17,0.11999999731779099
59,17,0.1143999993801117
60,17,0.09239999949932098
61,17,0.08209999650716782
62,17,0.046799998730421066
63,17,0.052799999713897705
64,17,0.06939999759197235
65,17,0.07109999656677246
66,17,0.04089999943971634
67,17,0.045899998396635056
68,17,0.039900001138448715
69,17,0.07090000063180923
70,17,0.07810000330209732
71,17,0.09719999879598618
72,17,0.05559999868273735
73,17,0.047600001096725464
74,17,0.07000000029802322
75,17,0.09309999644756317
76,17,0.11100000143051147
77,17,0.07329999655485153
78,17,0.09009999781847
79,17,0.09009999781847
80,17,0.09009999781847
81,17,0.09009999781847
82,17,0.09009999781847
83,17,0.13699999451637268
84,17,0.289000004529953
85,17,0.2809999883174896
86,17,0.28700000047683716
87,17,0.28999999165534973
88,17,0.29600000381469727
89,17,0.27300000190734863
90,17,0.2425999939441681
91,17,0.2280000001192093
92,17,0.19820000231266022
93,17,0.1542000025510788
94,17,0.10760000348091125
95,17,0.0828000009059906
96,17,0.053300000727176666
97,17,0.04910000041127205
98,17,0.03610000014305115
99,17,0.044599998742341995
100,17,0.06809999793767929
1,18,0.09740000218153
2,18,0.257999986410141
3,18,0.21040000021457672
4,18,0.2639999985694885
5,18,0.25600001215934753
6,18,0.2680000066757202
7,18,0.164000004529953
8,18,0.04670000076293945
9,18,0.07209999859333038
10,18,0.06480000168085098
11,18,0.0649000033736229
12,18,0.0406000018119812
13,18,0.028300000354647636
14,18,0.04690000042319298
15,18,0.015399999916553497
16,18,0.025800000876188278
17,18,0.020099999383091927
18,18,0.020400000736117363
19,18,0.017899999395012856
20,18,0.01860000006854534
21,18,0.020999999716877937
22,18,0.019600000232458115
23,18,0.028599999845027924
24,18,0.014000000432133675
25,18,0.028599999845027924
26,18,0.016899999231100082
27,18,0.013899999670684338
28,18,0.014700000174343586
29,18,0.025299999862909317
30,18,0.2680000066757202
31,18,0.2669999897480011
32,18,0.27399998903274536
33,18,0.28999999165534973
34,18,0.30000001192092896
35,18,0.31200000643730164
36,18,0.3140000104904175
37,18,0.3009999990463257
38,18,0.289000004529953
39,18,0.2199999988079071
40,18,0.20600000023841858
41,18,0.2709999978542328
42,18,0.16110000014305115
43,18,0.052799999713897705
44,18,0.03840000182390213
45,18,0.039900001138448715
46,18,0.02800000086426735
47,18,0.0414000004529953
48,18,0.061900001019239426
49,18,0.09189999848604202
50,18,0.14569999277591705
51,18,0.12359999865293503
52,18,0.164000004529953
53,18,0.15150000154972076
54,18,0.23409999907016754
55,18,0.2393999993801117
56,18,0.21279999613761902
57,18,0.18219999969005585
58,18,0.14149999618530273
59,18,0.11999999731779099
60,18,0.05770000070333481
61,18,0.056299999356269836
62,18,0.061000000685453415
63,18,0.04360000044107437
64,18,0.03799999877810478
65,18,0.09019999951124191
66,18,0.0737999975681305
67,18,0.05350000038743019
68,18,0.04439999908208847
69,18,0.058800000697374344
70,18,0.07880000025033951
71,18,0.13019999861717224
72,18,0.09809999912977219
73,18,0.09179999679327011
74,18,0.08550000190734863
75,18,0.10859999805688858
76,18,0.07249999791383743
77,18,0.08649999648332596
78,18,0.07760000228881836
79,18,0.07760000228881836
80,18,0.07760000228881836
81,18,0.07760000228881836
82,18,0.06289999932050705
83,18,0.09369999915361404
84,18,0.29499998688697815
85,18,0.28700000047683716
86,18,0.28999999165534973
87,18,0.29899999499320984
88,18,0.2980000078678131
89,18,0.24400000274181366
90,18,0.24549999833106995
91,18,0.23510000109672546
92,18,0.24899999797344208
93,18,0.16670000553131104
94,18,0.16120000183582306
95,18,0.07970000058412552
96,18,0.06629999727010727
97,18,0.03929999843239784
98,18,0.052799999713897705
99,18,0.055399999022483826
100,18,0.050599999725818634
1,19,0.09669999778270721
2,19,0.24400000274181366
3,19,0.20100000500679016
4,19,0.24199999868869781
5,19,0.26899999380111694
6,19,0.2630000114440918
7,19,0.19699999690055847
8,19,0.1306000053882599
9,19,0.06790000200271606
10,19,0.07190000265836716
11,19,0.045499999076128006
12,19,0.04010000079870224
13,19,0.033399999141693115
14,19,0.033399999141693115
15,19,0.031700000166893005
16,19,0.01489999983459711
17,19,0.0142000000923872
18,19,0.0142000000923872
19,19,0.01209999993443489
20,19,0.016499999910593033
21,19,0.017100000753998756
22,19,0.00989999994635582
23,19,0.01759999990463257
24,19,0.021199999377131462
25,19,0.02889999933540821
26,19,0.02019999921321869
27,19,0.015200000256299973
28,19,0.02710000053048134
29,19,0.021900000050663948
30,19,0.020099999383091927
31,19,0.15929999947547913
32,19,0.2849999964237213
33,19,0.2939999997615814
34,19,0.30399999022483826
35,19,0.3149999976158142
36,19,0.30399999022483826
37,19,0.28299999237060547
38,19,0.2840000092983246
39,19,0.2680000066757202
40,19,0.24400000274181366
41,19,0.26600000262260437
42,19,0.2849999964237213
43,19,0.29899999499320984
44,19,0.30300000309944153
45,19,0.04619999974966049
46,19,0.032999999821186066
47,19,0.053700000047683716
48,19,0.09570000320672989
49,19,0.1306000053882599
50,19,0.15530000627040863
51,19,0.12890000641345978
52,19,0.2076999992132187
53,19,0.15710000693798065
54,19,0.1454000025987625
55,19,0.19009999930858612
56,19,0.22450000047683716
57,19,0.13130000233650208
58,19,0.11599999666213989
59,19,0.09719999879598618
60,19,0.0502999983727932
61,19,0.0714000016450882
62,19,0.07100000232458115
63,19,0.05590000003576279
64,19,0.02539999969303608
65,19,0.05209999904036522
66,19,0.05249999836087227
67,19,0.058400001376867294
68,19,0.0560000017285347
69,19,0.07159999758005142
70,19,0.06459999829530716
71,19,0.08869999647140503
72,19,0.09629999846220016
73,19,0.09709999710321426
74,19,0.10899999737739563
75,19,0.12790000438690186
76,19,0.10090000182390213
77,19,0.06430000066757202
78,19,0.09009999781847
79,19,0.0940999984741211
80,19,0.0940999984741211
81,19,0.0697999969124794
82,19,0.10409999638795853
83,19,0.1185000017285347
84,19,0.08330000191926956
85,19,0.30000001192092896
86,19,0.2800000011920929
87,19,0.2849999964237213
88,19,0.2980000078678131
89,19,0.2619999945163727
90,19,0.1412999927997589
91,19,0.2378000020980835
92,19,0.23100000619888306
93,19,0.2280000001192093
94,19,0.16120000183582306
95,19,0.08250000327825546
96,19,0.06199999898672104
97,19,0.06759999692440033
98,19,0.044599998742341995
99,19,0.03460000082850456
100,19,0.05139999836683273
1,20,0.07930000126361847
2,20,0.2619999945163727
3,20,0.2029999941587448
4,20,0.21699999272823334
5,20,0.26100000739097595
6,20,0.26100000739097595
7,20,0.15700000524520874
8,20,0.1388999968767166
9,20,0.04830000177025795
10,20,0.0560000017285347
11,20,0.03460000082850456
12,20,0.03629999980330467
13,20,0.029500000178813934
14,20,0.054499998688697815
15,20,0.026000000536441803
16,20,0.013700000010430813
17,20,0.01759999990463257
18,20,0.020800000056624413
19,20,0.012199999764561653
20,20,0.013899999670684338
21,20,0.017999999225139618
22,20,0.0142000000923872
23,20,0.012000000104308128
24,20,0.0215000007301569
25,20,0.0142000000923872
26,20,0.027899999171495438
27,20,0.03779999911785126
28,20,0.03500000014901161
29,20,0.019300000742077827
30,20,0.028200000524520874
31,20,0.05209999904036522
32,20,0.05290000140666962
33,20,0.04470000043511391
34,20,0.2879999876022339
35,20,0.3199999928474426
36,20,0.3019999861717224
37,20,0.2800000011920929
38,20,0.28200000524520874
39,20,0.2800000011920929
40,20,0.2680000066757202
41,20,0.27300000190734863
42,20,0.28839999437332153
43,20,0.29899999499320984
44,20,0.3050000071525574
45,20,0.28999999165534973
46,20,0.2809999883174896
47,20,0.15389999747276306
48,20,0.12210000306367874
49,20,0.15489999949932098
50,20,0.13750000298023224
51,20,0.16050000488758087
52,20,0.21649999916553497
53,20,0.1949000060558319
54,20,0.08529999852180481
55,20,0.13740000128746033
56,20,0.1826999932527542
57,20,0.19920000433921814
58,20,0.10239999741315842
59,20,0.07599999755620956
60,20,0.06430000066757202
61,20,0.06780000030994415
62,20,0.05050000175833702
63,20,0.030899999663233757
64,20,0.025100000202655792
65,20,0.04879999905824661
66,20,0.05460000038146973
67,20,0.04960000142455101
68,20,0.06310000270605087
69,20,0.04820000007748604
70,20,0.05139999836683273
71,20,0.06480000168085098
72,20,0.03779999911785126
73,20,0.0723000019788742
74,20,0.08160000294446945
75,20,0.08829999715089798
76,20,0.08349999785423279
77,20,0.11760000139474869
78,20,0.13379999995231628
79,20,0.07090000063180923
80,20,0.07819999754428864
81,20,0.07050000131130219
82,20,0.10750000178813934
83,20,0.10769999772310257
84,20,0.11079999804496765
85,20,0.3050000071525574
86,20,0.28700000047683716
87,20,0.27900001406669617
88,20,0.2840000092983246
89,20,0.25099998712539673
90,20,0.20600000023841858
91,20,0.13369999825954437
92,20,0.22010000050067902
93,20,0.22439999878406525
94,20,0.18619999289512634
95,20,0.13519999384880066
96,20,0.08380000293254852
97,20,0.10339999943971634
98,20,0.06610000133514404
99,20,0.0674000009894371
100,20,0.03139999881386757
1,21,0.11309999972581863
2,21,0.1080000028014183
3,21,0.2619999945163727
4,21,0.2549999952316284
5,21,0.24199999868869781
6,21,0.26499998569488525
7,21,0.18799999356269836
8,21,0.14100000262260437
9,21,0.04699999839067459
10,21,0.027300000190734863
11,21,0.0357000008225441
12,21,0.026499999687075615
13,21,0.040699999779462814
14,21,0.04170000180602074
15,21,0.02070000022649765
16,21,0.018400000408291817
17,21,0.020600000396370888
18,21,0.023000000044703484
19,21,0.01810000091791153
20,21,0.031599998474121094
21,21,0.04899999871850014
22,21,0.02850000001490116
23,21,0.026100000366568565
24,21,0.022099999710917473
25,21,0.0272000003606081
26,21,0.04010000079870224
27,21,0.040300000458955765
28,21,0.02889999933540821
29,21,0.021400000900030136
30,21,0.03750000149011612
31,21,0.05609999969601631
32,21,0.04179999977350235
33,21,0.044599998742341995
34,21,0.037700001150369644
35,21,0.17100000381469727
36,21,0.3100000023841858
37,21,0.28600001335144043
38,21,0.2800000011920929
39,21,0.289000004529953
40,21,0.2809999883174896
41,21,0.26100000739097595
42,21,0.28299999237060547
43,21,0.30000001192092896
44,21,0.3070000112056732
45,21,0.30799999833106995
46,21,0.29499998688697815
47,21,0.2849999964237213
48,21,0.2849999964237213
49,21,0.17640000581741333
50,21,0.1728000044822693
51,21,0.19859999418258667
52,21,0.12849999964237213
53,21,0.1753000020980835
54,21,0.16290000081062317
55,21,0.10379999876022339
56,21,0.15049999952316284
57,21,0.16599999368190765
58,21,0.08540000021457672
59,21,0.06949999928474426
60,21,0.059300001710653305
61,21,0.10159999877214432
62,21,0.04560000076889992
63,21,0.026100000366568565
64,21,0.050599999725818634
65,21,0.04769999906420708
66,21,0.07599999755620956
67,21,0.06759999692440033
68,21,0.06379999965429306
69,21,0.06809999793767929
70,21,0.04800000041723251
71,21,0.053700000047683716
72,21,0.05829999968409538
73,21,0.061000000685453415
74,21,0.05590000003576279
75,21,0.04699999839067459
76,21,0.052400000393390656
77,21,0.11249999701976776
78,21,0.09040000289678574
79,21,0.05079999938607216
80,21,0.04569999873638153
81,21,0.0835999995470047
82,21,0.08449999988079071
83,21,0.11050000041723251
84,21,0.1362999975681305
85,21,0.08980000019073486
86,21,0.28700000047683716
87,21,0.2759999930858612
88,21,0.29100000858306885
89,21,0.2709999978542328
90,21,0.23600000143051147
91,21,0.27000001072883606
92,21,0.15620000660419464
93,21,0.20659999549388885
94,21,0.21629999577999115
95,21,0.18029999732971191
96,21,0.10249999910593033
97,21,0.09520000219345093
98,21,0.05350000038743019
99,21,0.040800001472234726
100,21,0.05979999899864197
1,22,0.08529999852180481
2,22,0.12219999730587006
3,22,0.2639999985694885
4,22,0.26600000262260437
5,22,0.2619999945163727
6,22,0.25200000405311584
7,22,0.20600000023841858
8,22,0.20659999549388885
9,22,0.17000000178813934
10,22,0.039500001817941666
11,22,0.029500000178813934
12,22,0.018799999728798866
13,22,0.031199999153614044
14,22,0.030400000512599945
15,22,0.031599998474121094
16,22,0.03139999881386757
17,22,0.0284000001847744
18,22,0.039900001138448715
19,22,0.027000000700354576
20,22,0.02759999968111515
21,22,0.04340000078082085
22,22,0.02969999983906746
23,22,0.017999999225139618
24,22,0.023099999874830246
25,22,0.026399999856948853
26,22,0.02710000053048134
27,22,0.043699998408555984
28,22,0.03449999913573265
29,22,0.02759999968111515
30,22,0.03189999982714653
31,22,0.0471000000834465
32,22,0.06520000100135803
33,22,0.03449999913573265
34,22,0.04450000077486038
35,22,0.02410000003874302
36,22,0.049300000071525574
37,22,0.0414000004529953
38,22,0.2800000011920929
39,22,0.2750000059604645
40,22,0.28700000047683716
41,22,0.2759999930858612
42,22,0.2919999957084656
43,22,0.28999999165534973
44,22,0.3050000071525574
45,22,0.3089999854564667
46,22,0.30300000309944153
47,22,0.29899999499320984
48,22,0.29899999499320984
49,22,0.28999999165534973
50,22,0.29899999499320984
51,22,0.09809999912977219
52,22,0.10660000145435333
53,22,0.07909999787807465
54,22,0.11550000309944153
55,22,0.15700000524520874
56,22,0.10689999908208847
57,22,0.13609999418258667
58,22,0.05570000037550926
59,22,0.0608999989926815
60,22,0.04910000041127205
61,22,0.09000000357627869
62,22,0.06589999794960022
63,22,0.06889999657869339
64,22,0.07699999958276749
65,22,0.04969999939203262
66,22,0.054499998688697815
67,22,0.06019999831914902
68,22,0.09880000352859497
69,22,0.07720000296831131
70,22,0.0494999997317791
71,22,0.041099999099969864
72,22,0.03799999877810478
73,22,0.09539999812841415
74,22,0.08009999990463257
75,22,0.05779999867081642
76,22,0.04670000076293945
77,22,0.061500001698732376
78,22,0.0625
79,22,0.042100001126527786
80,22,0.03139999881386757
81,22,0.05530000105500221
82,22,0.054499998688697815
83,22,0.07150000333786011
84,22,0.08980000019073486
85,22,0.11729999631643295
86,22,0.10440000146627426
87,22,0.2800000011920929
88,22,0.28700000047683716
89,22,0.2809999883174896
90,22,0.2750000059604645
91,22,0.28700000047683716
92,22,0.2669999897480011
93,22,0.27000001072883606
94,22,0.17409999668598175
95,22,0.19869999587535858
96,22,0.0957999974489212
97,22,0.07519999891519547
98,22,0.06379999965429306
99,22,0.06129999831318855
100,22,0.08889999985694885
1,23,0.0957999974489212
2,23,0.09650000184774399
3,23,0.2669999897480011
4,23,0.2630000114440918
5,23,0.23999999463558197
6,23,0.2329999953508377
7,23,0.19869999587535858
8,23,0.1899999976158142
9,23,0.17599999904632568
10,23,0.03150000050663948
11,23,0.047600001096725464
12,23,0.0272000003606081
13,23,0.02889999933540821
14,23,0.035999998450279236
15,23,0.032999999821186066
16,23,0.03359999880194664
17,23,0.02850000001490116
18,23,0.030500000342726707
19,23,0.03869999945163727
20,23,0.049400001764297485
21,23,0.03629999980330467
22,23,0.020099999383091927
23,23,0.016100000590085983
24,23,0.01769999973475933
25,23,0.020600000396370888
26,23,0.04270000010728836
27,23,0.04010000079870224
28,23,0.031099999323487282
29,23,0.052799999713897705
30,23,0.05660000070929527
31,23,0.03420000150799751
32,23,0.04800000041723251
33,23,0.02889999933540821
34,23,0.03849999979138374
35,23,0.04410000145435333
36,23,0.05620000138878822
37,23,0.04500000178813934
38,23,0.0892999991774559
39,23,0.060499999672174454
40,23,0.1907999962568283
41,23,0.289000004529953
42,23,0.3019999861717224
43,23,0.2939999997615814
44,23,0.31700000166893005
45,23,0.3100000023841858
46,23,0.3149999976158142
47,23,0.31679999828338623
48,23,0.29600000381469727
49,23,0.28999999165534973
50,23,0.30399999022483826
51,23,0.3100000023841858
52,23,0.296999990940094
53,23,0.06930000334978104
54,23,0.07999999821186066
55,23,0.09939999878406525
56,23,0.08399999886751175
57,23,0.0851999968290329
58,23,0.06239999830722809
59,23,0.0722000002861023
60,23,0.06239999830722809
61,23,0.04780000075697899
62,23,0.06719999760389328
63,23,0.07050000131130219
64,23,0.04800000041723251
65,23,0.039500001817941666
66,23,0.03880000114440918
67,23,0.05169999971985817
68,23,0.10140000283718109
69,23,0.10689999908208847
70,23,0.14149999618530273
71,23,0.07930000126361847
72,23,0.04830000177025795
73,23,0.06340000033378601
74,23,0.065700002014637
75,23,0.059700001031160355
76,23,0.051500000059604645
77,23,0.03680000081658363
78,23,0.051500000059604645
79,23,0.04659999907016754
80,23,0.04100000113248825
81,23,0.06260000169277191
82,23,0.07800000160932541
83,23,0.05180000141263008
84,23,0.08309999853372574
85,23,0.10890000313520432
86,23,0.08780000358819962
87,23,0.12849999964237213
88,23,0.18639999628067017
89,23,0.16099999845027924
90,23,0.2800000011920929
91,23,0.2809999883174896
92,23,0.2720000147819519
93,23,0.26499998569488525
94,23,0.2669999897480011
95,23,0.24300000071525574
96,23,0.05570000037550926
97,23,0.05860000103712082
98,23,0.0737999975681305
99,23,0.10970000177621841
100,23,0.07760000228881836
1,24,0.08389999717473984
2,24,0.09709999710321426
3,24,0.25699999928474426
4,24,0.2619999945163727
5,24,0.2639999985694885
6,24,0.2540000081062317
7,24,0.23800000548362732
8,24,0.15600000321865082
9,24,0.25360000133514404
10,24,0.04450000077486038
11,24,0.03519999980926514
12,24,0.03220000118017197
13,24,0.02889999933540821
14,24,0.024800000712275505
15,24,0.029100000858306885
16,24,0.03799999877810478
17,24,0.028699999675154686
18,24,0.04259999841451645
19,24,0.0471000000834465
20,24,0.046300001442432404
21,24,0.0348999984562397
22,24,0.023900000378489494
23,24,0.0210999995470047
24,24,0.03280000016093254
25,24,0.03240000084042549
26,24,0.02889999933540821
27,24,0.05000000074505806
28,24,0.04470000043511391
29,24,0.051500000059604645
30,24,0.050200000405311584
31,24,0.04179999977350235
32,24,0.04280000180006027
33,24,0.02239999920129776
34,24,0.04659999907016754
35,24,0.03150000050663948
36,24,0.05249999836087227
37,24,0.06289999932050705
38,24,0.07440000027418137
39,24,0.11420000344514847
40,24,0.06199999898672104
41,24,0.05829999968409538
42,24,0.19979999959468842
43,24,0.30399999022483826
44,24,0.3059999942779541
45,24,0.29899999499320984
46,24,0.3140000104904175
47,24,0.3050000071525574
48,24,0.28999999165534973
49,24,0.3019999861717224
50,24,0.2980000078678131
51,24,0.3019999861717224
52,24,0.29100000858306885
53,24,0.302700012922287
54,24,0.29600000381469727
55,24,0.08640000224113464
56,24,0.05739999935030937
57,24,0.04089999943971634
58,24,0.06279999762773514
59,24,0.0689999982714653
60,24,0.0640999972820282
61,24,0.05999999865889549
62,24,0.0658000037074089
63,24,0.065700002014637
64,24,0.058400001376867294
65,24,0.05869999900460243
66,24,0.05609999969601631
67,24,0.06639999896287918
68,24,0.06599999964237213
69,24,0.15360000729560852
70,24,0.18860000371932983
71,24,0.12720000743865967
72,24,0.06530000269412994
73,24,0.0738999992609024
74,24,0.07720000296831131
75,24,0.0794999971985817
76,24,0.06030000001192093
77,24,0.053599998354911804
78,24,0.03550000116229057
79,24,0.02810000069439411
80,24,0.043800000101327896
81,24,0.052400000393390656
82,24,0.05090000107884407
83,24,0.04800000041723251
84,24,0.06880000233650208
85,24,0.07810000330209732
86,24,0.08489999920129776
87,24,0.10010000318288803
88,24,0.15940000116825104
89,24,0.20669999718666077
90,24,0.21690000593662262
91,24,0.26100000739097595
92,24,0.25600001215934753
93,24,0.2750000059604645
94,24,0.2770000100135803
95,24,0.2549999952316284
96,24,0.2619999945163727
97,24,0.0632999986410141
98,24,0.06790000200271606
99,24,0.07760000228881836
100,24,0.046300001442432404
1,25,0.11079999804496765
2,25,0.10209999978542328
3,25,0.2630000114440918
4,25,0.2639999985694885
5,25,0.24699999392032623
6,25,0.20489999651908875
7,25,0.19099999964237213
8,25,0.1834000051021576
9,25,0.2720000147819519
10,25,0.21299999952316284
11,25,0.05909999832510948
12,25,0.04580000042915344
13,25,0.030500000342726707
14,25,0.03269999846816063
15,25,0.0348999984562397
16,25,0.025699999183416367
17,25,0.024800000712275505
18,25,0.029500000178813934
19,25,0.05550000071525574
20,25,0.04179999977350235
21,25,0.02889999933540821
22,25,0.0414000004529953
23,25,0.05550000071525574
24,25,0.050700001418590546
25,25,0.03840000182390213
26,25,0.03180000185966492
27,25,0.030400000512599945
28,25,0.026599999517202377
29,25,0.0364999994635582
30,25,0.05139999836683273
31,25,0.06859999895095825
32,25,0.04019999876618385
33,25,0.02930000051856041
34,25,0.03970000147819519
35,25,0.04560000076889992
36,25,0.049800001084804535
37,25,0.0608999989926815
38,25,0.049400001764297485
39,25,0.056699998676776886
40,25,0.07339999824762344
41,25,0.0608999989926815
42,25,0.07829999923706055
43,25,0.06759999692440033
44,25,0.15299999713897705
45,25,0.313400000333786
46,25,0.3240000009536743
47,25,0.3009999990463257
48,25,0.2919999957084656
49,25,0.2939999997615814
50,25,0.296999990940094
51,25,0.2939999997615814
52,25,0.296999990940094
53,25,0.28700000047683716
54,25,0.28999999165534973
55,25,0.28700000047683716
56,25,0.3059999942779541
57,25,0.06669999659061432
58,25,0.05350000038743019
59,25,0.051500000059604645
60,25,0.05350000038743019
61,25,0.0723000019788742
62,25,0.05169999971985817
63,25,0.06669999659061432
64,25,0.06120000034570694
65,25,0.07460000365972519
66,25,0.043800000101327896
67,25,0.07129999995231628
68,25,0.09200000017881393
69,25,0.2020999938249588
70,25,0.12210000306367874
71,25,0.12380000203847885
72,25,0.09640000015497208
73,25,0.10890000313520432
74,25,0.11100000143051147
75,25,0.08649999648332596
76,25,0.05530000105500221
77,25,0.04879999905824661
78,25,0.04450000077486038
79,25,0.03269999846816063
80,25,0.03970000147819519
81,25,0.06199999898672104
82,25,0.07660000026226044
83,25,0.05299999937415123
84,25,0.06360000371932983
85,25,0.06689999997615814
86,25,0.07000000029802322
87,25,0.10249999910593033
88,25,0.10849999636411667
89,25,0.13279999792575836
90,25,0.16120000183582306
91,25,0.08810000121593475
92,25,0.2680000066757202
93,25,0.2709999978542328
94,25,0.2639999985694885
95,25,0.20499999821186066
96,25,0.2329999953508377
97,25,0.2669999897480011
98,25,0.06780000030994415
99,25,0.0754999965429306
100,25,0.07919999957084656
1,26,0.11500000208616257
2,26,0.11670000106096268
3,26,0.10869999974966049
4,26,0.2800000011920929
5,26,0.24899999797344208
6,26,0.24400000274181366
7,26,0.2199999988079071
8,26,0.26600000262260437
9,26,0.2720000147819519
10,26,0.24799999594688416
11,26,0.05260000005364418
12,26,0.05620000138878822
13,26,0.03999999910593033
14,26,0.0203000009059906
15,26,0.0333000011742115
16,26,0.026599999517202377
17,26,0.03449999913573265
18,26,0.04039999842643738
19,26,0.04740000143647194
20,26,0.04149999842047691
21,26,0.061500001698732376
22,26,0.05510000139474869
23,26,0.05860000103712082
24,26,0.04470000043511391
25,26,0.03060000017285347
26,26,0.028699999675154686
27,26,0.027400000020861626
28,26,0.03229999914765358
29,26,0.0272000003606081
30,26,0.0544000007212162
31,26,0.04910000041127205
32,26,0.030700000002980232
33,26,0.02710000053048134
34,26,0.02759999968111515
35,26,0.03519999980926514
36,26,0.06880000233650208
37,26,0.09030000120401382
38,26,0.07739999890327454
39,26,0.09809999912977219
40,26,0.09239999949932098
41,26,0.061900001019239426
42,26,0.11680000275373459
43,26,0.13349999487400055
44,26,0.06800000369548798
45,26,0.08399999886751175
46,26,0.11879999935626984
47,26,0.3109999895095825
48,26,0.296999990940094
49,26,0.30399999022483826
50,26,0.2939999997615814
51,26,0.28999999165534973
52,26,0.2888999879360199
53,26,0.296999990940094
54,26,0.28999999165534973
55,26,0.29600000381469727
56,26,0.3089999854564667
57,26,0.2849999964237213
58,26,0.2849999964237213
59,26,0.046799998730421066
60,26,0.05480000004172325
61,26,0.07079999893903732
62,26,0.0478999987244606
63,26,0.06279999762773514
64,26,0.060499999672174454
65,26,0.07660000026226044
66,26,0.10509999841451645
67,26,0.08789999783039093
68,26,0.13199999928474426
69,26,0.155799999833107
70,26,0.14409999549388885
71,26,0.20659999549388885
72,26,0.16699999570846558
73,26,0.1436000019311905
74,26,0.06880000233650208
75,26,0.05909999832510948
76,26,0.05959999933838844
77,26,0.06769999861717224
78,26,0.027300000190734863
79,26,0.043299999088048935
80,26,0.03620000183582306
81,26,0.0421999990940094
82,26,0.05009999871253967
83,26,0.06129999831318855
84,26,0.07410000264644623
85,26,0.10379999876022339
86,26,0.10999999940395355
87,26,0.17669999599456787
88,26,0.10400000214576721
89,26,0.12110000103712082
90,26,0.10580000281333923
91,26,0.10109999775886536
92,26,0.27799999713897705
93,26,0.2809999883174896
94,26,0.24699999392032623
95,26,0.26899999380111694
96,26,0.2750000059604645
97,26,0.27300000190734863
98,26,0.27399998903274536
99,26,0.07069999724626541
100,26,0.062199998646974564
1,27,0.10540000349283218
2,27,0.13770000636577606
3,27,0.16120000183582306
4,27,0.12800000607967377
5,27,0.12389999628067017
6,27,0.21899999678134918
7,27,0.21199999749660492
8,27,0.25699999928474426
9,27,0.27399998903274536
10,27,0.2639999985694885
11,27,0.2669999897480011
12,27,0.04699999839067459
13,27,0.042399998754262924
14,27,0.04580000042915344
15,27,0.03790000081062317
16,27,0.028999999165534973
17,27,0.02889999933540821
18,27,0.07079999893903732
19,27,0.050200000405311584
20,27,0.07460000365972519
21,27,0.07460000365972519
22,27,0.051899999380111694
23,27,0.03629999980330467
24,27,0.0471000000834465
25,27,0.03689999878406525
26,27,0.03700000047683716
27,27,0.02889999933540821
28,27,0.02979999966919422
29,27,0.028599999845027924
30,27,0.043699998408555984
31,27,0.052299998700618744
32,27,0.019099999219179153
33,27,0.020899999886751175
34,27,0.025100000202655792
35,27,0.03660000115633011
36,27,0.05469999834895134
37,27,0.039400000125169754
38,27,0.054099999368190765
39,27,0.05920000001788139
40,27,0.059300001710653305
41,27,0.04610000178217888
42,27,0.07720000296831131
43,27,0.09049999713897705
44,27,0.08500000089406967
45,27,0.1005999967455864
46,27,0.11309999972581863
47,27,0.07959999889135361
48,27,0.131400004029274
49,27,0.3070000112056732
50,27,0.29600000381469727
51,27,0.28299999237060547
52,27,0.2849999964237213
53,27,0.2849999964237213
54,27,0.2919999957084656
55,27,0.28700000047683716
56,27,0.28540000319480896
57,27,0.29499998688697815
58,27,0.289000004529953
59,27,0.2800000011920929
60,27,0.29899999499320984
61,27,0.15299999713897705
62,27,0.05609999969601631
63,27,0.09109999984502792
64,27,0.11599999666213989
65,27,0.1527000069618225
66,27,0.09380000084638596
67,27,0.14650000631809235
68,27,0.11909999698400497
69,27,0.11969999969005585
70,27,0.17720000445842743
71,27,0.15790000557899475
72,27,0.15320000052452087
73,27,0.12060000002384186
74,27,0.0658000037074089
75,27,0.05420000106096268
76,27,0.05310000106692314
77,27,0.052299998700618744
78,27,0.048500001430511475
79,27,0.08720000088214874
80,27,0.043800000101327896
81,27,0.06030000001192093
82,27,0.06889999657869339
83,27,0.09809999912977219
84,27,0.14059999585151672
85,27,0.11680000275373459
86,27,0.1678999960422516
87,27,0.13830000162124634
88,27,0.125
89,27,0.10249999910593033
90,27,0.08630000054836273
91,27,0.06350000202655792
92,27,0.0551999993622303
93,27,0.2750000059604645
94,27,0.2720000147819519
95,27,0.26600000262260437
96,27,0.2881999909877777
97,27,0.2709999978542328
98,27,0.2720000147819519
99,27,0.03189999982714653
100,27,0.03449999913573265
1,28,0.08950000256299973
2,28,0.08550000190734863
3,28,0.10540000349283218
4,28,0.09510000050067902
5,28,0.1316000074148178
6,28,0.24400000274181366
7,28,0.2549999952316284
8,28,0.26600000262260437
9,28,0.2709999978542328
10,28,0.27900001406669617
11,28,0.27799999713897705
12,28,0.27300000190734863
13,28,0.031599998474121094
14,28,0.05559999868273735
15,28,0.04910000041127205
16,28,0.06539999693632126
17,28,0.050200000405311584
18,28,0.06669999659061432
19,28,0.05339999869465828
20,28,0.07429999858140945
21,28,0.052299998700618744
22,28,0.05559999868273735
23,28,0.040699999779462814
24,28,0.04699999839067459
25,28,0.02800000086426735
26,28,0.028599999845027924
27,28,0.0348999984562397
28,28,0.03460000082850456
29,28,0.03660000115633011
30,28,0.02810000069439411
31,28,0.018300000578165054
32,28,0.015399999916553497
33,28,0.020899999886751175
34,28,0.032499998807907104
35,28,0.03280000016093254
36,28,0.045099999755620956
37,28,0.049800001084804535
38,28,0.03819999843835831
39,28,0.04520000144839287
40,28,0.062199998646974564
41,28,0.04960000142455101
42,28,0.05939999967813492
43,28,0.06499999761581421
44,28,0.045899998396635056
45,28,0.07940000295639038
46,28,0.08940000087022781
47,28,0.0746999979019165
48,28,0.06880000233650208
49,28,0.10570000112056732
50,28,0.09629999846220016
51,28,0.2750000059604645
52,28,0.27900001406669617
53,28,0.29100000858306885
54,28,0.2930000126361847
55,28,0.30000001192092896
56,28,0.28999999165534973
57,28,0.2849999964237213
58,28,0.2919999957084656
59,28,0.28299999237060547
60,28,0.28999999165534973
61,28,0.28299999237060547
62,28,0.149399995803833
63,28,0.16830000281333923
64,28,0.13619999587535858
65,28,0.1454000025987625
66,28,0.13580000400543213
67,28,0.19859999418258667
68,28,0.18000000715255737
69,28,0.17069999873638153
70,28,0.16019999980926514
71,28,0.21060000360012054
72,28,0.094200000166893
73,28,0.11259999871253967
74,28,0.11420000344514847
75,28,0.07100000232458115
76,28,0.05400000140070915
77,28,0.049300000071525574
78,28,0.05260000005364418
79,28,0.11550000309944153
80,28,0.0820000022649765
81,28,0.05119999870657921
82,28,0.06069999933242798
83,28,0.11069999635219574
84,28,0.16030000150203705
85,28,0.1348000019788742
86,28,0.15600000321865082
87,28,0.12530000507831573
88,28,0.11349999904632568
89,28,0.12890000641345978
90,28,0.08259999752044678
91,28,0.09430000185966492
92,28,0.06199999898672104
93,28,0.07259999960660934
94,28,0.2590000033378601
95,28,0.2720000147819519
96,28,0.28299999237060547
97,28,0.27300000190734863
98,28,0.257999986410141
99,28,0.28999999165534973
100,28,0.043800000101327896
1,29,0.10459999740123749
2,29,0.10700000077486038
3,29,0.12549999356269836
4,29,0.11550000309944153
5,29,0.1348000019788742
6,29,0.11490000039339066
7,29,0.27399998903274536
8,29,0.27300000190734863
9,29,0.28600001335144043
10,29,0.27399998903274536
11,29,0.28600001335144043
12,29,0.2759999930858612
13,29,0.28700000047683716
14,29,0.08380000293254852
15,29,0.09220000356435776
16,29,0.06350000202655792
17,29,0.053300000727176666
18,29,0.07720000296831131
19,29,0.05649999901652336
20,29,0.1200999990105629
21,29,0.05490000173449516
22,29,0.04690000042319298
23,29,0.04520000144839287
24,29,0.030400000512599945
25,29,0.026399999856948853
26,29,0.028300000354647636
27,29,0.025499999523162842
28,29,0.018200000748038292
29,29,0.03220000118017197
30,29,0.03669999912381172
31,29,0.02239999920129776
32,29,0.019899999722838402
33,29,0.02850000001490116
34,29,0.029600000008940697
35,29,0.04450000077486038
36,29,0.0406000018119812
37,29,0.04650000110268593
38,29,0.023399999365210533
39,29,0.04879999905824661
40,29,0.06040000170469284
41,29,0.07410000264644623
42,29,0.05570000037550926
43,29,0.05339999869465828
44,29,0.06689999997615814
45,29,0.05139999836683273
46,29,0.10639999806880951
47,29,0.10320000350475311
48,29,0.051500000059604645
49,29,0.03099999949336052
50,29,0.05310000106692314
51,29,0.11159999668598175
52,29,0.11969999969005585
53,29,0.2680000066757202
54,29,0.29100000858306885
55,29,0.3019999861717224
56,29,0.27300000190734863
57,29,0.2800000011920929
58,29,0.28700000047683716
59,29,0.29100000858306885
60,29,0.2939999997615814
61,29,0.2840000092983246
62,29,0.28999999165534973
63,29,0.28700000047683716
64,29,0.1979999989271164
65,29,0.12600000202655792
66,29,0.1264999955892563
67,29,0.20419999957084656
68,29,0.20730000734329224
69,29,0.18960000574588776
70,29,0.19329999387264252
71,29,0.19480000436306
72,29,0.1680999994277954
73,29,0.13269999623298645
74,29,0.11060000211000443
75,29,0.09830000251531601
76,29,0.08389999717473984
77,29,0.07500000298023224
78,29,0.0892999991774559
79,29,0.08579999953508377
80,29,0.09809999912977219
81,29,0.08399999886751175
82,29,0.08179999887943268
83,29,0.1339000016450882
84,29,0.11349999904632568
85,29,0.10649999976158142
86,29,0.1307000070810318
87,29,0.16930000483989716
88,29,0.15289999544620514
89,29,0.08720000088214874
90,29,0.1120000034570694
91,29,0.0632999986410141
92,29,0.051500000059604645
93,29,0.044599998742341995
94,29,0.2750000059604645
95,29,0.2720000147819519
96,29,0.2919999957084656
97,29,0.28999999165534973
98,29,0.26030001044273376
99,29,0.2840000092983246
100,29,0.033900000154972076
1,30,0.07639999687671661
2,30,0.13819999992847443
3,30,0.1873999983072281
4,30,0.1340000033378601
5,30,0.09210000187158585
6,30,0.07819999754428864
7,30,0.08449999988079071
8,30,0.27000001072883606
9,30,0.27799999713897705
10,30,0.2750000059604645
11,30,0.27300000190734863
12,30,0.2770000100135803
13,30,0.2800000011920929
14,30,0.2750000059604645
15,30,0.07329999655485153
16,30,0.042500000447034836
17,30,0.05909999832510948
18,30,0.0575999990105629
19,30,0.06909999996423721
20,30,0.05570000037550926
21,30,0.051600001752376556
22,30,0.09440000355243683
23,30,0.06689999997615814
24,30,0.03970000147819519
25,30,0.02319999970495701
26,30,0.031199999153614044
27,30,0.04410000145435333
28,30,0.03849999979138374
29,30,0.06279999762773514
30,30,0.039400000125169754
31,30,0.01899999938905239
32,30,0.019200000911951065
33,30,0.04899999871850014
34,30,0.03929999843239784
35,30,0.032499998807907104
36,30,0.03449999913573265
37,30,0.02449999935925007
38,30,0.022299999371170998
39,30,0.06729999929666519
40,30,0.06469999998807907
41,30,0.08209999650716782
42,30,0.05180000141263008
43,30,0.05510000139474869
44,30,0.06350000202655792
45,30,0.04780000075697899
46,30,0.059700001031160355
47,30,0.048500001430511475
48,30,0.04500000178813934
49,30,0.03849999979138374
50,30,0.055799998342990875
51,30,0.03889999911189079
52,30,0.0340999998152256
53,30,0.13989999890327454
54,30,0.1574999988079071
55,30,0.2939999997615814
56,30,0.2759999930858612
57,30,0.2720000147819519
58,30,0.2840000092983246
59,30,0.28299999237060547
60,30,0.28700000047683716
61,30,0.2849999964237213
62,30,0.2709999978542328
63,30,0.2800000011920929
64,30,0.27799999713897705
65,30,0.1826999932527542
66,30,0.12319999933242798
67,30,0.195700004696846
68,30,0.17080000042915344
69,30,0.19660000503063202
70,30,0.20659999549388885
71,30,0.18379999697208405
72,30,0.08659999817609787
73,30,0.1185000017285347
74,30,0.12389999628067017
75,30,0.1054999977350235
76,30,0.0723000019788742
77,30,0.07270000129938126
78,30,0.061400000005960464
79,30,0.06499999761581421
80,30,0.08829999715089798
81,30,0.08150000125169754
82,30,0.06759999692440033
83,30,0.11869999766349792
84,30,0.12870000302791595
85,30,0.10450000315904617
86,30,0.12070000171661377
87,30,0.10849999636411667
88,30,0.11829999834299088
89,30,0.1306000053882599
90,30,0.10279999673366547
91,30,0.049400001764297485
92,30,0.046799998730421066
93,30,0.045899998396635056
94,30,0.05460000038146973
95,30,0.28200000524520874
96,30,0.28700000047683716
97,30,0.28200000524520874
98,30,0.26499998569488525
99,30,0.2759999930858612
100,30,0.296999990940094
1,31,0.16279999911785126
2,31,0.11990000307559967
3,31,0.1428000032901764
4,31,0.16249999403953552
5,31,0.1940000057220459
6,31,0.10589999705553055
7,31,0.0940999984741211
8,31,0.09030000120401382
9,31,0.2759999930858612
10,31,0.27900001406669617
11,31,0.2879999876022339
12,31,0.27900001406669617
13,31,0.28600001335144043
14,31,0.27799999713897705
15,31,0.2770000100135803
16,31,0.07859999686479568
17,31,0.07429999858140945
18,31,0.0763000026345253
19,31,0.07720000296831131
20,31,0.08669999986886978
21,31,0.05739999935030937
22,31,0.09040000289678574
23,31,0.09589999914169312
24,31,0.0625
25,31,0.04670000076293945
26,31,0.050200000405311584
27,31,0.07119999825954437
28,31,0.04390000179409981
29,31,0.04899999871850014
30,31,0.042100001126527786
31,31,0.026799999177455902
32,31,0.015399999916553497
33,31,0.02759999968111515
34,31,0.07890000194311142
35,31,0.05999999865889549
36,31,0.03009999915957451
37,31,0.06289999932050705
38,31,0.031099999323487282
39,31,0.046799998730421066
40,31,0.06360000371932983
41,31,0.0640999972820282
42,31,0.050599999725818634
43,31,0.054499998688697815
44,31,0.0723000019788742
45,31,0.05169999971985817
46,31,0.04780000075697899
47,31,0.05000000074505806
48,31,0.045499999076128006
49,31,0.05909999832510948
50,31,0.04670000076293945
51,31,0.05860000103712082
52,31,0.05779999867081642
53,31,0.050999999046325684
54,31,0.038600001484155655
55,31,0.28700000047683716
56,31,0.29100000858306885
57,31,0.2750000059604645
58,31,0.2680000066757202
59,31,0.27300000190734863
60,31,0.2879999876022339
61,31,0.29600000381469727
62,31,0.2750000059604645
63,31,0.28200000524520874
64,31,0.27300000190734863
65,31,0.28700000047683716
66,31,0.1889999955892563
67,31,0.20440000295639038
68,31,0.16019999980926514
69,31,0.15629999339580536
70,31,0.18809999525547028
71,31,0.17749999463558197
72,31,0.14489999413490295
73,31,0.09690000116825104
74,31,0.1031000018119812
75,31,0.10350000113248825
76,31,0.051500000059604645
77,31,0.050700001418590546
78,31,0.05000000074505806
79,31,0.08470000326633453
80,31,0.11540000140666962
81,31,0.12680000066757202
82,31,0.06629999727010727
83,31,0.0851999968290329
84,31,0.07989999651908875
85,31,0.09799999743700027
86,31,0.15790000557899475
87,31,0.18140000104904175
88,31,0.09139999747276306
89,31,0.06270000338554382
90,31,0.07559999823570251
91,31,0.04360000044107437
92,31,0.05000000074505806
93,31,0.04050000011920929
94,31,0.031700000166893005
95,31,0.0414000004529953
96,31,0.289000004529953
97,31,0.28299999237060547
98,31,0.28299999237060547
99,31,0.2849999964237213
100,31,0.289000004529953
1,32,0.22990000247955322
2,32,0.19670000672340393
3,32,0.1655000001192093
4,32,0.17030000686645508
5,32,0.15109999477863312
6,32,0.10930000245571136
7,32,0.07519999891519547
8,32,0.09279999881982803
9,32,0.052000001072883606
10,32,0.2879999876022339
11,32,0.29100000858306885
12,32,0.28600001335144043
13,32,0.2840000092983246
14,32,0.27799999713897705
15,32,0.2759999930858612
16,32,0.27799999713897705
17,32,0.2770000100135803
18,32,0.07289999723434448
19,32,0.06889999657869339
20,32,0.06719999760389328
21,32,0.0877000018954277
22,32,0.061500001698732376
23,32,0.06509999930858612
24,32,0.06870000064373016
25,32,0.05530000105500221
26,32,0.04490000009536743
27,32,0.04600000008940697
28,32,0.029500000178813934
29,32,0.04820000007748604
30,32,0.04879999905824661
31,32,0.03620000183582306
32,32,0.03359999880194664
33,32,0.03849999979138374
34,32,0.02979999966919422
35,32,0.04780000075697899
36,32,0.045099999755620956
37,32,0.04899999871850014
38,32,0.04309999942779541
39,32,0.05460000038146973
40,32,0.039000000804662704
41,32,0.06880000233650208
42,32,0.07329999655485153
43,32,0.05959999933838844
44,32,0.062300000339746475
45,32,0.04179999977350235
46,32,0.03669999912381172
47,32,0.03739999979734421
48,32,0.030300000682473183
49,32,0.04749999940395355
50,32,0.0544000007212162
51,32,0.04050000011920929
52,32,0.0348999984562397
53,32,0.03099999949336052
54,32,0.05950000137090683
55,32,0.037700001150369644
56,32,0.3070000112056732
57,32,0.28600001335144043
58,32,0.27399998903274536
59,32,0.2720000147819519
60,32,0.28700000047683716
61,32,0.28999999165534973
62,32,0.2770000100135803
63,32,0.27799999713897705
64,32,0.2809999883174896
65,32,0.28999999165534973
66,32,0.17100000381469727
67,32,0.09679999947547913
68,32,0.15399999916553497
69,32,0.1534000039100647
70,32,0.15209999680519104
71,32,0.14910000562667847
72,32,0.12520000338554382
73,32,0.13580000400543213
74,32,0.11729999631643295
75,32,0.10700000077486038
76,32,0.07620000094175339
77,32,0.05299999937415123
78,32,0.051100000739097595
79,32,0.054499998688697815
80,32,0.0835999995470047
81,32,0.07980000227689743
82,32,0.053599998354911804
83,32,0.06560000032186508
84,32,0.08969999849796295
85,32,0.1534000039100647
86,32,0.16089999675750732
87,32,0.18719999492168427
88,32,0.08959999680519104
89,32,0.06430000066757202
90,32,0.06279999762773514
91,32,0.03689999878406525
92,32,0.0617000013589859
93,32,0.05299999937415123
94,32,0.042899999767541885
95,32,0.030400000512599945
96,32,0.02410000003874302
97,32,0.28700000047683716
98,32,0.28299999237060547
99,32,0.28999999165534973
100,32,0.28700000047683716
1,33,0.16680000722408295
2,33,0.20960000157356262
3,33,0.17870000004768372
4,33,0.2282000035047531
5,33,0.21320000290870667
6,33,0.07810000330209732
7,33,0.07000000029802322
8,33,0.06589999794960022
9,33,0.062300000339746475
10,33,0.04089999943971634
11,33,0.2939999997615814
12,33,0.2800000011920929
13,33,0.28700000047683716
14,33,0.28999999165534973
15,33,0.2800000011920929
16,33,0.2709999978542328
17,33,0.28299999237060547
18,33,0.06300000101327896
19,33,0.04830000177025795
20,33,0.07930000126361847
21,33,0.053599998354911804
22,33,0.03700000047683716
23,33,0.05040000006556511
24,33,0.03880000114440918
25,33,0.02889999933540821
26,33,0.032499998807907104
27,33,0.03889999911189079
28,33,0.03539999946951866
29,33,0.030799999833106995
30,33,0.031099999323487282
31,33,0.03550000116229057
32,33,0.03999999910593033
33,33,0.0471000000834465
34,33,0.03359999880194664
35,33,0.029999999329447746
36,33,0.04610000178217888
37,33,0.04529999941587448
38,33,0.061900001019239426
39,33,0.05530000105500221
40,33,0.04390000179409981
41,33,0.039000000804662704
42,33,0.051899999380111694
43,33,0.05849999934434891
44,33,0.05469999834895134
45,33,0.045899998396635056
46,33,0.04149999842047691
47,33,0.05779999867081642
48,33,0.04230000078678131
49,33,0.05009999871253967
50,33,0.04960000142455101
51,33,0.04749999940395355
52,33,0.03480000048875809
53,33,0.039799999445676804
54,33,0.03660000115633011
55,33,0.03669999912381172
56,33,0.19619999825954437
57,33,0.2849999964237213
58,33,0.27399998903274536
59,33,0.2720000147819519
60,33,0.2800000011920929
61,33,0.29100000858306885
62,33,0.2750000059604645
63,33,0.27399998903274536
64,33,0.2549999952316284
65,33,0.28200000524520874
66,33,0.27399998903274536
67,33,0.17010000348091125
68,33,0.19869999587535858
69,33,0.16329999268054962
70,33,0.14630000293254852
71,33,0.12290000170469284
72,33,0.10289999842643738
73,33,0.0892999991774559
74,33,0.08179999887943268
75,33,0.09759999811649323
76,33,0.09390000253915787
77,33,0.03680000081658363
78,33,0.0364999994635582
79,33,0.054499998688697815
80,33,0.08720000088214874
81,33,0.12950000166893005
82,33,0.10029999911785126
83,33,0.08079999685287476
84,33,0.12950000166893005
85,33,0.10939999669790268
86,33,0.20419999957084656
87,33,0.17139999568462372
88,33,0.09849999845027924
89,33,0.1137000024318695
90,33,0.08269999921321869
91,33,0.07079999893903732
92,33,0.07159999758005142
93,33,0.048500001430511475
94,33,0.032999999821186066
95,33,0.04830000177025795
96,33,0.024700000882148743
97,33,0.30000001192092896
98,33,0.2849999964237213
99,33,0.296999990940094
100,33,0.2919999957084656
1,34,0.13130000233650208
2,34,0.10109999775886536
3,34,0.1120000034570694
4,34,0.18070000410079956
5,34,0.17059999704360962
6,34,0.14790000021457672
7,34,0.10580000281333923
8,34,0.08299999684095383
9,34,0.06769999861717224
10,34,0.052799999713897705
11,34,0.08959999680519104
12,34,0.2930000126361847
13,34,0.28600001335144043
14,34,0.2930000126361847
15,34,0.289000004529953
16,34,0.26899999380111694
17,34,0.27799999713897705
18,34,0.289000004529953
19,34,0.04439999908208847
20,34,0.058400001376867294
21,34,0.04399999976158142
22,34,0.033399999141693115
23,34,0.025699999183416367
24,34,0.03959999978542328
25,34,0.03420000150799751
26,34,0.04809999838471413
27,34,0.039900001138448715
28,34,0.03150000050663948
29,34,0.03220000118017197
30,34,0.04349999874830246
31,34,0.051899999380111694
32,34,0.04569999873638153
33,34,0.07150000333786011
34,34,0.04859999939799309
35,34,0.04019999876618385
36,34,0.033399999141693115
37,34,0.03739999979734421
38,34,0.03420000150799751
39,34,0.051500000059604645
40,34,0.07370000332593918
41,34,0.05389999970793724
42,34,0.07729999721050262
43,34,0.09570000320672989
44,34,0.08100000023841858
45,34,0.06780000030994415
46,34,0.07500000298023224
47,34,0.05889999866485596
48,34,0.0502999983727932
49,34,0.03200000151991844
50,34,0.03269999846816063
51,34,0.0272000003606081
52,34,0.02669999934732914
53,34,0.017400000244379044
54,34,0.020899999886751175
55,34,0.02810000069439411
56,34,0.04340000078082085
57,34,0.16200000047683716
58,34,0.2759999930858612
59,34,0.26899999380111694
60,34,0.28600001335144043
61,34,0.289000004529953
62,34,0.2680000066757202
63,34,0.2720000147819519
64,34,0.2619999945163727
65,34,0.2669999897480011
66,34,0.16920000314712524
67,34,0.15279999375343323
68,34,0.16339999437332153
69,34,0.18700000643730164
70,34,0.09000000357627869
71,34,0.09520000219345093
72,34,0.11129999905824661
73,34,0.125900000333786
74,34,0.07900000363588333
75,34,0.10869999974966049
76,34,0.08739999681711197
77,34,0.049300000071525574
78,34,0.08030000329017639
79,34,0.0681999996304512
80,34,0.07569999992847443
81,34,0.12080000340938568
82,34,0.10840000212192535
83,34,0.11249999701976776
84,34,0.07440000027418137
85,34,0.11420000344514847
86,34,0.164000004529953
87,34,0.16699999570846558
88,34,0.08479999750852585
89,34,0.06870000064373016
90,34,0.08959999680519104
91,34,0.0625
92,34,0.04820000007748604
93,34,0.04820000007748604
94,34,0.0471000000834465
95,34,0.04399999976158142
96,34,0.0340999998152256
97,34,0.30000001192092896
98,34,0.2939999997615814
99,34,0.29089999198913574
100,34,0.28299999237060547
1,35,0.1257999986410141
2,35,0.11429999768733978
3,35,0.09210000187158585
4,35,0.13050000369548798
5,35,0.10490000247955322
6,35,0.14800000190734863
7,35,0.11010000109672546
8,35,0.07599999755620956
9,35,0.1143999993801117
10,35,0.049800001084804535
11,35,0.06289999932050705
12,35,0.05249999836087227
13,35,0.28600001335144043
14,35,0.28700000047683716
15,35,0.28299999237060547
16,35,0.257999986410141
17,35,0.2630000114440918
18,35,0.29499998688697815
19,35,0.035599999129772186
20,35,0.03720000013709068
21,35,0.040300000458955765
22,35,0.03370000049471855
23,35,0.026100000366568565
24,35,0.020899999886751175
25,35,0.028599999845027924
26,35,0.04729999974370003
27,35,0.04259999841451645
28,35,0.025299999862909317
29,35,0.028699999675154686
30,35,0.04179999977350235
31,35,0.04820000007748604
32,35,0.04560000076889992
33,35,0.05009999871253967
34,35,0.04230000078678131
35,35,0.029999999329447746
36,35,0.04019999876618385
37,35,0.019999999552965164
38,35,0.04560000076889992
39,35,0.07209999859333038
40,35,0.07100000232458115
41,35,0.06870000064373016
42,35,0.06469999998807907
43,35,0.07779999822378159
44,35,0.06989999860525131
45,35,0.07259999960660934
46,35,0.06549999862909317
47,35,0.05389999970793724
48,35,0.04320000112056732
49,35,0.04749999940395355
50,35,0.0494999997317791
51,35,0.027499999850988388
52,35,0.032499998807907104
53,35,0.04699999839067459
54,35,0.03099999949336052
55,35,0.024000000208616257
56,35,0.039799999445676804
57,35,0.023600000888109207
58,35,0.27300000190734863
59,35,0.25200000405311584
60,35,0.2770000100135803
61,35,0.28600001335144043
62,35,0.27799999713897705
63,35,0.26600000262260437
64,35,0.27000001072883606
65,35,0.2770000100135803
66,35,0.2669999897480011
67,35,0.1216999962925911
68,35,0.11029999703168869
69,35,0.14550000429153442
70,35,0.09780000150203705
71,35,0.07289999723434448
72,35,0.08479999750852585
73,35,0.12409999966621399
74,35,0.07010000199079514
75,35,0.19089999794960022
76,35,0.12430000305175781
77,35,0.08780000358819962
78,35,0.09449999779462814
79,35,0.05959999933838844
80,35,0.0706000030040741
81,35,0.1096000000834465
82,35,0.1273999959230423
83,35,0.15639999508857727
84,35,0.0892999991774559
85,35,0.18240000307559967
86,35,0.22169999778270721
87,35,0.16619999706745148
88,35,0.08399999886751175
89,35,0.07050000131130219
90,35,0.05420000106096268
91,35,0.08229999989271164
92,35,0.07109999656677246
93,35,0.0406000018119812
94,35,0.05009999871253967
95,35,0.04560000076889992
96,35,0.03440000116825104
97,35,0.2930000126361847
98,35,0.28999999165534973
99,35,0.2770000100135803
100,35,0.2849999964237213
1,36,0.05909999832510948
2,36,0.08020000159740448
3,36,0.06369999796152115
4,36,0.09210000187158585
5,36,0.062300000339746475
6,36,0.08399999886751175
7,36,0.10180000215768814
8,36,0.12210000306367874
9,36,0.11729999631643295
10,36,0.08950000256299973
11,36,0.07370000332593918
12,36,0.046799998730421066
13,36,0.2930000126361847
14,36,0.28999999165534973
15,36,0.2840000092983246
16,36,0.2720000147819519
17,36,0.27300000190734863
18,36,0.28700000047683716
19,36,0.2849999964237213
20,36,0.27799999713897705
21,36,0.029100000858306885
22,36,0.03269999846816063
23,36,0.04529999941587448
24,36,0.03779999911785126
25,36,0.0357000008225441
26,36,0.05490000173449516
27,36,0.050599999725818634
28,36,0.03970000147819519
29,36,0.0364999994635582
30,36,0.04569999873638153
31,36,0.057500001043081284
32,36,0.06199999898672104
33,36,0.0658000037074089
34,36,0.07729999721050262
35,36,0.03139999881386757
36,36,0.042899999767541885
37,36,0.043299999088048935
38,36,0.04749999940395355
39,36,0.0502999983727932
40,36,0.06499999761581421
41,36,0.0478999987244606
42,36,0.061900001019239426
43,36,0.06639999896287918
44,36,0.066600002348423
45,36,0.06759999692440033
46,36,0.050700001418590546
47,36,0.04560000076889992
48,36,0.05999999865889549
49,36,0.05139999836683273
50,36,0.03799999877810478
51,36,0.041200000792741776
52,36,0.04039999842643738
53,36,0.030899999663233757
54,36,0.03700000047683716
55,36,0.030300000682473183
56,36,0.03449999913573265
57,36,0.02500000037252903
58,36,0.0989999994635582
59,36,0.2639999985694885
60,36,0.2709999978542328
61,36,0.28200000524520874
62,36,0.2849999964237213
63,36,0.26899999380111694
64,36,0.2630000114440918
65,36,0.2630000114440918
66,36,0.2590000033378601
67,36,0.08399999886751175
68,36,0.09939999878406525
69,36,0.08969999849796295
70,36,0.07810000330209732
71,36,0.06949999928474426
72,36,0.11810000240802765
73,36,0.12150000035762787
74,36,0.09459999948740005
75,36,0.15410000085830688
76,36,0.13410000503063202
77,36,0.11180000007152557
78,36,0.14820000529289246
79,36,0.13379999995231628
80,36,0.10459999740123749
81,36,0.12290000170469284
82,36,0.13369999825954437
83,36,0.10819999873638153
84,36,0.09910000115633011
85,36,0.13660000264644623
86,36,0.131400004029274
87,36,0.14090000092983246
88,36,0.16740000247955322
89,36,0.11169999837875366
90,36,0.06889999657869339
91,36,0.14219999313354492
92,36,0.0714000016450882
93,36,0.060600001364946365
94,36,0.03750000149011612
95,36,0.06419999897480011
96,36,0.05090000107884407
97,36,0.03920000046491623
98,36,0.06759999692440033
99,36,0.27900001406669617
100,36,0.289000004529953
1,37,0.05739999935030937
2,37,0.07859999686479568
3,37,0.0640999972820282
4,37,0.0560000017285347
5,37,0.07159999758005142
6,37,0.08299999684095383
7,37,0.07209999859333038
8,37,0.08669999986886978
9,37,0.09929999709129333
10,37,0.06520000100135803
11,37,0.06040000170469284
12,37,0.049300000071525574
13,37,0.05770000070333481
14,37,0.2840000092983246
15,37,0.28600001335144043
16,37,0.2720000147819519
17,37,0.2809999883174896
18,37,0.2849999964237213
19,37,0.2800000011920929
20,37,0.28200000524520874
21,37,0.28949999809265137
22,37,0.29100000858306885
23,37,0.03750000149011612
24,37,0.05209999904036522
25,37,0.041600000113248825
26,37,0.04989999905228615
27,37,0.026499999687075615
28,37,0.03269999846816063
29,37,0.046300001442432404
30,37,0.046799998730421066
31,37,0.07190000265836716
32,37,0.07699999958276749
33,37,0.0851999968290329
34,37,0.05900000035762787
35,37,0.051899999380111694
36,37,0.060100000351667404
37,37,0.05480000004172325
38,37,0.04879999905824661
39,37,0.07150000333786011
40,37,0.048500001430511475
41,37,0.06700000166893005
42,37,0.07890000194311142
43,37,0.06260000169277191
44,37,0.13920000195503235
45,37,0.15240000188350677
46,37,0.11140000075101852
47,37,0.08169999718666077
48,37,0.05530000105500221
49,37,0.0340999998152256
50,37,0.03060000017285347
51,37,0.03550000116229057
52,37,0.03150000050663948
53,37,0.020099999383091927
54,37,0.01899999938905239
55,37,0.025699999183416367
56,37,0.02630000002682209
57,37,0.12780000269412994
58,37,0.23000000417232513
59,37,0.26100000739097595
60,37,0.27799999713897705
61,37,0.28299999237060547
62,37,0.27399998903274536
63,37,0.2800000011920929
64,37,0.26499998569488525
65,37,0.23600000143051147
66,37,0.14669999480247498
67,37,0.13459999859333038
68,37,0.09279999881982803
69,37,0.11460000276565552
70,37,0.061900001019239426
71,37,0.06719999760389328
72,37,0.09839999675750732
73,37,0.08889999985694885
74,37,0.13130000233650208
75,37,0.1664000004529953
76,37,0.22349999845027924
77,37,0.18970000743865967
78,37,0.12890000641345978
79,37,0.1907999962568283
80,37,0.1550000011920929
81,37,0.16279999911785126
82,37,0.11100000143051147
83,37,0.10339999943971634
84,37,0.13019999861717224
85,37,0.17560000717639923
86,37,0.1378999948501587
87,37,0.16110000014305115
88,37,0.16019999980926514
89,37,0.14139999449253082
90,37,0.1597999930381775
91,37,0.1307000070810318
92,37,0.07840000092983246
93,37,0.05310000106692314
94,37,0.032499998807907104
95,37,0.06759999692440033
96,37,0.04450000077486038
97,37,0.03779999911785126
98,37,0.07169999927282333
99,37,0.0333000011742115
100,37,0.2849999964237213
1,38,0.08129999786615372
2,38,0.120899997651577
3,38,0.11110000312328339
4,38,0.08619999885559082
5,38,0.07429999858140945
6,38,0.07810000330209732
7,38,0.11710000038146973
8,38,0.11980000138282776
9,38,0.08399999886751175
10,38,0.029999999329447746
11,38,0.04430000111460686
12,38,0.04190000146627426
13,38,0.09070000052452087
14,38,0.06419999897480011
15,38,0.08560000360012054
16,38,0.07680000364780426
17,38,0.28700000047683716
18,38,0.2919999957084656
19,38,0.27799999713897705
20,38,0.2800000011920929
21,38,0.2849999964237213
22,38,0.27799999713897705
23,38,0.2809999883174896
24,38,0.049400001764297485
25,38,0.05860000103712082
26,38,0.07800000160932541
27,38,0.04280000180006027
28,38,0.04320000112056732
29,38,0.04910000041127205
30,38,0.06199999898672104
31,38,0.0957999974489212
32,38,0.09780000150203705
33,38,0.08349999785423279
34,38,0.06909999996423721
35,38,0.051500000059604645
36,38,0.05169999971985817
37,38,0.06960000097751617
38,38,0.0949999988079071
39,38,0.06800000369548798
40,38,0.06800000369548798
41,38,0.09319999814033508
42,38,0.13830000162124634
43,38,0.09539999812841415
44,38,0.11190000176429749
45,38,0.1251000016927719
46,38,0.13429999351501465
47,38,0.08950000256299973
48,38,0.06350000202655792
49,38,0.07769999653100967
50,38,0.03550000116229057
51,38,0.04690000042319298
52,38,0.029400000348687172
53,38,0.040699999779462814
54,38,0.04910000041127205
55,38,0.020400000736117363
56,38,0.031199999153614044
57,38,0.042899999767541885
58,38,0.21400000154972076
59,38,0.26600000262260437
60,38,0.23600000143051147
61,38,0.28200000524520874
62,38,0.2709999978542328
63,38,0.27799999713897705
64,38,0.20600000023841858
65,38,0.24799999594688416
66,38,0.07180000096559525
67,38,0.08980000019073486
68,38,0.11599999666213989
69,38,0.1120000034570694
70,38,0.08649999648332596
71,38,0.06589999794960022
72,38,0.07739999890327454
73,38,0.10329999774694443
74,38,0.125900000333786
75,38,0.1817999929189682
76,38,0.19679999351501465
77,38,0.18119999766349792
78,38,0.14970000088214874
79,38,0.11909999698400497
80,38,0.18729999661445618
81,38,0.09799999743700027
82,38,0.06679999828338623
83,38,0.09560000151395798
84,38,0.12399999797344208
85,38,0.13030000030994415
86,38,0.15160000324249268
87,38,0.12720000743865967
88,38,0.1080000028014183
89,38,0.09399999678134918
90,38,0.07050000131130219
91,38,0.06939999759197235
92,38,0.07760000228881836
93,38,0.03880000114440918
94,38,0.052799999713897705
95,38,0.054099999368190765
96,38,0.041099999099969864
97,38,0.036400001496076584
98,38,0.032600000500679016
99,38,0.024800000712275505
100,38,0.2709999978542328
1,39,0.14219999313354492
2,39,0.11460000276565552
3,39,0.09560000151395798
4,39,0.09040000289678574
5,39,0.07109999656677246
6,39,0.052000001072883606
7,39,0.050200000405311584
8,39,0.05869999900460243
9,39,0.04919999837875366
10,39,0.05570000037550926
11,39,0.03269999846816063
12,39,0.03150000050663948
13,39,0.028699999675154686
14,39,0.0754999965429306
15,39,0.0868000015616417
16,39,0.07500000298023224
17,39,0.30000001192092896
18,39,0.28999999165534973
19,39,0.28360000252723694
20,39,0.28999999165534973
21,39,0.28700000047683716
22,39,0.2630000114440918
23,39,0.2720000147819519
24,39,0.2759999930858612
25,39,0.054099999368190765
26,39,0.0738999992609024
27,39,0.061500001698732376
28,39,0.04859999939799309
29,39,0.05530000105500221
30,39,0.12280000001192093
31,39,0.093299999833107
32,39,0.11129999905824661
33,39,0.09130000323057175
34,39,0.05050000175833702
35,39,0.07010000199079514
36,39,0.06939999759197235
37,39,0.10989999771118164
38,39,0.11490000039339066
39,39,0.12219999730587006
40,39,0.12240000069141388
41,39,0.15330000221729279
42,39,0.13899999856948853
43,39,0.0649000033736229
44,39,0.08380000293254852
45,39,0.09319999814033508
46,39,0.09560000151395798
47,39,0.09120000153779984
48,39,0.09700000286102295
49,39,0.15530000627040863
50,39,0.09539999812841415
51,39,0.07900000363588333
52,39,0.048900000751018524
53,39,0.04919999837875366
54,39,0.04639999940991402
55,39,0.05779999867081642
56,39,0.02979999966919422
57,39,0.15119999647140503
58,39,0.2639999985694885
59,39,0.2630000114440918
60,39,0.25200000405311584
61,39,0.2540000081062317
62,39,0.27300000190734863
63,39,0.27250000834465027
64,39,0.25
65,39,0.16830000281333923
66,39,0.07819999754428864
67,39,0.0917000025510788
68,39,0.11010000109672546
69,39,0.07859999686479568
70,39,0.08399999886751175
71,39,0.07890000194311142
72,39,0.04349999874830246
73,39,0.10180000215768814
74,39,0.1598999947309494
75,39,0.17820000648498535
76,39,0.17739999294281006
77,39,0.15309999883174896
78,39,0.17299999296665192
79,39,0.12229999899864197
80,39,0.16580000519752502
81,39,0.09480000287294388
82,39,0.11349999904632568
83,39,0.09700000286102295
84,39,0.1534000039100647
85,39,0.19009999930858612
86,39,0.1527000069618225
87,39,0.11540000140666962
88,39,0.09679999947547913
89,39,0.09080000221729279
90,39,0.0957999974489212
91,39,0.05689999833703041
92,39,0.043800000101327896
93,39,0.03539999946951866
94,39,0.03629999980330467
95,39,0.024800000712275505
96,39,0.03840000182390213
97,39,0.035999998450279236
98,39,0.015799999237060547
99,39,0.026000000536441803
100,39,0.27300000190734863
1,40,0.05979999899864197
2,40,0.11029999703168869
3,40,0.05790000036358833
4,40,0.05389999970793724
5,40,0.0697999969124794
6,40,0.0348999984562397
7,40,0.028699999675154686
8,40,0.0502999983727932
9,40,0.04820000007748604
10,40,0.06939999759197235
11,40,0.02669999934732914
12,40,0.018300000578165054
13,40,0.04500000178813934
14,40,0.06129999831318855
15,40,0.06989999860525131
16,40,0.07739999890327454
17,40,0.053599998354911804
18,40,0.06239999830722809
19,40,0.04450000077486038
20,40,0.28700000047683716
21,40,0.28700000047683716
22,40,0.2669999897480011
23,40,0.27399998903274536
24,40,0.2549999952316284
25,40,0.251800000667572
26,40,0.057500001043081284
27,40,0.06019999831914902
28,40,0.062300000339746475
29,40,0.10729999840259552
30,40,0.10589999705553055
31,40,0.13519999384880066
32,40,0.12200000137090683
33,40,0.10849999636411667
34,40,0.08950000256299973
35,40,0.10260000079870224
36,40,0.10350000113248825
37,40,0.13359999656677246
38,40,0.1412000060081482
39,40,0.164000004529953
40,40,0.08980000019073486
41,40,0.1289999932050705
42,40,0.09880000352859497
43,40,0.1712999939918518
44,40,0.13729999959468842
45,40,0.1120000034570694
46,40,0.11550000309944153
47,40,0.0714000016450882
48,40,0.10000000149011612
49,40,0.09740000218153
50,40,0.0714000016450882
51,40,0.07329999655485153
52,40,0.08309999853372574
53,40,0.07580000162124634
54,40,0.08540000021457672
55,40,0.05730000138282776
56,40,0.17550000548362732
57,40,0.2750000059604645
58,40,0.2720000147819519
59,40,0.2619999945163727
60,40,0.23240000009536743
61,40,0.2506999969482422
62,40,0.27300000190734863
63,40,0.2770000100135803
64,40,0.2680000066757202
65,40,0.1817999929189682
66,40,0.049300000071525574
67,40,0.06210000067949295
68,40,0.0551999993622303
69,40,0.09030000120401382
70,40,0.07569999992847443
71,40,0.09220000356435776
72,40,0.09939999878406525
73,40,0.11680000275373459
74,40,0.14139999449253082
75,40,0.21359999477863312
76,40,0.14589999616146088
77,40,0.16670000553131104
78,40,0.125900000333786
79,40,0.11490000039339066
80,40,0.13040000200271606
81,40,0.17110000550746918
82,40,0.11490000039339066
83,40,0.1331000030040741
84,40,0.1265999972820282
85,40,0.20569999516010284
86,40,0.15459999442100525
87,40,0.10140000283718109
88,40,0.07479999959468842
89,40,0.060600001364946365
90,40,0.09529999643564224
91,40,0.05590000003576279
92,40,0.03920000046491623
93,40,0.044599998742341995
94,40,0.024299999698996544
95,40,0.026499999687075615
96,40,0.019700000062584877
97,40,0.02459999918937683
98,40,0.023099999874830246
99,40,0.02239999920129776
100,40,0.029899999499320984
1,41,0.05869999900460243
2,41,0.09290000051259995
3,41,0.058400001376867294
4,41,0.05739999935030937
5,41,0.0689999982714653
6,41,0.06939999759197235
7,41,0.03999999910593033
8,41,0.06509999930858612
9,41,0.04899999871850014
10,41,0.05590000003576279
11,41,0.03420000150799751
12,41,0.050999999046325684
13,41,0.03929999843239784
14,41,0.062300000339746475
15,41,0.05220000073313713
16,41,0.05900000035762787
17,41,0.041099999099969864
18,41,0.03099999949336052
19,41,0.02459999918937683
20,41,0.2939999997615814
21,41,0.2694999873638153
22,41,0.27900001406669617
23,41,0.27799999713897705
24,41,0.25200000405311584
25,41,0.2540000081062317
26,41,0.2770000100135803
27,41,0.07039999961853027
28,41,0.09910000115633011
29,41,0.1573999971151352
30,41,0.11089999973773956
31,41,0.13850000500679016
32,41,0.11909999698400497
33,41,0.18080000579357147
34,41,0.12489999830722809
35,41,0.12380000203847885
36,41,0.1120000034570694
37,41,0.17350000143051147
38,41,0.14399999380111694
39,41,0.17430000007152557
40,41,0.11599999666213989
41,41,0.1006999984383583
42,41,0.1444000005722046
43,41,0.18369999527931213
44,41,0.13339999318122864
45,41,0.11599999666213989
46,41,0.16329999268054962
47,41,0.10440000146627426
48,41,0.07400000095367432
49,41,0.08299999684095383
50,41,0.06800000369548798
51,41,0.10320000350475311
52,41,0.04910000041127205
53,41,0.03700000047683716
54,41,0.03689999878406525
55,41,0.06920000165700912
56,41,0.1826999932527542
57,41,0.2709999978542328
58,41,0.2639999985694885
59,41,0.25699999928474426
60,41,0.2590000033378601
61,41,0.19179999828338623
62,41,0.27219998836517334
63,41,0.2709999978542328
64,41,0.18809999525547028
65,41,0.062300000339746475
66,41,0.0333000011742115
67,41,0.044199999421834946
68,41,0.037300001829862595
69,41,0.08209999650716782
70,41,0.05959999933838844
71,41,0.1606999933719635
72,41,0.16179999709129333
73,41,0.18610000610351562
74,41,0.21529999375343323
75,41,0.1746000051498413
76,41,0.1225999966263771
77,41,0.15620000660419464
78,41,0.11729999631643295
79,41,0.14380000531673431
80,41,0.0949999988079071
81,41,0.1088000014424324
82,41,0.13019999861717224
83,41,0.10610000044107437
84,41,0.09099999815225601
85,41,0.15320000052452087
86,41,0.09839999675750732
87,41,0.10909999907016754
88,41,0.05869999900460243
89,41,0.07109999656677246
90,41,0.05959999933838844
91,41,0.05739999935030937
92,41,0.04969999939203262
93,41,0.036400001496076584
94,41,0.03229999914765358
95,41,0.0340999998152256
96,41,0.019999999552965164
97,41,0.017000000923871994
98,41,0.016200000420212746
99,41,0.020999999716877937
100,41,0.01679999940097332
1,42,0.04179999977350235
2,42,0.04910000041127205
3,42,0.06499999761581421
4,42,0.05180000141263008
5,42,0.06719999760389328
6,42,0.05119999870657921
7,42,0.07479999959468842
8,42,0.03869999945163727
9,42,0.04800000041723251
10,42,0.05050000175833702
11,42,0.03370000049471855
12,42,0.04309999942779541
13,42,0.037300001829862595
14,42,0.04859999939799309
15,42,0.0348999984562397
16,42,0.0421999990940094
17,42,0.03269999846816063
18,42,0.021900000050663948
19,42,0.015200000256299973
20,42,0.28700000047683716
21,42,0.27900001406669617
22,42,0.2709999978542328
23,42,0.27399998903274536
24,42,0.2720000147819519
25,42,0.27000001072883606
26,42,0.2630000114440918
27,42,0.06909999996423721
28,42,0.14300000667572021
29,42,0.10899999737739563
30,42,0.0697999969124794
31,42,0.09780000150203705
32,42,0.09440000355243683
33,42,0.18330000340938568
34,42,0.1436000019311905
35,42,0.10450000315904617
36,42,0.09570000320672989
37,42,0.093299999833107
38,42,0.1014999970793724
39,42,0.13030000030994415
40,42,0.18250000476837158
41,42,0.12139999866485596
42,42,0.18490000069141388
43,42,0.17980000376701355
44,42,0.11190000176429749
45,42,0.1657000035047531
46,42,0.16249999403953552
47,42,0.10769999772310257
48,42,0.10329999774694443
49,42,0.0722000002861023
50,42,0.06800000369548798
51,42,0.09000000357627869
52,42,0.06260000169277191
53,42,0.04230000078678131
54,42,0.027799999341368675
55,42,0.16830000281333923
56,42,0.28700000047683716
57,42,0.27300000190734863
58,42,0.2590000033378601
59,42,0.257999986410141
60,42,0.2590000033378601
61,42,0.2549999952316284
62,42,0.2770000100135803
63,42,0.27000001072883606
64,42,0.04859999939799309
65,42,0.04010000079870224
66,42,0.03180000185966492
67,42,0.04650000110268593
68,42,0.038100000470876694
69,42,0.06159999966621399
70,42,0.10329999774694443
71,42,0.09009999781847
72,42,0.09510000050067902
73,42,0.11209999769926071
74,42,0.11230000108480453
75,42,0.1046999990940094
76,42,0.08309999853372574
77,42,0.0828000009059906
78,42,0.10019999742507935
79,42,0.08070000261068344
80,42,0.11819999665021896
81,42,0.0786999985575676
82,42,0.07750000059604645
83,42,0.07270000129938126
84,42,0.06369999796152115
85,42,0.06379999965429306
86,42,0.07800000160932541
87,42,0.0778999999165535
88,42,0.04879999905824661
89,42,0.035100001841783524
90,42,0.02979999966919422
91,42,0.054499998688697815
92,42,0.03880000114440918
93,42,0.025800000876188278
94,42,0.03139999881386757
95,42,0.01730000041425228
96,42,0.03500000014901161
97,42,0.024000000208616257
98,42,0.03099999949336052
99,42,0.020899999886751175
100,42,0.02500000037252903
1,43,0.048900000751018524
2,43,0.08330000191926956
3,43,0.06669999659061432
4,43,0.06780000030994415
5,43,0.06040000170469284
6,43,0.05700000002980232
7,43,0.04179999977350235
8,43,0.07429999858140945
9,43,0.0714000016450882
10,43,0.05790000036358833
11,43,0.08259999752044678
12,43,0.06440000236034393
13,43,0.06159999966621399
14,43,0.04879999905824661
15,43,0.04010000079870224
16,43,0.03999999910593033
17,43,0.02710000053048134
18,43,0.01899999938905239
19,43,0.01510000042617321
20,43,0.01759999990463257
21,43,0.2720000147819519
22,43,0.2770000100135803
23,43,0.2619999945163727
24,43,0.2800000011920929
25,43,0.2770000100135803
26,43,0.26899999380111694
27,43,0.2540000081062317
28,43,0.2540000081062317
29,43,0.12399999797344208
30,43,0.08950000256299973
31,43,0.06960000097751617
32,43,0.11909999698400497
33,43,0.11909999698400497
34,43,0.11909999698400497
35,43,0.11909999698400497
36,43,0.1315000057220459
37,43,0.12380000203847885
38,43,0.12250000238418579
39,43,0.12470000237226486
40,43,0.12729999423027039
41,43,0.08079999685287476
42,43,0.14589999616146088
43,43,0.13529999554157257
44,43,0.07440000027418137
45,43,0.10949999839067459
46,43,0.08259999752044678
47,43,0.11980000138282776
48,43,0.09520000219345093
49,43,0.0786999985575676
50,43,0.0658000037074089
51,43,0.05420000106096268
52,43,0.05169999971985817
53,43,0.06210000067949295
54,43,0.04650000110268593
55,43,0.16380000114440918
56,43,0.28600001335144043
57,43,0.2680000066757202
58,43,0.23000000417232513
59,43,0.25699999928474426
60,43,0.2770000100135803
61,43,0.23999999463558197
62,43,0.20970000326633453
63,43,0.07609999924898148
64,43,0.04179999977350235
65,43,0.04769999906420708
66,43,0.03680000081658363
67,43,0.02449999935925007
68,43,0.04619999974966049
69,43,0.05889999866485596
70,43,0.07739999890327454
71,43,0.09319999814033508
72,43,0.11550000309944153
73,43,0.10029999911785126
74,43,0.06379999965429306
75,43,0.0723000019788742
76,43,0.07739999890327454
77,43,0.054099999368190765
78,43,0.05040000006556511
79,43,0.04170000180602074
80,43,0.05429999902844429
81,43,0.05490000173449516
82,43,0.06499999761581421
83,43,0.06859999895095825
84,43,0.04650000110268593
85,43,0.05000000074505806
86,43,0.0722000002861023
87,43,0.04399999976158142
88,43,0.04010000079870224
89,43,0.04619999974966049
90,43,0.029500000178813934
91,43,0.024900000542402267
92,43,0.02419999986886978
93,43,0.024900000542402267
94,43,0.02669999934732914
95,43,0.019899999722838402
96,43,0.0340999998152256
97,43,0.02800000086426735
98,43,0.024299999698996544
99,43,0.028300000354647636
100,43,0.029899999499320984
1,44,0.06030000001192093
2,44,0.08290000259876251
3,44,0.06159999966621399
4,44,0.046799998730421066
5,44,0.07559999823570251
6,44,0.08030000329017639
7,44,0.04270000010728836
8,44,0.065700002014637
9,44,0.06019999831914902
10,44,0.07109999656677246
11,44,0.07280000299215317
12,44,0.07829999923706055
13,44,0.05339999869465828
14,44,0.03139999881386757
15,44,0.02459999918937683
16,44,0.042100001126527786
17,44,0.0421999990940094
18,44,0.03720000013709068
19,44,0.027400000020861626
20,44,0.015200000256299973
21,44,0.2849999964237213
22,44,0.27900001406669617
23,44,0.2549999952316284
24,44,0.2680000066757202
25,44,0.27300000190734863
26,44,0.2639999985694885
27,44,0.06790000200271606
28,44,0.09830000251531601
29,44,0.09830000251531601
30,44,0.09830000251531601
31,44,0.09830000251531601
32,44,0.09830000251531601
33,44,0.09830000251531601
34,44,0.09830000251531601
35,44,0.1339000016450882
36,44,0.17339999973773956
37,44,0.18029999732971191
38,44,0.09790000319480896
39,44,0.10140000283718109
40,44,0.1264999955892563
41,44,0.2076999992132187
42,44,0.11869999766349792
43,44,0.120899997651577
44,44,0.07419999688863754
45,44,0.11110000312328339
46,44,0.12549999356269836
47,44,0.13379999995231628
48,44,0.14419999718666077
49,44,0.07410000264644623
50,44,0.0731000006198883
51,44,0.05079999938607216
52,44,0.05959999933838844
53,44,0.03440000116825104
54,44,0.29600000381469727
55,44,0.29100000858306885
56,44,0.2800000011920929
57,44,0.26499998569488525
58,44,0.19429999589920044
59,44,0.2669999897480011
60,44,0.27799999713897705
61,44,0.26600000262260437
62,44,0.20069999992847443
63,44,0.07370000332593918
64,44,0.05849999934434891
65,44,0.05660000070929527
66,44,0.03849999979138374
67,44,0.03400000184774399
68,44,0.048700001090765
69,44,0.07370000332593918
70,44,0.08389999717473984
71,44,0.05939999967813492
72,44,0.07400000095367432
73,44,0.11069999635219574
74,44,0.08560000360012054
75,44,0.0778999999165535
76,44,0.05660000070929527
77,44,0.030899999663233757
78,44,0.02459999918937683
79,44,0.039400000125169754
80,44,0.04899999871850014
81,44,0.05260000005364418
82,44,0.054099999368190765
83,44,0.07660000026226044
84,44,0.042899999767541885
85,44,0.04830000177025795
86,44,0.03500000014901161
87,44,0.0340999998152256
88,44,0.04520000144839287
89,44,0.02969999983906746
90,44,0.023399999365210533
91,44,0.024800000712275505
92,44,0.04089999943971634
93,44,0.037700001150369644
94,44,0.026900000870227814
95,44,0.02879999950528145
96,44,0.023099999874830246
97,44,0.030700000002980232
98,44,0.026499999687075615
99,44,0.04879999905824661
100,44,0.07010000199079514
1,45,0.06109999865293503
2,45,0.08150000125169754
3,45,0.04470000043511391
4,45,0.08349999785423279
5,45,0.0997999981045723
6,45,0.10989999771118164
7,45,0.07660000026226044
8,45,0.11240000277757645
9,45,0.1340000033378601
10,45,0.13259999454021454
11,45,0.06040000170469284
12,45,0.07890000194311142
13,45,0.05609999969601631
14,45,0.053199999034404755
15,45,0.05779999867081642
16,45,0.053599998354911804
17,45,0.03880000114440918
18,45,0.036400001496076584
19,45,0.03020000085234642
20,45,0.03350000083446503
21,45,0.2879999876022339
22,45,0.2879999876022339
23,45,0.27399998903274536
24,45,0.2619999945163727
25,45,0.2669999897480011
26,45,0.24199999868869781
27,45,0.048900000751018524
28,45,0.07850000262260437
29,45,0.07850000262260437
30,45,0.07850000262260437
31,45,0.07850000262260437
32,45,0.07850000262260437
33,45,0.07850000262260437
34,45,0.07850000262260437
35,45,0.07850000262260437
36,45,0.12860000133514404
37,45,0.1316000074148178
38,45,0.09390000253915787
39,45,0.1005999967455864
40,45,0.11490000039339066
41,45,0.16699999570846558
42,45,0.1589999943971634
43,45,0.14010000228881836
44,45,0.10029999911785126
45,45,0.1307000070810318
46,45,0.08609999716281891
47,45,0.14589999616146088
48,45,0.043699998408555984
49,45,0.05389999970793724
50,45,0.04170000180602074
51,45,0.04690000042319298
52,45,0.034299999475479126
53,45,0.27000001072883606
54,45,0.2919999957084656
55,45,0.29100000858306885
56,45,0.2800000011920929
57,45,0.2770000100135803
58,45,0.2199999988079071
59,45,0.2709999978542328
60,45,0.2800000011920929
61,45,0.05739999935030937
62,45,0.13050000369548798
63,45,0.09740000218153
64,45,0.07039999961853027
65,45,0.061000000685453415
66,45,0.05510000139474869
67,45,0.07100000232458115
68,45,0.09839999675750732
69,45,0.12110000103712082
70,45,0.07859999686479568
71,45,0.08330000191926956
72,45,0.061900001019239426
73,45,0.08150000125169754
74,45,0.08889999985694885
75,45,0.06989999860525131
76,45,0.037700001150369644
77,45,0.039000000804662704
78,45,0.040800001472234726
79,45,0.040300000458955765
80,45,0.052000001072883606
81,45,0.07460000365972519
82,45,0.061799999326467514
83,45,0.05909999832510948
84,45,0.06889999657869339
85,45,0.03959999978542328
86,45,0.03590000048279762
87,45,0.053199999034404755
88,45,0.04190000146627426
89,45,0.03480000048875809
90,45,0.03370000049471855
91,45,0.03240000084042549
92,45,0.03189999982714653
93,45,0.034299999475479126
94,45,0.030799999833106995
95,45,0.02930000051856041
96,45,0.03680000081658363
97,45,0.033900000154972076
98,45,0.04439999908208847
99,45,0.06419999897480011
100,45,0.27799999713897705
1,46,0.07159999758005142
2,46,0.08489999920129776
3,46,0.06279999762773514
4,46,0.06539999693632126
5,46,0.07620000094175339
6,46,0.14259999990463257
7,46,0.08649999648332596
8,46,0.11420000344514847
9,46,0.07069999724626541
10,46,0.10189999639987946
11,46,0.06909999996423721
12,46,0.0348999984562397
13,46,0.04170000180602074
14,46,0.09480000287294388
15,46,0.09790000319480896
16,46,0.045099999755620956
17,46,0.03849999979138374
18,46,0.0333000011742115
19,46,0.04360000044107437
20,46,0.032499998807907104
21,46,0.07569999992847443
22,46,0.30300000309944153
23,46,0.28299999237060547
24,46,0.27300000190734863
25,46,0.27300000190734863
26,46,0.2680000066757202
27,46,0.2619999945163727
28,46,0.07559999823570251
29,46,0.07559999823570251
30,46,0.07559999823570251
31,46,0.07559999823570251
32,46,0.07559999823570251
33,46,0.07559999823570251
34,46,0.07559999823570251
35,46,0.07559999823570251
36,46,0.13840000331401825
37,46,0.13259999454021454
38,46,0.07180000096559525
39,46,0.06790000200271606
40,46,0.08810000121593475
41,46,0.09279999881982803
42,46,0.1542000025510788
43,46,0.08760000020265579
44,46,0.07639999687671661
45,46,0.10459999740123749
46,46,0.08420000225305557
47,46,0.04619999974966049
48,46,0.03849999979138374
49,46,0.04149999842047691
50,46,0.03739999979734421
51,46,0.03280000016093254
52,46,0.1665000021457672
53,46,0.29899999499320984
54,46,0.2840000092983246
55,46,0.29600000381469727
56,46,0.2939999997615814
57,46,0.28700000047683716
58,46,0.2529999911785126
59,46,0.2549999952316284
60,46,0.18000000715255737
61,46,0.07069999724626541
62,46,0.11540000140666962
63,46,0.11129999905824661
64,46,0.08100000023841858
65,46,0.061799999326467514
66,46,0.10779999941587448
67,46,0.07989999651908875
68,46,0.09189999848604202
69,46,0.09719999879598618
70,46,0.06400000303983688
71,46,0.051600001752376556
72,46,0.052299998700618744
73,46,0.10209999978542328
74,46,0.09179999679327011
75,46,0.048700001090765
76,46,0.04170000180602074
77,46,0.05220000073313713
78,46,0.05050000175833702
79,46,0.037300001829862595
80,46,0.05640000104904175
81,46,0.03750000149011612
82,46,0.03020000085234642
83,46,0.05310000106692314
84,46,0.07930000126361847
85,46,0.045899998396635056
86,46,0.04280000180006027
87,46,0.03739999979734421
88,46,0.03909999877214432
89,46,0.026900000870227814
90,46,0.02449999935925007
91,46,0.058800000697374344
92,46,0.03849999979138374
93,46,0.04019999876618385
94,46,0.06109999865293503
95,46,0.03550000116229057
96,46,0.027799999341368675
97,46,0.03759999945759773
98,46,0.05979999899864197
99,46,0.03970000147819519
100,46,0.2750000059604645
1,47,0.0722000002861023
2,47,0.06459999829530716
3,47,0.08169999718666077
4,47,0.08630000054836273
5,47,0.08420000225305557
6,47,0.1006999984383583
7,47,0.14669999480247498
8,47,0.1160999983549118
9,47,0.07670000195503235
10,47,0.08919999748468399
11,47,0.05460000038146973
12,47,0.029500000178813934
13,47,0.031599998474121094
14,47,0.06989999860525131
15,47,0.05220000073313713
16,47,0.08540000021457672
17,47,0.06909999996423721
18,47,0.0625
19,47,0.07079999893903732
20,47,0.07569999992847443
21,47,0.07850000262260437
22,47,0.2912999987602234
23,47,0.28299999237060547
24,47,0.2680000066757202
25,47,0.2770000100135803
26,47,0.27300000190734863
27,47,0.2619999945163727
28,47,0.06790000200271606
29,47,0.06790000200271606
30,47,0.06790000200271606
31,47,0.06790000200271606
32,47,0.06790000200271606
33,47,0.06790000200271606
34,47,0.06790000200271606
35,47,0.06790000200271606
36,47,0.09880000352859497
37,47,0.09969999641180038
38,47,0.09719999879598618
39,47,0.06920000165700912
40,47,0.058400001376867294
41,47,0.08820000290870667
42,47,0.05590000003576279
43,47,0.05920000001788139
44,47,0.046799998730421066
45,47,0.07150000333786011
46,47,0.09839999675750732
47,47,0.057999998331069946
48,47,0.0625
49,47,0.04650000110268593
50,47,0.049800001084804535
51,47,0.28999999165534973
52,47,0.28999999165534973
53,47,0.30799999833106995
54,47,0.29100000858306885
55,47,0.2939999997615814
56,47,0.3059999942779541
57,47,0.28999999165534973
58,47,0.27399998903274536
59,47,0.04740000143647194
60,47,0.07620000094175339
61,47,0.05700000002980232
62,47,0.07450000196695328
63,47,0.12960000336170197
64,47,0.1737000048160553
65,47,0.13779999315738678
66,47,0.1160999983549118
67,47,0.11240000277757645
68,47,0.06889999657869339
69,47,0.08799999952316284
70,47,0.09430000185966492
71,47,0.0689999982714653
72,47,0.05730000138282776
73,47,0.07000000029802322
74,47,0.07519999891519547
75,47,0.0608999989926815
76,47,0.04639999940991402
77,47,0.05270000174641609
78,47,0.07419999688863754
79,47,0.043699998408555984
80,47,0.0348999984562397
81,47,0.04100000113248825
82,47,0.026100000366568565
83,47,0.0714000016450882
84,47,0.07069999724626541
85,47,0.06019999831914902
86,47,0.044199999421834946
87,47,0.06800000369548798
88,47,0.0421999990940094
89,47,0.03840000182390213
90,47,0.025299999862909317
91,47,0.02449999935925007
92,47,0.020800000056624413
93,47,0.03539999946951866
94,47,0.040699999779462814
95,47,0.0471000000834465
96,47,0.02800000086426735
97,47,0.026100000366568565
98,47,0.04399999976158142
99,47,0.2680000066757202
100,47,0.2669999897480011
1,48,0.05460000038146973
2,48,0.0763000026345253
3,48,0.06809999793767929
4,48,0.05079999938607216
5,48,0.1185000017285347
6,48,0.08349999785423279
7,48,0.13210000097751617
8,48,0.1152999997138977
9,48,0.08449999988079071
10,48,0.11129999905824661
11,48,0.04610000178217888
12,48,0.06610000133514404
13,48,0.05620000138878822
14,48,0.03840000182390213
15,48,0.042100001126527786
16,48,0.06989999860525131
17,48,0.041600000113248825
18,48,0.11460000276565552
19,48,0.1160999983549118
20,48,0.10350000113248825
21,48,0.06469999998807907
22,48,0.0681999996304512
23,48,0.2849999964237213
24,48,0.2619999945163727
25,48,0.2669999897480011
26,48,0.27399998903274536
27,48,0.2630000114440918
28,48,0.29100000858306885
29,48,0.29100000858306885
30,48,0.29100000858306885
31,48,0.29100000858306885
32,48,0.29100000858306885
33,48,0.29100000858306885
34,48,0.29100000858306885
35,48,0.29100000858306885
36,48,0.08889999985694885
37,48,0.0738999992609024
38,48,0.0794999971985817
39,48,0.05950000137090683
40,48,0.05299999937415123
41,48,0.03240000084042549
42,48,0.059300001710653305
43,48,0.04410000145435333
44,48,0.02800000086426735
45,48,0.0494999997317791
46,48,0.0681999996304512
47,48,0.1289999932050705
48,48,0.11710000038146973
49,48,0.0989999994635582
50,48,0.14669999480247498
51,48,0.289000004529953
52,48,0.3070000112056732
53,48,0.30000001192092896
54,48,0.28200000524520874
55,48,0.30000001192092896
56,48,0.29600000381469727
57,48,0.28700000047683716
58,48,0.04859999939799309
59,48,0.0560000017285347
60,48,0.05660000070929527
61,48,0.04839999973773956
62,48,0.0658000037074089
63,48,0.1137000024318695
64,48,0.14399999380111694
65,48,0.15299999713897705
66,48,0.12099999934434891
67,48,0.11599999666213989
68,48,0.07450000196695328
69,48,0.05429999902844429
70,48,0.04960000142455101
71,48,0.06210000067949295
72,48,0.05310000106692314
73,48,0.032499998807907104
74,48,0.04800000041723251
75,48,0.07460000365972519
76,48,0.06400000303983688
77,48,0.05660000070929527
78,48,0.09510000050067902
79,48,0.06279999762773514
80,48,0.04529999941587448
81,48,0.041999999433755875
82,48,0.05460000038146973
83,48,0.11599999666213989
84,48,0.09030000120401382
85,48,0.07190000265836716
86,48,0.0640999972820282
87,48,0.049800001084804535
88,48,0.0737999975681305
89,48,0.05860000103712082
90,48,0.051500000059604645
91,48,0.05770000070333481
92,48,0.04050000011920929
93,48,0.0414000004529953
94,48,0.06809999793767929
95,48,0.04879999905824661
96,48,0.03819999843835831
97,48,0.04270000010728836
98,48,0.053199999034404755
99,48,0.19099999964237213
100,48,0.2630000114440918
1,49,0.04179999977350235
2,49,0.06239999830722809
3,49,0.06689999997615814
4,49,0.060100000351667404
5,49,0.06270000338554382
6,49,0.045099999755620956
7,49,0.08649999648332596
8,49,0.07720000296831131
9,49,0.042899999767541885
10,49,0.06469999998807907
11,49,0.050700001418590546
12,49,0.043699998408555984
13,49,0.0681999996304512
14,49,0.07479999959468842
15,49,0.029400000348687172
16,49,0.04699999839067459
17,49,0.06239999830722809
18,49,0.09109999984502792
19,49,0.07819999754428864
20,49,0.07530000060796738
21,49,0.07689999788999557
22,49,0.08540000021457672
23,49,0.28999999165534973
24,49,0.28600001335144043
25,49,0.2809999883174896
26,49,0.28600001335144043
27,49,0.27000001072883606
28,49,0.2919999957084656
29,49,0.2919999957084656
30,49,0.2919999957084656
31,49,0.2919999957084656
32,49,0.2919999957084656
33,49,0.2919999957084656
34,49,0.2919999957084656
35,49,0.2919999957084656
36,49,0.10580000281333923
37,49,0.07400000095367432
38,49,0.04749999940395355
39,49,0.039000000804662704
40,49,0.024000000208616257
41,49,0.04439999908208847
42,49,0.029899999499320984
43,49,0.03139999881386757
44,49,0.03319999948143959
45,49,0.0471000000834465
46,49,0.04800000041723251
47,49,0.05480000004172325
48,49,0.07249999791383743
49,49,0.06379999965429306
50,49,0.3070000112056732
51,49,0.30399999022483826
52,49,0.3089999854564667
53,49,0.2939999997615814
54,49,0.2879999876022339
55,49,0.296999990940094
56,49,0.296999990940094
57,49,0.16200000047683716
58,49,0.051899999380111694
59,49,0.0430000014603138
60,49,0.04360000044107437
61,49,0.07590000331401825
62,49,0.1054999977350235
63,49,0.10350000113248825
64,49,0.08389999717473984
65,49,0.17970000207424164
66,49,0.12600000202655792
67,49,0.07519999891519547
68,49,0.031099999323487282
69,49,0.04039999842643738
70,49,0.04309999942779541
71,49,0.06560000032186508
72,49,0.06080000102519989
73,49,0.060600001364946365
74,49,0.06199999898672104
75,49,0.08540000021457672
76,49,0.08110000193119049
77,49,0.07509999722242355
78,49,0.052799999713897705
79,49,0.04470000043511391
80,49,0.057100001722574234
81,49,0.09279999881982803
82,49,0.06120000034570694
83,49,0.11259999871253967
84,49,0.1356000006198883
85,49,0.12139999866485596
86,49,0.08160000294446945
87,49,0.052799999713897705
88,49,0.07190000265836716
89,49,0.053300000727176666
90,49,0.05990000069141388
91,49,0.05220000073313713
92,49,0.08269999921321869
93,49,0.05609999969601631
94,49,0.10689999908208847
95,49,0.05829999968409538
96,49,0.05290000140666962
97,49,0.04320000112056732
98,49,0.03689999878406525
99,49,0.21199999749660492
100,49,0.2529999911785126
1,50,0.07050000131130219
2,50,0.048700001090765
3,50,0.03709999844431877
4,50,0.029999999329447746
5,50,0.031199999153614044
6,50,0.038100000470876694
7,50,0.04729999974370003
8,50,0.07599999755620956
9,50,0.05169999971985817
10,50,0.04960000142455101
11,50,0.05290000140666962
12,50,0.0738999992609024
13,50,0.039900001138448715
14,50,0.05779999867081642
15,50,0.050999999046325684
16,50,0.09520000219345093
17,50,0.07010000199079514
18,50,0.1152999997138977
19,50,0.10719999670982361
20,50,0.1324000060558319
21,50,0.094200000166893
22,50,0.2800000011920929
23,50,0.2980000078678131
24,50,0.2770000100135803
25,50,0.2667999863624573
26,50,0.2750000059604645
27,50,0.27799999713897705
28,50,0.29100000858306885
29,50,0.29100000858306885
30,50,0.29100000858306885
31,50,0.29100000858306885
32,50,0.08860000222921371
33,50,0.08860000222921371
34,50,0.08860000222921371
35,50,0.08860000222921371
36,50,0.06880000233650208
37,50,0.06889999657869339
38,50,0.04960000142455101
39,50,0.022700000554323196
40,50,0.0348999984562397
41,50,0.0406000018119812
42,50,0.04450000077486038
43,50,0.03370000049471855
44,50,0.041200000792741776
45,50,0.0494999997317791
46,50,0.02930000051856041
47,50,0.03909999877214432
48,50,0.04610000178217888
49,50,0.16200000047683716
50,50,0.3050000071525574
51,50,0.29499998688697815
52,50,0.30399999022483826
53,50,0.2849999964237213
54,50,0.2980000078678131
55,50,0.29100000858306885
56,50,0.28999999165534973
57,50,0.05260000005364418
58,50,0.05779999867081642
59,50,0.03539999946951866
60,50,0.04230000078678131
61,50,0.06210000067949295
62,50,0.07419999688863754
63,50,0.0763000026345253
64,50,0.12129999697208405
65,50,0.11349999904632568
66,50,0.08749999850988388
67,50,0.05550000071525574
68,50,0.04179999977350235
69,50,0.032499998807907104
70,50,0.028999999165534973
71,50,0.03799999877810478
72,50,0.07760000228881836
73,50,0.062300000339746475
74,50,0.06610000133514404
75,50,0.10589999705553055
76,50,0.13439999520778656
77,50,0.08860000222921371
78,50,0.044599998742341995
79,50,0.04439999908208847
80,50,0.059300001710653305
81,50,0.08349999785423279
82,50,0.11680000275373459
83,50,0.15360000729560852
84,50,0.18479999899864197
85,50,0.15629999339580536
86,50,0.1459999978542328
87,50,0.08529999852180481
88,50,0.07890000194311142
89,50,0.05640000104904175
90,50,0.06199999898672104
91,50,0.08380000293254852
92,50,0.10300000011920929
93,50,0.062199998646974564
94,50,0.07280000299215317
95,50,0.0632999986410141
96,50,0.07840000092983246
97,50,0.06449999660253525
98,50,0.05050000175833702
99,50,0.2540000081062317
100,50,0.25699999928474426
1,51,0.039400000125169754
2,51,0.04800000041723251
3,51,0.03909999877214432
4,51,0.036400001496076584
5,51,0.030300000682473183
6,51,0.02459999918937683
7,51,0.03680000081658363
8,51,0.05730000138282776
9,51,0.04619999974966049
10,51,0.07270000129938126
11,51,0.061900001019239426
12,51,0.05380000174045563
13,51,0.055399999022483826
14,51,0.03970000147819519
15,51,0.059700001031160355
16,51,0.11909999698400497
17,51,0.06340000033378601
18,51,0.11670000106096268
19,51,0.08569999784231186
20,51,0.11919999867677689
21,51,0.05820000171661377
22,51,0.29600000381469727
23,51,0.2980000078678131
24,51,0.27900001406669617
25,51,0.2919999957084656
26,51,0.2709999978542328
27,51,0.27300000190734863
28,51,0.10140000283718109
29,51,0.11800000071525574
30,51,0.10300000011920929
31,51,0.10300000011920929
32,51,0.066600002348423
33,51,0.05950000137090683
34,51,0.08609999716281891
35,51,0.06970000267028809
36,51,0.07720000296831131
37,51,0.06199999898672104
38,51,0.06629999727010727
39,51,0.03440000116825104
40,51,0.020899999886751175
41,51,0.02250000089406967
42,51,0.05169999971985817
43,51,0.03400000184774399
44,51,0.041099999099969864
45,51,0.04490000009536743
46,51,0.041999999433755875
47,51,0.06129999831318855
48,51,0.3009999990463257
49,51,0.2919999957084656
50,51,0.3009999990463257
51,51,0.29010000824928284
52,51,0.29499998688697815
53,51,0.29600000381469727
54,51,0.30799999833106995
55,51,0.30399999022483826
56,51,0.12060000002384186
57,51,0.12290000170469284
58,51,0.09719999879598618
59,51,0.06239999830722809
60,51,0.054099999368190765
61,51,0.06379999965429306
62,51,0.08479999750852585
63,51,0.07000000029802322
64,51,0.0771000012755394
65,51,0.11980000138282776
66,51,0.10520000010728836
67,51,0.0877000018954277
68,51,0.06030000001192093
69,51,0.05180000141263008
70,51,0.04309999942779541
71,51,0.03550000116229057
72,51,0.061000000685453415
73,51,0.040699999779462814
74,51,0.07329999655485153
75,51,0.10610000044107437
76,51,0.0868000015616417
77,51,0.10010000318288803
78,51,0.04830000177025795
79,51,0.04969999939203262
80,51,0.08209999650716782
81,51,0.12240000069141388
82,51,0.16279999911785126
83,51,0.20569999516010284
84,51,0.20190000534057617
85,51,0.1460999995470047
86,51,0.10220000147819519
87,51,0.1088000014424324
88,51,0.0738999992609024
89,51,0.05810000002384186
90,51,0.07639999687671661
91,51,0.12070000171661377
92,51,0.07750000059604645
93,51,0.05310000106692314
94,51,0.12549999356269836
95,51,0.1023000031709671
96,51,0.07109999656677246
97,51,0.05209999904036522
98,51,0.0272000003606081
99,51,0.2529999911785126
100,51,0.23999999463558197
1,52,0.03869999945163727
2,52,0.04820000007748604
3,52,0.02669999934732914
4,52,0.03709999844431877
5,52,0.021400000900030136
6,52,0.02590000070631504
7,52,0.03269999846816063
8,52,0.049400001764297485
9,52,0.04780000075697899
10,52,0.07020000368356705
11,52,0.06859999895095825
12,52,0.08190000057220459
13,52,0.1370999962091446
14,52,0.08829999715089798
15,52,0.08079999685287476
16,52,0.0746999979019165
17,52,0.07509999722242355
18,52,0.05389999970793724
19,52,0.05770000070333481
20,52,0.09740000218153
21,52,0.05999999865889549
22,52,0.296999990940094
23,52,0.28999999165534973
24,52,0.28299999237060547
25,52,0.29100000858306885
26,52,0.27799999713897705
27,52,0.2680000066757202
28,52,0.28700000047683716
29,52,0.09000000357627869
30,52,0.1354999989271164
31,52,0.1354999989271164
32,52,0.1145000010728836
33,52,0.0812000036239624
34,52,0.05640000104904175
35,52,0.07159999758005142
36,52,0.049400001764297485
37,52,0.033900000154972076
38,52,0.038100000470876694
39,52,0.03189999982714653
40,52,0.025599999353289604
41,52,0.03779999911785126
42,52,0.03799999877810478
43,52,0.04010000079870224
44,52,0.03370000049471855
45,52,0.0421999990940094
46,52,0.06560000032186508
47,52,0.3059999942779541
48,52,0.30300000309944153
49,52,0.31200000643730164
50,52,0.31200000643730164
51,52,0.2849999964237213
52,52,0.296999990940094
53,52,0.29100000858306885
54,52,0.31200000643730164
55,52,0.30000001192092896
56,52,0.07810000330209732
57,52,0.11590000241994858
58,52,0.11129999905824661
59,52,0.07559999823570251
60,52,0.04500000178813934
61,52,0.07880000025033951
62,52,0.10040000081062317
63,52,0.0632999986410141
64,52,0.07569999992847443
65,52,0.07050000131130219
66,52,0.066600002348423
67,52,0.054499998688697815
68,52,0.06759999692440033
69,52,0.06629999727010727
70,52,0.03530000150203705
71,52,0.029999999329447746
72,52,0.05920000001788139
73,52,0.03480000048875809
74,52,0.03999999910593033
75,52,0.056699998676776886
76,52,0.07280000299215317
77,52,0.10729999840259552
78,52,0.08910000324249268
79,52,0.08810000121593475
80,52,0.12919999659061432
81,52,0.10649999976158142
82,52,0.15880000591278076
83,52,0.21809999644756317
84,52,0.20229999721050262
85,52,0.14900000393390656
86,52,0.08540000021457672
87,52,0.10260000079870224
88,52,0.0860000029206276
89,52,0.05860000103712082
90,52,0.093299999833107
91,52,0.1046999990940094
92,52,0.07109999656677246
93,52,0.0608999989926815
94,52,0.06499999761581421
95,52,0.1257999986410141
96,52,0.07100000232458115
97,52,0.04780000075697899
98,52,0.07540000230073929
99,52,0.25999999046325684
100,52,0.2630000114440918
1,53,0.04540000110864639
2,53,0.04450000077486038
3,53,0.06629999727010727
4,53,0.047600001096725464
5,53,0.05810000002384186
6,53,0.039400000125169754
7,53,0.043299999088048935
8,53,0.05869999900460243
9,53,0.03150000050663948
10,53,0.07050000131130219
11,53,0.08110000193119049
12,53,0.08209999650716782
13,53,0.08060000091791153
14,53,0.05400000140070915
15,53,0.05979999899864197
16,53,0.09239999949932098
17,53,0.09889999777078629
18,53,0.07599999755620956
19,53,0.08030000329017639
20,53,0.05009999871253967
21,53,0.04349999874830246
22,53,0.29100000858306885
23,53,0.29499998688697815
24,53,0.2770000100135803
25,53,0.2919999957084656
26,53,0.2800000011920929
27,53,0.27900001406669617
28,53,0.0982000008225441
29,53,0.09719999879598618
30,53,0.155799999833107
31,53,0.11909999698400497
32,53,0.0885000005364418
33,53,0.07360000163316727
34,53,0.07559999823570251
35,53,0.1316000074148178
36,53,0.07750000059604645
37,53,0.0421999990940094
38,53,0.05530000105500221
39,53,0.028300000354647636
40,53,0.026200000196695328
41,53,0.04670000076293945
42,53,0.03550000116229057
43,53,0.019500000402331352
44,53,0.03550000116229057
45,53,0.049800001084804535
46,53,0.07270000129938126
47,53,0.30799999833106995
48,53,0.3179999887943268
49,53,0.3140000104904175
50,53,0.3019999861717224
51,53,0.3009999990463257
52,53,0.29600000381469727
53,53,0.29499998688697815
54,53,0.29499998688697815
55,53,0.12240000069141388
56,53,0.05079999938607216
57,53,0.08869999647140503
58,53,0.07069999724626541
59,53,0.10869999974966049
60,53,0.07460000365972519
61,53,0.07320000231266022
62,53,0.0754999965429306
63,53,0.04769999906420708
64,53,0.04450000077486038
65,53,0.06750000268220901
66,53,0.04010000079870224
67,53,0.04540000110864639
68,53,0.04740000143647194
69,53,0.03370000049471855
70,53,0.027300000190734863
71,53,0.03799999877810478
72,53,0.02449999935925007
73,53,0.0430000014603138
74,53,0.03240000084042549
75,53,0.05180000141263008
76,53,0.06880000233650208
77,53,0.07259999960660934
78,53,0.10790000110864639
79,53,0.1160999983549118
80,53,0.10260000079870224
81,53,0.08089999854564667
82,53,0.0957999974489212
83,53,0.13369999825954437
84,53,0.09749999642372131
85,53,0.09839999675750732
86,53,0.13619999587535858
87,53,0.07639999687671661
88,53,0.07280000299215317
89,53,0.11540000140666962
90,53,0.09809999912977219
91,53,0.07720000296831131
92,53,0.052400000393390656
93,53,0.048700001090765
94,53,0.11940000206232071
95,53,0.09939999878406525
96,53,0.08269999921321869
97,53,0.06599999964237213
98,53,0.08079999685287476
99,53,0.22300000488758087
100,53,0.22100000083446503
1,54,0.05590000003576279
2,54,0.04179999977350235
3,54,0.03849999979138374
4,54,0.04859999939799309
5,54,0.05559999868273735
6,54,0.07190000265836716
7,54,0.04190000146627426
8,54,0.03959999978542328
9,54,0.04259999841451645
10,54,0.06849999725818634
11,54,0.093299999833107
12,54,0.0640999972820282
13,54,0.10189999639987946
14,54,0.06400000303983688
15,54,0.0851999968290329
16,54,0.10999999940395355
17,54,0.12409999966621399
18,54,0.08049999922513962
19,54,0.07429999858140945
20,54,0.08470000326633453
21,54,0.05609999969601631
22,54,0.296999990940094
23,54,0.30000001192092896
24,54,0.29100000858306885
25,54,0.29600000381469727
26,54,0.2800000011920929
27,54,0.07050000131130219
28,54,0.08290000259876251
29,54,0.0940999984741211
30,54,0.11819999665021896
31,54,0.09719999879598618
32,54,0.05909999832510948
33,54,0.07760000228881836
34,54,0.0934000015258789
35,54,0.09309999644756317
36,54,0.07270000129938126
37,54,0.05510000139474869
38,54,0.044599998742341995
39,54,0.0471000000834465
40,54,0.043299999088048935
41,54,0.03420000150799751
42,54,0.05220000073313713
43,54,0.03709999844431877
44,54,0.02979999966919422
45,54,0.040300000458955765
46,54,0.1242000013589859
47,54,0.30799999833106995
48,54,0.3089999854564667
49,54,0.3070000112056732
50,54,0.30300000309944153
51,54,0.30399999022483826
52,54,0.3089999854564667
53,54,0.29600000381469727
54,54,0.11339999735355377
55,54,0.0658000037074089
56,54,0.07940000295639038
57,54,0.07270000129938126
58,54,0.09969999641180038
59,54,0.11029999703168869
60,54,0.10220000147819519
61,54,0.05829999968409538
62,54,0.04170000180602074
63,54,0.040699999779462814
64,54,0.03999999910593033
65,54,0.04989999905228615
66,54,0.05510000139474869
67,54,0.06800000369548798
68,54,0.06279999762773514
69,54,0.03709999844431877
70,54,0.03889999911189079
71,54,0.033799998462200165
72,54,0.031599998474121094
73,54,0.026499999687075615
74,54,0.030899999663233757
75,54,0.05689999833703041
76,54,0.09539999812841415
77,54,0.1378999948501587
78,54,0.08910000324249268
79,54,0.12039999663829803
80,54,0.10700000077486038
81,54,0.06469999998807907
82,54,0.06019999831914902
83,54,0.09539999812841415
84,54,0.05270000174641609
85,54,0.12470000237226486
86,54,0.09969999641180038
87,54,0.08560000360012054
88,54,0.09229999780654907
89,54,0.08569999784231186
90,54,0.04320000112056732
91,54,0.05490000173449516
92,54,0.04989999905228615
93,54,0.04919999837875366
94,54,0.06610000133514404
95,54,0.06369999796152115
96,54,0.07029999792575836
97,54,0.09549999982118607
98,54,0.19699999690055847
99,54,0.24199999868869781
100,54,0.21899999678134918
1,55,0.059700001031160355
2,55,0.02889999933540821
3,55,0.03759999945759773
4,55,0.04639999940991402
5,55,0.05860000103712082
6,55,0.029899999499320984
7,55,0.02630000002682209
8,55,0.03869999945163727
9,55,0.033900000154972076
10,55,0.055399999022483826
11,55,0.12549999356269836
12,55,0.07729999721050262
13,55,0.0763000026345253
14,55,0.09049999713897705
15,55,0.06419999897480011
16,55,0.12720000743865967
17,55,0.15629999339580536
18,55,0.1949000060558319
19,55,0.13089999556541443
20,55,0.32199999690055847
21,55,0.3089999854564667
22,55,0.3109999895095825
23,55,0.3059999942779541
24,55,0.29499998688697815
25,55,0.296999990940094
26,55,0.040300000458955765
27,55,0.055399999022483826
28,55,0.08579999953508377
29,55,0.0908999964594841
30,55,0.1046999990940094
31,55,0.08860000222921371
32,55,0.07259999960660934
33,55,0.1429000049829483
34,55,0.1316000074148178
35,55,0.12020000070333481
36,55,0.11869999766349792
37,55,0.08030000329017639
38,55,0.09059999883174896
39,55,0.06589999794960022
40,55,0.054099999368190765
41,55,0.04490000009536743
42,55,0.0706000030040741
43,55,0.03750000149011612
44,55,0.05180000141263008
45,55,0.06159999966621399
46,55,0.2800000011920929
47,55,0.2919999957084656
48,55,0.30799999833106995
49,55,0.3100000023841858
50,55,0.3149999976158142
51,55,0.3190000057220459
52,55,0.3100000023841858
53,55,0.296999990940094
54,55,0.13410000503063202
55,55,0.052000001072883606
56,55,0.08070000261068344
57,55,0.05790000036358833
58,55,0.10170000046491623
59,55,0.10170000046491623
60,55,0.08959999680519104
61,55,0.046300001442432404
62,55,0.04320000112056732
63,55,0.054999999701976776
64,55,0.04149999842047691
65,55,0.029899999499320984
66,55,0.028300000354647636
67,55,0.05400000140070915
68,55,0.03420000150799751
69,55,0.051899999380111694
70,55,0.039400000125169754
71,55,0.03689999878406525
72,55,0.05009999871253967
73,55,0.05400000140070915
74,55,0.033900000154972076
75,55,0.0551999993622303
76,55,0.0812000036239624
77,55,0.0738999992609024
78,55,0.041600000113248825
79,55,0.08839999884366989
80,55,0.05640000104904175
81,55,0.047600001096725464
82,55,0.06340000033378601
83,55,0.06790000200271606
84,55,0.05909999832510948
85,55,0.08980000019073486
86,55,0.09160000085830688
87,55,0.14149999618530273
88,55,0.08150000125169754
89,55,0.05779999867081642
90,55,0.044599998742341995
91,55,0.062300000339746475
92,55,0.066600002348423
93,55,0.0430000014603138
94,55,0.0575999990105629
95,55,0.06129999831318855
96,55,0.05889999866485596
97,55,0.20149999856948853
98,55,0.2199999988079071
99,55,0.2329999953508377
100,55,0.20280000567436218
1,56,0.04820000007748604
2,56,0.04830000177025795
3,56,0.07609999924898148
4,56,0.06859999895095825
5,56,0.06310000270605087
6,56,0.046799998730421066
7,56,0.028200000524520874
8,56,0.04039999842643738
9,56,0.05620000138878822
10,56,0.07400000095367432
11,56,0.08100000023841858
12,56,0.08739999681711197
13,56,0.0934000015258789
14,56,0.12860000133514404
15,56,0.08030000329017639
16,56,0.08810000121593475
17,56,0.10750000178813934
18,56,0.09589999914169312
19,56,0.3240000009536743
20,56,0.335999995470047
21,56,0.31700000166893005
22,56,0.3034000098705292
23,56,0.30300000309944153
24,56,0.28700000047683716
25,56,0.29899999499320984
26,56,0.0348999984562397
27,56,0.05169999971985817
28,56,0.05180000141263008
29,56,0.06689999997615814
30,56,0.0957999974489212
31,56,0.07559999823570251
32,56,0.09239999949932098
33,56,0.11940000206232071
34,56,0.12160000205039978
35,56,0.08919999748468399
36,56,0.11110000312328339
37,56,0.062300000339746475
38,56,0.08399999886751175
39,56,0.0877000018954277
40,56,0.09019999951124191
41,56,0.06449999660253525
42,56,0.07119999825954437
43,56,0.04129999876022339
44,56,0.07479999959468842
45,56,0.28999999165534973
46,56,0.28700000047683716
47,56,0.28999999165534973
48,56,0.3089999854564667
49,56,0.30799999833106995
50,56,0.3230000138282776
51,56,0.3009999990463257
52,56,0.32199999690055847
53,56,0.14399999380111694
54,56,0.04690000042319298
55,56,0.05090000107884407
56,56,0.06289999932050705
57,56,0.05249999836087227
58,56,0.10170000046491623
59,56,0.08560000360012054
60,56,0.06560000032186508
61,56,0.056699998676776886
62,56,0.05400000140070915
63,56,0.06289999932050705
64,56,0.031099999323487282
65,56,0.022099999710917473
66,56,0.03099999949336052
67,56,0.05270000174641609
68,56,0.04179999977350235
69,56,0.04899999871850014
70,56,0.05119999870657921
71,56,0.06440000236034393
72,56,0.033900000154972076
73,56,0.0568000003695488
74,56,0.043699998408555984
75,56,0.09279999881982803
76,56,0.07020000368356705
77,56,0.10239999741315842
78,56,0.062199998646974564
79,56,0.08070000261068344
80,56,0.08609999716281891
81,56,0.032600000500679016
82,56,0.07490000128746033
83,56,0.06939999759197235
84,56,0.07329999655485153
85,56,0.0763000026345253
86,56,0.06920000165700912
87,56,0.10890000313520432
88,56,0.07580000162124634
89,56,0.04490000009536743
90,56,0.048500001430511475
91,56,0.06480000168085098
92,56,0.10939999669790268
93,56,0.059700001031160355
94,56,0.03929999843239784
95,56,0.06830000132322311
96,56,0.07259999960660934
97,56,0.17170000076293945
98,56,0.2540000081062317
99,56,0.25099998712539673
100,56,0.26499998569488525
1,57,0.04179999977350235
2,57,0.04610000178217888
3,57,0.06650000065565109
4,57,0.06880000233650208
5,57,0.04780000075697899
6,57,0.04639999940991402
7,57,0.04320000112056732
8,57,0.040800001472234726
9,57,0.052799999713897705
10,57,0.05950000137090683
11,57,0.08389999717473984
12,57,0.10130000114440918
13,57,0.08829999715089798
14,57,0.054499998688697815
15,57,0.10970000177621841
16,57,0.09160000085830688
17,57,0.08829999715089798
18,57,0.30300000309944153
19,57,0.3149999976158142
20,57,0.32600000500679016
21,57,0.3140000104904175
22,57,0.30399999022483826
23,57,0.3050000071525574
24,57,0.043800000101327896
25,57,0.03480000048875809
26,57,0.0430000014603138
27,57,0.057500001043081284
28,57,0.06849999725818634
29,57,0.09059999883174896
30,57,0.11800000071525574
31,57,0.09229999780654907
32,57,0.09650000184774399
33,57,0.0934000015258789
34,57,0.15139999985694885
35,57,0.08640000224113464
36,57,0.1378999948501587
37,57,0.08669999986886978
38,57,0.08910000324249268
39,57,0.09220000356435776
40,57,0.12290000170469284
41,57,0.09539999812841415
42,57,0.09950000047683716
43,57,0.09799999743700027
44,57,0.06599999964237213
45,57,0.27300000190734863
46,57,0.2849999964237213
47,57,0.296999990940094
48,57,0.3089999854564667
49,57,0.30399999022483826
50,57,0.30399999022483826
51,57,0.30399999022483826
52,57,0.3050000071525574
53,57,0.1412999927997589
54,57,0.04560000076889992
55,57,0.06599999964237213
56,57,0.06159999966621399
57,57,0.05400000140070915
58,57,0.09989999979734421
59,57,0.08479999750852585
60,57,0.07150000333786011
61,57,0.07190000265836716
62,57,0.10830000042915344
63,57,0.05979999899864197
64,57,0.05640000104904175
65,57,0.02979999966919422
66,57,0.046799998730421066
67,57,0.05829999968409538
68,57,0.03799999877810478
69,57,0.049400001764297485
70,57,0.03920000046491623
71,57,0.07729999721050262
72,57,0.052000001072883606
73,57,0.027000000700354576
74,57,0.0421999990940094
75,57,0.06800000369548798
76,57,0.054099999368190765
77,57,0.09679999947547913
78,57,0.08240000158548355
79,57,0.08709999918937683
80,57,0.0934000015258789
81,57,0.04569999873638153
82,57,0.0820000022649765
83,57,0.041600000113248825
84,57,0.05260000005364418
85,57,0.09220000356435776
86,57,0.0778999999165535
87,57,0.09210000187158585
88,57,0.06599999964237213
89,57,0.05640000104904175
90,57,0.052000001072883606
91,57,0.0551999993622303
92,57,0.07599999755620956
93,57,0.09799999743700027
94,57,0.07999999821186066
95,57,0.066600002348423
96,57,0.1648000031709671
97,57,0.19099999964237213
98,57,0.26100000739097595
99,57,0.23000000417232513
100,57,0.25099998712539673
1,58,0.05590000003576279
2,58,0.05009999871253967
3,58,0.0608999989926815
4,58,0.09939999878406525
5,58,0.07519999891519547
6,58,0.05530000105500221
7,58,0.0731000006198883
8,58,0.06419999897480011
9,58,0.060100000351667404
10,58,0.06960000097751617
11,58,0.0697999969124794
12,58,0.07599999755620956
13,58,0.10540000349283218
14,58,0.11479999870061874
15,58,0.08889999985694885
16,58,0.07129999995231628
17,58,0.06949999928474426
18,58,0.30799999833106995
19,58,0.32499998807907104
20,58,0.3240000009536743
21,58,0.3070000112056732
22,58,0.30300000309944153
23,58,0.3019999861717224
24,58,0.04399999976158142
25,58,0.043299999088048935
26,58,0.03400000184774399
27,58,0.02370000071823597
28,58,0.03150000050663948
29,58,0.04280000180006027
30,58,0.07020000368356705
31,58,0.09260000288486481
32,58,0.093299999833107
33,58,0.10559999942779541
34,58,0.11320000141859055
35,58,0.09849999845027924
36,58,0.1599999964237213
37,58,0.14910000562667847
38,58,0.18129999935626984
39,58,0.1468999981880188
40,58,0.09589999914169312
41,58,0.10909999907016754
42,58,0.10869999974966049
43,58,0.13660000264644623
44,58,0.08640000224113464
45,58,0.28299999237060547
46,58,0.28299999237060547
47,58,0.29100000858306885
48,58,0.29899999499320984
49,58,0.3059999942779541
50,58,0.3149999976158142
51,58,0.32199999690055847
52,58,0.1151999980211258
53,58,0.08500000089406967
54,58,0.09189999848604202
55,58,0.06199999898672104
56,58,0.07000000029802322
57,58,0.0575999990105629
58,58,0.08579999953508377
59,58,0.05270000174641609
60,58,0.07599999755620956
61,58,0.04450000077486038
62,58,0.041200000792741776
63,58,0.08510000258684158
64,58,0.0820000022649765
65,58,0.05829999968409538
66,58,0.04820000007748604
67,58,0.05260000005364418
68,58,0.0414000004529953
69,58,0.05909999832510948
70,58,0.03480000048875809
71,58,0.04820000007748604
72,58,0.061900001019239426
73,58,0.07079999893903732
74,58,0.0892999991774559
75,58,0.11289999634027481
76,58,0.149399995803833
77,58,0.12549999356269836
78,58,0.12780000269412994
79,58,0.0737999975681305
80,58,0.08669999986886978
81,58,0.03009999915957451
82,58,0.06710000336170197
83,58,0.06040000170469284
84,58,0.10849999636411667
85,58,0.08630000054836273
86,58,0.05119999870657921
87,58,0.05900000035762787
88,58,0.06360000371932983
89,58,0.07460000365972519
90,58,0.05640000104904175
91,58,0.07400000095367432
92,58,0.09520000219345093
93,58,0.07460000365972519
94,58,0.09809999912977219
95,58,0.21199999749660492
96,58,0.24799999594688416
97,58,0.2199999988079071
98,58,0.21699999272823334
99,58,0.17339999973773956
100,58,0.21089999377727509
1,59,0.061500001698732376
2,59,0.0681999996304512
3,59,0.0575999990105629
4,59,0.0649000033736229
5,59,0.06610000133514404
6,59,0.04580000042915344
7,59,0.048700001090765
8,59,0.029200000688433647
9,59,0.05079999938607216
10,59,0.093299999833107
11,59,0.054099999368190765
12,59,0.05530000105500221
13,59,0.06159999966621399
14,59,0.09610000252723694
15,59,0.1754000037908554
16,59,0.08269999921321869
17,59,0.296999990940094
18,59,0.3089999854564667
19,59,0.32600000500679016
20,59,0.3140000104904175
21,59,0.3109999895095825
22,59,0.3070000112056732
23,59,0.03400000184774399
24,59,0.02969999983906746
25,59,0.04190000146627426
26,59,0.04699999839067459
27,59,0.028200000524520874
28,59,0.022199999541044235
29,59,0.06970000267028809
30,59,0.0731000006198883
31,59,0.08500000089406967
32,59,0.11969999969005585
33,59,0.11810000240802765
34,59,0.09790000319480896
35,59,0.13860000669956207
36,59,0.14650000631809235
37,59,0.14970000088214874
38,59,0.20589999854564667
39,59,0.18019999563694
40,59,0.13830000162124634
41,59,0.12280000001192093
42,59,0.15780000388622284
43,59,0.13379999995231628
44,59,0.27799999713897705
45,59,0.2800000011920929
46,59,0.2720000147819519
47,59,0.2980000078678131
48,59,0.29600000381469727
49,59,0.3019999861717224
50,59,0.3070000112056732
51,59,0.3199999928474426
52,59,0.3009999990463257
53,59,0.0754999965429306
54,59,0.0949999988079071
55,59,0.08100000023841858
56,59,0.0714000016450882
57,59,0.07249999791383743
58,59,0.05490000173449516
59,59,0.04899999871850014
60,59,0.06300000101327896
61,59,0.058800000697374344
62,59,0.06520000100135803
63,59,0.10339999943971634
64,59,0.10809999704360962
65,59,0.13259999454021454
66,59,0.06939999759197235
67,59,0.058400001376867294
68,59,0.0575999990105629
69,59,0.04179999977350235
70,59,0.04899999871850014
71,59,0.03660000115633011
72,59,0.04360000044107437
73,59,0.05490000173449516
74,59,0.07400000095367432
75,59,0.04470000043511391
76,59,0.11410000175237656
77,59,0.14659999310970306
78,59,0.11720000207424164
79,59,0.04639999940991402
80,59,0.045099999755620956
81,59,0.05180000141263008
82,59,0.0430000014603138
83,59,0.07259999960660934
84,59,0.07159999758005142
85,59,0.07249999791383743
86,59,0.05620000138878822
87,59,0.050200000405311584
88,59,0.06870000064373016
89,59,0.06400000303983688
90,59,0.06949999928474426
91,59,0.0877000018954277
92,59,0.08799999952316284
93,59,0.10239999741315842
94,59,0.14000000059604645
95,59,0.2549999952316284
96,59,0.2280000001192093
97,59,0.23000000417232513
98,59,0.17589999735355377
99,59,0.25099998712539673
100,59,0.14100000262260437
1,60,0.09470000118017197
2,60,0.14239999651908875
3,60,0.1014999970793724
4,60,0.08009999990463257
5,60,0.07729999721050262
6,60,0.047200001776218414
7,60,0.03819999843835831
8,60,0.030400000512599945
9,60,0.06769999861717224
10,60,0.07050000131130219
11,60,0.05009999871253967
12,60,0.037700001150369644
13,60,0.10000000149011612
14,60,0.08500000089406967
15,60,0.08560000360012054
16,60,0.3160000145435333
17,60,0.3100000023841858
18,60,0.3240000009536743
19,60,0.32499998807907104
20,60,0.3160000145435333
21,60,0.32600000500679016
22,60,0.3059999942779541
23,60,0.02889999933540821
24,60,0.029500000178813934
25,60,0.041999999433755875
26,60,0.04569999873638153
27,60,0.022299999371170998
28,60,0.023499999195337296
29,60,0.03970000147819519
30,60,0.04039999842643738
31,60,0.04619999974966049
32,60,0.11670000106096268
33,60,0.19349999725818634
34,60,0.1454000025987625
35,60,0.15680000185966492
36,60,0.1784999966621399
37,60,0.11969999969005585
38,60,0.20190000534057617
39,60,0.15790000557899475
40,60,0.1274999976158142
41,60,0.09600000083446503
42,60,0.10849999636411667
43,60,0.0908999964594841
44,60,0.2529999911785126
45,60,0.2770000100135803
46,60,0.27799999713897705
47,60,0.3050000071525574
48,60,0.3019999861717224
49,60,0.28999999165534973
50,60,0.31299999356269836
51,60,0.3100000023841858
52,60,0.3019999861717224
53,60,0.09849999845027924
54,60,0.039400000125169754
55,60,0.060100000351667404
56,60,0.0568000003695488
57,60,0.04010000079870224
58,60,0.03370000049471855
59,60,0.03849999979138374
60,60,0.08560000360012054
61,60,0.10329999774694443
62,60,0.09019999951124191
63,60,0.09920000284910202
64,60,0.0851999968290329
65,60,0.054499998688697815
66,60,0.07479999959468842
67,60,0.09719999879598618
68,60,0.08420000225305557
69,60,0.0860000029206276
70,60,0.06459999829530716
71,60,0.07000000029802322
72,60,0.10140000283718109
73,60,0.08609999716281891
74,60,0.0731000006198883
75,60,0.09849999845027924
76,60,0.10220000147819519
77,60,0.07680000364780426
78,60,0.060600001364946365
79,60,0.0333000011742115
80,60,0.036400001496076584
81,60,0.05079999938607216
82,60,0.059700001031160355
83,60,0.05079999938607216
84,60,0.093299999833107
85,60,0.06549999862909317
86,60,0.04639999940991402
87,60,0.04690000042319298
88,60,0.0640999972820282
89,60,0.048500001430511475
90,60,0.06549999862909317
91,60,0.0869000032544136
92,60,0.06549999862909317
93,60,0.09049999713897705
94,60,0.12729999423027039
95,60,0.19609999656677246
96,60,0.20600000023841858
97,60,0.23800000548362732
98,60,0.1979999989271164
99,60,0.16019999980926514
100,60,0.16339999437332153
1,61,0.0625
2,61,0.08569999784231186
3,61,0.12250000238418579
4,61,0.06419999897480011
5,61,0.054999999701976776
6,61,0.030700000002980232
7,61,0.05119999870657921
8,61,0.04450000077486038
9,61,0.05380000174045563
10,61,0.04820000007748604
11,61,0.03009999915957451
12,61,0.040300000458955765
13,61,0.07850000262260437
14,61,0.08780000358819962
15,61,0.3160000145435333
16,61,0.3109999895095825
17,61,0.3009999990463257
18,61,0.3009999990463257
19,61,0.3100999891757965
20,61,0.32199999690055847
21,61,0.07079999893903732
22,61,0.07840000092983246
23,61,0.04439999908208847
24,61,0.036400001496076584
25,61,0.04280000180006027
26,61,0.05959999933838844
27,61,0.033900000154972076
28,61,0.031599998474121094
29,61,0.04010000079870224
30,61,0.03920000046491623
31,61,0.03970000147819519
32,61,0.06199999898672104
33,61,0.1444000005722046
34,61,0.10209999978542328
35,61,0.16820000112056732
36,61,0.20149999856948853
37,61,0.16859999299049377
38,61,0.1031000018119812
39,61,0.09139999747276306
40,61,0.1088000014424324
41,61,0.07800000160932541
42,61,0.14560000598430634
43,61,0.008100000210106373
44,61,0.25999999046325684
45,61,0.2639999985694885
46,61,0.2750000059604645
47,61,0.29100000858306885
48,61,0.29600000381469727
49,61,0.28999999165534973
50,61,0.29100000858306885
51,61,0.28700000047683716
52,61,0.30399999022483826
53,61,0.0494999997317791
54,61,0.09319999814033508
55,61,0.048500001430511475
56,61,0.05209999904036522
57,61,0.07739999890327454
58,61,0.05380000174045563
59,61,0.0502999983727932
60,61,0.09679999947547913
61,61,0.10249999910593033
62,61,0.07810000330209732
63,61,0.1014999970793724
64,61,0.06419999897480011
65,61,0.09679999947547913
66,61,0.06469999998807907
67,61,0.09239999949932098
68,61,0.08089999854564667
69,61,0.07919999957084656
70,61,0.05939999967813492
71,61,0.05909999832510948
72,61,0.11100000143051147
73,61,0.10209999978542328
74,61,0.07199999690055847
75,61,0.09109999984502792
76,61,0.10249999910593033
77,61,0.0430000014603138
78,61,0.03880000114440918
79,61,0.028999999165534973
80,61,0.03539999946951866
81,61,0.05900000035762787
82,61,0.042100001126527786
83,61,0.06300000101327896
84,61,0.06499999761581421
85,61,0.0640999972820282
86,61,0.04439999908208847
87,61,0.05719999969005585
88,61,0.07639999687671661
89,61,0.05909999832510948
90,61,0.049800001084804535
91,61,0.07670000195503235
92,61,0.12380000203847885
93,61,0.12999999523162842
94,61,0.12349999696016312
95,61,0.12999999523162842
96,61,0.23989999294281006
97,61,0.15199999511241913
98,61,0.2619999945163727
99,61,0.1362999975681305
100,61,0.1696999967098236
1,62,0.04820000007748604
2,62,0.10540000349283218
3,62,0.07150000333786011
4,62,0.07559999823570251
5,62,0.039900001138448715
6,62,0.023800000548362732
7,62,0.05849999934434891
8,62,0.05770000070333481
9,62,0.0430000014603138
10,62,0.052400000393390656
11,62,0.049800001084804535
12,62,0.04430000111460686
13,62,0.04340000078082085
14,62,0.2980000078678131
15,62,0.30799999833106995
16,62,0.31700000166893005
17,62,0.30799999833106995
18,62,0.3050000071525574
19,62,0.3140000104904175
20,62,0.32899999618530273
21,62,0.11599999666213989
22,62,0.08529999852180481
23,62,0.0414000004529953
24,62,0.04899999871850014
25,62,0.06129999831318855
26,62,0.03959999978542328
27,62,0.02449999935925007
28,62,0.01510000042617321
29,62,0.0414000004529953
30,62,0.06750000268220901
31,62,0.040300000458955765
32,62,0.07750000059604645
33,62,0.10930000245571136
34,62,0.0689999982714653
35,62,0.09059999883174896
36,62,0.1225999966263771
37,62,0.1678999960422516
38,62,0.1396999955177307
39,62,0.10869999974966049
40,62,0.11890000104904175
41,62,0.11349999904632568
42,62,0.11420000344514847
43,62,0.02250000089406967
44,62,0.2295999974012375
45,62,0.2590000033378601
46,62,0.27900001406669617
47,62,0.29100000858306885
48,62,0.2809999883174896
49,62,0.28299999237060547
50,62,0.3009999990463257
51,62,0.30300000309944153
52,62,0.3009999990463257
53,62,0.12240000069141388
54,62,0.04190000146627426
55,62,0.054499998688697815
56,62,0.05139999836683273
57,62,0.06129999831318855
58,62,0.052000001072883606
59,62,0.041200000792741776
60,62,0.06909999996423721
61,62,0.06970000267028809
62,62,0.0502999983727932
63,62,0.09319999814033508
64,62,0.09809999912977219
65,62,0.0658000037074089
66,62,0.07209999859333038
67,62,0.0737999975681305
68,62,0.1331000030040741
69,62,0.10760000348091125
70,62,0.0908999964594841
71,62,0.08139999955892563
72,62,0.051100000739097595
73,62,0.05829999968409538
74,62,0.06880000233650208
75,62,0.08389999717473984
76,62,0.06939999759197235
77,62,0.04650000110268593
78,62,0.02850000001490116
79,62,0.05130000039935112
80,62,0.049300000071525574
81,62,0.08089999854564667
82,62,0.05270000174641609
83,62,0.06909999996423721
84,62,0.06800000369548798
85,62,0.04610000178217888
86,62,0.06459999829530716
87,62,0.05050000175833702
88,62,0.054999999701976776
89,62,0.042899999767541885
90,62,0.05460000038146973
91,62,0.10639999806880951
92,62,0.10809999704360962
93,62,0.12999999523162842
94,62,0.15039999783039093
95,62,0.12999999523162842
96,62,0.18230000138282776
97,62,0.1687999963760376
98,62,0.21699999272823334
99,62,0.1111999973654747
100,62,0.12600000202655792
1,63,0.0689999982714653
2,63,0.1120000034570694
3,63,0.11320000141859055
4,63,0.04390000179409981
5,63,0.055799998342990875
6,63,0.06300000101327896
7,63,0.05040000006556511
8,63,0.05050000175833702
9,63,0.06199999898672104
10,63,0.07339999824762344
11,63,0.06279999762773514
12,63,0.053199999034404755
13,63,0.29330000281333923
14,63,0.29899999499320984
15,63,0.3059999942779541
16,63,0.3109999895095825
17,63,0.3050000071525574
18,63,0.3050000071525574
19,63,0.30799999833106995
20,63,0.06629999727010727
21,63,0.08160000294446945
22,63,0.06930000334978104
23,63,0.03709999844431877
24,63,0.04190000146627426
25,63,0.025599999353289604
26,63,0.025599999353289604
27,63,0.02459999918937683
28,63,0.02800000086426735
29,63,0.0544000007212162
30,63,0.04740000143647194
31,63,0.029600000008940697
32,63,0.05739999935030937
33,63,0.09600000083446503
34,63,0.09120000153779984
35,63,0.1046999990940094
36,63,0.13899999856948853
37,63,0.13429999351501465
38,63,0.156700000166893
39,63,0.12210000306367874
40,63,0.19349999725818634
41,63,0.08990000188350677
42,63,0.09459999948740005
43,63,0.05719999969005585
44,63,0.05719999969005585
45,63,0.2680000066757202
46,63,0.28700000047683716
47,63,0.2849999964237213
48,63,0.29100000858306885
49,63,0.28700000047683716
50,63,0.296999990940094
51,63,0.30399999022483826
52,63,0.30399999022483826
53,63,0.06930000334978104
54,63,0.08590000122785568
55,63,0.05339999869465828
56,63,0.04740000143647194
57,63,0.04960000142455101
58,63,0.05810000002384186
59,63,0.05719999969005585
60,63,0.05139999836683273
61,63,0.0471000000834465
62,63,0.0414000004529953
63,63,0.07339999824762344
64,63,0.07150000333786011
65,63,0.06939999759197235
66,63,0.06289999932050705
67,63,0.1290999948978424
68,63,0.09510000050067902
69,63,0.09220000356435776
70,63,0.09549999982118607
71,63,0.0925000011920929
72,63,0.050999999046325684
73,63,0.05249999836087227
74,63,0.03240000084042549
75,63,0.03020000085234642
76,63,0.022199999541044235
77,63,0.031199999153614044
78,63,0.03689999878406525
79,63,0.052400000393390656
80,63,0.050700001418590546
81,63,0.07639999687671661
82,63,0.06629999727010727
83,63,0.04830000177025795
84,63,0.05290000140666962
85,63,0.0414000004529953
86,63,0.04010000079870224
87,63,0.06539999693632126
88,63,0.07129999995231628
89,63,0.04859999939799309
90,63,0.0812000036239624
91,63,0.1826000064611435
92,63,0.17599999904632568
93,63,0.12999999523162842
94,63,0.13580000400543213
95,63,0.12999999523162842
96,63,0.13500000536441803
97,63,0.2167000025510788
98,63,0.13490000367164612
99,63,0.1720999926328659
100,63,0.15790000557899475
1,64,0.07729999721050262
2,64,0.06369999796152115
3,64,0.09950000047683716
4,64,0.060600001364946365
5,64,0.06340000033378601
6,64,0.06849999725818634
7,64,0.05220000073313713
8,64,0.051500000059604645
9,64,0.04879999905824661
10,64,0.04190000146627426
11,64,0.04610000178217888
12,64,0.0272000003606081
13,64,0.2840000092983246
14,64,0.296999990940094
15,64,0.3140000104904175
16,64,0.3149999976158142
17,64,0.3149999976158142
18,64,0.3019999861717224
19,64,0.13019999861717224
20,64,0.1080000028014183
21,64,0.09000000357627869
22,64,0.08349999785423279
23,64,0.03550000116229057
24,64,0.027300000190734863
25,64,0.027499999850988388
26,64,0.021299999207258224
27,64,0.050200000405311584
28,64,0.04820000007748604
29,64,0.051500000059604645
30,64,0.0632999986410141
31,64,0.050999999046325684
32,64,0.06729999929666519
33,64,0.07559999823570251
34,64,0.07020000368356705
35,64,0.09679999947547913
36,64,0.08250000327825546
37,64,0.09780000150203705
38,64,0.0949999988079071
39,64,0.0949999988079071
40,64,0.0949999988079071
41,64,0.0949999988079071
42,64,0.11010000109672546
43,64,0.11010000109672546
44,64,0.11010000109672546
45,64,0.11010000109672546
46,64,0.2709999978542328
47,64,0.2750000059604645
48,64,0.29499998688697815
49,64,0.28600001335144043
50,64,0.29600000381469727
51,64,0.3059999942779541
52,64,0.2980000078678131
53,64,0.30799999833106995
54,64,0.03680000081658363
55,64,0.03189999982714653
56,64,0.03220000118017197
57,64,0.02889999933540821
58,64,0.04780000075697899
59,64,0.04320000112056732
60,64,0.056699998676776886
61,64,0.048700001090765
62,64,0.06459999829530716
63,64,0.09830000251531601
64,64,0.06560000032186508
65,64,0.05950000137090683
66,64,0.0706000030040741
67,64,0.058400001376867294
68,64,0.09989999979734421
69,64,0.08100000023841858
70,64,0.06129999831318855
71,64,0.07479999959468842
72,64,0.07819999754428864
73,64,0.049400001764297485
74,64,0.02459999918937683
75,64,0.027400000020861626
76,64,0.020600000396370888
77,64,0.026799999177455902
78,64,0.04190000146627426
79,64,0.056699998676776886
80,64,0.08560000360012054
81,64,0.1080000028014183
82,64,0.09189999848604202
83,64,0.06780000030994415
84,64,0.05530000105500221
85,64,0.05530000105500221
86,64,0.0551999993622303
87,64,0.08250000327825546
88,64,0.10980000346899033
89,64,0.13699999451637268
90,64,0.15219999849796295
91,64,0.13779999315738678
92,64,0.13300000131130219
93,64,0.12999999523162842
94,64,0.13300000131130219
95,64,0.19429999589920044
96,64,0.18729999661445618
97,64,0.17919999361038208
98,64,0.0949999988079071
99,64,0.11879999935626984
100,64,0.12200000137090683
1,65,0.0625
2,65,0.051100000739097595
3,65,0.09269999712705612
4,65,0.05209999904036522
5,65,0.054099999368190765
6,65,0.05119999870657921
7,65,0.050999999046325684
8,65,0.052400000393390656
9,65,0.04910000041127205
10,65,0.06610000133514404
11,65,0.28999999165534973
12,65,0.29499998688697815
13,65,0.3050000071525574
14,65,0.2980000078678131
15,65,0.29899999499320984
16,65,0.3140000104904175
17,65,0.06350000202655792
18,65,0.07069999724626541
19,65,0.09300000220537186
20,65,0.13199999928474426
21,65,0.06790000200271606
22,65,0.07680000364780426
23,65,0.051899999380111694
24,65,0.0284000001847744
25,65,0.03629999980330467
26,65,0.05249999836087227
27,65,0.03739999979734421
28,65,0.048700001090765
29,65,0.07000000029802322
30,65,0.05000000074505806
31,65,0.06449999660253525
32,65,0.08479999750852585
33,65,0.10869999974966049
34,65,0.11270000040531158
35,65,0.06539999693632126
36,65,0.07729999721050262
37,65,0.07100000232458115
38,65,0.08980000019073486
39,65,0.11079999804496765
40,65,0.11079999804496765
41,65,0.11079999804496765
42,65,0.11079999804496765
43,65,0.11079999804496765
44,65,0.11079999804496765
45,65,0.11079999804496765
46,65,0.2849999964237213
47,65,0.2800000011920929
48,65,0.29100000858306885
49,65,0.28700000047683716
50,65,0.27900001406669617
51,65,0.3050000071525574
52,65,0.29499998688697815
53,65,0.3019999861717224
54,65,0.045499999076128006
55,65,0.04540000110864639
56,65,0.047600001096725464
57,65,0.05180000141263008
58,65,0.03720000013709068
59,65,0.06589999794960022
60,65,0.05860000103712082
61,65,0.048900000751018524
62,65,0.04749999940395355
63,65,0.049800001084804535
64,65,0.04989999905228615
65,65,0.040699999779462814
66,65,0.06480000168085098
67,65,0.06849999725818634
68,65,0.10670000314712524
69,65,0.08789999783039093
70,65,0.05550000071525574
71,65,0.07360000163316727
72,65,0.0697999969124794
73,65,0.04259999841451645
74,65,0.04989999905228615
75,65,0.04529999941587448
76,65,0.03139999881386757
77,65,0.045099999755620956
78,65,0.07050000131130219
79,65,0.08420000225305557
80,65,0.07069999724626541
81,65,0.12120000272989273
82,65,0.09589999914169312
83,65,0.12349999696016312
84,65,0.09889999777078629
85,65,0.07670000195503235
86,65,0.08389999717473984
87,65,0.10580000281333923
88,65,0.13210000097751617
89,65,0.13369999825954437
90,65,0.13199999928474426
91,65,0.16210000216960907
92,65,0.13300000131130219
93,65,0.12309999763965607
94,65,0.1965000033378601
95,65,0.18199999630451202
96,65,0.20100000500679016
97,65,0.19110000133514404
98,65,0.10670000314712524
99,65,0.10329999774694443
100,65,0.09730000048875809
1,66,0.042899999767541885
2,66,0.03579999879002571
3,66,0.05530000105500221
4,66,0.034299999475479126
5,66,0.031599998474121094
6,66,0.043800000101327896
7,66,0.043800000101327896
8,66,0.04780000075697899
9,66,0.09380000084638596
10,66,0.29899999499320984
11,66,0.29499998688697815
12,66,0.2930000126361847
13,66,0.3059999942779541
14,66,0.3089999854564667
15,66,0.3109999895095825
16,66,0.05079999938607216
17,66,0.03999999910593033
18,66,0.052799999713897705
19,66,0.11710000038146973
20,66,0.10920000076293945
21,66,0.093299999833107
22,66,0.07819999754428864
23,66,0.05490000173449516
24,66,0.04190000146627426
25,66,0.03240000084042549
26,66,0.062300000339746475
27,66,0.0722000002861023
28,66,0.060600001364946365
29,66,0.05530000105500221
30,66,0.03189999982714653
31,66,0.05790000036358833
32,66,0.06539999693632126
33,66,0.0763000026345253
34,66,0.09359999746084213
35,66,0.04800000041723251
36,66,0.060100000351667404
37,66,0.057999998331069946
38,66,0.08389999717473984
39,66,0.08389999717473984
40,66,0.08389999717473984
41,66,0.08389999717473984
42,66,0.08389999717473984
43,66,0.08389999717473984
44,66,0.08389999717473984
45,66,0.08389999717473984
46,66,0.30000001192092896
47,66,0.28200000524520874
48,66,0.2939999997615814
49,66,0.296999990940094
50,66,0.2879999876022339
51,66,0.29499998688697815
52,66,0.2939999997615814
53,66,0.28700000047683716
54,66,0.10890000313520432
55,66,0.04569999873638153
56,66,0.06199999898672104
57,66,0.06960000097751617
58,66,0.05959999933838844
59,66,0.06430000066757202
60,66,0.04699999839067459
61,66,0.0544000007212162
62,66,0.02889999933540821
63,66,0.04170000180602074
64,66,0.032999999821186066
65,66,0.04699999839067459
66,66,0.07419999688863754
67,66,0.08919999748468399
68,66,0.09950000047683716
69,66,0.10750000178813934
70,66,0.06620000302791595
71,66,0.07590000331401825
72,66,0.06260000169277191
73,66,0.03779999911785126
74,66,0.06599999964237213
75,66,0.050700001418590546
76,66,0.033900000154972076
77,66,0.04500000178813934
78,66,0.0414000004529953
79,66,0.06210000067949295
80,66,0.09070000052452087
81,66,0.16099999845027924
82,66,0.1282999962568283
83,66,0.11219999939203262
84,66,0.0949999988079071
85,66,0.27000001072883606
86,66,0.27000001072883606
87,66,0.1509999930858612
88,66,0.15299999713897705
89,66,0.13699999451637268
90,66,0.125900000333786
91,66,0.10320000350475311
92,66,0.10140000283718109
93,66,0.12520000338554382
94,66,0.16599999368190765
95,66,0.16590000689029694
96,66,0.18850000202655792
97,66,0.17870000004768372
98,66,0.17810000479221344
99,66,0.12219999730587006
100,66,0.07590000331401825
1,67,0.0406000018119812
2,67,0.03200000151991844
3,67,0.048900000751018524
4,67,0.024900000542402267
5,67,0.032999999821186066
6,67,0.03759999945759773
7,67,0.0471000000834465
8,67,0.05209999904036522
9,67,0.2930000126361847
10,67,0.289000004529953
11,67,0.3009999990463257
12,67,0.3009999990463257
13,67,0.3050000071525574
14,67,0.30799999833106995
15,67,0.06589999794960022
16,67,0.049300000071525574
17,67,0.04349999874830246
18,67,0.05570000037550926
19,67,0.049800001084804535
20,67,0.11699999868869781
21,67,0.09780000150203705
22,67,0.061400000005960464
23,67,0.06019999831914902
24,67,0.0689999982714653
25,67,0.06400000303983688
26,67,0.06759999692440033
27,67,0.11219999939203262
28,67,0.06019999831914902
29,67,0.05860000103712082
30,67,0.040699999779462814
31,67,0.05000000074505806
32,67,0.05339999869465828
33,67,0.05609999969601631
34,67,0.05779999867081642
35,67,0.04670000076293945
36,67,0.06809999793767929
37,67,0.08990000188350677
38,67,0.14399999380111694
39,67,0.14399999380111694
40,67,0.14399999380111694
41,67,0.14399999380111694
42,67,0.14399999380111694
43,67,0.14399999380111694
44,67,0.14399999380111694
45,67,0.14399999380111694
46,67,0.2720000147819519
47,67,0.28529998660087585
48,67,0.3019999861717224
49,67,0.2939999997615814
50,67,0.28700000047683716
51,67,0.2939999997615814
52,67,0.2919999957084656
53,67,0.2919999957084656
54,67,0.1737000048160553
55,67,0.06520000100135803
56,67,0.052400000393390656
57,67,0.07760000228881836
58,67,0.04639999940991402
59,67,0.060600001364946365
60,67,0.0649000033736229
61,67,0.038600001484155655
62,67,0.03959999978542328
63,67,0.04320000112056732
64,67,0.057999998331069946
65,67,0.053300000727176666
66,67,0.05209999904036522
67,67,0.10140000283718109
68,67,0.093299999833107
69,67,0.13339999318122864
70,67,0.06729999929666519
71,67,0.07460000365972519
72,67,0.05990000069141388
73,67,0.039000000804662704
74,67,0.048500001430511475
75,67,0.05559999868273735
76,67,0.07249999791383743
77,67,0.0908999964594841
78,67,0.06769999861717224
79,67,0.04580000042915344
80,67,0.09780000150203705
81,67,0.10830000042915344
82,67,0.121799997985363
83,67,0.16130000352859497
84,67,0.2709999978542328
85,67,0.2199999988079071
86,67,0.2669999897480011
87,67,0.22859999537467957
88,67,0.14980000257492065
89,67,0.13699999451637268
90,67,0.09399999678134918
91,67,0.0997999981045723
92,67,0.10949999839067459
93,67,0.12330000102519989
94,67,0.15530000627040863
95,67,0.11879999935626984
96,67,0.17299999296665192
97,67,0.15639999508857727
98,67,0.12890000641345978
99,67,0.09679999947547913
100,67,0.058800000697374344
1,68,0.03709999844431877
2,68,0.020500000566244125
3,68,0.032099999487400055
4,68,0.019200000911951065
5,68,0.03220000118017197
6,68,0.043800000101327896
7,68,0.051899999380111694
8,68,0.3100000023841858
9,68,0.29899999499320984
10,68,0.30399999022483826
11,68,0.3109999895095825
12,68,0.3009999990463257
13,68,0.2980000078678131
14,68,0.049400001764297485
15,68,0.03779999911785126
16,68,0.04670000076293945
17,68,0.053700000047683716
18,68,0.05950000137090683
19,68,0.08980000019073486
20,68,0.0917000025510788
21,68,0.10930000245571136
22,68,0.07450000196695328
23,68,0.0340999998152256
24,68,0.051899999380111694
25,68,0.052400000393390656
26,68,0.0706000030040741
27,68,0.06939999759197235
28,68,0.05169999971985817
29,68,0.0649000033736229
30,68,0.08470000326633453
31,68,0.0940999984741211
32,68,0.09179999679327011
33,68,0.06040000170469284
34,68,0.039799999445676804
35,68,0.05130000039935112
36,68,0.06449999660253525
37,68,0.07699999958276749
38,68,0.11330000311136246
39,68,0.11330000311136246
40,68,0.11330000311136246
41,68,0.11330000311136246
42,68,0.11330000311136246
43,68,0.11330000311136246
44,68,0.11330000311136246
45,68,0.11330000311136246
46,68,0.29089999198913574
47,68,0.28999999165534973
48,68,0.30300000309944153
49,68,0.2919999957084656
50,68,0.28999999165534973
51,68,0.29100000858306885
52,68,0.2919999957084656
53,68,0.28999999165534973
54,68,0.1071000024676323
55,68,0.07039999961853027
56,68,0.0544000007212162
57,68,0.0658000037074089
58,68,0.06710000336170197
59,68,0.04859999939799309
60,68,0.0364999994635582
61,68,0.04270000010728836
62,68,0.045899998396635056
63,68,0.03790000081062317
64,68,0.04699999839067459
65,68,0.04960000142455101
66,68,0.06210000067949295
67,68,0.07660000026226044
68,68,0.06939999759197235
69,68,0.09390000253915787
70,68,0.05689999833703041
71,68,0.0868000015616417
72,68,0.04529999941587448
73,68,0.054499998688697815
74,68,0.08560000360012054
75,68,0.12030000239610672
76,68,0.0957999974489212
77,68,0.11649999767541885
78,68,0.07029999792575836
79,68,0.0731000006198883
80,68,0.10540000349283218
81,68,0.1120000034570694
82,68,0.2800000011920929
83,68,0.26179999113082886
84,68,0.23999999463558197
85,68,0.20890000462532043
86,68,0.19699999690055847
87,68,0.2290000021457672
88,68,0.14149999618530273
89,68,0.18119999766349792
90,68,0.19619999825954437
91,68,0.13330000638961792
92,68,0.13899999856948853
93,68,0.10459999740123749
94,68,0.08179999887943268
95,68,0.13940000534057617
96,68,0.10819999873638153
97,68,0.13109999895095825
98,68,0.12680000066757202
99,68,0.08349999785423279
100,68,0.05590000003576279
1,69,0.05169999971985817
2,69,0.043699998408555984
3,69,0.035999998450279236
4,69,0.01899999938905239
5,69,0.018300000578165054
6,69,0.02810000069439411
7,69,0.03970000147819519
8,69,0.29600000381469727
9,69,0.29600000381469727
10,69,0.30399999022483826
11,69,0.3140000104904175
12,69,0.3009999990463257
13,69,0.04859999939799309
14,69,0.0551999993622303
15,69,0.054499998688697815
16,69,0.06870000064373016
17,69,0.07069999724626541
18,69,0.08560000360012054
19,69,0.09099999815225601
20,69,0.06800000369548798
21,69,0.09480000287294388
22,69,0.03880000114440918
23,69,0.06549999862909317
24,69,0.06120000034570694
25,69,0.0674000009894371
26,69,0.08429999649524689
27,69,0.07410000264644623
28,69,0.06759999692440033
29,69,0.05860000103712082
30,69,0.10949999839067459
31,69,0.061799999326467514
32,69,0.093299999833107
33,69,0.057999998331069946
34,69,0.03449999913573265
35,69,0.030500000342726707
36,69,0.07249999791383743
37,69,0.12160000205039978
38,69,0.12160000205039978
39,69,0.19660000503063202
40,69,0.19660000503063202
41,69,0.19660000503063202
42,69,0.19660000503063202
43,69,0.19660000503063202
44,69,0.19660000503063202
45,69,0.19660000503063202
46,69,0.19660000503063202
47,69,0.2980000078678131
48,69,0.2930000126361847
49,69,0.29899999499320984
50,69,0.29100000858306885
51,69,0.28299999237060547
52,69,0.30000001192092896
53,69,0.28700000047683716
54,69,0.2919999957084656
55,69,0.05570000037550926
56,69,0.06109999865293503
57,69,0.03999999910593033
58,69,0.06210000067949295
59,69,0.06069999933242798
60,69,0.07349999994039536
61,69,0.051500000059604645
62,69,0.04830000177025795
63,69,0.03880000114440918
64,69,0.037300001829862595
65,69,0.026399999856948853
66,69,0.04179999977350235
67,69,0.03720000013709068
68,69,0.06880000233650208
69,69,0.06270000338554382
70,69,0.06679999828338623
71,69,0.04670000076293945
72,69,0.08229999989271164
73,69,0.10949999839067459
74,69,0.1274999976158142
75,69,0.14650000631809235
76,69,0.11789999902248383
77,69,0.13439999520778656
78,69,0.07440000027418137
79,69,0.2919999957084656
80,69,0.28600001335144043
81,69,0.2720000147819519
82,69,0.2770000100135803
83,69,0.23149999976158142
84,69,0.15000000596046448
85,69,0.1728000044822693
86,69,0.2046000063419342
87,69,0.1941000074148178
88,69,0.13410000503063202
89,69,0.10140000283718109
90,69,0.1216999962925911
91,69,0.13040000200271606
92,69,0.09589999914169312
93,69,0.11400000005960464
94,69,0.0957999974489212
95,69,0.11190000176429749
96,69,0.07289999723434448
97,69,0.10459999740123749
98,69,0.11079999804496765
99,69,0.07000000029802322
100,69,0.05420000106096268
1,70,0.048500001430511475
2,70,0.03550000116229057
3,70,0.05700000002980232
4,70,0.050200000405311584
5,70,0.04179999977350235
6,70,0.28700000047683716
7,70,0.28299999237060547
8,70,0.2939999997615814
9,70,0.2919999957084656
10,70,0.30300000309944153
11,70,0.07490000128746033
12,70,0.04800000041723251
13,70,0.07259999960660934
14,70,0.062199998646974564
15,70,0.065700002014637
16,70,0.05460000038146973
17,70,0.051899999380111694
18,70,0.0471000000834465
19,70,0.04859999939799309
20,70,0.07569999992847443
21,70,0.08089999854564667
22,70,0.05209999904036522
23,70,0.05719999969005585
24,70,0.09560000151395798
25,70,0.11289999634027481
26,70,0.09589999914169312
27,70,0.05090000107884407
28,70,0.04699999839067459
29,70,0.04019999876618385
30,70,0.06610000133514404
31,70,0.07699999958276749
32,70,0.04899999871850014
33,70,0.04390000179409981
34,70,0.028599999845027924
35,70,0.03819999843835831
36,70,0.07970000058412552
37,70,0.1454000025987625
38,70,0.18940000236034393
39,70,0.19349999725818634
40,70,0.19349999725818634
41,70,0.19349999725818634
42,70,0.19349999725818634
43,70,0.19349999725818634
44,70,0.19349999725818634
45,70,0.19349999725818634
46,70,0.19349999725818634
47,70,0.296999990940094
48,70,0.28600001335144043
49,70,0.29600000381469727
50,70,0.28999999165534973
51,70,0.28999999165534973
52,70,0.29499998688697815
53,70,0.2919999957084656
54,70,0.3050000071525574
55,70,0.13860000669956207
56,70,0.025200000032782555
57,70,0.031599998474121094
58,70,0.06639999896287918
59,70,0.08030000329017639
60,70,0.08060000091791153
61,70,0.06040000170469284
62,70,0.045099999755620956
63,70,0.03240000084042549
64,70,0.030500000342726707
65,70,0.022099999710917473
66,70,0.021299999207258224
67,70,0.049300000071525574
68,70,0.06379999965429306
69,70,0.059300001710653305
70,70,0.05909999832510948
71,70,0.05590000003576279
72,70,0.09210000187158585
73,70,0.09880000352859497
74,70,0.0763000026345253
75,70,0.08389999717473984
76,70,0.07259999960660934
77,70,0.11190000176429749
78,70,0.28700000047683716
79,70,0.2919999957084656
80,70,0.28999999165534973
81,70,0.29100000858306885
82,70,0.29100000858306885
83,70,0.26600000262260437
84,70,0.17000000178813934
85,70,0.20100000500679016
86,70,0.125
87,70,0.08079999685287476
88,70,0.1088000014424324
89,70,0.10890000313520432
90,70,0.05770000070333481
91,70,0.0997999981045723
92,70,0.12470000237226486
93,70,0.1256999969482422
94,70,0.08209999650716782
95,70,0.15199999511241913
96,70,0.12460000067949295
97,70,0.12409999966621399
98,70,0.08030000329017639
99,70,0.07500000298023224
100,70,0.06480000168085098
1,71,0.0364999994635582
2,71,0.026900000870227814
3,71,0.024900000542402267
4,71,0.24699999392032623
5,71,0.27900001406669617
6,71,0.2809999883174896
7,71,0.2750000059604645
8,71,0.29600000381469727
9,71,0.29100000858306885
10,71,0.3160000145435333
11,71,0.08720000088214874
12,71,0.11890000104904175
13,71,0.0925000011920929
14,71,0.08100000023841858
15,71,0.05090000107884407
16,71,0.04540000110864639
17,71,0.05050000175833702
18,71,0.058800000697374344
19,71,0.04879999905824661
20,71,0.05290000140666962
21,71,0.04749999940395355
22,71,0.05429999902844429
23,71,0.08389999717473984
24,71,0.14480000734329224
25,71,0.1088000014424324
26,71,0.0957999974489212
27,71,0.07329999655485153
28,71,0.06859999895095825
29,71,0.0714000016450882
30,71,0.041200000792741776
31,71,0.05820000171661377
32,71,0.037700001150369644
33,71,0.046300001442432404
34,71,0.03700000047683716
35,71,0.06800000369548798
36,71,0.13650000095367432
37,71,0.12839999794960022
38,71,0.1103999987244606
39,71,0.2061000019311905
40,71,0.2061000019311905
41,71,0.2061000019311905
42,71,0.2061000019311905
43,71,0.2061000019311905
44,71,0.2061000019311905
45,71,0.2061000019311905
46,71,0.29100000858306885
47,71,0.2980000078678131
48,71,0.28299999237060547
49,71,0.29600000381469727
50,71,0.29899999499320984
51,71,0.30000001192092896
52,71,0.3059999942779541
53,71,0.3070000112056732
54,71,0.3089999854564667
55,71,0.09539999812841415
56,71,0.03269999846816063
57,71,0.038600001484155655
58,71,0.10249999910593033
59,71,0.047600001096725464
60,71,0.05609999969601631
61,71,0.03720000013709068
62,71,0.03970000147819519
63,71,0.032600000500679016
64,71,0.02319999970495701
65,71,0.022199999541044235
66,71,0.029100000858306885
67,71,0.04659999907016754
68,71,0.055799998342990875
69,71,0.05730000138282776
70,71,0.052000001072883606
71,71,0.07900000363588333
72,71,0.08190000057220459
73,71,0.09830000251531601
74,71,0.09000000357627869
75,71,0.10459999740123749
76,71,0.07829999923706055
77,71,0.09529999643564224
78,71,0.2919999957084656
79,71,0.29100000858306885
80,71,0.28999999165534973
81,71,0.2930000126361847
82,71,0.27900001406669617
83,71,0.257999986410141
84,71,0.19200000166893005
85,71,0.1387999951839447
86,71,0.17020000517368317
87,71,0.0794999971985817
88,71,0.12359999865293503
89,71,0.11349999904632568
90,71,0.10899999737739563
91,71,0.16590000689029694
92,71,0.10679999738931656
93,71,0.09629999846220016
94,71,0.11580000072717667
95,71,0.09809999912977219
96,71,0.11940000206232071
97,71,0.08720000088214874
98,71,0.08579999953508377
99,71,0.07270000129938126
100,71,0.07639999687671661
1,72,0.059700001031160355
2,72,0.04540000110864639
3,72,0.02850000001490116
4,72,0.2680000066757202
5,72,0.2619999945163727
6,72,0.2750000059604645
7,72,0.2750000059604645
8,72,0.28999999165534973
9,72,0.27799999713897705
10,72,0.020400000736117363
11,72,0.04699999839067459
12,72,0.10989999771118164
13,72,0.07180000096559525
14,72,0.06790000200271606
15,72,0.035999998450279236
16,72,0.05249999836087227
17,72,0.056299999356269836
18,72,0.04839999973773956
19,72,0.054099999368190765
20,72,0.050700001418590546
21,72,0.06129999831318855
22,72,0.06129999831318855
23,72,0.10379999876022339
24,72,0.11330000311136246
25,72,0.11940000206232071
26,72,0.10639999806880951
27,72,0.10490000247955322
28,72,0.058400001376867294
29,72,0.0786999985575676
30,72,0.04639999940991402
31,72,0.05040000006556511
32,72,0.06350000202655792
33,72,0.054499998688697815
34,72,0.06920000165700912
35,72,0.06509999930858612
36,72,0.08799999952316284
37,72,0.09319999814033508
38,72,0.1437000036239624
39,72,0.1316000074148178
40,72,0.12219999730587006
41,72,0.13490000367164612
42,72,0.12240000069141388
43,72,0.12240000069141388
44,72,0.12240000069141388
45,72,0.12240000069141388
46,72,0.05939999967813492
47,72,0.296999990940094
48,72,0.289000004529953
49,72,0.2919999957084656
50,72,0.3059999942779541
51,72,0.30799999833106995
52,72,0.30300000309944153
53,72,0.3050000071525574
54,72,0.30000001192092896
55,72,0.2980000078678131
56,72,0.06390000134706497
57,72,0.0406000018119812
58,72,0.05510000139474869
59,72,0.0414000004529953
60,72,0.03660000115633011
61,72,0.03889999911189079
62,72,0.03420000150799751
63,72,0.025499999523162842
64,72,0.028699999675154686
65,72,0.01940000057220459
66,72,0.03099999949336052
67,72,0.02590000070631504
68,72,0.030700000002980232
69,72,0.04919999837875366
70,72,0.055799998342990875
71,72,0.05869999900460243
72,72,0.04280000180006027
73,72,0.050700001418590546
74,72,0.08569999784231186
75,72,0.08089999854564667
76,72,0.09989999979734421
77,72,0.28200000524520874
78,72,0.29100000858306885
79,72,0.29600000381469727
80,72,0.28999999165534973
81,72,0.28999999165534973
82,72,0.2800000011920929
83,72,0.18729999661445618
84,72,0.1762000024318695
85,72,0.16670000553131104
86,72,0.19699999690055847
87,72,0.12690000236034393
88,72,0.1460999995470047
89,72,0.17640000581741333
90,72,0.15459999442100525
91,72,0.1257999986410141
92,72,0.15289999544620514
93,72,0.19089999794960022
94,72,0.1185000017285347
95,72,0.0868000015616417
96,72,0.08609999716281891
97,72,0.07460000365972519
98,72,0.08420000225305557
99,72,0.06019999831914902
100,72,0.05260000005364418
1,73,0.04170000180602074
2,73,0.039900001138448715
3,73,0.23890000581741333
4,73,0.2630000114440918
5,73,0.1940000057220459
6,73,0.2549999952316284
7,73,0.25060001015663147
8,73,0.01600000075995922
9,73,0.011099999770522118
10,73,0.027699999511241913
11,73,0.04479999840259552
12,73,0.05719999969005585
13,73,0.09619999676942825
14,73,0.06549999862909317
15,73,0.03420000150799751
16,73,0.025200000032782555
17,73,0.033799998462200165
18,73,0.03999999910593033
19,73,0.07240000367164612
20,73,0.052299998700618744
21,73,0.05169999971985817
22,73,0.06469999998807907
23,73,0.09239999949932098
24,73,0.12210000306367874
25,73,0.09040000289678574
26,73,0.11869999766349792
27,73,0.10239999741315842
28,73,0.08219999819993973
29,73,0.07209999859333038
30,73,0.06300000101327896
31,73,0.057500001043081284
32,73,0.09160000085830688
33,73,0.09380000084638596
34,73,0.09539999812841415
35,73,0.08389999717473984
36,73,0.07419999688863754
37,73,0.13359999656677246
38,73,0.18129999935626984
39,73,0.14149999618530273
40,73,0.10849999636411667
41,73,0.11869999766349792
42,73,0.18459999561309814
43,73,0.18459999561309814
44,73,0.12839999794960022
45,73,0.13330000638961792
46,73,0.06120000034570694
47,73,0.3019999861717224
48,73,0.31700000166893005
49,73,0.30799999833106995
50,73,0.3070000112056732
51,73,0.3240000009536743
52,73,0.30000001192092896
53,73,0.28999999165534973
54,73,0.30399999022483826
55,73,0.3089999854564667
56,73,0.09629999846220016
57,73,0.0560000017285347
58,73,0.0731000006198883
59,73,0.05339999869465828
60,73,0.03909999877214432
61,73,0.041600000113248825
62,73,0.02979999966919422
63,73,0.02590000070631504
64,73,0.02969999983906746
65,73,0.033399999141693115
66,73,0.03420000150799751
67,73,0.03539999946951866
68,73,0.04529999941587448
69,73,0.03959999978542328
70,73,0.06340000033378601
71,73,0.05609999969601631
72,73,0.04729999974370003
73,73,0.05779999867081642
74,73,0.04149999842047691
75,73,0.07779999822378159
76,73,0.053300000727176666
77,73,0.27799999713897705
78,73,0.29100000858306885
79,73,0.29600000381469727
80,73,0.289000004529953
81,73,0.2800000011920929
82,73,0.27799999713897705
83,73,0.13840000331401825
84,73,0.14640000462532043
85,73,0.13259999454021454
86,73,0.15150000154972076
87,73,0.2013999968767166
88,73,0.1298999935388565
89,73,0.16189999878406525
90,73,0.20659999549388885
91,73,0.1664000004529953
92,73,0.1860000044107437
93,73,0.15530000627040863
94,73,0.12240000069141388
95,73,0.13019999861717224
96,73,0.07479999959468842
97,73,0.06710000336170197
98,73,0.11320000141859055
99,73,0.09489999711513519
100,73,0.11010000109672546
1,74,0.03150000050663948
2,74,0.24199999868869781
3,74,0.25200000405311584
4,74,0.2639999985694885
5,74,0.25699999928474426
6,74,0.27000001072883606
7,74,0.2639999985694885
8,74,0.012199999764561653
9,74,0.010400000028312206
10,74,0.0142000000923872
11,74,0.029100000858306885
12,74,0.04010000079870224
13,74,0.05939999967813492
14,74,0.04179999977350235
15,74,0.029500000178813934
16,74,0.05169999971985817
17,74,0.029999999329447746
18,74,0.05460000038146973
19,74,0.05660000070929527
20,74,0.04839999973773956
21,74,0.04619999974966049
22,74,0.07190000265836716
23,74,0.07360000163316727
24,74,0.10300000011920929
25,74,0.09300000220537186
26,74,0.08799999952316284
27,74,0.0794999971985817
28,74,0.10130000114440918
29,74,0.09189999848604202
30,74,0.07859999686479568
31,74,0.07509999722242355
32,74,0.0658000037074089
33,74,0.07000000029802322
34,74,0.06800000369548798
35,74,0.08169999718666077
36,74,0.0851999968290329
37,74,0.1459999978542328
38,74,0.1500999927520752
39,74,0.21879999339580536
40,74,0.17080000042915344
41,74,0.1662999987602234
42,74,0.125900000333786
43,74,0.11640000343322754
44,74,0.09300000220537186
45,74,0.09830000251531601
46,74,0.05270000174641609
47,74,0.3009999990463257
48,74,0.3160000145435333
49,74,0.30000001192092896
50,74,0.3109999895095825
51,74,0.31200000643730164
52,74,0.3089999854564667
53,74,0.28999999165534973
54,74,0.3050000071525574
55,74,0.3089999854564667
56,74,0.12870000302791595
57,74,0.04639999940991402
58,74,0.039000000804662704
59,74,0.04639999940991402
60,74,0.06970000267028809
61,74,0.057500001043081284
62,74,0.024299999698996544
63,74,0.026100000366568565
64,74,0.031599998474121094
65,74,0.03139999881386757
66,74,0.03959999978542328
67,74,0.04619999974966049
68,74,0.04600000008940697
69,74,0.04820000007748604
70,74,0.0658000037074089
71,74,0.05050000175833702
72,74,0.05889999866485596
73,74,0.0406000018119812
74,74,0.05119999870657921
75,74,0.08969999849796295
76,74,0.0632999986410141
77,74,0.29100000858306885
78,74,0.29100000858306885
79,74,0.28700000047683716
80,74,0.28600001335144043
81,74,0.2770000100135803
82,74,0.25200000405311584
83,74,0.1589999943971634
84,74,0.1534000039100647
85,74,0.19200000166893005
86,74,0.15189999341964722
87,74,0.1251000016927719
88,74,0.08179999887943268
89,74,0.18199999630451202
90,74,0.13249999284744263
91,74,0.09600000083446503
92,74,0.15129999816417694
93,74,0.20440000295639038
94,74,0.17560000717639923
95,74,0.11349999904632568
96,74,0.10140000283718109
97,74,0.06449999660253525
98,74,0.09239999949932098
99,74,0.10830000042915344
100,74,0.12489999830722809
1,75,0.2770000100135803
2,75,0.2709999978542328
3,75,0.2709999978542328
4,75,0.2759999930858612
5,75,0.2680000066757202
6,75,0.27399998903274536
7,75,0.0142000000923872
8,75,0.017100000753998756
9,75,0.01810000091791153
10,75,0.020600000396370888
11,75,0.026100000366568565
12,75,0.028300000354647636
13,75,0.028300000354647636
14,75,0.027699999511241913
15,75,0.028999999165534973
16,75,0.0414000004529953
17,75,0.03229999914765358
18,75,0.051600001752376556
19,75,0.027799999341368675
20,75,0.03180000185966492
21,75,0.05959999933838844
22,75,0.08969999849796295
23,75,0.08990000188350677
24,75,0.0940999984741211
25,75,0.13220000267028809
26,75,0.11959999799728394
27,75,0.1014999970793724
28,75,0.09939999878406525
29,75,0.09019999951124191
30,75,0.07689999788999557
31,75,0.06400000303983688
32,75,0.07500000298023224
33,75,0.06019999831914902
34,75,0.06939999759197235
35,75,0.11940000206232071
36,75,0.1356000006198883
37,75,0.15729999542236328
38,75,0.1859000027179718
39,75,0.1931000053882599
40,75,0.19050000607967377
41,75,0.12380000203847885
42,75,0.11990000307559967
43,75,0.09600000083446503
44,75,0.09350000321865082
45,75,0.1088000014424324
46,75,0.07559999823570251
47,75,0.30000001192092896
48,75,0.3050000071525574
49,75,0.30399999022483826
50,75,0.30799999833106995
51,75,0.3140000104904175
52,75,0.3160000145435333
53,75,0.3019999861717224
54,75,0.30000001192092896
55,75,0.30300000309944153
56,75,0.029899999499320984
57,75,0.03750000149011612
58,75,0.05050000175833702
59,75,0.046300001442432404
60,75,0.05400000140070915
61,75,0.040300000458955765
62,75,0.0284000001847744
63,75,0.025499999523162842
64,75,0.03220000118017197
65,75,0.08720000088214874
66,75,0.06289999932050705
67,75,0.04910000041127205
68,75,0.05139999836683273
69,75,0.05550000071525574
70,75,0.07599999755620956
71,75,0.08990000188350677
72,75,0.0877000018954277
73,75,0.0763000026345253
74,75,0.06719999760389328
75,75,0.08799999952316284
76,75,0.0778999999165535
77,75,0.2809999883174896
78,75,0.2619999945163727
79,75,0.28600001335144043
80,75,0.29100000858306885
81,75,0.2759999930858612
82,75,0.26100000739097595
83,75,0.14489999413490295
84,75,0.14319999516010284
85,75,0.1477999985218048
86,75,0.13130000233650208
87,75,0.14000000059604645
88,75,0.11869999766349792
89,75,0.13330000638961792
90,75,0.12380000203847885
91,75,0.08780000358819962
92,75,0.13109999895095825
93,75,0.19120000302791595
94,75,0.17030000686645508
95,75,0.13490000367164612
96,75,0.15880000591278076
97,75,0.20479999482631683
98,75,0.12890000641345978
99,75,0.08810000121593475
100,75,0.13930000364780426
1,76,0.2770000100135803
2,76,0.2750000059604645
3,76,0.2800000011920929
4,76,0.28600001335144043
5,76,0.2759999930858612
6,76,0.0142000000923872
7,76,0.012000000104308128
8,76,0.010900000110268593
9,76,0.017100000753998756
10,76,0.020099999383091927
11,76,0.02410000003874302
12,76,0.032099999487400055
13,76,0.02969999983906746
14,76,0.020500000566244125
15,76,0.02500000037252903
16,76,0.031300000846385956
17,76,0.032999999821186066
18,76,0.03629999980330467
19,76,0.030899999663233757
20,76,0.04259999841451645
21,76,0.06769999861717224
22,76,0.12039999663829803
23,76,0.16979999840259552
24,76,0.1251000016927719
25,76,0.08720000088214874
26,76,0.11739999800920486
27,76,0.10090000182390213
28,76,0.07670000195503235
29,76,0.07720000296831131
30,76,0.04960000142455101
31,76,0.055799998342990875
32,76,0.07739999890327454
33,76,0.08219999819993973
34,76,0.1088000014424324
35,76,0.15790000557899475
36,76,0.15209999680519104
37,76,0.186599999666214
38,76,0.09969999641180038
39,76,0.13030000030994415
40,76,0.16179999709129333
41,76,0.10559999942779541
42,76,0.12970000505447388
43,76,0.0957999974489212
44,76,0.0925000011920929
45,76,0.09130000323057175
46,76,0.1316000074148178
47,76,0.17640000581741333
48,76,0.29100000858306885
49,76,0.30000001192092896
50,76,0.3070000112056732
51,76,0.31709998846054077
52,76,0.328000009059906
53,76,0.3070000112056732
54,76,0.28999999165534973
55,76,0.15299999713897705
56,76,0.03150000050663948
57,76,0.05290000140666962
58,76,0.03420000150799751
59,76,0.029500000178813934
60,76,0.031300000846385956
61,76,0.03449999913573265
62,76,0.02160000056028366
63,76,0.026900000870227814
64,76,0.0284000001847744
65,76,0.04320000112056732
66,76,0.0333000011742115
67,76,0.07419999688863754
68,76,0.08879999816417694
69,76,0.09740000218153
70,76,0.14710000157356262
71,76,0.15160000324249268
72,76,0.09950000047683716
73,76,0.07880000025033951
74,76,0.04989999905228615
75,76,0.08950000256299973
76,76,0.06759999692440033
77,76,0.061400000005960464
78,76,0.29100000858306885
79,76,0.28600001335144043
80,76,0.29499998688697815
81,76,0.2750000059604645
82,76,0.257999986410141
83,76,0.2709999978542328
84,76,0.08640000224113464
85,76,0.13860000669956207
86,76,0.15620000660419464
87,76,0.11150000244379044
88,76,0.08640000224113464
89,76,0.13519999384880066
90,76,0.12479999661445618
91,76,0.11860000342130661
92,76,0.193900004029274
93,76,0.21130000054836273
94,76,0.15600000321865082
95,76,0.14069999754428864
96,76,0.16599999368190765
97,76,0.18619999289512634
98,76,0.16030000150203705
99,76,0.10400000214576721
100,76,0.07280000299215317
1,77,0.2709999978542328
2,77,0.2709999978542328
3,77,0.28299999237060547
4,77,0.28700000047683716
5,77,0.017100000753998756
6,77,0.012000000104308128
7,77,0.012900000438094139
8,77,0.012600000016391277
9,77,0.01549999974668026
10,77,0.013799999840557575
11,77,0.024299999698996544
12,77,0.03319999948143959
13,77,0.03889999911189079
14,77,0.026200000196695328
15,77,0.02419999986886978
16,77,0.039900001138448715
17,77,0.03610000014305115
18,77,0.04360000044107437
19,77,0.066600002348423
20,77,0.05079999938607216
21,77,0.048500001430511475
22,77,0.09309999644756317
23,77,0.12309999763965607
24,77,0.13019999861717224
25,77,0.11029999703168869
26,77,0.06300000101327896
27,77,0.0868000015616417
28,77,0.07750000059604645
29,77,0.09189999848604202
30,77,0.07079999893903732
31,77,0.03970000147819519
32,77,0.053199999034404755
33,77,0.07050000131130219
34,77,0.07519999891519547
35,77,0.11949999630451202
36,77,0.10939999669790268
37,77,0.10890000313520432
38,77,0.09049999713897705
39,77,0.06759999692440033
40,77,0.15160000324249268
41,77,0.20960000157356262
42,77,0.11410000175237656
43,77,0.09589999914169312
44,77,0.06120000034570694
45,77,0.07400000095367432
46,77,0.16380000114440918
47,77,0.2849999964237213
48,77,0.2939999997615814
49,77,0.3160000145435333
50,77,0.30300000309944153
51,77,0.3070000112056732
52,77,0.3089999854564667
53,77,0.3089999854564667
54,77,0.296999990940094
55,77,0.02669999934732914
56,77,0.04050000011920929
57,77,0.027499999850988388
58,77,0.013899999670684338
59,77,0.019099999219179153
60,77,0.020600000396370888
61,77,0.027300000190734863
62,77,0.030300000682473183
63,77,0.02449999935925007
64,77,0.02710000053048134
65,77,0.045499999076128006
66,77,0.05260000005364418
67,77,0.08869999647140503
68,77,0.15889999270439148
69,77,0.10159999877214432
70,77,0.13770000636577606
71,77,0.13940000534057617
72,77,0.08139999955892563
73,77,0.09830000251531601
74,77,0.06809999793767929
75,77,0.06449999660253525
76,77,0.03959999978542328
77,77,0.05950000137090683
78,77,0.2930000126361847
79,77,0.2919999957084656
80,77,0.28999999165534973
81,77,0.2750000059604645
82,77,0.2770000100135803
83,77,0.26600000262260437
84,77,0.11729999631643295
85,77,0.11029999703168869
86,77,0.11940000206232071
87,77,0.12530000507831573
88,77,0.12110000103712082
89,77,0.18709999322891235
90,77,0.15379999577999115
91,77,0.1348000019788742
92,77,0.15520000457763672
93,77,0.14820000529289246
94,77,0.15360000729560852
95,77,0.1264999955892563
96,77,0.16359999775886536
97,77,0.14059999585151672
98,77,0.13230000436306
99,77,0.13230000436306
100,77,0.08839999884366989
1,78,0.27900001406669617
2,78,0.27399998903274536
3,78,0.27000001072883606
4,78,0.01209999993443489
5,78,0.013299999758601189
6,78,0.015599999576807022
7,78,0.012000000104308128
8,78,0.01360000018030405
9,78,0.016899999231100082
10,78,0.017999999225139618
11,78,0.02889999933540821
12,78,0.027899999171495438
13,78,0.020800000056624413
14,78,0.02410000003874302
15,78,0.026200000196695328
16,78,0.02850000001490116
17,78,0.033900000154972076
18,78,0.05050000175833702
19,78,0.09109999984502792
20,78,0.07119999825954437
21,78,0.12290000170469284
22,78,0.16590000689029694
23,78,0.10949999839067459
24,78,0.08079999685287476
25,78,0.07859999686479568
26,78,0.07649999856948853
27,78,0.08980000019073486
28,78,0.10300000011920929
29,78,0.06419999897480011
30,78,0.0714000016450882
31,78,0.0714000016450882
32,78,0.08420000225305557
33,78,0.06040000170469284
34,78,0.11069999635219574
35,78,0.13019999861717224
36,78,0.09449999779462814
37,78,0.1306000053882599
38,78,0.08169999718666077
39,78,0.11550000309944153
40,78,0.11620000004768372
41,78,0.17599999904632568
42,78,0.164000004529953
43,78,0.07190000265836716
44,78,0.05860000103712082
45,78,0.07190000265836716
46,78,0.10890000313520432
47,78,0.28700000047683716
48,78,0.28700000047683716
49,78,0.31299999356269836
50,78,0.3140000104904175
51,78,0.3050000071525574
52,78,0.32199999690055847
53,78,0.3109999895095825
54,78,0.17010000348091125
55,78,0.03849999979138374
56,78,0.027499999850988388
57,78,0.024399999529123306
58,78,0.0203000009059906
59,78,0.021400000900030136
60,78,0.023499999195337296
61,78,0.0340999998152256
62,78,0.037700001150369644
63,78,0.038600001484155655
64,78,0.03929999843239784
65,78,0.02449999935925007
66,78,0.0658000037074089
67,78,0.10540000349283218
68,78,0.09870000183582306
69,78,0.0786999985575676
70,78,0.11670000106096268
71,78,0.08799999952316284
72,78,0.06520000100135803
73,78,0.055399999022483826
74,78,0.06120000034570694
75,78,0.06889999657869339
76,78,0.05889999866485596
77,78,0.07029999792575836
78,78,0.28700000047683716
79,78,0.2750000059604645
80,78,0.2930000126361847
81,78,0.28700000047683716
82,78,0.27799999713897705
83,78,0.27300000190734863
84,78,0.12039999663829803
85,78,0.13539999723434448
86,78,0.10809999704360962
87,78,0.05090000107884407
88,78,0.07460000365972519
89,78,0.13259999454021454
90,78,0.15629999339580536
91,78,0.15289999544620514
92,78,0.11289999634027481
93,78,0.10719999670982361
94,78,0.1467999964952469
95,78,0.05979999899864197
96,78,0.08550000190734863
97,78,0.060499999672174454
98,78,0.11729999631643295
99,78,0.17299999296665192
100,78,0.060100000351667404
1,79,0.2809999883174896
2,79,0.2840000092983246
3,79,0.018699999898672104
4,79,0.012000000104308128
5,79,0.009499999694526196
6,79,0.01510000042617321
7,79,0.01759999990463257
8,79,0.013799999840557575
9,79,0.017899999395012856
10,79,0.020899999886751175
11,79,0.020899999886751175
12,79,0.03959999978542328
13,79,0.027699999511241913
14,79,0.025200000032782555
15,79,0.02280000038444996
16,79,0.03139999881386757
17,79,0.029500000178813934
18,79,0.043299999088048935
19,79,0.0722000002861023
20,79,0.06889999657869339
21,79,0.11670000106096268
22,79,0.13989999890327454
23,79,0.09350000321865082
24,79,0.0763000026345253
25,79,0.07930000126361847
26,79,0.07440000027418137
27,79,0.05429999902844429
28,79,0.10040000081062317
29,79,0.05779999867081642
30,79,0.059300001710653305
31,79,0.07580000162124634
32,79,0.10220000147819519
33,79,0.07109999656677246
34,79,0.08760000020265579
35,79,0.11659999936819077
36,79,0.07810000330209732
37,79,0.08420000225305557
38,79,0.0502999983727932
39,79,0.06480000168085098
40,79,0.051600001752376556
41,79,0.10140000283718109
42,79,0.1316000074148178
43,79,0.07190000265836716
44,79,0.03519999980926514
45,79,0.07020000368356705
46,79,0.2919999957084656
47,79,0.28200000524520874
48,79,0.28700000047683716
49,79,0.3050000071525574
50,79,0.31200000643730164
51,79,0.3070000112056732
52,79,0.32600000500679016
53,79,0.3100000023841858
54,79,0.021900000050663948
55,79,0.029200000688433647
56,79,0.027300000190734863
57,79,0.013799999840557575
58,79,0.026100000366568565
59,79,0.026100000366568565
60,79,0.0272000003606081
61,79,0.03020000085234642
62,79,0.027899999171495438
63,79,0.05079999938607216
64,79,0.05079999938607216
65,79,0.03319999948143959
66,79,0.04399999976158142
67,79,0.06859999895095825
68,79,0.061900001019239426
69,79,0.04259999841451645
70,79,0.06930000334978104
71,79,0.05869999900460243
72,79,0.04320000112056732
73,79,0.03920000046491623
74,79,0.09070000052452087
75,79,0.07460000365972519
76,79,0.0731000006198883
77,79,0.049800001084804535
78,79,0.2809999883174896
79,79,0.28999999165534973
80,79,0.27300000190734863
81,79,0.28600001335144043
82,79,0.2809999883174896
83,79,0.2549999952316284
84,79,0.24169999361038208
85,79,0.08829999715089798
86,79,0.10610000044107437
87,79,0.05790000036358833
88,79,0.07249999791383743
89,79,0.09210000187158585
90,79,0.1526000052690506
91,79,0.18080000579357147
92,79,0.13529999554157257
93,79,0.14560000598430634
94,79,0.15479999780654907
95,79,0.11330000311136246
96,79,0.12280000001192093
97,79,0.10239999741315842
98,79,0.11999999731779099
99,79,0.14159999787807465
100,79,0.0608999989926815
1,80,0.2680000066757202
2,80,0.2939999997615814
3,80,0.012600000016391277
4,80,0.01979999989271164
5,80,0.01940000057220459
6,80,0.013799999840557575
7,80,0.01209999993443489
8,80,0.014399999752640724
9,80,0.020800000056624413
10,80,0.031099999323487282
11,80,0.023499999195337296
12,80,0.021199999377131462
13,80,0.019999999552965164
14,80,0.02449999935925007
15,80,0.021199999377131462
16,80,0.026900000870227814
17,80,0.04800000041723251
18,80,0.050700001418590546
19,80,0.07029999792575836
20,80,0.09099999815225601
21,80,0.11490000039339066
22,80,0.12370000034570694
23,80,0.10440000146627426
24,80,0.10090000182390213
25,80,0.06809999793767929
26,80,0.08060000091791153
27,80,0.09440000355243683
28,80,0.08309999853372574
29,80,0.04910000041127205
30,80,0.08009999990463257
31,80,0.08309999853372574
32,80,0.11270000040531158
33,80,0.08969999849796295
34,80,0.10209999978542328
35,80,0.12020000070333481
36,80,0.08510000258684158
37,80,0.10140000283718109
38,80,0.06129999831318855
39,80,0.061500001698732376
40,80,0.045899998396635056
41,80,0.07840000092983246
42,80,0.10639999806880951
43,80,0.0658000037074089
44,80,0.03819999843835831
45,80,0.04320000112056732
46,80,0.28700000047683716
47,80,0.29100000858306885
48,80,0.3059999942779541
49,80,0.296999990940094
50,80,0.3140000104904175
51,80,0.2980000078678131
52,80,0.31299999356269836
53,80,0.14489999413490295
54,80,0.0210999995470047
55,80,0.03680000081658363
56,80,0.03790000081062317
57,80,0.019200000911951065
58,80,0.019999999552965164
59,80,0.02810000069439411
60,80,0.029400000348687172
61,80,0.028200000524520874
62,80,0.024299999698996544
63,80,0.0348999984562397
64,80,0.04390000179409981
65,80,0.027899999171495438
66,80,0.039500001817941666
67,80,0.051500000059604645
68,80,0.07109999656677246
69,80,0.030400000512599945
70,80,0.04149999842047691
71,80,0.02979999966919422
72,80,0.025499999523162842
73,80,0.047200001776218414
74,80,0.0478999987244606
75,80,0.06419999897480011
76,80,0.07000000029802322
77,80,0.03779999911785126
78,80,0.060600001364946365
79,80,0.0640999972820282
80,80,0.28700000047683716
81,80,0.27300000190734863
82,80,0.28600001335144043
83,80,0.2290000021457672
84,80,0.23999999463558197
85,80,0.25699999928474426
86,80,0.27799999713897705
87,80,0.0957999974489212
88,80,0.1031000018119812
89,80,0.125900000333786
90,80,0.13259999454021454
91,80,0.20640000700950623
92,80,0.1940000057220459
93,80,0.13199999928474426
94,80,0.12349999696016312
95,80,0.16329999268054962
96,80,0.13529999554157257
97,80,0.08259999752044678
98,80,0.10029999911785126
99,80,0.06560000032186508
100,80,0.05490000173449516
1,81,0.26100000739097595
2,81,0.2720000147819519
3,81,0.0142000000923872
4,81,0.016200000420212746
5,81,0.025200000032782555
6,81,0.017999999225139618
7,81,0.013399999588727951
8,81,0.017100000753998756
9,81,0.014100000262260437
10,81,0.014499999582767487
11,81,0.017799999564886093
12,81,0.016300000250339508
13,81,0.014100000262260437
14,81,0.016599999740719795
15,81,0.026200000196695328
16,81,0.03920000046491623
17,81,0.058800000697374344
18,81,0.055799998342990875
19,81,0.08919999748468399
20,81,0.10989999771118164
21,81,0.07209999859333038
22,81,0.15029999613761902
23,81,0.12549999356269836
24,81,0.11550000309944153
25,81,0.07109999656677246
26,81,0.06260000169277191
27,81,0.050599999725818634
28,81,0.06520000100135803
29,81,0.05849999934434891
30,81,0.06960000097751617
31,81,0.06689999997615814
32,81,0.11100000143051147
33,81,0.12630000710487366
34,81,0.1468999981880188
35,81,0.11389999836683273
36,81,0.08169999718666077
37,81,0.08190000057220459
38,81,0.0949999988079071
39,81,0.07370000332593918
40,81,0.05739999935030937
41,81,0.07259999960660934
42,81,0.07320000231266022
43,81,0.07079999893903732
44,81,0.02250000089406967
45,81,0.2800000011920929
46,81,0.2809999883174896
47,81,0.29600000381469727
48,81,0.2980000078678131
49,81,0.2939999997615814
50,81,0.30399999022483826
51,81,0.3070000112056732
52,81,0.3109999895095825
53,81,0.03849999979138374
54,81,0.024700000882148743
55,81,0.02810000069439411
56,81,0.03220000118017197
57,81,0.030300000682473183
58,81,0.031199999153614044
59,81,0.029400000348687172
60,81,0.0430000014603138
61,81,0.03440000116825104
62,81,0.024900000542402267
63,81,0.024299999698996544
64,81,0.0340999998152256
65,81,0.03400000184774399
66,81,0.04170000180602074
67,81,0.05249999836087227
68,81,0.040300000458955765
69,81,0.03669999912381172
70,81,0.04280000180006027
71,81,0.03370000049471855
72,81,0.03970000147819519
73,81,0.05530000105500221
74,81,0.0706000030040741
75,81,0.06279999762773514
76,81,0.07840000092983246
77,81,0.04749999940395355
78,81,0.05779999867081642
79,81,0.06400000303983688
80,81,0.041999999433755875
81,81,0.28600001335144043
82,81,0.2770000100135803
83,81,0.2639999985694885
84,81,0.2680000066757202
85,81,0.24660000205039978
86,81,0.2630000114440918
87,81,0.1444000005722046
88,81,0.07109999656677246
89,81,0.11060000211000443
90,81,0.14010000228881836
91,81,0.1559000015258789
92,81,0.1777999997138977
93,81,0.14480000734329224
94,81,0.1509999930858612
95,81,0.16060000658035278
96,81,0.1362999975681305
97,81,0.06449999660253525
98,81,0.058400001376867294
99,81,0.06719999760389328
100,81,0.060100000351667404
1,82,0.2290000021457672
2,82,0.01600000075995922
3,82,0.021900000050663948
4,82,0.01720000058412552
5,82,0.017500000074505806
6,82,0.019300000742077827
7,82,0.025599999353289604
8,82,0.01899999938905239
9,82,0.016899999231100082
10,82,0.01679999940097332
11,82,0.0348999984562397
12,82,0.025499999523162842
13,82,0.016200000420212746
14,82,0.03370000049471855
15,82,0.027400000020861626
16,82,0.03700000047683716
17,82,0.03449999913573265
18,82,0.06350000202655792
19,82,0.10700000077486038
20,82,0.08560000360012054
21,82,0.11829999834299088
22,82,0.1371999979019165
23,82,0.11420000344514847
24,82,0.11259999871253967
25,82,0.08910000324249268
26,82,0.09600000083446503
27,82,0.0658000037074089
28,82,0.0877000018954277
29,82,0.06700000166893005
30,82,0.0560000017285347
31,82,0.1160999983549118
32,82,0.14659999310970306
33,82,0.1273999959230423
34,82,0.20190000534057617
35,82,0.13210000097751617
36,82,0.11010000109672546
37,82,0.08860000222921371
38,82,0.09120000153779984
39,82,0.05169999971985817
40,82,0.0729999989271164
41,82,0.07519999891519547
42,82,0.07020000368356705
43,82,0.10270000249147415
44,82,0.02250000089406967
45,82,0.2809999883174896
46,82,0.28200000524520874
47,82,0.3009999990463257
48,82,0.30000001192092896
49,82,0.30799999833106995
50,82,0.29600000381469727
51,82,0.30300000309944153
52,82,0.11159999668598175
53,82,0.05260000005364418
54,82,0.05999999865889549
55,82,0.042399998754262924
56,82,0.04560000076889992
57,82,0.05389999970793724
58,82,0.031300000846385956
59,82,0.05700000002980232
60,82,0.05090000107884407
61,82,0.036400001496076584
62,82,0.03229999914765358
63,82,0.03310000151395798
64,82,0.04670000076293945
65,82,0.03680000081658363
66,82,0.06870000064373016
67,82,0.04699999839067459
68,82,0.06440000236034393
69,82,0.050999999046325684
70,82,0.05620000138878822
71,82,0.09260000288486481
72,82,0.052299998700618744
73,82,0.0568000003695488
74,82,0.059700001031160355
75,82,0.07259999960660934
76,82,0.07450000196695328
77,82,0.09319999814033508
78,82,0.08229999989271164
79,82,0.06040000170469284
80,82,0.04610000178217888
81,82,0.29100000858306885
82,82,0.27799999713897705
83,82,0.2709999978542328
84,82,0.26600000262260437
85,82,0.2639999985694885
86,82,0.25699999928474426
87,82,0.16099999845027924
88,82,0.09679999947547913
89,82,0.18950000405311584
90,82,0.16660000383853912
91,82,0.23970000445842743
92,82,0.1858000010251999
93,82,0.1907999962568283
94,82,0.1542000025510788
95,82,0.11819999665021896
96,82,0.0771000012755394
97,82,0.053300000727176666
98,82,0.04100000113248825
99,82,0.07069999724626541
100,82,0.0649000033736229
1,83,0.015799999237060547
2,83,0.022700000554323196
3,83,0.020899999886751175
4,83,0.013500000350177288
5,83,0.02019999921321869
6,83,0.018400000408291817
7,83,0.020099999383091927
8,83,0.02280000038444996
9,83,0.02449999935925007
10,83,0.020600000396370888
11,83,0.031099999323487282
12,83,0.04780000075697899
13,83,0.02410000003874302
14,83,0.032499998807907104
15,83,0.0348999984562397
16,83,0.031700000166893005
17,83,0.02710000053048134
18,83,0.06459999829530716
19,83,0.1039000004529953
20,83,0.09610000252723694
21,83,0.21199999749660492
22,83,0.10270000249147415
23,83,0.13439999520778656
24,83,0.11540000140666962
25,83,0.08780000358819962
26,83,0.042100001126527786
27,83,0.08789999783039093
28,83,0.125900000333786
29,83,0.0737999975681305
30,83,0.09309999644756317
31,83,0.14350000023841858
32,83,0.155799999833107
33,83,0.131400004029274
34,83,0.11410000175237656
35,83,0.10859999805688858
36,83,0.10859999805688858
37,83,0.07259999960660934
38,83,0.07569999992847443
39,83,0.06560000032186508
40,83,0.04520000144839287
41,83,0.04170000180602074
42,83,0.060499999672174454
43,83,0.02329999953508377
44,83,0.2720000147819519
45,83,0.2980000078678131
46,83,0.2849999964237213
47,83,0.28200000524520874
48,83,0.29409998655319214
49,83,0.2980000078678131
50,83,0.296999990940094
51,83,0.3019999861717224
52,83,0.02590000070631504
53,83,0.03240000084042549
54,83,0.029899999499320984
55,83,0.030400000512599945
56,83,0.0348999984562397
57,83,0.04560000076889992
58,83,0.043699998408555984
59,83,0.06780000030994415
60,83,0.04479999840259552
61,83,0.06669999659061432
62,83,0.062199998646974564
63,83,0.04809999838471413
64,83,0.05660000070929527
65,83,0.06129999831318855
66,83,0.08699999749660492
67,83,0.09989999979734421
68,83,0.04749999940395355
69,83,0.06499999761581421
70,83,0.048500001430511475
71,83,0.0794999971985817
72,83,0.050700001418590546
73,83,0.047600001096725464
74,83,0.03909999877214432
75,83,0.05939999967813492
76,83,0.05480000004172325
77,83,0.06939999759197235
78,83,0.10819999873638153
79,83,0.10899999737739563
80,83,0.06859999895095825
81,83,0.06989999860525131
82,83,0.29100000858306885
83,83,0.28200000524520874
84,83,0.2680000066757202
85,83,0.2770000100135803
86,83,0.26600000262260437
87,83,0.2809999883174896
88,83,0.08460000157356262
89,83,0.17260000109672546
90,83,0.15639999508857727
91,83,0.1906999945640564
92,83,0.17579999566078186
93,83,0.181099995970726
94,83,0.20990000665187836
95,83,0.09939999878406525
96,83,0.08399999886751175
97,83,0.05480000004172325
98,83,0.043299999088048935
99,83,0.07039999961853027
100,83,0.09099999815225601
1,84,0.2669999897480011
2,84,0.020600000396370888
3,84,0.02239999920129776
4,84,0.016699999570846558
5,84,0.03849999979138374
6,84,0.023099999874830246
7,84,0.020899999886751175
8,84,0.0471000000834465
9,84,0.028300000354647636
10,84,0.02669999934732914
11,84,0.01899999938905239
12,84,0.031599998474121094
13,84,0.02889999933540821
14,84,0.03240000084042549
15,84,0.02930000051856041
16,84,0.031300000846385956
17,84,0.03350000083446503
18,84,0.05939999967813492
19,84,0.12380000203847885
20,84,0.1251000016927719
21,84,0.1647000014781952
22,84,0.1282999962568283
23,84,0.1145000010728836
24,84,0.09969999641180038
25,84,0.09059999883174896
26,84,0.051100000739097595
27,84,0.052799999713897705
28,84,0.08100000023841858
29,84,0.11129999905824661
30,84,0.10890000313520432
31,84,0.10639999806880951
32,84,0.13750000298023224
33,84,0.12240000069141388
34,84,0.10750000178813934
35,84,0.08669999986886978
36,84,0.18000000715255737
37,84,0.0925000011920929
38,84,0.09070000052452087
39,84,0.05119999870657921
40,84,0.05400000140070915
41,84,0.055399999022483826
42,84,0.04910000041127205
43,84,0.09359999746084213
44,84,0.2720000147819519
45,84,0.27900001406669617
46,84,0.2750000059604645
47,84,0.2759999930858612
48,84,0.2759999930858612
49,84,0.2919999957084656
50,84,0.30000001192092896
51,84,0.12780000269412994
52,84,0.0348999984562397
53,84,0.02630000002682209
54,84,0.041600000113248825
55,84,0.04560000076889992
56,84,0.04529999941587448
57,84,0.05559999868273735
58,84,0.06790000200271606
59,84,0.06199999898672104
60,84,0.04960000142455101
61,84,0.055399999022483826
62,84,0.0706000030040741
63,84,0.08160000294446945
64,84,0.05139999836683273
65,84,0.06800000369548798
66,84,0.11990000307559967
67,84,0.0803999975323677
68,84,0.056299999356269836
69,84,0.05869999900460243
70,84,0.05079999938607216
71,84,0.07090000063180923
72,84,0.03849999979138374
73,84,0.024000000208616257
74,84,0.040300000458955765
75,84,0.03819999843835831
76,84,0.05000000074505806
77,84,0.07450000196695328
78,84,0.08739999681711197
79,84,0.09629999846220016
80,84,0.08449999988079071
81,84,0.14740000665187836
82,84,0.10440000146627426
83,84,0.28200000524520874
84,84,0.2773999869823456
85,84,0.2709999978542328
86,84,0.2720000147819519
87,84,0.2800000011920929
88,84,0.2750000059604645
89,84,0.14630000293254852
90,84,0.10719999670982361
91,84,0.19059999287128448
92,84,0.1437000036239624
93,84,0.14560000598430634
94,84,0.1354999989271164
95,84,0.05920000001788139
96,84,0.035999998450279236
97,84,0.041999999433755875
98,84,0.06700000166893005
99,84,0.08980000019073486
100,84,0.07720000296831131
1,85,0.26499998569488525
2,85,0.021199999377131462
3,85,0.024299999698996544
4,85,0.032600000500679016
5,85,0.04670000076293945
6,85,0.024700000882148743
7,85,0.027300000190734863
8,85,0.0502999983727932
9,85,0.0478999987244606
10,85,0.029400000348687172
11,85,0.0215000007301569
12,85,0.027000000700354576
13,85,0.02759999968111515
14,85,0.02410000003874302
15,85,0.03020000085234642
16,85,0.02019999921321869
17,85,0.040699999779462814
18,85,0.0934000015258789
19,85,0.09449999779462814
20,85,0.12240000069141388
21,85,0.06970000267028809
22,85,0.11940000206232071
23,85,0.09619999676942825
24,85,0.12890000641345978
25,85,0.08389999717473984
26,85,0.05389999970793724
27,85,0.07599999755620956
28,85,0.0786999985575676
29,85,0.08839999884366989
30,85,0.10970000177621841
31,85,0.13210000097751617
32,85,0.1850000023841858
33,85,0.1324000060558319
34,85,0.11020000278949738
35,85,0.12720000743865967
36,85,0.1800999939441681
37,85,0.10339999943971634
38,85,0.0706000030040741
39,85,0.042100001126527786
40,85,0.048700001090765
41,85,0.06260000169277191
42,85,0.07649999856948853
43,85,0.28700000047683716
44,85,0.2759999930858612
45,85,0.29100000858306885
46,85,0.28700000047683716
47,85,0.27300000190734863
48,85,0.27000001072883606
49,85,0.2750000059604645
50,85,0.29100000858306885
51,85,0.11249999701976776
52,85,0.06669999659061432
53,85,0.04450000077486038
54,85,0.03150000050663948
55,85,0.08150000125169754
56,85,0.04960000142455101
57,85,0.05310000106692314
58,85,0.07119999825954437
59,85,0.061900001019239426
60,85,0.06689999997615814
61,85,0.04859999939799309
62,85,0.06449999660253525
63,85,0.07760000228881836
64,85,0.0851999968290329
65,85,0.05790000036358833
66,85,0.09000000357627869
67,85,0.05620000138878822
68,85,0.05490000173449516
69,85,0.062199998646974564
70,85,0.039500001817941666
71,85,0.03880000114440918
72,85,0.030400000512599945
73,85,0.025200000032782555
74,85,0.041600000113248825
75,85,0.03550000116229057
76,85,0.03909999877214432
77,85,0.06769999861717224
78,85,0.10429999977350235
79,85,0.13259999454021454
80,85,0.1216999962925911
81,85,0.09950000047683716
82,85,0.11129999905824661
83,85,0.28299999237060547
84,85,0.28200000524520874
85,85,0.27300000190734863
86,85,0.2809999883174896
87,85,0.2809999883174896
88,85,0.2709999978542328
89,85,0.0885000005364418
90,85,0.09719999879598618
91,85,0.13369999825954437
92,85,0.13339999318122864
93,85,0.11729999631643295
94,85,0.1265999972820282
95,85,0.06790000200271606
96,85,0.066600002348423
97,85,0.07890000194311142
98,85,0.0729999989271164
99,85,0.10890000313520432
100,85,0.1462000012397766
1,86,0.2639999985694885
2,86,0.029100000858306885
3,86,0.025800000876188278
4,86,0.030500000342726707
5,86,0.04259999841451645
6,86,0.051100000739097595
7,86,0.031199999153614044
8,86,0.07129999995231628
9,86,0.060100000351667404
10,86,0.03530000150203705
11,86,0.02449999935925007
12,86,0.04520000144839287
13,86,0.032600000500679016
14,86,0.040699999779462814
15,86,0.03189999982714653
16,86,0.02319999970495701
17,86,0.033799998462200165
18,86,0.0658000037074089
19,86,0.03759999945759773
20,86,0.05119999870657921
21,86,0.08649999648332596
22,86,0.07840000092983246
23,86,0.060600001364946365
24,86,0.0608999989926815
25,86,0.050999999046325684
26,86,0.07460000365972519
27,86,0.058800000697374344
28,86,0.09799999743700027
29,86,0.07779999822378159
30,86,0.12710000574588776
31,86,0.11909999698400497
32,86,0.18719999492168427
33,86,0.1542000025510788
34,86,0.17800000309944153
35,86,0.12290000170469284
36,86,0.17659999430179596
37,86,0.11460000276565552
38,86,0.11460000276565552
39,86,0.06480000168085098
40,86,0.03970000147819519
41,86,0.05550000071525574
42,86,0.09989999979734421
43,86,0.29600000381469727
44,86,0.2800000011920929
45,86,0.2759999930858612
46,86,0.27799999713897705
47,86,0.2879999876022339
48,86,0.27000001072883606
49,86,0.2669999897480011
50,86,0.28700000047683716
51,86,0.10249999910593033
52,86,0.061000000685453415
53,86,0.058400001376867294
54,86,0.04569999873638153
55,86,0.057999998331069946
56,86,0.08399999886751175
57,86,0.05249999836087227
58,86,0.06889999657869339
59,86,0.060499999672174454
60,86,0.05939999967813492
61,86,0.06870000064373016
62,86,0.04879999905824661
63,86,0.06610000133514404
64,86,0.0731000006198883
65,86,0.039500001817941666
66,86,0.07129999995231628
67,86,0.05559999868273735
68,86,0.06679999828338623
69,86,0.0706000030040741
70,86,0.0544000007212162
71,86,0.04800000041723251
72,86,0.043699998408555984
73,86,0.03240000084042549
74,86,0.06790000200271606
75,86,0.06729999929666519
76,86,0.06920000165700912
77,86,0.0544000007212162
78,86,0.09220000356435776
79,86,0.05950000137090683
80,86,0.12960000336170197
81,86,0.12020000070333481
82,86,0.27799999713897705
83,86,0.27900001406669617
84,86,0.2800000011920929
85,86,0.289000004529953
86,86,0.2809999883174896
87,86,0.27300000190734863
88,86,0.2639999985694885
89,86,0.09239999949932098
90,86,0.11760000139474869
91,86,0.12729999423027039
92,86,0.09759999811649323
93,86,0.13809999823570251
94,86,0.14059999585151672
95,86,0.05420000106096268
96,86,0.07599999755620956
97,86,0.1046999990940094
98,86,0.10899999737739563
99,86,0.15119999647140503
100,86,0.1468999981880188
1,87,0.27300000190734863
2,87,0.2199999988079071
3,87,0.02979999966919422
4,87,0.05790000036358833
5,87,0.03550000116229057
6,87,0.0544000007212162
7,87,0.05209999904036522
8,87,0.08389999717473984
9,87,0.07479999959468842
10,87,0.04989999905228615
11,87,0.04600000008940697
12,87,0.03240000084042549
13,87,0.030400000512599945
14,87,0.030899999663233757
15,87,0.029100000858306885
16,87,0.0203000009059906
17,87,0.027699999511241913
18,87,0.05079999938607216
19,87,0.03920000046491623
20,87,0.05260000005364418
21,87,0.04170000180602074
22,87,0.042100001126527786
23,87,0.04520000144839287
24,87,0.039400000125169754
25,87,0.05640000104904175
26,87,0.05570000037550926
27,87,0.03970000147819519
28,87,0.07779999822378159
29,87,0.06970000267028809
30,87,0.1143999993801117
31,87,0.13079999387264252
32,87,0.10199999809265137
33,87,0.11869999766349792
34,87,0.13099999725818634
35,87,0.1324000060558319
36,87,0.17030000686645508
37,87,0.12250000238418579
38,87,0.08799999952316284
39,87,0.07829999923706055
40,87,0.08259999752044678
41,87,0.06289999932050705
42,87,0.1574999988079071
43,87,0.28600001335144043
44,87,0.28999999165534973
45,87,0.27799999713897705
46,87,0.2800000011920929
47,87,0.2709999978542328
48,87,0.2879999876022339
49,87,0.2750000059604645
50,87,0.13449999690055847
51,87,0.07810000330209732
52,87,0.07270000129938126
53,87,0.07150000333786011
54,87,0.11209999769926071
55,87,0.07509999722242355
56,87,0.05909999832510948
57,87,0.07699999958276749
58,87,0.0706000030040741
59,87,0.09109999984502792
60,87,0.04569999873638153
61,87,0.05429999902844429
62,87,0.07000000029802322
63,87,0.04839999973773956
64,87,0.06440000236034393
65,87,0.03530000150203705
66,87,0.051600001752376556
67,87,0.044199999421834946
68,87,0.02800000086426735
69,87,0.06549999862909317
70,87,0.042399998754262924
71,87,0.03680000081658363
72,87,0.04280000180006027
73,87,0.032099999487400055
74,87,0.06549999862909317
75,87,0.05009999871253967
76,87,0.08760000020265579
77,87,0.06549999862909317
78,87,0.0681999996304512
79,87,0.07400000095367432
80,87,0.08160000294446945
81,87,0.10209999978542328
82,87,0.3009999990463257
83,87,0.2919999957084656
84,87,0.2879999876022339
85,87,0.289000004529953
86,87,0.28700000047683716
87,87,0.07559999823570251
88,87,0.06199999898672104
89,87,0.10260000079870224
90,87,0.12600000202655792
91,87,0.12460000067949295
92,87,0.11720000207424164
93,87,0.09239999949932098
94,87,0.08810000121593475
95,87,0.09070000052452087
96,87,0.07479999959468842
97,87,0.06830000132322311
98,87,0.15600000321865082
99,87,0.18129999935626984
100,87,0.12219999730587006
1,88,0.27900001406669617
2,88,0.2669999897480011
3,88,0.030500000342726707
4,88,0.031300000846385956
5,88,0.04749999940395355
6,88,0.05009999871253967
7,88,0.05900000035762787
8,88,0.08449999988079071
9,88,0.07079999893903732
10,88,0.06939999759197235
11,88,0.06069999933242798
12,88,0.03139999881386757
13,88,0.027400000020861626
14,88,0.023399999365210533
15,88,0.02239999920129776
16,88,0.03099999949336052
17,88,0.033900000154972076
18,88,0.04129999876022339
19,88,0.032999999821186066
20,88,0.040800001472234726
21,88,0.04179999977350235
22,88,0.03819999843835831
23,88,0.043299999088048935
24,88,0.03849999979138374
25,88,0.040699999779462814
26,88,0.05820000171661377
27,88,0.0608999989926815
28,88,0.05180000141263008
29,88,0.09950000047683716
30,88,0.09629999846220016
31,88,0.11320000141859055
32,88,0.1289999932050705
33,88,0.08160000294446945
34,88,0.1534000039100647
35,88,0.1062999963760376
36,88,0.0885000005364418
37,88,0.12690000236034393
38,88,0.1143999993801117
39,88,0.08889999985694885
40,88,0.07199999690055847
41,88,0.13680000603199005
42,88,0.2809999883174896
43,88,0.2919999957084656
44,88,0.2840000092983246
45,88,0.2849999964237213
46,88,0.28999999165534973
47,88,0.27900001406669617
48,88,0.27399998903274536
49,88,0.2728999853134155
50,88,0.11249999701976776
51,88,0.09359999746084213
52,88,0.07609999924898148
53,88,0.11670000106096268
54,88,0.18289999663829803
55,88,0.07180000096559525
56,88,0.07930000126361847
57,88,0.042500000447034836
58,88,0.061400000005960464
59,88,0.05290000140666962
60,88,0.04769999906420708
61,88,0.0502999983727932
62,88,0.07289999723434448
63,88,0.0786999985575676
64,88,0.07989999651908875
65,88,0.07450000196695328
66,88,0.05590000003576279
67,88,0.03480000048875809
68,88,0.025100000202655792
69,88,0.06719999760389328
70,88,0.07010000199079514
71,88,0.06129999831318855
72,88,0.0632999986410141
73,88,0.05649999901652336
74,88,0.07460000365972519
75,88,0.06790000200271606
76,88,0.09160000085830688
77,88,0.09780000150203705
78,88,0.09809999912977219
79,88,0.0997999981045723
80,88,0.2957000136375427
81,88,0.3109999895095825
82,88,0.29600000381469727
83,88,0.28999999165534973
84,88,0.28999999165534973
85,88,0.2770000100135803
86,88,0.2680000066757202
87,88,0.08919999748468399
88,88,0.10760000348091125
89,88,0.10899999737739563
90,88,0.10570000112056732
91,88,0.11460000276565552
92,88,0.09520000219345093
93,88,0.08399999886751175
94,88,0.05119999870657921
95,88,0.07479999959468842
96,88,0.09030000120401382
97,88,0.11810000240802765
98,88,0.16619999706745148
99,88,0.19699999690055847
100,88,0.1907999962568283
1,89,0.2720000147819519
2,89,0.2750000059604645
3,89,0.0357000008225441
4,89,0.05530000105500221
5,89,0.052799999713897705
6,89,0.05640000104904175
7,89,0.0568000003695488
8,89,0.06970000267028809
9,89,0.04879999905824661
10,89,0.04859999939799309
11,89,0.07289999723434448
12,89,0.05590000003576279
13,89,0.03709999844431877
14,89,0.04320000112056732
15,89,0.02850000001490116
16,89,0.0284000001847744
17,89,0.019999999552965164
18,89,0.035599999129772186
19,89,0.0430000014603138
20,89,0.03180000185966492
21,89,0.060600001364946365
22,89,0.09520000219345093
23,89,0.06629999727010727
24,89,0.05209999904036522
25,89,0.033900000154972076
26,89,0.04320000112056732
27,89,0.04839999973773956
28,89,0.07209999859333038
29,89,0.07400000095367432
30,89,0.06159999966621399
31,89,0.08720000088214874
32,89,0.09300000220537186
33,89,0.12200000137090683
34,89,0.12430000305175781
35,89,0.12120000272989273
36,89,0.15530000627040863
37,89,0.11169999837875366
38,89,0.06769999861717224
39,89,0.08959999680519104
40,89,0.1088000014424324
41,89,0.16200000047683716
42,89,0.2770000100135803
43,89,0.29100000858306885
44,89,0.28999999165534973
45,89,0.296999990940094
46,89,0.28999999165534973
47,89,0.2939999997615814
48,89,0.28299999237060547
49,89,0.2709999978542328
50,89,0.10530000180006027
51,89,0.09040000289678574
52,89,0.07000000029802322
53,89,0.12070000171661377
54,89,0.16179999709129333
55,89,0.06159999966621399
56,89,0.10159999877214432
57,89,0.13199999928474426
58,89,0.05920000001788139
59,89,0.07410000264644623
60,89,0.06080000102519989
61,89,0.05310000106692314
62,89,0.06560000032186508
63,89,0.06960000097751617
64,89,0.08780000358819962
65,89,0.07410000264644623
66,89,0.046799998730421066
67,89,0.05139999836683273
68,89,0.05310000106692314
69,89,0.06639999896287918
70,89,0.06040000170469284
71,89,0.07069999724626541
72,89,0.09109999984502792
73,89,0.06710000336170197
74,89,0.06629999727010727
75,89,0.11909999698400497
76,89,0.0812000036239624
77,89,0.07349999994039536
78,89,0.09830000251531601
79,89,0.30300000309944153
80,89,0.3009999990463257
81,89,0.3009999990463257
82,89,0.30300000309944153
83,89,0.28700000047683716
84,89,0.28999999165534973
85,89,0.09049999713897705
86,89,0.11869999766349792
87,89,0.1468999981880188
88,89,0.10909999907016754
89,89,0.13600000739097595
90,89,0.1225999966263771
91,89,0.08209999650716782
92,89,0.09319999814033508
93,89,0.07450000196695328
94,89,0.04859999939799309
95,89,0.06440000236034393
96,89,0.10769999772310257
97,89,0.11649999767541885
98,89,0.14970000088214874
99,89,0.13779999315738678
100,89,0.19349999725818634
1,90,0.28299999237060547
2,90,0.27300000190734863
3,90,0.05570000037550926
4,90,0.04729999974370003
5,90,0.08489999920129776
6,90,0.07349999994039536
7,90,0.07000000029802322
8,90,0.08380000293254852
9,90,0.05079999938607216
10,90,0.06270000338554382
11,90,0.09300000220537186
12,90,0.04390000179409981
13,90,0.04800000041723251
14,90,0.03539999946951866
15,90,0.027300000190734863
16,90,0.02329999953508377
17,90,0.039799999445676804
18,90,0.02759999968111515
19,90,0.0406000018119812
20,90,0.036400001496076584
21,90,0.03779999911785126
22,90,0.04619999974966049
23,90,0.029999999329447746
24,90,0.05249999836087227
25,90,0.04899999871850014
26,90,0.04809999838471413
27,90,0.06120000034570694
28,90,0.09179999679327011
29,90,0.06129999831318855
30,90,0.0681999996304512
31,90,0.07190000265836716
32,90,0.09380000084638596
33,90,0.09920000284910202
34,90,0.1386999934911728
35,90,0.1071000024676323
36,90,0.12409999966621399
37,90,0.10670000314712524
38,90,0.0940999984741211
39,90,0.07729999721050262
40,90,0.13030000030994415
41,90,0.09359999746084213
42,90,0.2849999964237213
43,90,0.27399998903274536
44,90,0.27399998903274536
45,90,0.28999999165534973
46,90,0.27799999713897705
47,90,0.27900001406669617
48,90,0.2809999883174896
49,90,0.26600000262260437
50,90,0.058400001376867294
51,90,0.05649999901652336
52,90,0.06719999760389328
53,90,0.1062999963760376
54,90,0.08889999985694885
55,90,0.09260000288486481
56,90,0.07519999891519547
57,90,0.04879999905824661
58,90,0.04690000042319298
59,90,0.052400000393390656
60,90,0.04470000043511391
61,90,0.03359999880194664
62,90,0.05249999836087227
63,90,0.08780000358819962
64,90,0.12020000070333481
65,90,0.06800000369548798
66,90,0.0754999965429306
67,90,0.05620000138878822
68,90,0.06599999964237213
69,90,0.06369999796152115
70,90,0.049300000071525574
71,90,0.07810000330209732
72,90,0.0771000012755394
73,90,0.05779999867081642
74,90,0.08959999680519104
75,90,0.10000000149011612
76,90,0.10409999638795853
77,90,0.08649999648332596
78,90,0.09430000185966492
79,90,0.30000001192092896
80,90,0.30300000309944153
81,90,0.296999990940094
82,90,0.30300000309944153
83,90,0.2930000126361847
84,90,0.2720000147819519
85,90,0.09759999811649323
86,90,0.16359999775886536
87,90,0.1225999966263771
88,90,0.1120000034570694
89,90,0.10700000077486038
90,90,0.11680000275373459
91,90,0.12470000237226486
92,90,0.08290000259876251
93,90,0.11240000277757645
94,90,0.07360000163316727
95,90,0.07240000367164612
96,90,0.0828000009059906
97,90,0.08489999920129776
98,90,0.1356000006198883
99,90,0.11879999935626984
100,90,0.18129999935626984
1,91,0.2800000011920929
2,91,0.27000001072883606
3,91,0.09860000014305115
4,91,0.08649999648332596
5,91,0.09319999814033508
6,91,0.06880000233650208
7,91,0.07509999722242355
8,91,0.07750000059604645
9,91,0.07769999653100967
10,91,0.11760000139474869
11,91,0.07079999893903732
12,91,0.07999999821186066
13,91,0.05779999867081642
14,91,0.03020000085234642
15,91,0.024900000542402267
16,91,0.020999999716877937
17,91,0.03440000116825104
18,91,0.03530000150203705
19,91,0.049300000071525574
20,91,0.03689999878406525
21,91,0.08079999685287476
22,91,0.03370000049471855
23,91,0.04149999842047691
24,91,0.06909999996423721
25,91,0.07460000365972519
26,91,0.07859999686479568
27,91,0.05869999900460243
28,91,0.08160000294446945
29,91,0.08839999884366989
30,91,0.06480000168085098
31,91,0.04470000043511391
32,91,0.07639999687671661
33,91,0.09319999814033508
34,91,0.1177000030875206
35,91,0.14010000228881836
36,91,0.18019999563694
37,91,0.17030000686645508
38,91,0.1324000060558319
39,91,0.0754999965429306
40,91,0.06560000032186508
41,91,0.09269999712705612
42,91,0.2770000100135803
43,91,0.27399998903274536
44,91,0.2709999978542328
45,91,0.27900001406669617
46,91,0.27900001406669617
47,91,0.28700000047683716
48,91,0.28700000047683716
49,91,0.01979999989271164
50,91,0.04600000008940697
51,91,0.051500000059604645
52,91,0.06759999692440033
53,91,0.06889999657869339
54,91,0.0649000033736229
55,91,0.062300000339746475
56,91,0.04340000078082085
57,91,0.054499998688697815
58,91,0.04089999943971634
59,91,0.02969999983906746
60,91,0.039000000804662704
61,91,0.033399999141693115
62,91,0.042100001126527786
63,91,0.08749999850988388
64,91,0.0868000015616417
65,91,0.059700001031160355
66,91,0.07360000163316727
67,91,0.07289999723434448
68,91,0.07479999959468842
69,91,0.06480000168085098
70,91,0.07599999755620956
71,91,0.0957999974489212
72,91,0.09600000083446503
73,91,0.057999998331069946
74,91,0.09120000153779984
75,91,0.09939999878406525
76,91,0.1340000033378601
77,91,0.07360000163316727
78,91,0.045899998396635056
79,91,0.2919999957084656
80,91,0.30000001192092896
81,91,0.29100000858306885
82,91,0.296999990940094
83,91,0.29899999499320984
84,91,0.27399998903274536
85,91,0.08309999853372574
86,91,0.10220000147819519
87,91,0.09210000187158585
88,91,0.1014999970793724
89,91,0.11289999634027481
90,91,0.09200000017881393
91,91,0.11940000206232071
92,91,0.09459999948740005
93,91,0.0868000015616417
94,91,0.12219999730587006
95,91,0.10339999943971634
96,91,0.09880000352859497
97,91,0.15610000491142273
98,91,0.1298999935388565
99,91,0.1615999937057495
100,91,0.19619999825954437
1,92,0.2709999978542328
2,92,0.2809999883174896
3,92,0.08649999648332596
4,92,0.08810000121593475
5,92,0.0714000016450882
6,92,0.055799998342990875
7,92,0.08860000222921371
8,92,0.09200000017881393
9,92,0.10540000349283218
10,92,0.1315000057220459
11,92,0.0908999964594841
12,92,0.07249999791383743
13,92,0.06800000369548798
14,92,0.04610000178217888
15,92,0.03180000185966492
16,92,0.04899999871850014
17,92,0.06440000236034393
18,92,0.045099999755620956
19,92,0.06870000064373016
20,92,0.04910000041127205
21,92,0.05209999904036522
22,92,0.066600002348423
23,92,0.06319999694824219
24,92,0.0885000005364418
25,92,0.10790000110864639
26,92,0.05810000002384186
27,92,0.06459999829530716
28,92,0.07169999927282333
29,92,0.07000000029802322
30,92,0.07819999754428864
31,92,0.0632999986410141
32,92,0.08940000087022781
33,92,0.057100001722574234
34,92,0.11869999766349792
35,92,0.12240000069141388
36,92,0.1597999930381775
37,92,0.13600000739097595
38,92,0.1446000039577484
39,92,0.09929999709129333
40,92,0.07339999824762344
41,92,0.28299999237060547
42,92,0.2750000059604645
43,92,0.2669999897480011
44,92,0.2770000100135803
45,92,0.2800000011920929
46,92,0.2770000100135803
47,92,0.2849999964237213
48,92,0.289000004529953
49,92,0.2770000100135803
50,92,0.06340000033378601
51,92,0.07000000029802322
52,92,0.057100001722574234
53,92,0.051100000739097595
54,92,0.05510000139474869
55,92,0.03240000084042549
56,92,0.04349999874830246
57,92,0.0494999997317791
58,92,0.03240000084042549
59,92,0.053300000727176666
60,92,0.03319999948143959
61,92,0.03929999843239784
62,92,0.04670000076293945
63,92,0.07739999890327454
64,92,0.07069999724626541
65,92,0.0812000036239624
66,92,0.06459999829530716
67,92,0.04659999907016754
68,92,0.04749999940395355
69,92,0.09120000153779984
70,92,0.10189999639987946
71,92,0.09000000357627869
72,92,0.09939999878406525
73,92,0.05310000106692314
74,92,0.12319999933242798
75,92,0.09849999845027924
76,92,0.12200000137090683
77,92,0.11259999871253967
78,92,0.03220000118017197
79,92,0.29600000381469727
80,92,0.30399999022483826
81,92,0.29600000381469727
82,92,0.28999999165534973
83,92,0.2879999876022339
84,92,0.28299999237060547
85,92,0.05570000037550926
86,92,0.13979999721050262
87,92,0.08009999990463257
88,92,0.14319999516010284
89,92,0.125
90,92,0.13030000030994415
91,92,0.16019999980926514
92,92,0.14740000665187836
93,92,0.16949999332427979
94,92,0.19859999418258667
95,92,0.14499999582767487
96,92,0.10909999907016754
97,92,0.17739999294281006
98,92,0.20839999616146088
99,92,0.1289999932050705
100,92,0.19990000128746033
1,93,0.2800000011920929
2,93,0.27900001406669617
3,93,0.09849999845027924
4,93,0.04740000143647194
5,93,0.04179999977350235
6,93,0.03840000182390213
7,93,0.08229999989271164
8,93,0.11129999905824661
9,93,0.12600000202655792
10,93,0.08889999985694885
11,93,0.0697999969124794
12,93,0.09489999711513519
13,93,0.1145000010728836
14,93,0.06239999830722809
15,93,0.03929999843239784
16,93,0.029100000858306885
17,93,0.04839999973773956
18,93,0.042100001126527786
19,93,0.04610000178217888
20,93,0.07100000232458115
21,93,0.06610000133514404
22,93,0.05490000173449516
23,93,0.06719999760389328
24,93,0.06040000170469284
25,93,0.10570000112056732
26,93,0.07829999923706055
27,93,0.0575999990105629
28,93,0.058400001376867294
29,93,0.08089999854564667
30,93,0.04170000180602074
31,93,0.05570000037550926
32,93,0.03709999844431877
33,93,0.0843999981880188
34,93,0.0966000035405159
35,93,0.16019999980926514
36,93,0.2214999943971634
37,93,0.09809999912977219
38,93,0.10790000110864639
39,93,0.06700000166893005
40,93,0.06710000336170197
41,93,0.07649999856948853
42,93,0.27799999713897705
43,93,0.26899999380111694
44,93,0.25699999928474426
45,93,0.28299999237060547
46,93,0.2879999876022339
47,93,0.27300000190734863
48,93,0.2720000147819519
49,93,0.2849999964237213
50,93,0.015300000086426735
51,93,0.03799999877810478
52,93,0.04580000042915344
53,93,0.051500000059604645
54,93,0.07680000364780426
55,93,0.04670000076293945
56,93,0.06159999966621399
57,93,0.05530000105500221
58,93,0.05299999937415123
59,93,0.04450000077486038
60,93,0.03269999846816063
61,93,0.06469999998807907
62,93,0.06800000369548798
63,93,0.0625
64,93,0.06019999831914902
65,93,0.0544000007212162
66,93,0.0649000033736229
67,93,0.050200000405311584
68,93,0.0658000037074089
69,93,0.07779999822378159
70,93,0.10450000315904617
71,93,0.08259999752044678
72,93,0.11710000038146973
73,93,0.08980000019073486
74,93,0.1324000060558319
75,93,0.09799999743700027
76,93,0.08919999748468399
77,93,0.3160000145435333
78,93,0.3089999854564667
79,93,0.2980000078678131
80,93,0.3070000112056732
81,93,0.2980000078678131
82,93,0.2709999978542328
83,93,0.27799999713897705
84,93,0.020899999886751175
85,93,0.048700001090765
86,93,0.0949999988079071
87,93,0.07039999961853027
88,93,0.07559999823570251
89,93,0.08910000324249268
90,93,0.13089999556541443
91,93,0.09880000352859497
92,93,0.15569999814033508
93,93,0.1800999939441681
94,93,0.19869999587535858
95,93,0.17560000717639923
96,93,0.21690000593662262
97,93,0.22519999742507935
98,93,0.16349999606609344
99,93,0.13210000097751617
100,93,0.16099999845027924
1,94,0.2750000059604645
2,94,0.2680000066757202
3,94,0.27000001072883606
4,94,0.06530000269412994
5,94,0.05700000002980232
6,94,0.06260000169277191
7,94,0.06710000336170197
8,94,0.08089999854564667
9,94,0.08060000091791153
10,94,0.09300000220537186
11,94,0.09790000319480896
12,94,0.13199999928474426
13,94,0.07329999655485153
14,94,0.07119999825954437
15,94,0.045499999076128006
16,94,0.0502999983727932
17,94,0.03449999913573265
18,94,0.05909999832510948
19,94,0.05050000175833702
20,94,0.061900001019239426
21,94,0.08190000057220459
22,94,0.07750000059604645
23,94,0.05299999937415123
24,94,0.05480000004172325
25,94,0.0681999996304512
26,94,0.07079999893903732
27,94,0.041600000113248825
28,94,0.02669999934732914
29,94,0.0430000014603138
30,94,0.03909999877214432
31,94,0.057999998331069946
32,94,0.04270000010728836
33,94,0.08299999684095383
34,94,0.10989999771118164
35,94,0.17820000648498535
36,94,0.1899999976158142
37,94,0.12780000269412994
38,94,0.10980000346899033
39,94,0.0640999972820282
40,94,0.13050000369548798
41,94,0.27300000190734863
42,94,0.2619999945163727
43,94,0.24799999594688416
44,94,0.26499998569488525
45,94,0.2619999945163727
46,94,0.28299999237060547
47,94,0.2680000066757202
48,94,0.2709999978542328
49,94,0.28999999165534973
50,94,0.2939999997615814
51,94,0.01979999989271164
52,94,0.0632999986410141
53,94,0.05590000003576279
54,94,0.09380000084638596
55,94,0.07519999891519547
56,94,0.05460000038146973
57,94,0.0478999987244606
58,94,0.062300000339746475
59,94,0.05900000035762787
60,94,0.06499999761581421
61,94,0.04600000008940697
62,94,0.061400000005960464
63,94,0.04910000041127205
64,94,0.051899999380111694
65,94,0.03370000049471855
66,94,0.07289999723434448
67,94,0.0714000016450882
68,94,0.08990000188350677
69,94,0.12129999697208405
70,94,0.09380000084638596
71,94,0.0885000005364418
72,94,0.09709999710321426
73,94,0.12280000001192093
74,94,0.1316000074148178
75,94,0.0917000025510788
76,94,0.06300000101327896
77,94,0.30799999833106995
78,94,0.29499998688697815
79,94,0.29100000858306885
80,94,0.3100000023841858
81,94,0.28999999165534973
82,94,0.2669999897480011
83,94,0.01679999940097332
84,94,0.013899999670684338
85,94,0.031099999323487282
86,94,0.04170000180602074
87,94,0.04960000142455101
88,94,0.050700001418590546
89,94,0.08959999680519104
90,94,0.06449999660253525
91,94,0.0771000012755394
92,94,0.093299999833107
93,94,0.14069999754428864
94,94,0.13359999656677246
95,94,0.14749999344348907
96,94,0.11400000005960464
97,94,0.14069999754428864
98,94,0.14669999480247498
99,94,0.14000000059604645
100,94,0.181099995970726
1,95,0.2720000147819519
2,95,0.25600001215934753
3,95,0.1550000011920929
4,95,0.08910000324249268
5,95,0.1363999992609024
6,95,0.14589999616146088
7,95,0.1111999973654747
8,95,0.10459999740123749
9,95,0.16099999845027924
10,95,0.07209999859333038
11,95,0.048900000751018524
12,95,0.0868000015616417
13,95,0.06800000369548798
14,95,0.06790000200271606
15,95,0.06480000168085098
16,95,0.06499999761581421
17,95,0.06390000134706497
18,95,0.050599999725818634
19,95,0.053199999034404755
20,95,0.05530000105500221
21,95,0.06270000338554382
22,95,0.06449999660253525
23,95,0.040800001472234726
24,95,0.03189999982714653
25,95,0.050200000405311584
26,95,0.03720000013709068
27,95,0.02459999918937683
28,95,0.023499999195337296
29,95,0.041099999099969864
30,95,0.03790000081062317
31,95,0.03440000116825104
32,95,0.04490000009536743
33,95,0.05829999968409538
34,95,0.08869999647140503
35,95,0.11320000141859055
36,95,0.18279999494552612
37,95,0.1216999962925911
38,95,0.10520000010728836
39,95,0.0706000030040741
40,95,0.07959999889135361
41,95,0.11879999935626984
42,95,0.2612999975681305
43,95,0.26600000262260437
44,95,0.25699999928474426
45,95,0.26899999380111694
46,95,0.2759999930858612
47,95,0.2849999964237213
48,95,0.28299999237060547
49,95,0.28999999165534973
50,95,0.28299999237060547
51,95,0.01979999989271164
52,95,0.06769999861717224
53,95,0.08470000326633453
54,95,0.09109999984502792
55,95,0.05260000005364418
56,95,0.09790000319480896
57,95,0.057100001722574234
58,95,0.06889999657869339
59,95,0.06750000268220901
60,95,0.04179999977350235
61,95,0.03739999979734421
62,95,0.041099999099969864
63,95,0.05249999836087227
64,95,0.05959999933838844
65,95,0.040300000458955765
66,95,0.05820000171661377
67,95,0.04749999940395355
68,95,0.051500000059604645
69,95,0.08789999783039093
70,95,0.08560000360012054
71,95,0.06800000369548798
72,95,0.0860000029206276
73,95,0.10260000079870224
74,95,0.07079999893903732
75,95,0.3009999990463257
76,95,0.3019999861717224
77,95,0.30000001192092896
78,95,0.2849999964237213
79,95,0.28299999237060547
80,95,0.29499998688697815
81,95,0.01209999993443489
82,95,0.022299999371170998
83,95,0.020999999716877937
84,95,0.02850000001490116
85,95,0.050599999725818634
86,95,0.02800000086426735
87,95,0.0544000007212162
88,95,0.07150000333786011
89,95,0.08229999989271164
90,95,0.09200000017881393
91,95,0.09279999881982803
92,95,0.125900000333786
93,95,0.15940000116825104
94,95,0.1476999968290329
95,95,0.17720000445842743
96,95,0.11259999871253967
97,95,0.12280000001192093
98,95,0.13230000436306
99,95,0.13750000298023224
100,95,0.16850000619888306
1,96,0.2720000147819519
2,96,0.27000001072883606
3,96,0.2669999897480011
4,96,0.210999995470047
5,96,0.11389999836683273
6,96,0.12250000238418579
7,96,0.11909999698400497
8,96,0.1662999987602234
9,96,0.1462000012397766
10,96,0.0997999981045723
11,96,0.08330000191926956
12,96,0.07039999961853027
13,96,0.10740000009536743
14,96,0.07169999927282333
15,96,0.07440000027418137
16,96,0.08420000225305557
17,96,0.07000000029802322
18,96,0.05909999832510948
19,96,0.057999998331069946
20,96,0.0722000002861023
21,96,0.06669999659061432
22,96,0.04520000144839287
23,96,0.031099999323487282
24,96,0.026900000870227814
25,96,0.04729999974370003
26,96,0.05270000174641609
27,96,0.04050000011920929
28,96,0.029899999499320984
29,96,0.048500001430511475
30,96,0.03550000116229057
31,96,0.024900000542402267
32,96,0.043800000101327896
33,96,0.04729999974370003
34,96,0.08309999853372574
35,96,0.10279999673366547
36,96,0.09390000253915787
37,96,0.07339999824762344
38,96,0.08749999850988388
39,96,0.10980000346899033
40,96,0.0957999974489212
41,96,0.0722000002861023
42,96,0.27000001072883606
43,96,0.2750000059604645
44,96,0.2590000033378601
45,96,0.21199999749660492
46,96,0.2680000066757202
47,96,0.2849999964237213
48,96,0.29100000858306885
49,96,0.2879999876022339
50,96,0.2879999876022339
51,96,0.29499998688697815
52,96,0.035999998450279236
53,96,0.07760000228881836
54,96,0.07970000058412552
55,96,0.12489999830722809
56,96,0.1046999990940094
57,96,0.08179999887943268
58,96,0.05719999969005585
59,96,0.06040000170469284
60,96,0.047200001776218414
61,96,0.07689999788999557
62,96,0.06260000169277191
63,96,0.04839999973773956
64,96,0.040800001472234726
65,96,0.05079999938607216
66,96,0.04740000143647194
67,96,0.057100001722574234
68,96,0.0625
69,96,0.0640999972820282
70,96,0.0714000016450882
71,96,0.08940000087022781
72,96,0.2879999876022339
73,96,0.29100000858306885
74,96,0.29100000858306885
75,96,0.30300000309944153
76,96,0.28600001335144043
77,96,0.29600000381469727
78,96,0.28999999165534973
79,96,0.042100001126527786
80,96,0.02250000089406967
81,96,0.01720000058412552
82,96,0.0333000011742115
83,96,0.03359999880194664
84,96,0.02280000038444996
85,96,0.04969999939203262
86,96,0.035100001841783524
87,96,0.04500000178813934
88,96,0.051899999380111694
89,96,0.06480000168085098
90,96,0.08630000054836273
91,96,0.1225999966263771
92,96,0.15449999272823334
93,96,0.16590000689029694
94,96,0.15469999611377716
95,96,0.19110000133514404
96,96,0.1006999984383583
97,96,0.1128000020980835
98,96,0.11710000038146973
99,96,0.16429999470710754
100,96,0.17440000176429749
1,97,0.26499998569488525
2,97,0.2720000147819519
3,97,0.2750000059604645
4,97,0.1941000074148178
5,97,0.16599999368190765
6,97,0.14380000531673431
7,97,0.11919999867677689
8,97,0.12409999966621399
9,97,0.15520000457763672
10,97,0.11339999735355377
11,97,0.0689999982714653
12,97,0.05310000106692314
13,97,0.07419999688863754
14,97,0.05950000137090683
15,97,0.06109999865293503
16,97,0.04580000042915344
17,97,0.040699999779462814
18,97,0.05550000071525574
19,97,0.06679999828338623
20,97,0.0674000009894371
21,97,0.0763000026345253
22,97,0.046799998730421066
23,97,0.03579999879002571
24,97,0.02239999920129776
25,97,0.04560000076889992
26,97,0.04749999940395355
27,97,0.05290000140666962
28,97,0.04100000113248825
29,97,0.03500000014901161
30,97,0.050599999725818634
31,97,0.051100000739097595
32,97,0.04690000042319298
33,97,0.05000000074505806
34,97,0.06279999762773514
35,97,0.11079999804496765
36,97,0.09880000352859497
37,97,0.06859999895095825
38,97,0.08889999985694885
39,97,0.08630000054836273
40,97,0.13019999861717224
41,97,0.07569999992847443
42,97,0.25200000405311584
43,97,0.2540000081062317
44,97,0.2669999897480011
45,97,0.27000001072883606
46,97,0.26600000262260437
47,97,0.28999999165534973
48,97,0.28999999165534973
49,97,0.28700000047683716
50,97,0.28299999237060547
51,97,0.28380000591278076
52,97,0.029200000688433647
53,97,0.057500001043081284
54,97,0.11060000211000443
55,97,0.07930000126361847
56,97,0.09570000320672989
57,97,0.12309999763965607
58,97,0.07339999824762344
59,97,0.09769999980926514
60,97,0.09040000289678574
61,97,0.06780000030994415
62,97,0.06129999831318855
63,97,0.05959999933838844
64,97,0.05389999970793724
65,97,0.07050000131130219
66,97,0.03790000081062317
67,97,0.0885000005364418
68,97,0.10130000114440918
69,97,0.08259999752044678
70,97,0.3019999861717224
71,97,0.2840000092983246
72,97,0.2809999883174896
73,97,0.2800000011920929
74,97,0.2980000078678131
75,97,0.2939999997615814
76,97,0.1111999973654747
77,97,0.06520000100135803
78,97,0.0632999986410141
79,97,0.04619999974966049
80,97,0.036400001496076584
81,97,0.033900000154972076
82,97,0.04149999842047691
83,97,0.039799999445676804
84,97,0.041099999099969864
85,97,0.0617000013589859
86,97,0.041099999099969864
87,97,0.03620000183582306
88,97,0.030500000342726707
89,97,0.05939999967813492
90,97,0.0575999990105629
91,97,0.07119999825954437
92,97,0.12960000336170197
93,97,0.13269999623298645
94,97,0.13189999759197235
95,97,0.11010000109672546
96,97,0.11190000176429749
97,97,0.10409999638795853
98,97,0.10289999842643738
99,97,0.10899999737739563
100,97,0.09790000319480896
1,98,0.2809999883174896
2,98,0.2800000011920929
3,98,0.27300000190734863
4,98,0.2759999930858612
5,98,0.18690000474452972
6,98,0.1662999987602234
7,98,0.15780000388622284
8,98,0.14350000023841858
9,98,0.17260000109672546
10,98,0.0738999992609024
11,98,0.07959999889135361
12,98,0.055799998342990875
13,98,0.05079999938607216
14,98,0.03660000115633011
15,98,0.05079999938607216
16,98,0.03720000013709068
17,98,0.03189999982714653
18,98,0.037700001150369644
19,98,0.04320000112056732
20,98,0.05180000141263008
21,98,0.07069999724626541
22,98,0.0674000009894371
23,98,0.04600000008940697
24,98,0.029200000688433647
25,98,0.04619999974966049
26,98,0.048700001090765
27,98,0.050599999725818634
28,98,0.02850000001490116
29,98,0.03280000016093254
30,98,0.049300000071525574
31,98,0.04769999906420708
32,98,0.05040000006556511
33,98,0.051100000739097595
34,98,0.10909999907016754
35,98,0.0989999994635582
36,98,0.09200000017881393
37,98,0.07850000262260437
38,98,0.05909999832510948
39,98,0.0754999965429306
40,98,0.08160000294446945
41,98,0.05389999970793724
42,98,0.07490000128746033
43,98,0.2709999978542328
44,98,0.26499998569488525
45,98,0.2680000066757202
46,98,0.2759999930858612
47,98,0.27900001406669617
48,98,0.28299999237060547
49,98,0.3070000112056732
50,98,0.2770000100135803
51,98,0.28299999237060547
52,98,0.30399999022483826
53,98,0.07559999823570251
54,98,0.09889999777078629
55,98,0.061400000005960464
56,98,0.09529999643564224
57,98,0.1088000014424324
58,98,0.10999999940395355
59,98,0.10459999740123749
60,98,0.09629999846220016
61,98,0.07190000265836716
62,98,0.09099999815225601
63,98,0.05490000173449516
64,98,0.06920000165700912
65,98,0.0868000015616417
66,98,0.05350000038743019
67,98,0.09260000288486481
68,98,0.09539999812841415
69,98,0.3019999861717224
70,98,0.3070000112056732
71,98,0.28700000047683716
72,98,0.28999999165534973
73,98,0.28999999165534973
74,98,0.3009999990463257
75,98,0.09189999848604202
76,98,0.07559999823570251
77,98,0.058800000697374344
78,98,0.03819999843835831
79,98,0.03229999914765358
80,98,0.02370000071823597
81,98,0.034299999475479126
82,98,0.05180000141263008
83,98,0.04439999908208847
84,98,0.0348999984562397
85,98,0.03009999915957451
86,98,0.04639999940991402
87,98,0.03359999880194664
88,98,0.03359999880194664
89,98,0.06520000100135803
90,98,0.07840000092983246
91,98,0.0828000009059906
92,98,0.0820000022649765
93,98,0.0803999975323677
94,98,0.12269999831914902
95,98,0.09920000284910202
96,98,0.12070000171661377
97,98,0.07880000025033951
98,98,0.05779999867081642
99,98,0.0689999982714653
100,98,0.12229999899864197
1,99,0.2800000011920929
2,99,0.2759999930858612
3,99,0.27799999713897705
4,99,0.2759999930858612
5,99,0.1762000024318695
6,99,0.16249999403953552
7,99,0.16850000619888306
8,99,0.14890000224113464
9,99,0.12280000001192093
10,99,0.09009999781847
11,99,0.08739999681711197
12,99,0.05090000107884407
13,99,0.06210000067949295
14,99,0.040699999779462814
15,99,0.037300001829862595
16,99,0.03739999979734421
17,99,0.0414000004529953
18,99,0.046799998730421066
19,99,0.03819999843835831
20,99,0.03920000046491623
21,99,0.054999999701976776
22,99,0.061500001698732376
23,99,0.05869999900460243
24,99,0.05779999867081642
25,99,0.061799999326467514
26,99,0.09210000187158585
27,99,0.053700000047683716
28,99,0.04820000007748604
29,99,0.04569999873638153
30,99,0.05380000174045563
31,99,0.051899999380111694
32,99,0.04650000110268593
33,99,0.029899999499320984
34,99,0.05700000002980232
35,99,0.07999999821186066
36,99,0.09619999676942825
37,99,0.06549999862909317
38,99,0.0689999982714653
39,99,0.06539999693632126
40,99,0.05900000035762787
41,99,0.045099999755620956
42,99,0.056699998676776886
43,99,0.08550000190734863
44,99,0.2680000066757202
45,99,0.27799999713897705
46,99,0.28200000524520874
47,99,0.28600001335144043
48,99,0.2709999978542328
49,99,0.2980000078678131
50,99,0.289000004529953
51,99,0.2939999997615814
52,99,0.29600000381469727
53,99,0.30000001192092896
54,99,0.11069999635219574
55,99,0.09179999679327011
56,99,0.07500000298023224
57,99,0.09969999641180038
58,99,0.09669999778270721
59,99,0.1881999969482422
60,99,0.19140000641345978
61,99,0.07599999755620956
62,99,0.1054999977350235
63,99,0.13770000636577606
64,99,0.1264999955892563
65,99,0.10429999977350235
66,99,0.0908999964594841
67,99,0.0649000033736229
68,99,0.3116999864578247
69,99,0.31299999356269836
70,99,0.296999990940094
71,99,0.28999999165534973
72,99,0.3019999861717224
73,99,0.28999999165534973
74,99,0.28299999237060547
75,99,0.10790000110864639
76,99,0.10350000113248825
77,99,0.04039999842643738
78,99,0.025599999353289604
79,99,0.026599999517202377
80,99,0.029400000348687172
81,99,0.035999998450279236
82,99,0.06729999929666519
83,99,0.032499998807907104
84,99,0.062300000339746475
85,99,0.043299999088048935
86,99,0.05689999833703041
87,99,0.06340000033378601
88,99,0.09629999846220016
89,99,0.10760000348091125
90,99,0.10419999808073044
91,99,0.08799999952316284
92,99,0.06530000269412994
93,99,0.0940999984741211
94,99,0.08489999920129776
95,99,0.08100000023841858
96,99,0.08699999749660492
97,99,0.06880000233650208
98,99,0.07259999960660934
99,99,0.1039000004529953
100,99,0.09780000150203705
1,100,0.2849999964237213
2,100,0.2800000011920929
3,100,0.2750000059604645
4,100,0.27399998903274536
5,100,0.12309999763965607
6,100,0.18240000307559967
7,100,0.1923999935388565
8,100,0.1972000002861023
9,100,0.1860000044107437
10,100,0.10000000149011612
11,100,0.08470000326633453
12,100,0.07010000199079514
13,100,0.043699998408555984
14,100,0.04089999943971634
15,100,0.033900000154972076
16,100,0.03269999846816063
17,100,0.03269999846816063
18,100,0.031199999153614044
19,100,0.029100000858306885
20,100,0.03310000151395798
21,100,0.04010000079870224
22,100,0.060499999672174454
23,100,0.05700000002980232
24,100,0.09560000151395798
25,100,0.1111999973654747
26,100,0.08869999647140503
27,100,0.07699999958276749
28,100,0.0560000017285347
29,100,0.06560000032186508
30,100,0.049400001764297485
31,100,0.0697999969124794
32,100,0.07739999890327454
33,100,0.057500001043081284
34,100,0.08219999819993973
35,100,0.06889999657869339
36,100,0.12610000371932983
37,100,0.06530000269412994
38,100,0.05429999902844429
39,100,0.040699999779462814
40,100,0.04399999976158142
41,100,0.05209999904036522
42,100,0.05810000002384186
43,100,0.07100000232458115
44,100,0.08550000190734863
45,100,0.27300000190734863
46,100,0.2770000100135803
47,100,0.2809999883174896
48,100,0.30300000309944153
49,100,0.3050000071525574
50,100,0.29100000858306885
51,100,0.2919999957084656
52,100,0.2840000092983246
53,100,0.2930000126361847
54,100,0.2919999957084656
55,100,0.13500000536441803
56,100,0.07029999792575836
57,100,0.10419999808073044
58,100,0.1492999941110611
59,100,0.11050000041723251
60,100,0.08449999988079071
61,100,0.17949999868869781
62,100,0.10610000044107437
63,100,0.10260000079870224
64,100,0.06019999831914902
65,100,0.06360000371932983
66,100,0.06549999862909317
67,100,0.06870000064373016
68,100,0.30399999022483826
69,100,0.29899999499320984
70,100,0.29899999499320984
71,100,0.2939999997615814
72,100,0.28600001335144043
73,100,0.28700000047683716
74,100,0.06870000064373016
75,100,0.09200000017881393
76,100,0.05000000074505806
77,100,0.05959999933838844
78,100,0.03799999877810478
79,100,0.0210999995470047
80,100,0.01899999938905239
81,100,0.021400000900030136
82,100,0.03370000049471855
83,100,0.03869999945163727
84,100,0.04899999871850014
85,100,0.05299999937415123
86,100,0.08299999684095383
87,100,0.1096000000834465
88,100,0.13619999587535858
89,100,0.14949999749660492
90,100,0.10320000350475311
91,100,0.08340000361204147
92,100,0.09790000319480896
93,100,0.12409999966621399
94,100,0.07100000232458115
95,100,0.04470000043511391
96,100,0.07639999687671661
97,100,0.0771000012755394
98,100,0.06129999831318855
99,100,0.08449999988079071
100,100,0.07900000363588333
1,101,0.27900001406669617
2,101,0.27399998903274536
3,101,0.27399998903274536
4,101,0.2680000066757202
5,101,0.27000001072883606
6,101,0.11349999904632568
7,101,0.17159999907016754
8,101,0.19300000369548798
9,101,0.17560000717639923
10,101,0.10010000318288803
11,101,0.08030000329017639
12,101,0.09189999848604202
13,101,0.08760000020265579
14,101,0.06360000371932983
15,101,0.0608999989926815
16,101,0.03959999978542328
17,101,0.06620000302791595
18,101,0.04050000011920929
19,101,0.02710000053048134
20,101,0.030700000002980232
21,101,0.049300000071525574
22,101,0.07020000368356705
23,101,0.04529999941587448
24,101,0.1120000034570694
25,101,0.11620000004768372
26,101,0.1664000004529953
27,101,0.1670999974012375
28,101,0.09449999779462814
29,101,0.0738999992609024
30,101,0.06340000033378601
31,101,0.07519999891519547
32,101,0.09070000052452087
33,101,0.061799999326467514
34,101,0.07479999959468842
35,101,0.10719999670982361
36,101,0.11270000040531158
37,101,0.06610000133514404
38,101,0.05779999867081642
39,101,0.040699999779462814
40,101,0.042899999767541885
41,101,0.04500000178813934
42,101,0.04639999940991402
43,101,0.0738999992609024
44,101,0.07500000298023224
45,101,0.11339999735355377
46,101,0.2939999997615814
47,101,0.289000004529953
48,101,0.296999990940094
49,101,0.29899999499320984
50,101,0.30000001192092896
51,101,0.29899999499320984
52,101,0.3019999861717224
53,101,0.29899999499320984
54,101,0.2939999997615814
55,101,0.149399995803833
56,101,0.09549999982118607
57,101,0.10130000114440918
58,101,0.08560000360012054
59,101,0.10769999772310257
60,101,0.09239999949932098
61,101,0.08910000324249268
62,101,0.12120000272989273
63,101,0.09149999916553497
64,101,0.05609999969601631
65,101,0.04320000112056732
66,101,0.05220000073313713
67,101,0.05180000141263008
68,101,0.29499998688697815
69,101,0.3059999942779541
70,101,0.29499998688697815
71,101,0.2849999964237213
72,101,0.28700000047683716
73,101,0.2849999964237213
74,101,0.06419999897480011
75,101,0.04960000142455101
76,101,0.04100000113248825
77,101,0.024700000882148743
78,101,0.021400000900030136
79,101,0.014600000344216824
80,101,0.022700000554323196
81,101,0.027400000020861626
82,101,0.03920000046491623
83,101,0.03799999877810478
84,101,0.04820000007748604
85,101,0.04170000180602074
86,101,0.052799999713897705
87,101,0.10570000112056732
88,101,0.12120000272989273
89,101,0.10000000149011612
90,101,0.10170000046491623
91,101,0.09929999709129333
92,101,0.11720000207424164
93,101,0.11100000143051147
94,101,0.05730000138282776
95,101,0.04360000044107437
96,101,0.029899999499320984
97,101,0.03830000013113022
98,101,0.08209999650716782
99,101,0.07289999723434448
100,101,0.08349999785423279
1,102,0.2630000114440918
2,102,0.2770000100135803
3,102,0.27300000190734863
4,102,0.2750000059604645
5,102,0.27300000190734863
6,102,0.11249999701976776
7,102,0.11320000141859055
8,102,0.14820000529289246
9,102,0.14149999618530273
10,102,0.12349999696016312
11,102,0.08869999647140503
12,102,0.09839999675750732
13,102,0.09239999949932098
14,102,0.0575999990105629
15,102,0.07989999651908875
16,102,0.049300000071525574
17,102,0.07069999724626541
18,102,0.05700000002980232
19,102,0.033399999141693115
20,102,0.0272000003606081
21,102,0.05139999836683273
22,102,0.05829999968409538
23,102,0.05000000074505806
24,102,0.10580000281333923
25,102,0.11640000343322754
26,102,0.16830000281333923
27,102,0.11129999905824661
28,102,0.06129999831318855
29,102,0.055399999022483826
30,102,0.09759999811649323
31,102,0.07739999890327454
32,102,0.09600000083446503
33,102,0.10289999842643738
34,102,0.07800000160932541
35,102,0.09560000151395798
36,102,0.06700000166893005
37,102,0.060499999672174454
38,102,0.0649000033736229
39,102,0.0333000011742115
40,102,0.04780000075697899
41,102,0.04919999837875366
42,102,0.0502999983727932
43,102,0.08259999752044678
44,102,0.061000000685453415
45,102,0.06469999998807907
46,102,0.2809999883174896
47,102,0.27900001406669617
48,102,0.2879999876022339
49,102,0.30300000309944153
50,102,0.2939999997615814
51,102,0.3019999861717224
52,102,0.30000001192092896
53,102,0.29100000858306885
54,102,0.28999999165534973
55,102,0.3009999990463257
56,102,0.15569999814033508
57,102,0.10239999741315842
58,102,0.09399999678134918
59,102,0.05869999900460243
60,102,0.0771000012755394
61,102,0.0714000016450882
62,102,0.07620000094175339
63,102,0.05790000036358833
64,102,0.032999999821186066
65,102,0.04690000042319298
66,102,0.03959999978542328
67,102,0.04349999874830246
68,102,0.30000001192092896
69,102,0.29499998688697815
70,102,0.30399999022483826
71,102,0.289000004529953
72,102,0.3050000071525574
73,102,0.296999990940094
74,102,0.3050000071525574
75,102,0.041099999099969864
76,102,0.03139999881386757
77,102,0.027000000700354576
78,102,0.019600000232458115
79,102,0.020600000396370888
80,102,0.025100000202655792
81,102,0.022199999541044235
82,102,0.027000000700354576
83,102,0.04179999977350235
84,102,0.06589999794960022
85,102,0.05299999937415123
86,102,0.06530000269412994
87,102,0.11259999871253967
88,102,0.11219999939203262
89,102,0.09679999947547913
90,102,0.13529999554157257
91,102,0.07519999891519547
92,102,0.08839999884366989
93,102,0.05570000037550926
94,102,0.04259999841451645
95,102,0.044599998742341995
96,102,0.03449999913573265
97,102,0.039900001138448715
98,102,0.06589999794960022
99,102,0.05609999969601631
100,102,0.11819999665021896
1,103,0.27399998903274536
2,103,0.27399998903274536
3,103,0.2529999911785126
4,103,0.27300000190734863
5,103,0.2750000059604645
6,103,0.10199999809265137
7,103,0.11599999666213989
8,103,0.1136000007390976
9,103,0.16179999709129333
10,103,0.1729000061750412
11,103,0.13199999928474426
12,103,0.12680000066757202
13,103,0.0820000022649765
14,103,0.043299999088048935
15,103,0.041999999433755875
16,103,0.04010000079870224
17,103,0.02879999950528145
18,103,0.041099999099969864
19,103,0.0414000004529953
20,103,0.031300000846385956
21,103,0.029899999499320984
22,103,0.03720000013709068
23,103,0.05649999901652336
24,103,0.06800000369548798
25,103,0.12919999659061432
26,103,0.1599999964237213
27,103,0.12729999423027039
28,103,0.05909999832510948
29,103,0.057100001722574234
30,103,0.04560000076889992
31,103,0.060600001364946365
32,103,0.0803999975323677
33,103,0.1362999975681305
34,103,0.09390000253915787
35,103,0.09769999980926514
36,103,0.07500000298023224
37,103,0.05130000039935112
38,103,0.06700000166893005
39,103,0.05299999937415123
40,103,0.04100000113248825
41,103,0.05640000104904175
42,103,0.05139999836683273
43,103,0.04390000179409981
44,103,0.06239999830722809
45,103,0.05139999836683273
46,103,0.04010000079870224
47,103,0.29600000381469727
48,103,0.296999990940094
49,103,0.3050000071525574
50,103,0.3050000071525574
51,103,0.3109999895095825
52,103,0.3050000071525574
53,103,0.31200000643730164
54,103,0.2770000100135803
55,103,0.29600000381469727
56,103,0.1574999988079071
57,103,0.11129999905824661
58,103,0.09070000052452087
59,103,0.09719999879598618
60,103,0.08299999684095383
61,103,0.08470000326633453
62,103,0.06870000064373016
63,103,0.08829999715089798
64,103,0.06300000101327896
65,103,0.049300000071525574
66,103,0.028300000354647636
67,103,0.032099999487400055
68,103,0.03970000147819519
69,103,0.30000001192092896
70,103,0.30000001192092896
71,103,0.3009999990463257
72,103,0.28999999165534973
73,103,0.3050000071525574
74,103,0.30300000309944153
75,103,0.29899999499320984
76,103,0.039400000125169754
77,103,0.029999999329447746
78,103,0.021199999377131462
79,103,0.02879999950528145
80,103,0.02889999933540821
81,103,0.027899999171495438
82,103,0.03689999878406525
83,103,0.039500001817941666
84,103,0.03849999979138374
85,103,0.04769999906420708
86,103,0.048700001090765
87,103,0.1251000016927719
88,103,0.11219999939203262
89,103,0.10029999911785126
90,103,0.0828000009059906
91,103,0.04569999873638153
92,103,0.04470000043511391
93,103,0.052400000393390656
94,103,0.04149999842047691
95,103,0.027899999171495438
96,103,0.03779999911785126
97,103,0.10350000113248825
98,103,0.10180000215768814
99,103,0.07919999957084656
100,103,0.12839999794960022
1,104,0.2770000100135803
2,104,0.2720000147819519
3,104,0.2680000066757202
4,104,0.24899999797344208
5,104,0.2639999985694885
6,104,0.0908999964594841
7,104,0.14489999413490295
8,104,0.1606999933719635
9,104,0.08799999952316284
10,104,0.11760000139474869
11,104,0.14149999618530273
12,104,0.08139999955892563
13,104,0.07000000029802322
14,104,0.10339999943971634
15,104,0.05310000106692314
16,104,0.024900000542402267
17,104,0.015200000256299973
18,104,0.01899999938905239
19,104,0.019300000742077827
20,104,0.033799998462200165
21,104,0.02889999933540821
22,104,0.04969999939203262
23,104,0.050999999046325684
24,104,0.07639999687671661
25,104,0.10649999976158142
26,104,0.12890000641345978
27,104,0.06759999692440033
28,104,0.03660000115633011
29,104,0.04690000042319298
30,104,0.048500001430511475
31,104,0.037300001829862595
32,104,0.08669999986886978
33,104,0.09009999781847
34,104,0.0714000016450882
35,104,0.10329999774694443
36,104,0.08219999819993973
37,104,0.07410000264644623
38,104,0.0575999990105629
39,104,0.044599998742341995
40,104,0.07109999656677246
41,104,0.06719999760389328
42,104,0.05050000175833702
43,104,0.05849999934434891
44,104,0.05990000069141388
45,104,0.028699999675154686
46,104,0.03849999979138374
47,104,0.3009999990463257
48,104,0.29899999499320984
49,104,0.30799999833106995
50,104,0.2994999885559082
51,104,0.3089999854564667
52,104,0.31700000166893005
53,104,0.3179999887943268
54,104,0.30000001192092896
55,104,0.30000001192092896
56,104,0.1826999932527542
57,104,0.13770000636577606
58,104,0.09619999676942825
59,104,0.14820000529289246
60,104,0.09279999881982803
61,104,0.11509999632835388
62,104,0.1509999930858612
63,104,0.09679999947547913
64,104,0.055799998342990875
65,104,0.06419999897480011
66,104,0.0421999990940094
67,104,0.032099999487400055
68,104,0.03449999913573265
69,104,0.03400000184774399
70,104,0.3009999990463257
71,104,0.2930000126361847
72,104,0.28600001335144043
73,104,0.28999999165534973
74,104,0.29899999499320984
75,104,0.2980000078678131
76,104,0.29499998688697815
77,104,0.03150000050663948
78,104,0.0544000007212162
79,104,0.05139999836683273
80,104,0.04010000079870224
81,104,0.035999998450279236
82,104,0.04569999873638153
83,104,0.06129999831318855
84,104,0.039000000804662704
85,104,0.0674000009894371
86,104,0.06830000132322311
87,104,0.07959999889135361
88,104,0.10350000113248825
89,104,0.0828000009059906
90,104,0.0885000005364418
91,104,0.06809999793767929
92,104,0.035999998450279236
93,104,0.04349999874830246
94,104,0.04749999940395355
95,104,0.04960000142455101
96,104,0.03739999979734421
97,104,0.06159999966621399
98,104,0.07819999754428864
99,104,0.11949999630451202
100,104,0.13920000195503235
1,105,0.27300000190734863
2,105,0.25699999928474426
3,105,0.24400000274181366
4,105,0.23800000548362732
5,105,0.24699999392032623
6,105,0.07819999754428864
7,105,0.08569999784231186
8,105,0.0957999974489212
9,105,0.09290000051259995
10,105,0.07360000163316727
11,105,0.06560000032186508
12,105,0.06279999762773514
13,105,0.05530000105500221
14,105,0.06970000267028809
15,105,0.03610000014305115
16,105,0.03680000081658363
17,105,0.02889999933540821
18,105,0.03970000147819519
19,105,0.03819999843835831
20,105,0.044199999421834946
21,105,0.056699998676776886
22,105,0.0908999964594841
23,105,0.094200000166893
24,105,0.11599999666213989
25,105,0.07800000160932541
26,105,0.11670000106096268
27,105,0.07989999651908875
28,105,0.04490000009536743
29,105,0.053700000047683716
30,105,0.04639999940991402
31,105,0.03669999912381172
32,105,0.05460000038146973
33,105,0.0689999982714653
34,105,0.05779999867081642
35,105,0.07119999825954437
36,105,0.10010000318288803
37,105,0.11890000104904175
38,105,0.07460000365972519
39,105,0.060100000351667404
40,105,0.0706000030040741
41,105,0.05420000106096268
42,105,0.039799999445676804
43,105,0.05660000070929527
44,105,0.05139999836683273
45,105,0.07029999792575836
46,105,0.046300001442432404
47,105,0.12780000269412994
48,105,0.29499998688697815
49,105,0.30000001192092896
50,105,0.296999990940094
51,105,0.31299999356269836
52,105,0.3160000145435333
53,105,0.3240000009536743
54,105,0.3050000071525574
55,105,0.30000001192092896
56,105,0.3050000071525574
57,105,0.12939999997615814
58,105,0.11010000109672546
59,105,0.15649999678134918
60,105,0.09229999780654907
61,105,0.1356000006198883
62,105,0.16590000689029694
63,105,0.12849999964237213
64,105,0.07370000332593918
65,105,0.03819999843835831
66,105,0.037300001829862595
67,105,0.042100001126527786
68,105,0.03629999980330467
69,105,0.04170000180602074
70,105,0.029200000688433647
71,105,0.30300000309944153
72,105,0.29499998688697815
73,105,0.29600000381469727
74,105,0.30799999833106995
75,105,0.30300000309944153
76,105,0.28999999165534973
77,105,0.03790000081062317
78,105,0.04690000042319298
79,105,0.07259999960660934
80,105,0.05730000138282776
81,105,0.052000001072883606
82,105,0.02669999934732914
83,105,0.04019999876618385
84,105,0.04699999839067459
85,105,0.09210000187158585
86,105,0.11869999766349792
87,105,0.11100000143051147
88,105,0.07349999994039536
89,105,0.07069999724626541
90,105,0.03720000013709068
91,105,0.03519999980926514
92,105,0.04010000079870224
93,105,0.02669999934732914
94,105,0.026100000366568565
95,105,0.03060000017285347
96,105,0.05040000006556511
97,105,0.09350000321865082
98,105,0.07509999722242355
99,105,0.10119999945163727
100,105,0.13050000369548798
1,106,0.2750000059604645
2,106,0.23909999430179596
3,106,0.2720000147819519
4,106,0.2639999985694885
5,106,0.26100000739097595
6,106,0.09849999845027924
7,106,0.11349999904632568
8,106,0.0925000011920929
9,106,0.07479999959468842
10,106,0.052000001072883606
11,106,0.06469999998807907
12,106,0.056299999356269836
13,106,0.032600000500679016
14,106,0.06939999759197235
15,106,0.03880000114440918
16,106,0.044199999421834946
17,106,0.043800000101327896
18,106,0.03680000081658363
19,106,0.04259999841451645
20,106,0.06480000168085098
21,106,0.06560000032186508
22,106,0.08540000021457672
23,106,0.07699999958276749
24,106,0.10530000180006027
25,106,0.11349999904632568
26,106,0.0940999984741211
27,106,0.08100000023841858
28,106,0.03880000114440918
29,106,0.04149999842047691
30,106,0.04619999974966049
31,106,0.04919999837875366
32,106,0.05040000006556511
33,106,0.03799999877810478
34,106,0.06589999794960022
35,106,0.09749999642372131
36,106,0.08560000360012054
37,106,0.08980000019073486
38,106,0.04470000043511391
39,106,0.061500001698732376
40,106,0.06379999965429306
41,106,0.05900000035762787
42,106,0.029500000178813934
43,106,0.05590000003576279
44,106,0.044199999421834946
45,106,0.04619999974966049
46,106,0.04360000044107437
47,106,0.15479999780654907
48,106,0.28700000047683716
49,106,0.296999990940094
50,106,0.3050000071525574
51,106,0.3019999861717224
52,106,0.30399999022483826
53,106,0.3019999861717224
54,106,0.30300000309944153
55,106,0.3009999990463257
56,106,0.3109999895095825
57,106,0.11110000312328339
58,106,0.10920000076293945
59,106,0.16619999706745148
60,106,0.11909999698400497
61,106,0.11420000344514847
62,106,0.13830000162124634
63,106,0.16290000081062317
64,106,0.04190000146627426
65,106,0.04780000075697899
66,106,0.0333000011742115
67,106,0.04450000077486038
68,106,0.03319999948143959
69,106,0.04670000076293945
70,106,0.04780000075697899
71,106,0.059300001710653305
72,106,0.30000001192092896
73,106,0.30300000309944153
74,106,0.30799999833106995
75,106,0.29600000381469727
76,106,0.2980000078678131
77,106,0.26499998569488525
78,106,0.2720000147819519
79,106,0.0714000016450882
80,106,0.07559999823570251
81,106,0.0502999983727932
82,106,0.03370000049471855
83,106,0.050999999046325684
84,106,0.07769999653100967
85,106,0.09030000120401382
86,106,0.06719999760389328
87,106,0.07440000027418137
88,106,0.04690000042319298
89,106,0.05920000001788139
90,106,0.039900001138448715
91,106,0.04580000042915344
92,106,0.02810000069439411
93,106,0.028999999165534973
94,106,0.029200000688433647
95,106,0.025200000032782555
96,106,0.049800001084804535
97,106,0.05869999900460243
98,106,0.07150000333786011
99,106,0.07829999923706055
100,106,0.10719999670982361
1,107,0.27790001034736633
2,107,0.25
3,107,0.2720000147819519
4,107,0.2630000114440918
5,107,0.2529999911785126
6,107,0.25200000405311584
7,107,0.11749999970197678
8,107,0.10040000081062317
9,107,0.06870000064373016
10,107,0.07240000367164612
11,107,0.057500001043081284
12,107,0.0414000004529953
13,107,0.04170000180602074
14,107,0.050999999046325684
15,107,0.04740000143647194
16,107,0.04439999908208847
17,107,0.041999999433755875
18,107,0.04600000008940697
19,107,0.03550000116229057
20,107,0.06279999762773514
21,107,0.10119999945163727
22,107,0.10610000044107437
23,107,0.06870000064373016
24,107,0.08720000088214874
25,107,0.09189999848604202
26,107,0.05570000037550926
27,107,0.05770000070333481
28,107,0.033799998462200165
29,107,0.03280000016093254
30,107,0.029100000858306885
31,107,0.03920000046491623
32,107,0.04659999907016754
33,107,0.04639999940991402
34,107,0.07620000094175339
35,107,0.08619999885559082
36,107,0.06459999829530716
37,107,0.03819999843835831
38,107,0.05130000039935112
39,107,0.04560000076889992
40,107,0.05770000070333481
41,107,0.06710000336170197
42,107,0.02850000001490116
43,107,0.026000000536441803
44,107,0.03150000050663948
45,107,0.04919999837875366
46,107,0.04039999842643738
47,107,0.14399999380111694
48,107,0.2919999957084656
49,107,0.28999999165534973
50,107,0.28700000047683716
51,107,0.3059999942779541
52,107,0.3109999895095825
53,107,0.30300000309944153
54,107,0.3100000023841858
55,107,0.3019999861717224
56,107,0.30799999833106995
57,107,0.16200000047683716
58,107,0.0803999975323677
59,107,0.05249999836087227
60,107,0.055399999022483826
61,107,0.061799999326467514
62,107,0.13089999556541443
63,107,0.16179999709129333
64,107,0.08900000154972076
65,107,0.06800000369548798
66,107,0.04050000011920929
67,107,0.029200000688433647
68,107,0.02539999969303608
69,107,0.05820000171661377
70,107,0.05169999971985817
71,107,0.04960000142455101
72,107,0.08669999986886978
73,107,0.30399999022483826
74,107,0.30300000309944153
75,107,0.29600000381469727
76,107,0.2939999997615814
77,107,0.2849999964237213
78,107,0.2840000092983246
79,107,0.07479999959468842
80,107,0.08190000057220459
81,107,0.04809999838471413
82,107,0.043699998408555984
83,107,0.0786999985575676
84,107,0.11420000344514847
85,107,0.10480000078678131
86,107,0.056699998676776886
87,107,0.06459999829530716
88,107,0.04439999908208847
89,107,0.050999999046325684
90,107,0.02800000086426735
91,107,0.038600001484155655
92,107,0.019999999552965164
93,107,0.01810000091791153
94,107,0.021199999377131462
95,107,0.02800000086426735
96,107,0.05860000103712082
97,107,0.03920000046491623
98,107,0.05559999868273735
99,107,0.0625
100,107,0.06939999759197235
1,108,0.2759999930858612
2,108,0.20499999821186066
3,108,0.2549999952316284
4,108,0.26499998569488525
5,108,0.24330000579357147
6,108,0.14710000157356262
7,108,0.14560000598430634
8,108,0.14990000426769257
9,108,0.13379999995231628
10,108,0.08160000294446945
11,108,0.06809999793767929
12,108,0.06780000030994415
13,108,0.05480000004172325
14,108,0.06120000034570694
15,108,0.05079999938607216
16,108,0.05040000006556511
17,108,0.0674000009894371
18,108,0.035999998450279236
19,108,0.03290000185370445
20,108,0.05860000103712082
21,108,0.07890000194311142
22,108,0.0706000030040741
23,108,0.07010000199079514
24,108,0.06459999829530716
25,108,0.08720000088214874
26,108,0.06199999898672104
27,108,0.051500000059604645
28,108,0.0568000003695488
29,108,0.05040000006556511
30,108,0.04190000146627426
31,108,0.03720000013709068
32,108,0.04450000077486038
33,108,0.04910000041127205
34,108,0.0771000012755394
35,108,0.11580000072717667
36,108,0.0885000005364418
37,108,0.08560000360012054
38,108,0.05649999901652336
39,108,0.048500001430511475
40,108,0.03959999978542328
41,108,0.06509999930858612
42,108,0.04010000079870224
43,108,0.025200000032782555
44,108,0.03880000114440918
45,108,0.0544000007212162
46,108,0.05920000001788139
47,108,0.14669999480247498
48,108,0.2939999997615814
49,108,0.2709999978542328
50,108,0.2720000147819519
51,108,0.28999999165534973
52,108,0.296999990940094
53,108,0.30799999833106995
54,108,0.3070000112056732
55,108,0.3089999854564667
56,108,0.30799999833106995
57,108,0.07320000231266022
58,108,0.04610000178217888
59,108,0.07559999823570251
60,108,0.04190000146627426
61,108,0.08259999752044678
62,108,0.06120000034570694
63,108,0.06669999659061432
64,108,0.05460000038146973
65,108,0.042899999767541885
66,108,0.07819999754428864
67,108,0.053700000047683716
68,108,0.04729999974370003
69,108,0.03480000048875809
70,108,0.0544000007212162
71,108,0.07100000232458115
72,108,0.07460000365972519
73,108,0.29600000381469727
74,108,0.30000001192092896
75,108,0.29899999499320984
76,108,0.3070000112056732
77,108,0.29100000858306885
78,108,0.2759999930858612
79,108,0.0649000033736229
80,108,0.09619999676942825
81,108,0.04179999977350235
82,108,0.04320000112056732
83,108,0.08070000261068344
84,108,0.09210000187158585
85,108,0.07159999758005142
86,108,0.08259999752044678
87,108,0.06889999657869339
88,108,0.045499999076128006
89,108,0.036400001496076584
90,108,0.05490000173449516
91,108,0.03359999880194664
92,108,0.019899999722838402
93,108,0.02810000069439411
94,108,0.02879999950528145
95,108,0.02889999933540821
96,108,0.027000000700354576
97,108,0.04809999838471413
98,108,0.04270000010728836
99,108,0.05609999969601631
100,108,0.04039999842643738
1,109,0.2709999978542328
2,109,0.2669999897480011
3,109,0.2770000100135803
4,109,0.23960000276565552
5,109,0.2529999911785126
6,109,0.1906999945640564
7,109,0.16019999980926514
8,109,0.12160000205039978
9,109,0.12380000203847885
10,109,0.048700001090765
11,109,0.07769999653100967
12,109,0.06319999694824219
13,109,0.0575999990105629
14,109,0.06710000336170197
15,109,0.06780000030994415
16,109,0.07329999655485153
17,109,0.06319999694824219
18,109,0.07349999994039536
19,109,0.07970000058412552
20,109,0.05719999969005585
21,109,0.06669999659061432
22,109,0.10249999910593033
23,109,0.11010000109672546
24,109,0.08219999819993973
25,109,0.07329999655485153
26,109,0.06669999659061432
27,109,0.040699999779462814
28,109,0.0406000018119812
29,109,0.03629999980330467
30,109,0.03709999844431877
31,109,0.02800000086426735
32,109,0.02979999966919422
33,109,0.04820000007748604
34,109,0.05299999937415123
35,109,0.09000000357627869
36,109,0.11219999939203262
37,109,0.10300000011920929
38,109,0.06679999828338623
39,109,0.0560000017285347
40,109,0.042500000447034836
41,109,0.08540000021457672
42,109,0.05530000105500221
43,109,0.03750000149011612
44,109,0.02319999970495701
45,109,0.034699998795986176
46,109,0.06390000134706497
47,109,0.07819999754428864
48,109,0.289000004529953
49,109,0.2619999945163727
50,109,0.257999986410141
51,109,0.2720000147819519
52,109,0.28049999475479126
53,109,0.30300000309944153
54,109,0.29499998688697815
55,109,0.30300000309944153
56,109,0.3100000023841858
57,109,0.052299998700618744
58,109,0.03929999843239784
59,109,0.04430000111460686
60,109,0.0414000004529953
61,109,0.04899999871850014
62,109,0.05909999832510948
63,109,0.059700001031160355
64,109,0.08510000258684158
65,109,0.061400000005960464
66,109,0.07479999959468842
67,109,0.04910000041127205
68,109,0.0357000008225441
69,109,0.0632999986410141
70,109,0.050599999725818634
71,109,0.057500001043081284
72,109,0.04639999940991402
73,109,0.07169999927282333
74,109,0.3009999990463257
75,109,0.30300000309944153
76,109,0.296999990940094
77,109,0.28700000047683716
78,109,0.2759999930858612
79,109,0.2840000092983246
80,109,0.06960000097751617
81,109,0.04390000179409981
82,109,0.05939999967813492
83,109,0.0544000007212162
84,109,0.05400000140070915
85,109,0.07360000163316727
86,109,0.07599999755620956
87,109,0.0421999990940094
88,109,0.03449999913573265
89,109,0.04690000042319298
90,109,0.04089999943971634
91,109,0.02979999966919422
92,109,0.027799999341368675
93,109,0.02459999918937683
94,109,0.03449999913573265
95,109,0.04989999905228615
96,109,0.04650000110268593
97,109,0.0471000000834465
98,109,0.04749999940395355
99,109,0.04780000075697899
100,109,0.04439999908208847
1,110,0.2720000147819519
2,110,0.2680000066757202
3,110,0.2849999964237213
4,110,0.2630000114440918
5,110,0.26600000262260437
6,110,0.22460000216960907
7,110,0.1907999962568283
8,110,0.15780000388622284
9,110,0.09210000187158585
10,110,0.05730000138282776
11,110,0.09749999642372131
12,110,0.054499998688697815
13,110,0.04969999939203262
14,110,0.05490000173449516
15,110,0.05420000106096268
16,110,0.06040000170469284
17,110,0.06620000302791595
18,110,0.06159999966621399
19,110,0.07339999824762344
20,110,0.06350000202655792
21,110,0.05420000106096268
22,110,0.07249999791383743
23,110,0.05900000035762787
24,110,0.049300000071525574
25,110,0.051899999380111694
26,110,0.05389999970793724
27,110,0.06589999794960022
28,110,0.04569999873638153
29,110,0.04540000110864639
30,110,0.03720000013709068
31,110,0.03920000046491623
32,110,0.0421999990940094
33,110,0.030500000342726707
34,110,0.050200000405311584
35,110,0.046799998730421066
36,110,0.0625
37,110,0.08160000294446945
38,110,0.05270000174641609
39,110,0.05950000137090683
40,110,0.06379999965429306
41,110,0.05400000140070915
42,110,0.050700001418590546
43,110,0.039400000125169754
44,110,0.05209999904036522
45,110,0.04149999842047691
46,110,0.0364999994635582
47,110,0.15029999613761902
48,110,0.2849999964237213
49,110,0.2709999978542328
50,110,0.26750001311302185
51,110,0.2750000059604645
52,110,0.28600001335144043
53,110,0.3070000112056732
54,110,0.30000001192092896
55,110,0.2930000126361847
56,110,0.1817999929189682
57,110,0.04639999940991402
58,110,0.046300001442432404
59,110,0.035999998450279236
60,110,0.045099999755620956
61,110,0.048500001430511475
62,110,0.04410000145435333
63,110,0.04619999974966049
64,110,0.053300000727176666
65,110,0.03280000016093254
66,110,0.06939999759197235
67,110,0.06629999727010727
68,110,0.07410000264644623
69,110,0.11710000038146973
70,110,0.09369999915361404
71,110,0.07339999824762344
72,110,0.07590000331401825
73,110,0.04740000143647194
74,110,0.09149999916553497
75,110,0.3100000023841858
76,110,0.30799999833106995
77,110,0.28700000047683716
78,110,0.2800000011920929
79,110,0.2709999978542328
80,110,0.2709999978542328
81,110,0.2809999883174896
82,110,0.2750000059604645
83,110,0.050999999046325684
84,110,0.030899999663233757
85,110,0.05590000003576279
86,110,0.0722000002861023
87,110,0.04699999839067459
88,110,0.0471000000834465
89,110,0.043699998408555984
90,110,0.029500000178813934
91,110,0.029100000858306885
92,110,0.020999999716877937
93,110,0.0210999995470047
94,110,0.053599998354911804
95,110,0.08959999680519104
96,110,0.06809999793767929
97,110,0.04360000044107437
98,110,0.04859999939799309
99,110,0.03739999979734421
100,110,0.03180000185966492
1,111,0.2759999930858612
2,111,0.2809999883174896
3,111,0.2770000100135803
4,111,0.2639999985694885
5,111,0.2800000011920929
6,111,0.1728000044822693
7,111,0.1624000072479248
8,111,0.15610000491142273
9,111,0.1501999944448471
10,111,0.1459999978542328
11,111,0.12359999865293503
12,111,0.07119999825954437
13,111,0.06669999659061432
14,111,0.05220000073313713
15,111,0.0885000005364418
16,111,0.10029999911785126
17,111,0.04690000042319298
18,111,0.06930000334978104
19,111,0.08449999988079071
20,111,0.06480000168085098
21,111,0.04390000179409981
22,111,0.054499998688697815
23,111,0.06780000030994415
24,111,0.06530000269412994
25,111,0.051100000739097595
26,111,0.08609999716281891
27,111,0.048500001430511475
28,111,0.05429999902844429
29,111,0.027000000700354576
30,111,0.019899999722838402
31,111,0.025499999523162842
32,111,0.03139999881386757
33,111,0.028699999675154686
34,111,0.03680000081658363
35,111,0.04830000177025795
36,111,0.06109999865293503
37,111,0.04619999974966049
38,111,0.05260000005364418
39,111,0.06210000067949295
40,111,0.04190000146627426
41,111,0.05460000038146973
42,111,0.051899999380111694
43,111,0.03849999979138374
44,111,0.03189999982714653
45,111,0.029899999499320984
46,111,0.02879999950528145
47,111,0.27799999713897705
48,111,0.28600001335144043
49,111,0.26499998569488525
50,111,0.2529999911785126
51,111,0.2680000066757202
52,111,0.27900001406669617
53,111,0.296999990940094
54,111,0.30000001192092896
55,111,0.2939999997615814
56,111,0.04659999907016754
57,111,0.0406000018119812
58,111,0.03620000183582306
59,111,0.05979999899864197
60,111,0.049300000071525574
61,111,0.05779999867081642
62,111,0.0348999984562397
63,111,0.048700001090765
64,111,0.06210000067949295
65,111,0.041200000792741776
66,111,0.06040000170469284
67,111,0.04569999873638153
68,111,0.1031000018119812
69,111,0.07729999721050262
70,111,0.08640000224113464
71,111,0.06700000166893005
72,111,0.10530000180006027
73,111,0.08380000293254852
74,111,0.0771000012755394
75,111,0.09560000151395798
76,111,0.06710000336170197
77,111,0.06889999657869339
78,111,0.27799999713897705
79,111,0.28600001335144043
80,111,0.2759999930858612
81,111,0.28299999237060547
82,111,0.3009999990463257
83,111,0.2809999883174896
84,111,0.08089999854564667
85,111,0.10660000145435333
86,111,0.10350000113248825
87,111,0.07159999758005142
88,111,0.05249999836087227
89,111,0.040699999779462814
90,111,0.049300000071525574
91,111,0.04830000177025795
92,111,0.028300000354647636
93,111,0.025100000202655792
94,111,0.035599999129772186
95,111,0.0729999989271164
96,111,0.08060000091791153
97,111,0.061799999326467514
98,111,0.036400001496076584
99,111,0.03920000046491623
100,111,0.039500001817941666
1,112,0.2680000066757202
2,112,0.23999999463558197
3,112,0.2680000066757202
4,112,0.2770000100135803
5,112,0.2849999964237213
6,112,0.15049999952316284
7,112,0.12039999663829803
8,112,0.12549999356269836
9,112,0.15360000729560852
10,112,0.09950000047683716
11,112,0.15240000188350677
12,112,0.08940000087022781
13,112,0.09539999812841415
14,112,0.06319999694824219
15,112,0.09319999814033508
16,112,0.08609999716281891
17,112,0.12280000001192093
18,112,0.09179999679327011
19,112,0.07760000228881836
20,112,0.07410000264644623
21,112,0.05310000106692314
22,112,0.04540000110864639
23,112,0.05950000137090683
24,112,0.07190000265836716
25,112,0.058800000697374344
26,112,0.05079999938607216
27,112,0.06880000233650208
28,112,0.05290000140666962
29,112,0.06430000066757202
30,112,0.03929999843239784
31,112,0.030400000512599945
32,112,0.030899999663233757
33,112,0.03750000149011612
34,112,0.04830000177025795
35,112,0.04039999842643738
36,112,0.054099999368190765
37,112,0.05299999937415123
38,112,0.04230000078678131
39,112,0.05889999866485596
40,112,0.055399999022483826
41,112,0.06909999996423721
42,112,0.04450000077486038
43,112,0.05869999900460243
44,112,0.0502999983727932
45,112,0.03689999878406525
46,112,0.02419999986886978
47,112,0.17550000548362732
48,112,0.27300000190734863
49,112,0.26089999079704285
50,112,0.2800000011920929
51,112,0.27900001406669617
52,112,0.296999990940094
53,112,0.30799999833106995
54,112,0.28999999165534973
55,112,0.16200000047683716
56,112,0.055799998342990875
57,112,0.04340000078082085
58,112,0.044199999421834946
59,112,0.05779999867081642
60,112,0.07829999923706055
61,112,0.03460000082850456
62,112,0.02889999933540821
63,112,0.048900000751018524
64,112,0.03319999948143959
65,112,0.03929999843239784
66,112,0.06289999932050705
67,112,0.09669999778270721
68,112,0.13519999384880066
69,112,0.09210000187158585
70,112,0.04859999939799309
71,112,0.050999999046325684
72,112,0.10920000076293945
73,112,0.15060000121593475
74,112,0.10040000081062317
75,112,0.08810000121593475
76,112,0.08630000054836273
77,112,0.05770000070333481
78,112,0.05090000107884407
79,112,0.05730000138282776
80,112,0.28299999237060547
81,112,0.28200000524520874
82,112,0.28999999165534973
83,112,0.2849999964237213
84,112,0.29600000381469727
85,112,0.29600000381469727
86,112,0.2939999997615814
87,112,0.2849999964237213
88,112,0.28700000047683716
89,112,0.04450000077486038
90,112,0.03709999844431877
91,112,0.03449999913573265
92,112,0.02889999933540821
93,112,0.04230000078678131
94,112,0.04619999974966049
95,112,0.06260000169277191
96,112,0.054499998688697815
97,112,0.06620000302791595
98,112,0.035599999129772186
99,112,0.02810000069439411
100,112,0.05429999902844429
1,113,0.26600000262260437
2,113,0.25200000405311584
3,113,0.2709999978542328
4,113,0.2759999930858612
5,113,0.06279999762773514
6,113,0.1111999973654747
7,113,0.12240000069141388
8,113,0.13189999759197235
9,113,0.16110000014305115
10,113,0.15399999916553497
11,113,0.1462000012397766
12,113,0.12210000306367874
13,113,0.10660000145435333
14,113,0.07339999824762344
15,113,0.11349999904632568
16,113,0.1168999969959259
17,113,0.12309999763965607
18,113,0.164000004529953
19,113,0.08089999854564667
20,113,0.0674000009894371
21,113,0.04830000177025795
22,113,0.04969999939203262
23,113,0.05130000039935112
24,113,0.05620000138878822
25,113,0.07750000059604645
26,113,0.035999998450279236
27,113,0.041600000113248825
28,113,0.04670000076293945
29,113,0.06849999725818634
30,113,0.09880000352859497
31,113,0.08699999749660492
32,113,0.04650000110268593
33,113,0.055799998342990875
34,113,0.0625
35,113,0.05909999832510948
36,113,0.05959999933838844
37,113,0.0544000007212162
38,113,0.05389999970793724
39,113,0.09210000187158585
40,113,0.07090000063180923
41,113,0.06019999831914902
42,113,0.08399999886751175
43,113,0.04600000008940697
44,113,0.0658000037074089
45,113,0.0430000014603138
46,113,0.13680000603199005
47,113,0.289000004529953
48,113,0.28700000047683716
49,113,0.28200000524520874
50,113,0.2759999930858612
51,113,0.2800000011920929
52,113,0.29899999499320984
53,113,0.3100000023841858
54,113,0.2930000126361847
55,113,0.04619999974966049
56,113,0.042899999767541885
57,113,0.045099999755620956
58,113,0.03020000085234642
59,113,0.06040000170469284
60,113,0.04830000177025795
61,113,0.026100000366568565
62,113,0.026200000196695328
63,113,0.02319999970495701
64,113,0.037700001150369644
65,113,0.027499999850988388
66,113,0.04919999837875366
67,113,0.09040000289678574
68,113,0.11129999905824661
69,113,0.10440000146627426
70,113,0.07840000092983246
71,113,0.1023000031709671
72,113,0.0835999995470047
73,113,0.07500000298023224
74,113,0.10740000009536743
75,113,0.10729999840259552
76,113,0.10490000247955322
77,113,0.09489999711513519
78,113,0.07760000228881836
79,113,0.07720000296831131
80,113,0.07069999724626541
81,113,0.05490000173449516
82,113,0.08070000261068344
83,113,0.09189999848604202
84,113,0.08609999716281891
85,113,0.2770000100135803
86,113,0.27799999713897705
87,113,0.28299999237060547
88,113,0.2669999897480011
89,113,0.2630000114440918
90,113,0.26499998569488525
91,113,0.0502999983727932
92,113,0.26600000262260437
93,113,0.059300001710653305
94,113,0.05400000140070915
95,113,0.0414000004529953
96,113,0.04699999839067459
97,113,0.029999999329447746
98,113,0.04910000041127205
99,113,0.05380000174045563
100,113,0.0649000033736229
1,114,0.26899999380111694
2,114,0.2680000066757202
3,114,0.25360000133514404
4,114,0.2770000100135803
5,114,0.05869999900460243
6,114,0.06289999932050705
7,114,0.06030000001192093
8,114,0.14149999618530273
9,114,0.11879999935626984
10,114,0.10849999636411667
11,114,0.08699999749660492
12,114,0.09290000051259995
13,114,0.08079999685287476
14,114,0.0828000009059906
15,114,0.05790000036358833
16,114,0.08540000021457672
17,114,0.16130000352859497
18,114,0.14090000092983246
19,114,0.05739999935030937
20,114,0.08810000121593475
21,114,0.0731000006198883
22,114,0.0348999984562397
23,114,0.03849999979138374
24,114,0.039000000804662704
25,114,0.0478999987244606
26,114,0.03779999911785126
27,114,0.02449999935925007
28,114,0.032499998807907104
29,114,0.06840000301599503
30,114,0.09870000183582306
31,114,0.10450000315904617
32,114,0.06360000371932983
33,114,0.05130000039935112
34,114,0.053700000047683716
35,114,0.07989999651908875
36,114,0.06419999897480011
37,114,0.06800000369548798
38,114,0.04960000142455101
39,114,0.054499998688697815
40,114,0.07349999994039536
41,114,0.06629999727010727
42,114,0.07500000298023224
43,114,0.1006999984383583
44,114,0.06509999930858612
45,114,0.03999999910593033
46,114,0.28299999237060547
47,114,0.28299999237060547
48,114,0.2939999997615814
49,114,0.2840000092983246
50,114,0.27799999713897705
51,114,0.28999999165534973
52,114,0.2809999883174896
53,114,0.29100000858306885
54,114,0.17100000381469727
55,114,0.02410000003874302
56,114,0.02370000071823597
57,114,0.028300000354647636
58,114,0.026799999177455902
59,114,0.03530000150203705
60,114,0.03999999910593033
61,114,0.031199999153614044
62,114,0.027300000190734863
63,114,0.025299999862909317
64,114,0.030899999663233757
65,114,0.051500000059604645
66,114,0.04780000075697899
67,114,0.0778999999165535
68,114,0.10909999907016754
69,114,0.11659999936819077
70,114,0.11890000104904175
71,114,0.11460000276565552
72,114,0.09849999845027924
73,114,0.13459999859333038
74,114,0.11379999667406082
75,114,0.10989999771118164
76,114,0.07840000092983246
77,114,0.1005999967455864
78,114,0.12370000034570694
79,114,0.10360000282526016
80,114,0.11720000207424164
81,114,0.08229999989271164
82,114,0.07440000027418137
83,114,0.09709999710321426
84,114,0.10639999806880951
85,114,0.07259999960660934
86,114,0.09430000185966492
87,114,0.28600001335144043
88,114,0.2680000066757202
89,114,0.2680000066757202
90,114,0.2669999897480011
91,114,0.2669999897480011
92,114,0.2680000066757202
93,114,0.19099999964237213
94,114,0.19699999690055847
95,114,0.06589999794960022
96,114,0.04360000044107437
97,114,0.04439999908208847
98,114,0.04479999840259552
99,114,0.08789999783039093
100,114,0.05999999865889549
1,115,0.2770000100135803
2,115,0.2619999945163727
3,115,0.2240999937057495
4,115,0.2680000066757202
5,115,0.28299999237060547
6,115,0.09319999814033508
7,115,0.10819999873638153
8,115,0.10209999978542328
9,115,0.09269999712705612
10,115,0.14749999344348907
11,115,0.09719999879598618
12,115,0.07810000330209732
13,115,0.1152999997138977
14,115,0.11959999799728394
15,115,0.11100000143051147
16,115,0.07339999824762344
17,115,0.07530000060796738
18,115,0.0997999981045723
19,115,0.039000000804662704
20,115,0.042500000447034836
21,115,0.043699998408555984
22,115,0.07779999822378159
23,115,0.08060000091791153
24,115,0.04650000110268593
25,115,0.057500001043081284
26,115,0.04699999839067459
27,115,0.025499999523162842
28,115,0.05620000138878822
29,115,0.07819999754428864
30,115,0.07850000262260437
31,115,0.0934000015258789
32,115,0.050700001418590546
33,115,0.05000000074505806
34,115,0.053700000047683716
35,115,0.0502999983727932
36,115,0.049800001084804535
37,115,0.052799999713897705
38,115,0.04910000041127205
39,115,0.11789999902248383
40,115,0.07500000298023224
41,115,0.11969999969005585
42,115,0.1404999941587448
43,115,0.1761000007390976
44,115,0.07460000365972519
45,115,0.13680000603199005
46,115,0.29899999499320984
47,115,0.30000001192092896
48,115,0.28999999165534973
49,115,0.2800000011920929
50,115,0.28700000047683716
51,115,0.29600000381469727
52,115,0.3059999942779541
53,115,0.30000001192092896
54,115,0.13950000703334808
55,115,0.025800000876188278
56,115,0.025800000876188278
57,115,0.03519999980926514
58,115,0.02280000038444996
59,115,0.02500000037252903
60,115,0.029899999499320984
61,115,0.02669999934732914
62,115,0.03269999846816063
63,115,0.02889999933540821
64,115,0.02810000069439411
65,115,0.033900000154972076
66,115,0.057100001722574234
67,115,0.08959999680519104
68,115,0.10750000178813934
69,115,0.11630000174045563
70,115,0.10400000214576721
71,115,0.14139999449253082
72,115,0.10459999740123749
73,115,0.1316000074148178
74,115,0.15790000557899475
75,115,0.1670999974012375
76,115,0.125900000333786
77,115,0.10790000110864639
78,115,0.125900000333786
79,115,0.08429999649524689
80,115,0.08990000188350677
81,115,0.08560000360012054
82,115,0.07129999995231628
83,115,0.050599999725818634
84,115,0.06210000067949295
85,115,0.05979999899864197
86,115,0.06459999829530716
87,115,0.08659999817609787
88,115,0.10010000318288803
89,115,0.09920000284910202
90,115,0.27000001072883606
91,115,0.24400000274181366
92,115,0.2329999953508377
93,115,0.15700000524520874
94,115,0.13570000231266022
95,115,0.17829999327659607
96,115,0.14180000126361847
97,115,0.043800000101327896
98,115,0.060499999672174454
99,115,0.10080000013113022
100,115,0.0697999969124794
1,116,0.2750000059604645
2,116,0.2680000066757202
3,116,0.26499998569488525
4,116,0.2759999930858612
5,116,0.2800000011920929
6,116,0.07400000095367432
7,116,0.06849999725818634
8,116,0.09740000218153
9,116,0.1080000028014183
10,116,0.1526000052690506
11,116,0.10080000013113022
12,116,0.1006999984383583
13,116,0.11999999731779099
14,116,0.1014999970793724
15,116,0.09040000289678574
16,116,0.10849999636411667
17,116,0.07699999958276749
18,116,0.10559999942779541
19,116,0.07829999923706055
20,116,0.07479999959468842
21,116,0.07199999690055847
22,116,0.0658000037074089
23,116,0.07500000298023224
24,116,0.08749999850988388
25,116,0.07360000163316727
26,116,0.03999999910593033
27,116,0.032999999821186066
28,116,0.05570000037550926
29,116,0.052000001072883606
30,116,0.048500001430511475
31,116,0.05900000035762787
32,116,0.04019999876618385
33,116,0.054499998688697815
34,116,0.06040000170469284
35,116,0.050999999046325684
36,116,0.05979999899864197
37,116,0.050999999046325684
38,116,0.05119999870657921
39,116,0.09030000120401382
40,116,0.08079999685287476
41,116,0.07329999655485153
42,116,0.16019999980926514
43,116,0.09769999980926514
44,116,0.07930000126361847
45,116,0.13860000669956207
46,116,0.2770000100135803
47,116,0.28999999165534973
48,116,0.2919999957084656
49,116,0.2849999964237213
50,116,0.28999999165534973
51,116,0.30000001192092896
52,116,0.296999990940094
53,116,0.13590000569820404
54,116,0.02810000069439411
55,116,0.023499999195337296
56,116,0.040300000458955765
57,116,0.03799999877810478
58,116,0.04089999943971634
59,116,0.02669999934732914
60,116,0.025200000032782555
61,116,0.023000000044703484
62,116,0.03280000016093254
63,116,0.026599999517202377
64,116,0.0333000011742115
65,116,0.04089999943971634
66,116,0.053199999034404755
67,116,0.07580000162124634
68,116,0.08290000259876251
69,116,0.10970000177621841
70,116,0.12929999828338623
71,116,0.10939999669790268
72,116,0.09070000052452087
73,116,0.1428000032901764
74,116,0.12280000001192093
75,116,0.12229999899864197
76,116,0.12349999696016312
77,116,0.13459999859333038
78,116,0.11389999836683273
79,116,0.10260000079870224
80,116,0.08659999817609787
81,116,0.05739999935030937
82,116,0.09149999916553497
83,116,0.10429999977350235
84,116,0.08479999750852585
85,116,0.08420000225305557
86,116,0.07829999923706055
87,116,0.03880000114440918
88,116,0.07859999686479568
89,116,0.08590000122785568
90,116,0.10559999942779541
91,116,0.2574000060558319
92,116,0.15399999916553497
93,116,0.17299999296665192
94,116,0.20569999516010284
95,116,0.1809999942779541
96,116,0.2329999953508377
97,116,0.26820001006126404
98,116,0.0957999974489212
99,116,0.11420000344514847
100,116,0.10159999877214432
1,117,0.28299999237060547
2,117,0.2680000066757202
3,117,0.2639999985694885
4,117,0.2770000100135803
5,117,0.2809999883174896
6,117,0.08500000089406967
7,117,0.06750000268220901
8,117,0.07150000333786011
9,117,0.11069999635219574
10,117,0.14640000462532043
11,117,0.11020000278949738
12,117,0.14800000190734863
13,117,0.11060000211000443
14,117,0.0934000015258789
15,117,0.093299999833107
16,117,0.06729999929666519
17,117,0.08739999681711197
18,117,0.08290000259876251
19,117,0.0828000009059906
20,117,0.07639999687671661
21,117,0.06800000369548798
22,117,0.06159999966621399
23,117,0.06319999694824219
24,117,0.08900000154972076
25,117,0.09549999982118607
26,117,0.06809999793767929
27,117,0.04800000041723251
28,117,0.06440000236034393
29,117,0.07090000063180923
30,117,0.09700000286102295
31,117,0.0746999979019165
32,117,0.0632999986410141
33,117,0.05719999969005585
34,117,0.07509999722242355
35,117,0.04919999837875366
36,117,0.06669999659061432
37,117,0.059700001031160355
38,117,0.08760000020265579
39,117,0.07540000230073929
40,117,0.08009999990463257
41,117,0.12210000306367874
42,117,0.17080000042915344
43,117,0.11240000277757645
44,117,0.16110000014305115
45,117,0.3009999990463257
46,117,0.28600001335144043
47,117,0.2669999897480011
48,117,0.28700000047683716
49,117,0.28999999165534973
50,117,0.2919999957084656
51,117,0.29499998688697815
52,117,0.1565999984741211
53,117,0.0414000004529953
54,117,0.03629999980330467
55,117,0.024000000208616257
56,117,0.017100000753998756
57,117,0.027000000700354576
58,117,0.030400000512599945
59,117,0.032999999821186066
60,117,0.03799999877810478
61,117,0.03819999843835831
62,117,0.027400000020861626
63,117,0.023399999365210533
64,117,0.030700000002980232
65,117,0.03370000049471855
66,117,0.048900000751018524
67,117,0.059700001031160355
68,117,0.06040000170469284
69,117,0.09179999679327011
70,117,0.1136000007390976
71,117,0.12150000035762787
72,117,0.10189999639987946
73,117,0.11890000104904175
74,117,0.08560000360012054
75,117,0.10140000283718109
76,117,0.1234000027179718
77,117,0.14300000667572021
78,117,0.149399995803833
79,117,0.1460999995470047
80,117,0.12839999794960022
81,117,0.08420000225305557
82,117,0.07119999825954437
83,117,0.05090000107884407
84,117,0.06880000233650208
85,117,0.05609999969601631
86,117,0.06859999895095825
87,117,0.05260000005364418
88,117,0.07919999957084656
89,117,0.11949999630451202
90,117,0.11659999936819077
91,117,0.08640000224113464
92,117,0.23999999463558197
93,117,0.26100000739097595
94,117,0.18799999356269836
95,117,0.23000000417232513
96,117,0.19099999964237213
97,117,0.26600000262260437
98,117,0.08150000125169754
99,117,0.0714000016450882
100,117,0.06800000369548798
1,118,0.2680000066757202
2,118,0.27300000190734863
3,118,0.23999999463558197
4,118,0.26499998569488525
5,118,0.2770000100135803
6,118,0.07129999995231628
7,118,0.054499998688697815
8,118,0.07000000029802322
9,118,0.0877000018954277
10,118,0.09260000288486481
11,118,0.11320000141859055
12,118,0.07620000094175339
13,118,0.06769999861717224
14,118,0.10499999672174454
15,118,0.07509999722242355
16,118,0.06669999659061432
17,118,0.05889999866485596
18,118,0.07800000160932541
19,118,0.0617000013589859
20,118,0.05559999868273735
21,118,0.06629999727010727
22,118,0.09260000288486481
23,118,0.0658000037074089
24,118,0.09740000218153
25,118,0.0729999989271164
26,118,0.07500000298023224
27,118,0.06759999692440033
28,118,0.053700000047683716
29,118,0.05400000140070915
30,118,0.07970000058412552
31,118,0.08889999985694885
32,118,0.04650000110268593
33,118,0.04179999977350235
34,118,0.07479999959468842
35,118,0.04600000008940697
36,118,0.04839999973773956
37,118,0.042899999767541885
38,118,0.0632999986410141
39,118,0.0763000026345253
40,118,0.07519999891519547
41,118,0.09679999947547913
42,118,0.13369999825954437
43,118,0.09000000357627869
44,118,0.3089999854564667
45,118,0.2809999883174896
46,118,0.27300000190734863
47,118,0.27300000190734863
48,118,0.27900001406669617
49,118,0.28700000047683716
50,118,0.28600001335144043
51,118,0.29100000858306885
52,118,0.2980000078678131
53,118,0.04690000042319298
54,118,0.04500000178813934
55,118,0.029500000178813934
56,118,0.01860000006854534
57,118,0.03610000014305115
58,118,0.0333000011742115
59,118,0.05460000038146973
60,118,0.04749999940395355
61,118,0.051100000739097595
62,118,0.042500000447034836
63,118,0.039500001817941666
64,118,0.053300000727176666
65,118,0.05139999836683273
66,118,0.06729999929666519
67,118,0.03970000147819519
68,118,0.06159999966621399
69,118,0.11050000041723251
70,118,0.10890000313520432
71,118,0.14970000088214874
72,118,0.09200000017881393
73,118,0.13379999995231628
74,118,0.07190000265836716
75,118,0.08659999817609787
76,118,0.12549999356269836
77,118,0.15139999985694885
78,118,0.11670000106096268
79,118,0.09290000051259995
80,118,0.04780000075697899
81,118,0.05249999836087227
82,118,0.07689999788999557
83,118,0.05510000139474869
84,118,0.07190000265836716
85,118,0.07930000126361847
86,118,0.12240000069141388
87,118,0.05620000138878822
88,118,0.0763000026345253
89,118,0.1451999992132187
90,118,0.1316000074148178
91,118,0.10090000182390213
92,118,0.09799999743700027
93,118,0.11190000176429749
94,118,0.18299999833106995
95,118,0.2362000048160553
96,118,0.2549999952316284
97,118,0.26100000739097595
98,118,0.16300000250339508
99,118,0.21559999883174896
100,118,0.26600000262260437
1,119,0.2759999930858612
2,119,0.2669999897480011
3,119,0.2809999883174896
4,119,0.2680000066757202
5,119,0.2750000059604645
6,119,0.09700000286102295
7,119,0.04560000076889992
8,119,0.0348999984562397
9,119,0.04569999873638153
10,119,0.05299999937415123
11,119,0.08889999985694885
12,119,0.05889999866485596
13,119,0.06400000303983688
14,119,0.058800000697374344
15,119,0.05460000038146973
16,119,0.06199999898672104
17,119,0.07540000230073929
18,119,0.08410000056028366
19,119,0.07150000333786011
20,119,0.07109999656677246
21,119,0.07329999655485153
22,119,0.13030000030994415
23,119,0.06509999930858612
24,119,0.09459999948740005
25,119,0.1160999983549118
26,119,0.09200000017881393
27,119,0.12129999697208405
28,119,0.09300000220537186
29,119,0.06350000202655792
30,119,0.08250000327825546
31,119,0.08479999750852585
32,119,0.04600000008940697
33,119,0.06300000101327896
34,119,0.09000000357627869
35,119,0.09459999948740005
36,119,0.07519999891519547
37,119,0.061000000685453415
38,119,0.0908999964594841
39,119,0.11129999905824661
40,119,0.13109999895095825
41,119,0.12370000034570694
42,119,0.0966000035405159
43,119,0.15929999947547913
44,119,0.3019999861717224
45,119,0.28600001335144043
46,119,0.28999999165534973
47,119,0.2879999876022339
48,119,0.28999999165534973
49,119,0.28999999165534973
50,119,0.3009999990463257
51,119,0.3070000112056732
52,119,0.10170000046491623
53,119,0.03709999844431877
54,119,0.045099999755620956
55,119,0.04149999842047691
56,119,0.035599999129772186
57,119,0.04610000178217888
58,119,0.051500000059604645
59,119,0.04540000110864639
60,119,0.053199999034404755
61,119,0.058400001376867294
62,119,0.05779999867081642
63,119,0.07410000264644623
64,119,0.06949999928474426
65,119,0.05079999938607216
66,119,0.042500000447034836
67,119,0.047600001096725464
68,119,0.037700001150369644
69,119,0.04520000144839287
70,119,0.09690000116825104
71,119,0.09520000219345093
72,119,0.07280000299215317
73,119,0.08969999849796295
74,119,0.08640000224113464
75,119,0.06459999829530716
76,119,0.07850000262260437
77,119,0.10890000313520432
78,119,0.07970000058412552
79,119,0.11129999905824661
80,119,0.06469999998807907
81,119,0.05939999967813492
82,119,0.04919999837875366
83,119,0.06400000303983688
84,119,0.051899999380111694
85,119,0.10559999942779541
86,119,0.13339999318122864
87,119,0.09059999883174896
88,119,0.09059999883174896
89,119,0.10890000313520432
90,119,0.13920000195503235
91,119,0.16349999606609344
92,119,0.11599999666213989
93,119,0.10260000079870224
94,119,0.07599999755620956
95,119,0.06449999660253525
96,119,0.2619999945163727
97,119,0.25099998712539673
98,119,0.15690000355243683
99,119,0.27300000190734863
100,119,0.25999999046325684
1,120,0.27300000190734863
2,120,0.21070000529289246
3,120,0.25999999046325684
4,120,0.2630000114440918
5,120,0.28299999237060547
6,120,0.2840000092983246
7,120,0.07100000232458115
8,120,0.08420000225305557
9,120,0.062199998646974564
10,120,0.06620000302791595
11,120,0.09300000220537186
12,120,0.051500000059604645
13,120,0.06379999965429306
14,120,0.08020000159740448
15,120,0.051899999380111694
16,120,0.09210000187158585
17,120,0.10580000281333923
18,120,0.08550000190734863
19,120,0.07660000026226044
20,120,0.08420000225305557
21,120,0.07829999923706055
22,120,0.09589999914169312
23,120,0.11729999631643295
24,120,0.10939999669790268
25,120,0.14640000462532043
26,120,0.10329999774694443
27,120,0.14579999446868896
28,120,0.11010000109672546
29,120,0.10350000113248825
30,120,0.07500000298023224
31,120,0.06379999965429306
32,120,0.07000000029802322
33,120,0.06459999829530716
34,120,0.07039999961853027
35,120,0.07959999889135361
36,120,0.07180000096559525
37,120,0.09769999980926514
38,120,0.12330000102519989
39,120,0.07339999824762344
40,120,0.06599999964237213
41,120,0.09300000220537186
42,120,0.11999999731779099
43,120,0.29100000858306885
44,120,0.3009999990463257
45,120,0.29899999499320984
46,120,0.29600000381469727
47,120,0.28600001335144043
48,120,0.2840000092983246
49,120,0.28700000047683716
50,120,0.30000001192092896
51,120,0.3050000071525574
52,120,0.0560000017285347
53,120,0.048500001430511475
54,120,0.03460000082850456
55,120,0.044599998742341995
56,120,0.030500000342726707
57,120,0.04820000007748604
58,120,0.06599999964237213
59,120,0.05270000174641609
60,120,0.05869999900460243
61,120,0.08839999884366989
62,120,0.08560000360012054
63,120,0.07410000264644623
64,120,0.032499998807907104
65,120,0.05849999934434891
66,120,0.0406000018119812
67,120,0.05770000070333481
68,120,0.03909999877214432
69,120,0.05400000140070915
70,120,0.05139999836683273
71,120,0.07500000298023224
72,120,0.05860000103712082
73,120,0.061900001019239426
74,120,0.0820000022649765
75,120,0.06620000302791595
76,120,0.05169999971985817
77,120,0.043800000101327896
78,120,0.05649999901652336
79,120,0.09210000187158585
80,120,0.05460000038146973
81,120,0.06390000134706497
82,120,0.0877000018954277
83,120,0.06340000033378601
84,120,0.07460000365972519
85,120,0.16140000522136688
86,120,0.11259999871253967
87,120,0.08489999920129776
88,120,0.10939999669790268
89,120,0.07699999958276749
90,120,0.08179999887943268
91,120,0.11980000138282776
92,120,0.14069999754428864
93,120,0.07329999655485153
94,120,0.09849999845027924
95,120,0.05510000139474869
96,120,0.125
97,120,0.26899999380111694
98,120,0.20600000023841858
99,120,0.2630000114440918
100,120,0.2709999978542328
1,121,0.2770000100135803
2,121,0.2709999978542328
3,121,0.2639999985694885
4,121,0.26600000262260437
5,121,0.2800000011920929
6,121,0.28299999237060547
7,121,0.07029999792575836
8,121,0.06560000032186508
9,121,0.05299999937415123
10,121,0.07410000264644623
11,121,0.06809999793767929
12,121,0.04100000113248825
13,121,0.09619999676942825
14,121,0.06379999965429306
15,121,0.07079999893903732
16,121,0.045099999755620956
17,121,0.05490000173449516
18,121,0.04800000041723251
19,121,0.08739999681711197
20,121,0.05380000174045563
21,121,0.06040000170469284
22,121,0.066600002348423
23,121,0.08940000087022781
24,121,0.14900000393390656
25,121,0.19499999284744263
26,121,0.20479999482631683
27,121,0.18080000579357147
28,121,0.16249999403953552
29,121,0.15719999372959137
30,121,0.09989999979734421
31,121,0.05999999865889549
32,121,0.04560000076889992
33,121,0.04179999977350235
34,121,0.05739999935030937
35,121,0.08449999988079071
36,121,0.08139999955892563
37,121,0.09809999912977219
38,121,0.1477999985218048
39,121,0.10140000283718109
40,121,0.03460000082850456
41,121,0.05920000001788139
42,121,0.13050000369548798
43,121,0.09809999912977219
44,121,0.30000001192092896
45,121,0.30000001192092896
46,121,0.29499998688697815
47,121,0.27300000190734863
48,121,0.27399998903274536
49,121,0.2919999957084656
50,121,0.30000001192092896
51,121,0.15029999613761902
52,121,0.03720000013709068
53,121,0.05209999904036522
54,121,0.05050000175833702
55,121,0.06970000267028809
56,121,0.048700001090765
57,121,0.0771000012755394
58,121,0.05770000070333481
59,121,0.08860000222921371
60,121,0.05429999902844429
61,121,0.07109999656677246
62,121,0.052799999713897705
63,121,0.045099999755620956
64,121,0.04910000041127205
65,121,0.03880000114440918
66,121,0.038600001484155655
67,121,0.02710000053048134
68,121,0.029999999329447746
69,121,0.04430000111460686
70,121,0.037300001829862595
71,121,0.04270000010728836
72,121,0.030400000512599945
73,121,0.04749999940395355
74,121,0.0697999969124794
75,121,0.06669999659061432
76,121,0.03929999843239784
77,121,0.035599999129772186
78,121,0.04170000180602074
79,121,0.03220000118017197
80,121,0.04729999974370003
81,121,0.05510000139474869
82,121,0.05999999865889549
83,121,0.0697999969124794
84,121,0.07249999791383743
85,121,0.1088000014424324
86,121,0.12970000505447388
87,121,0.08910000324249268
88,121,0.08789999783039093
89,121,0.07750000059604645
90,121,0.06030000001192093
91,121,0.11010000109672546
92,121,0.13459999859333038
93,121,0.10180000215768814
94,121,0.09260000288486481
95,121,0.11490000039339066
96,121,0.11710000038146973
97,121,0.12600000202655792
98,121,0.08900000154972076
99,121,0.09549999982118607
100,121,0.25099998712539673
1,122,0.2809999883174896
2,122,0.2669999897480011
3,122,0.2770000100135803
4,122,0.2809999883174896
5,122,0.2750000059604645
6,122,0.2800000011920929
7,122,0.2630000114440918
8,122,0.04919999837875366
9,122,0.0625
10,122,0.07739999890327454
11,122,0.08219999819993973
12,122,0.02810000069439411
13,122,0.046799998730421066
14,122,0.06780000030994415
15,122,0.1039000004529953
16,122,0.06449999660253525
17,122,0.06469999998807907
18,122,0.07360000163316727
19,122,0.047600001096725464
20,122,0.05660000070929527
21,122,0.10729999840259552
22,122,0.0828000009059906
23,122,0.0771000012755394
24,122,0.09440000355243683
25,122,0.11010000109672546
26,122,0.11869999766349792
27,122,0.10419999808073044
28,122,0.181099995970726
29,122,0.15189999341964722
30,122,0.07880000025033951
31,122,0.06430000066757202
32,122,0.06710000336170197
33,122,0.04830000177025795
34,122,0.08139999955892563
35,122,0.1062999963760376
36,122,0.07479999959468842
37,122,0.08889999985694885
38,122,0.08709999918937683
39,122,0.07689999788999557
40,122,0.06350000202655792
41,122,0.05209999904036522
42,122,0.15389999747276306
43,122,0.28999999165534973
44,122,0.296999990940094
45,122,0.3019999861717224
46,122,0.30399999022483826
47,122,0.28600001335144043
48,122,0.28299999237060547
49,122,0.29600000381469727
50,122,0.3070000112056732
51,122,0.04600000008940697
52,122,0.028999999165534973
53,122,0.03709999844431877
54,122,0.03880000114440918
55,122,0.05779999867081642
56,122,0.05480000004172325
57,122,0.0925000011920929
58,122,0.06669999659061432
59,122,0.0723000019788742
60,122,0.06790000200271606
61,122,0.10540000349283218
62,122,0.08330000191926956
63,122,0.05310000106692314
64,122,0.04800000041723251
65,122,0.04100000113248825
66,122,0.02979999966919422
67,122,0.051600001752376556
68,122,0.06679999828338623
69,122,0.051899999380111694
70,122,0.02280000038444996
71,122,0.025299999862909317
72,122,0.02410000003874302
73,122,0.0333000011742115
74,122,0.05959999933838844
75,122,0.030500000342726707
76,122,0.04529999941587448
77,122,0.042500000447034836
78,122,0.04569999873638153
79,122,0.03539999946951866
80,122,0.040800001472234726
81,122,0.05209999904036522
82,122,0.04580000042915344
83,122,0.07750000059604645
84,122,0.056699998676776886
85,122,0.08919999748468399
86,122,0.15399999916553497
87,122,0.10620000213384628
88,122,0.0706000030040741
89,122,0.11789999902248383
90,122,0.07090000063180923
91,122,0.08470000326633453
92,122,0.10260000079870224
93,122,0.07580000162124634
94,122,0.09440000355243683
95,122,0.09489999711513519
96,122,0.11490000039339066
97,122,0.09019999951124191
98,122,0.07639999687671661
99,122,0.06530000269412994
100,122,0.2329999953508377
1,123,0.28299999237060547
2,123,0.2720000147819519
3,123,0.2809999883174896
4,123,0.27799999713897705
5,123,0.2750000059604645
6,123,0.2720000147819519
7,123,0.26600000262260437
8,123,0.2680000066757202
9,123,0.04749999940395355
10,123,0.06469999998807907
11,123,0.0843999981880188
12,123,0.06350000202655792
13,123,0.05260000005364418
14,123,0.06780000030994415
15,123,0.08259999752044678
16,123,0.09040000289678574
17,123,0.06469999998807907
18,123,0.07670000195503235
19,123,0.0860000029206276
20,123,0.07159999758005142
21,123,0.10830000042915344
22,123,0.08290000259876251
23,123,0.08380000293254852
24,123,0.08259999752044678
25,123,0.10790000110864639
26,123,0.15559999644756317
27,123,0.09769999980926514
28,123,0.1193000003695488
29,123,0.1281999945640564
30,123,0.08910000324249268
31,123,0.06629999727010727
32,123,0.05609999969601631
33,123,0.05310000106692314
34,123,0.08229999989271164
35,123,0.09960000216960907
36,123,0.07270000129938126
37,123,0.05689999833703041
38,123,0.08540000021457672
39,123,0.08950000256299973
40,123,0.09210000187158585
41,123,0.09000000357627869
42,123,0.2919999957084656
43,123,0.29600000381469727
44,123,0.296999990940094
45,123,0.29600000381469727
46,123,0.2939999997615814
47,123,0.2939999997615814
48,123,0.28999999165534973
49,123,0.30000001192092896
50,123,0.1574999988079071
51,123,0.045499999076128006
52,123,0.032999999821186066
53,123,0.0617000013589859
54,123,0.04780000075697899
55,123,0.07129999995231628
56,123,0.04479999840259552
57,123,0.05180000141263008
58,123,0.07150000333786011
59,123,0.0625
60,123,0.07150000333786011
61,123,0.0737999975681305
62,123,0.06849999725818634
63,123,0.0868000015616417
64,123,0.07339999824762344
65,123,0.06870000064373016
66,123,0.06520000100135803
67,123,0.03269999846816063
68,123,0.05139999836683273
69,123,0.03929999843239784
70,123,0.017899999395012856
71,123,0.024900000542402267
72,123,0.02710000053048134
73,123,0.026100000366568565
74,123,0.04690000042319298
75,123,0.042899999767541885
76,123,0.03629999980330467
77,123,0.04360000044107437
78,123,0.058400001376867294
79,123,0.04360000044107437
80,123,0.054999999701976776
81,123,0.07289999723434448
82,123,0.05860000103712082
83,123,0.06480000168085098
84,123,0.08100000023841858
85,123,0.09189999848604202
86,123,0.07119999825954437
87,123,0.08240000158548355
88,123,0.08699999749660492
89,123,0.15119999647140503
90,123,0.14790000021457672
91,123,0.10270000249147415
92,123,0.10260000079870224
93,123,0.07769999653100967
94,123,0.045499999076128006
95,123,0.08889999985694885
96,123,0.07360000163316727
97,123,0.0568000003695488
98,123,0.09350000321865082
99,123,0.06710000336170197
100,123,0.16130000352859497
1,124,0.05889999866485596
2,124,0.07349999994039536
3,124,0.2840000092983246
4,124,0.2709999978542328
5,124,0.2680000066757202
6,124,0.26600000262260437
7,124,0.2621999979019165
8,124,0.27300000190734863
9,124,0.2809999883174896
10,124,0.05700000002980232
11,124,0.09600000083446503
12,124,0.06129999831318855
13,124,0.07199999690055847
14,124,0.03139999881386757
15,124,0.03889999911189079
16,124,0.0649000033736229
17,124,0.08479999750852585
18,124,0.10769999772310257
19,124,0.07639999687671661
20,124,0.07530000060796738
21,124,0.06930000334978104
22,124,0.052799999713897705
23,124,0.05490000173449516
24,124,0.07940000295639038
25,124,0.066600002348423
26,124,0.09610000252723694
27,124,0.05220000073313713
28,124,0.07530000060796738
29,124,0.05310000106692314
30,124,0.04540000110864639
31,124,0.06840000301599503
32,124,0.08370000123977661
33,124,0.07349999994039536
34,124,0.09520000219345093
35,124,0.13449999690055847
36,124,0.1680999994277954
37,124,0.13860000669956207
38,124,0.1054999977350235
39,124,0.09220000356435776
40,124,0.12129999697208405
41,124,0.02250000089406967
42,124,0.3009999990463257
43,124,0.30300000309944153
44,124,0.29899999499320984
45,124,0.2849999964237213
46,124,0.28999999165534973
47,124,0.28999999165534973
48,124,0.28999999165534973
49,124,0.30399999022483826
50,124,0.038600001484155655
51,124,0.050599999725818634
52,124,0.057999998331069946
53,124,0.0674000009894371
54,124,0.05050000175833702
55,124,0.02850000001490116
56,124,0.029899999499320984
57,124,0.0632999986410141
58,124,0.11710000038146973
59,124,0.05719999969005585
60,124,0.06509999930858612
61,124,0.08389999717473984
62,124,0.052799999713897705
63,124,0.04340000078082085
64,124,0.05139999836683273
65,124,0.04019999876618385
66,124,0.06620000302791595
67,124,0.07519999891519547
68,124,0.04729999974370003
69,124,0.03830000013113022
70,124,0.04019999876618385
71,124,0.03449999913573265
72,124,0.021900000050663948
73,124,0.02800000086426735
74,124,0.03779999911785126
75,124,0.04039999842643738
76,124,0.03449999913573265
77,124,0.04800000041723251
78,124,0.055799998342990875
79,124,0.04839999973773956
80,124,0.06109999865293503
81,124,0.07800000160932541
82,124,0.10909999907016754
83,124,0.11069999635219574
84,124,0.12549999356269836
85,124,0.18629999458789825
86,124,0.10409999638795853
87,124,0.09109999984502792
88,124,0.05119999870657921
89,124,0.08399999886751175
90,124,0.09749999642372131
91,124,0.10890000313520432
92,124,0.10429999977350235
93,124,0.1356000006198883
94,124,0.1216999962925911
95,124,0.09300000220537186
96,124,0.10989999771118164
97,124,0.08349999785423279
98,124,0.08250000327825546
99,124,0.06109999865293503
100,124,0.23999999463558197
1,125,0.06449999660253525
2,125,0.06120000034570694
3,125,0.28700000047683716
4,125,0.26899999380111694
5,125,0.27399998903274536
6,125,0.2669999897480011
7,125,0.26499998569488525
8,125,0.2669999897480011
9,125,0.2800000011920929
10,125,0.28999999165534973
11,125,0.08460000157356262
12,125,0.08810000121593475
13,125,0.06989999860525131
14,125,0.03709999844431877
15,125,0.04439999908208847
16,125,0.0885000005364418
17,125,0.12409999966621399
18,125,0.06909999996423721
19,125,0.06509999930858612
20,125,0.10320000350475311
21,125,0.06889999657869339
22,125,0.06199999898672104
23,125,0.05050000175833702
24,125,0.049300000071525574
25,125,0.04639999940991402
26,125,0.06790000200271606
27,125,0.07349999994039536
28,125,0.05209999904036522
29,125,0.08129999786615372
30,125,0.061400000005960464
31,125,0.09539999812841415
32,125,0.08380000293254852
33,125,0.11509999632835388
34,125,0.09910000115633011
35,125,0.10750000178813934
36,125,0.19030000269412994
37,125,0.1324000060558319
38,125,0.17030000686645508
39,125,0.11710000038146973
40,125,0.121799997985363
41,125,0.2939999997615814
42,125,0.29600000381469727
43,125,0.28999999165534973
44,125,0.29899999499320984
45,125,0.29499998688697815
46,125,0.29100000858306885
47,125,0.3009999990463257
48,125,0.28999999165534973
49,125,0.1656000018119812
50,125,0.06129999831318855
51,125,0.07249999791383743
52,125,0.0706000030040741
53,125,0.09809999912977219
54,125,0.061900001019239426
55,125,0.04650000110268593
56,125,0.04259999841451645
57,125,0.059300001710653305
58,125,0.09200000017881393
59,125,0.04839999973773956
60,125,0.055799998342990875
61,125,0.08389999717473984
62,125,0.05779999867081642
63,125,0.06560000032186508
64,125,0.05119999870657921
65,125,0.039400000125169754
66,125,0.04659999907016754
67,125,0.06790000200271606
68,125,0.0430000014603138
69,125,0.030799999833106995
70,125,0.029999999329447746
71,125,0.03970000147819519
72,125,0.031599998474121094
73,125,0.03669999912381172
74,125,0.029100000858306885
75,125,0.03530000150203705
76,125,0.03550000116229057
77,125,0.03779999911785126
78,125,0.054099999368190765
79,125,0.050700001418590546
80,125,0.06509999930858612
81,125,0.05790000036358833
82,125,0.1145000010728836
83,125,0.14090000092983246
84,125,0.11389999836683273
85,125,0.10999999940395355
86,125,0.07959999889135361
87,125,0.07660000026226044
88,125,0.0406000018119812
89,125,0.07750000059604645
90,125,0.10559999942779541
91,125,0.0835999995470047
92,125,0.0982000008225441
93,125,0.10159999877214432
94,125,0.09459999948740005
95,125,0.05139999836683273
96,125,0.0812000036239624
97,125,0.0722000002861023
98,125,0.13199999928474426
99,125,0.07079999893903732
100,125,0.2720000147819519
1,126,0.07150000333786011
2,126,0.0714000016450882
3,126,0.05559999868273735
4,126,0.27799999713897705
5,126,0.2809999883174896
6,126,0.28299999237060547
7,126,0.2709999978542328
8,126,0.2529999911785126
9,126,0.27399998903274536
10,126,0.3009999990463257
11,126,0.07509999722242355
12,126,0.0632999986410141
13,126,0.08839999884366989
14,126,0.08399999886751175
15,126,0.06589999794960022
16,126,0.11069999635219574
17,126,0.07819999754428864
18,126,0.08640000224113464
19,126,0.07989999651908875
20,126,0.10909999907016754
21,126,0.06560000032186508
22,126,0.07079999893903732
23,126,0.06539999693632126
24,126,0.026799999177455902
25,126,0.053599998354911804
26,126,0.058400001376867294
27,126,0.09070000052452087
28,126,0.04839999973773956
29,126,0.0803999975323677
30,126,0.0778999999165535
31,126,0.12710000574588776
32,126,0.1785999983549118
33,126,0.12280000001192093
34,126,0.1274999976158142
35,126,0.14399999380111694
36,126,0.1671999990940094
37,126,0.11710000038146973
38,126,0.11320000141859055
39,126,0.13019999861717224
40,126,0.10170000046491623
41,126,0.28859999775886536
42,126,0.28700000047683716
43,126,0.2800000011920929
44,126,0.2980000078678131
45,126,0.2980000078678131
46,126,0.29600000381469727
47,126,0.29600000381469727
48,126,0.2800000011920929
49,126,0.13500000536441803
50,126,0.06589999794960022
51,126,0.08129999786615372
52,126,0.050700001418590546
53,126,0.05620000138878822
54,126,0.04839999973773956
55,126,0.04309999942779541
56,126,0.05260000005364418
57,126,0.045499999076128006
58,126,0.05290000140666962
59,126,0.042500000447034836
60,126,0.037300001829862595
61,126,0.06379999965429306
62,126,0.08250000327825546
63,126,0.07750000059604645
64,126,0.06859999895095825
65,126,0.04179999977350235
66,126,0.03240000084042549
67,126,0.04800000041723251
68,126,0.03220000118017197
69,126,0.04500000178813934
70,126,0.04500000178813934
71,126,0.03750000149011612
72,126,0.05570000037550926
73,126,0.06780000030994415
74,126,0.042899999767541885
75,126,0.02889999933540821
76,126,0.04699999839067459
77,126,0.05009999871253967
78,126,0.06589999794960022
79,126,0.06109999865293503
80,126,0.08290000259876251
81,126,0.08810000121593475
82,126,0.09740000218153
83,126,0.10890000313520432
84,126,0.13760000467300415
85,126,0.12139999866485596
86,126,0.08320000022649765
87,126,0.0608999989926815
88,126,0.09619999676942825
89,126,0.11620000004768372
90,126,0.09200000017881393
91,126,0.0575999990105629
92,126,0.0722000002861023
93,126,0.08969999849796295
94,126,0.06930000334978104
95,126,0.09849999845027924
96,126,0.11389999836683273
97,126,0.09260000288486481
98,126,0.2709999978542328
99,126,0.2770000100135803
100,126,0.2329999953508377
1,127,0.08269999921321869
2,127,0.07930000126361847
3,127,0.06589999794960022
4,127,0.08749999850988388
5,127,0.2759999930858612
6,127,0.2770000100135803
7,127,0.26600000262260437
8,127,0.2669999897480011
9,127,0.27300000190734863
10,127,0.2709999978542328
11,127,0.27900001406669617
12,127,0.07479999959468842
13,127,0.11509999632835388
14,127,0.1096000000834465
15,127,0.09269999712705612
16,127,0.11060000211000443
17,127,0.0658000037074089
18,127,0.0812000036239624
19,127,0.09399999678134918
20,127,0.11710000038146973
21,127,0.09730000048875809
22,127,0.0674000009894371
23,127,0.0843999981880188
24,127,0.0617000013589859
25,127,0.05139999836683273
26,127,0.08799999952316284
27,127,0.08020000159740448
28,127,0.10279999673366547
29,127,0.10019999742507935
30,127,0.09679999947547913
31,127,0.10769999772310257
32,127,0.17299999296665192
33,127,0.1120000034570694
34,127,0.18310000002384186
35,127,0.12300000339746475
36,127,0.12729999423027039
37,127,0.1678999960422516
38,127,0.1289999932050705
39,127,0.17030000686645508
40,127,0.29600000381469727
41,127,0.28299999237060547
42,127,0.3050999939441681
43,127,0.28999999165534973
44,127,0.2770000100135803
45,127,0.2919999957084656
46,127,0.2800000011920929
47,127,0.30799999833106995
48,127,0.28999999165534973
49,127,0.025800000876188278
50,127,0.04050000011920929
51,127,0.06880000233650208
52,127,0.057999998331069946
53,127,0.0608999989926815
54,127,0.051100000739097595
55,127,0.06800000369548798
56,127,0.048500001430511475
57,127,0.03819999843835831
58,127,0.04050000011920929
59,127,0.0471000000834465
60,127,0.038600001484155655
61,127,0.04340000078082085
62,127,0.05209999904036522
63,127,0.09799999743700027
64,127,0.07479999959468842
65,127,0.04879999905824661
66,127,0.04839999973773956
67,127,0.04439999908208847
68,127,0.06129999831318855
69,127,0.04639999940991402
70,127,0.05939999967813492
71,127,0.08950000256299973
72,127,0.10999999940395355
73,127,0.05169999971985817
74,127,0.05220000073313713
75,127,0.06560000032186508
76,127,0.05290000140666962
77,127,0.05620000138878822
78,127,0.05570000037550926
79,127,0.09589999914169312
80,127,0.1216999962925911
81,127,0.1264999955892563
82,127,0.1046999990940094
83,127,0.12290000170469284
84,127,0.09239999949932098
85,127,0.10700000077486038
86,127,0.052400000393390656
87,127,0.05559999868273735
88,127,0.08709999918937683
89,127,0.0786999985575676
90,127,0.11649999767541885
91,127,0.08219999819993973
92,127,0.14010000228881836
93,127,0.18000000715255737
94,127,0.12639999389648438
95,127,0.15219999849796295
96,127,0.10459999740123749
97,127,0.08749999850988388
98,127,0.2619999945163727
99,127,0.2669999897480011
100,127,0.2639999985694885
1,128,0.04179999977350235
2,128,0.04569999873638153
3,128,0.04129999876022339
4,128,0.08579999953508377
5,128,0.1152999997138977
6,128,0.27000001072883606
7,128,0.2680000066757202
8,128,0.2849999964237213
9,128,0.2709999978542328
10,128,0.2849999964237213
11,128,0.29100000858306885
12,128,0.2831999957561493
13,128,0.10480000078678131
14,128,0.10279999673366547
15,128,0.09669999778270721
16,128,0.07159999758005142
17,128,0.08089999854564667
18,128,0.07729999721050262
19,128,0.1264999955892563
20,128,0.1145000010728836
21,128,0.07959999889135361
22,128,0.10339999943971634
23,128,0.06260000169277191
24,128,0.08299999684095383
25,128,0.07400000095367432
26,128,0.08389999717473984
27,128,0.07620000094175339
28,128,0.14990000426769257
29,128,0.14869999885559082
30,128,0.13779999315738678
31,128,0.09030000120401382
32,128,0.09440000355243683
33,128,0.14790000021457672
34,128,0.09759999811649323
35,128,0.10570000112056732
36,128,0.10719999670982361
37,128,0.1306000053882599
38,128,0.11289999634027481
39,128,0.13590000569820404
40,128,0.2930000126361847
41,128,0.29100000858306885
42,128,0.29499998688697815
43,128,0.28700000047683716
44,128,0.27799999713897705
45,128,0.2919999957084656
46,128,0.27799999713897705
47,128,0.29600000381469727
48,128,0.1404000073671341
49,128,0.03480000048875809
50,128,0.043699998408555984
51,128,0.07500000298023224
52,128,0.0632999986410141
53,128,0.05820000171661377
54,128,0.04470000043511391
55,128,0.05260000005364418
56,128,0.044599998742341995
57,128,0.04360000044107437
58,128,0.04280000180006027
59,128,0.0471000000834465
60,128,0.030799999833106995
61,128,0.03970000147819519
62,128,0.04839999973773956
63,128,0.04600000008940697
64,128,0.037700001150369644
65,128,0.09600000083446503
66,128,0.051600001752376556
67,128,0.028599999845027924
68,128,0.038100000470876694
69,128,0.03849999979138374
70,128,0.038600001484155655
71,128,0.05920000001788139
72,128,0.05820000171661377
73,128,0.05380000174045563
74,128,0.05009999871253967
75,128,0.059700001031160355
76,128,0.05909999832510948
77,128,0.04149999842047691
78,128,0.03400000184774399
79,128,0.09799999743700027
80,128,0.10540000349283218
81,128,0.11209999769926071
82,128,0.10350000113248825
83,128,0.10450000315904617
84,128,0.07100000232458115
85,128,0.08340000361204147
86,128,0.07419999688863754
87,128,0.09359999746084213
88,128,0.07729999721050262
89,128,0.058800000697374344
90,128,0.06480000168085098
91,128,0.07660000026226044
92,128,0.11060000211000443
93,128,0.13050000369548798
94,128,0.125900000333786
95,128,0.16359999775886536
96,128,0.12290000170469284
97,128,0.2619999945163727
98,128,0.2619999945163727
99,128,0.26600000262260437
100,128,0.27399998903274536
1,129,0.03799999877810478
2,129,0.05979999899864197
3,129,0.04580000042915344
4,129,0.10559999942779541
5,129,0.13600000739097595
6,129,0.2680000066757202
7,129,0.2619999945163727
8,129,0.2809999883174896
9,129,0.28299999237060547
10,129,0.27900001406669617
11,129,0.29100000858306885
12,129,0.28299999237060547
13,129,0.28299999237060547
14,129,0.12349999696016312
15,129,0.10729999840259552
16,129,0.09769999980926514
17,129,0.1006999984383583
18,129,0.10610000044107437
19,129,0.08089999854564667
20,129,0.12489999830722809
21,129,0.0812000036239624
22,129,0.05999999865889549
23,129,0.10660000145435333
24,129,0.06710000336170197
25,129,0.05620000138878822
26,129,0.06629999727010727
27,129,0.1046999990940094
28,129,0.09480000287294388
29,129,0.09830000251531601
30,129,0.10249999910593033
31,129,0.09570000320672989
32,129,0.12880000472068787
33,129,0.10589999705553055
34,129,0.1550000011920929
35,129,0.07360000163316727
36,129,0.09040000289678574
37,129,0.07840000092983246
38,129,0.11490000039339066
39,129,0.149399995803833
40,129,0.28999999165534973
41,129,0.28299999237060547
42,129,0.29899999499320984
43,129,0.2800000011920929
44,129,0.28700000047683716
45,129,0.27300000190734863
46,129,0.28999999165534973
47,129,0.30000001192092896
48,129,0.05460000038146973
49,129,0.052799999713897705
50,129,0.05249999836087227
51,129,0.05380000174045563
52,129,0.07559999823570251
53,129,0.05310000106692314
54,129,0.038600001484155655
55,129,0.05040000006556511
56,129,0.03889999911189079
57,129,0.029200000688433647
58,129,0.031599998474121094
59,129,0.05779999867081642
60,129,0.02969999983906746
61,129,0.026799999177455902
62,129,0.040699999779462814
63,129,0.04349999874830246
64,129,0.05180000141263008
65,129,0.06109999865293503
66,129,0.0430000014603138
67,129,0.031599998474121094
68,129,0.02630000002682209
69,129,0.048500001430511475
70,129,0.03920000046491623
71,129,0.054099999368190765
72,129,0.08479999750852585
73,129,0.06360000371932983
74,129,0.04430000111460686
75,129,0.06769999861717224
76,129,0.08290000259876251
77,129,0.040800001472234726
78,129,0.06689999997615814
79,129,0.06129999831318855
80,129,0.09600000083446503
81,129,0.1264999955892563
82,129,0.13199999928474426
83,129,0.15780000388622284
84,129,0.17069999873638153
85,129,0.09520000219345093
86,129,0.10409999638795853
87,129,0.10989999771118164
88,129,0.09679999947547913
89,129,0.10849999636411667
90,129,0.1128000020980835
91,129,0.11270000040531158
92,129,0.11829999834299088
93,129,0.11249999701976776
94,129,0.08760000020265579
95,129,0.29100000858306885
96,129,0.27399998903274536
97,129,0.2750000059604645
98,129,0.2694999873638153
99,129,0.2750000059604645
100,129,0.2639999985694885
1,130,0.02329999953508377
2,130,0.04500000178813934
3,130,0.06849999725818634
4,130,0.11029999703168869
5,130,0.1265999972820282
6,130,0.15719999372959137
7,130,0.10890000313520432
8,130,0.28600001335144043
9,130,0.27799999713897705
10,130,0.27900001406669617
11,130,0.28299999237060547
12,130,0.28700000047683716
13,130,0.2720000147819519
14,130,0.28200000524520874
15,130,0.11389999836683273
16,130,0.09880000352859497
17,130,0.11320000141859055
18,130,0.08889999985694885
19,130,0.08070000261068344
20,130,0.07599999755620956
21,130,0.0617000013589859
22,130,0.07339999824762344
23,130,0.08749999850988388
24,130,0.049800001084804535
25,130,0.06639999896287918
26,130,0.10080000013113022
27,130,0.12880000472068787
28,130,0.08780000358819962
29,130,0.11550000309944153
30,130,0.12849999964237213
31,130,0.14329999685287476
32,130,0.093299999833107
33,130,0.08009999990463257
34,130,0.0982000008225441
35,130,0.11550000309944153
36,130,0.09839999675750732
37,130,0.1080000028014183
38,130,0.10599999874830246
39,130,0.11339999735355377
40,130,0.30000001192092896
41,130,0.29100000858306885
42,130,0.289000004529953
43,130,0.2809999883174896
44,130,0.2919999957084656
45,130,0.2619999945163727
46,130,0.2800000011920929
47,130,0.2939999997615814
48,130,0.07410000264644623
49,130,0.04879999905824661
50,130,0.06769999861717224
51,130,0.05209999904036522
52,130,0.09300000220537186
53,130,0.04839999973773956
54,130,0.05339999869465828
55,130,0.02800000086426735
56,130,0.0414000004529953
57,130,0.03400000184774399
58,130,0.03370000049471855
59,130,0.03420000150799751
60,130,0.03420000150799751
61,130,0.03909999877214432
62,130,0.04320000112056732
63,130,0.06279999762773514
64,130,0.07050000131130219
65,130,0.03620000183582306
66,130,0.02930000051856041
67,130,0.029500000178813934
68,130,0.03970000147819519
69,130,0.04670000076293945
70,130,0.03709999844431877
71,130,0.04230000078678131
72,130,0.05860000103712082
73,130,0.0754999965429306
74,130,0.0786999985575676
75,130,0.08179999887943268
76,130,0.07720000296831131
77,130,0.08380000293254852
78,130,0.07090000063180923
79,130,0.08829999715089798
80,130,0.13729999959468842
81,130,0.15940000116825104
82,130,0.17560000717639923
83,130,0.20649999380111694
84,130,0.21610000729560852
85,130,0.15479999780654907
86,130,0.1444000005722046
87,130,0.10869999974966049
88,130,0.11580000072717667
89,130,0.11060000211000443
90,130,0.11829999834299088
91,130,0.17020000517368317
92,130,0.17249999940395355
93,130,0.27000001072883606
94,130,0.28299999237060547
95,130,0.29100000858306885
96,130,0.28299999237060547
97,130,0.2750000059604645
98,130,0.2720000147819519
99,130,0.2750000059604645
100,130,0.1039000004529953
