4.060000181198120117e-02,2.950000017881393433e-02,4.340000078082084656e-02,5.480000004172325134e-02,5.640000104904174805e-02,9.200000017881393433e-02,5.930000171065330505e-02,6.459999829530715942e-02,6.369999796152114868e-02,7.140000164508819580e-02,6.109999865293502808e-02,4.899999871850013733e-02,4.619999974966049194e-02,5.299999937415122986e-02,7.479999959468841553e-02,5.240000039339065552e-02,4.190000146627426147e-02,5.900000035762786865e-02,5.350000038743019104e-02,4.549999907612800598e-02,6.939999759197235107e-02,6.750000268220901489e-02,1.008000001311302185e-01,3.240000009536743164e-01,3.269999921321868896e-01,3.249999880790710449e-01,3.359999954700469971e-01,3.339999914169311523e-01,3.269999921321868896e-01,3.210000097751617432e-01,3.210000097751617432e-01,1.421999931335449219e-01,4.690000042319297791e-02,4.410000145435333252e-02,4.190000146627426147e-02,3.050000071525573730e-01,3.079999983310699463e-01,2.949999868869781494e-01,2.903000116348266602e-01,2.899999916553497314e-01,2.989999949932098389e-01,8.020000159740447998e-02,7.829999923706054688e-02,7.530000060796737671e-02,5.380000174045562744e-02,4.459999874234199524e-02,4.529999941587448120e-02,2.590000070631504059e-02,4.679999873042106628e-02,5.510000139474868774e-02,5.110000073909759521e-02,4.509999975562095642e-02,3.070000000298023224e-02,4.679999873042106628e-02,3.400000184774398804e-02,3.999999910593032837e-02,3.739999979734420776e-02,3.750000149011611938e-02,3.759999945759773254e-02,6.800000369548797607e-02,6.790000200271606445e-02,5.640000104904174805e-02,7.680000364780426025e-02,7.819999754428863525e-02,6.329999864101409912e-02,8.209999650716781616e-02,1.154000014066696167e-01,1.216999962925910950e-01,7.930000126361846924e-02,6.939999759197235107e-02,8.330000191926956177e-02,1.120999976992607117e-01,1.229000017046928406e-01,1.528999954462051392e-01,1.194999963045120239e-01,1.949999928474426270e-01,1.167000010609626770e-01,1.342000067234039307e-01,1.351999938488006592e-01,7.450000196695327759e-02,8.219999819993972778e-02,4.980000108480453491e-02,4.859999939799308777e-02,5.310000106692314148e-02,7.060000300407409668e-02,4.910000041127204895e-02,7.980000227689743042e-02,6.159999966621398926e-02,4.410000145435333252e-02,2.690000087022781372e-02,4.039999842643737793e-02,4.509999975562095642e-02,6.679999828338623047e-02,2.400000020861625671e-02,3.539999946951866150e-02,3.489999845623970032e-02,3.550000116229057312e-02,2.879999950528144836e-02,4.050000011920928955e-02,4.050000011920928955e-02
5.059999972581863403e-02,3.849999979138374329e-02,3.469999879598617554e-02,5.719999969005584717e-02,4.309999942779541016e-02,8.209999650716781616e-02,6.780000030994415283e-02,7.069999724626541138e-02,7.750000059604644775e-02,1.057000011205673218e-01,9.539999812841415405e-02,5.539999902248382568e-02,6.549999862909317017e-02,7.440000027418136597e-02,8.129999786615371704e-02,5.359999835491180420e-02,5.090000107884407043e-02,8.280000090599060059e-02,8.739999681711196899e-02,5.169999971985816956e-02,7.050000131130218506e-02,9.539999812841415405e-02,3.109999895095825195e-01,3.269999921321868896e-01,3.280000090599060059e-01,3.140000104904174805e-01,3.330000042915344238e-01,3.310000002384185791e-01,3.231000006198883057e-01,3.160000145435333252e-01,3.210000097751617432e-01,1.746000051498413086e-01,7.829999923706054688e-02,6.589999794960021973e-02,3.219999969005584717e-01,3.070000112056732178e-01,3.070000112056732178e-01,3.059999942779541016e-01,2.860000133514404297e-01,2.860000133514404297e-01,4.879999905824661255e-02,6.710000336170196533e-02,8.309999853372573853e-02,7.750000059604644775e-02,6.379999965429306030e-02,4.259999841451644897e-02,4.529999941587448120e-02,6.060000136494636536e-02,4.439999908208847046e-02,5.779999867081642151e-02,7.100000232458114624e-02,5.359999835491180420e-02,4.140000045299530029e-02,3.590000048279762268e-02,4.329999908804893494e-02,3.280000016093254089e-02,3.200000151991844177e-02,3.950000181794166565e-02,3.269999846816062927e-02,4.509999975562095642e-02,3.959999978542327881e-02,3.990000113844871521e-02,4.490000009536743164e-02,4.610000178217887878e-02,7.050000131130218506e-02,8.410000056028366089e-02,1.013000011444091797e-01,1.325999945402145386e-01,1.125999987125396729e-01,1.143999993801116943e-01,9.319999814033508301e-02,9.510000050067901611e-02,1.705999970436096191e-01,1.480000019073486328e-01,1.844999939203262329e-01,1.631000041961669922e-01,2.044000029563903809e-01,2.168000042438507080e-01,1.535000056028366089e-01,8.200000226497650146e-02,8.389999717473983765e-02,5.900000035762786865e-02,3.860000148415565491e-02,6.840000301599502563e-02,7.599999755620956421e-02,4.949999973177909851e-02,6.390000134706497192e-02,6.190000101923942566e-02,4.160000011324882507e-02,3.559999912977218628e-02,3.299999982118606567e-02,4.459999874234199524e-02,2.979999966919422150e-02,3.750000149011611938e-02,6.629999727010726929e-02,3.810000047087669373e-02,5.240000039339065552e-02,5.079999938607215881e-02,5.660000070929527283e-02,6.150000169873237610e-02
3.999999910593032837e-02,5.380000174045562744e-02,3.170000016689300537e-02,4.340000078082084656e-02,4.910000041127204895e-02,8.280000090599060059e-02,4.769999906420707703e-02,4.580000042915344238e-02,6.250000000000000000e-02,6.669999659061431885e-02,8.640000224113464355e-02,7.119999825954437256e-02,7.789999991655349731e-02,6.790000200271606445e-02,6.740000098943710327e-02,5.150000005960464478e-02,9.579999744892120361e-02,1.057000011205673218e-01,9.889999777078628540e-02,8.160000294446945190e-02,9.040000289678573608e-02,1.529999971389770508e-01,1.278000026941299438e-01,3.179999887943267822e-01,3.280000090599060059e-01,3.219999969005584717e-01,3.240000009536743164e-01,3.249999880790710449e-01,3.100000023841857910e-01,3.109999895095825195e-01,3.050000071525573730e-01,1.529999971389770508e-01,5.079999938607215881e-02,3.089999854564666748e-01,3.269999921321868896e-01,3.190000057220458984e-01,3.129999935626983643e-01,3.019999861717224121e-01,2.969999909400939941e-01,1.017000004649162292e-01,4.639999940991401672e-02,8.439999818801879883e-02,1.040000021457672119e-01,8.600000292062759399e-02,5.370000004768371582e-02,3.359999880194664001e-02,2.999999932944774628e-02,4.670000076293945312e-02,2.639999985694885254e-02,3.109999932348728180e-02,5.420000106096267700e-02,5.090000107884407043e-02,5.000000074505805969e-02,3.240000084042549133e-02,4.500000178813934326e-02,4.060000181198120117e-02,4.309999942779541016e-02,3.990000113844871521e-02,4.630000144243240356e-02,3.669999912381172180e-02,3.959999978542327881e-02,5.220000073313713074e-02,3.920000046491622925e-02,3.700000047683715820e-02,5.649999901652336121e-02,4.619999974966049194e-02,4.500000178813934326e-02,9.269999712705612183e-02,1.120999976992607117e-01,1.119000017642974854e-01,1.221000030636787415e-01,1.392000019550323486e-01,2.008000016212463379e-01,1.934999972581863403e-01,2.072000056505203247e-01,1.682000011205673218e-01,2.169000059366226196e-01,1.509999930858612061e-01,9.700000286102294922e-02,6.580000370740890503e-02,5.609999969601631165e-02,4.780000075697898865e-02,4.630000144243240356e-02,7.660000026226043701e-02,7.469999790191650391e-02,5.000000074505805969e-02,5.510000139474868774e-02,4.289999976754188538e-02,3.269999846816062927e-02,3.970000147819519043e-02,3.979999944567680359e-02,3.109999932348728180e-02,2.490000054240226746e-02,2.999999932944774628e-02,7.339999824762344360e-02,5.799999833106994629e-02,4.500000178813934326e-02,8.100000023841857910e-02,8.579999953508377075e-02,6.350000202655792236e-02
2.820000052452087402e-02,2.940000034868717194e-02,5.000000074505805969e-02,4.919999837875366211e-02,6.289999932050704956e-02,4.580000042915344238e-02,4.419999942183494568e-02,2.930000051856040955e-02,4.679999873042106628e-02,5.070000141859054565e-02,7.060000300407409668e-02,1.149000003933906555e-01,9.120000153779983521e-02,1.335999965667724609e-01,1.085999980568885803e-01,8.590000122785568237e-02,1.354999989271163940e-01,1.260000020265579224e-01,9.989999979734420776e-02,9.220000356435775757e-02,5.950000137090682983e-02,9.189999848604202271e-02,1.565999984741210938e-01,3.149999976158142090e-01,3.231999874114990234e-01,3.120000064373016357e-01,3.120000064373016357e-01,3.170000016689300537e-01,3.089999854564666748e-01,3.235999941825866699e-01,3.269999921321868896e-01,1.737000048160552979e-01,3.000000119209289551e-01,3.039999902248382568e-01,3.160000145435333252e-01,3.170000016689300537e-01,3.210000097751617432e-01,3.009999990463256836e-01,8.370000123977661133e-02,4.390000179409980774e-02,5.849999934434890747e-02,5.640000104904174805e-02,9.539999812841415405e-02,9.579999744892120361e-02,5.719999969005584717e-02,4.879999905824661255e-02,3.159999847412109375e-02,3.720000013709068298e-02,2.250000089406967163e-02,2.889999933540821075e-02,3.269999846816062927e-02,5.249999836087226868e-02,6.419999897480010986e-02,4.919999837875366211e-02,4.940000176429748535e-02,6.019999831914901733e-02,3.770000115036964417e-02,4.820000007748603821e-02,3.599999845027923584e-02,2.400000020861625671e-02,2.910000085830688477e-02,3.390000015497207642e-02,3.240000084042549133e-02,2.209999971091747284e-02,3.220000118017196655e-02,3.819999843835830688e-02,2.710000053048133850e-02,6.610000133514404297e-02,9.969999641180038452e-02,1.169999986886978149e-01,1.527999937534332275e-01,2.152000069618225098e-01,2.073999941349029541e-01,1.934999972581863403e-01,1.708000004291534424e-01,1.570000052452087402e-01,1.762000024318695068e-01,1.045000031590461731e-01,8.009999990463256836e-02,6.190000101923942566e-02,4.670000076293945312e-02,5.880000069737434387e-02,4.870000109076499939e-02,4.140000045299530029e-02,5.759999901056289673e-02,5.020000040531158447e-02,4.610000178217887878e-02,4.780000075697898865e-02,5.810000002384185791e-02,4.179999977350234985e-02,5.209999904036521912e-02,2.769999951124191284e-02,2.250000089406967163e-02,3.040000051259994507e-02,5.310000106692314148e-02,3.550000116229057312e-02,5.449999868869781494e-02,7.549999654293060303e-02,7.639999687671661377e-02,8.630000054836273193e-02
3.889999911189079285e-02,3.539999946951866150e-02,3.959999978542327881e-02,3.359999880194664001e-02,7.020000368356704712e-02,3.649999946355819702e-02,4.369999840855598450e-02,3.489999845623970032e-02,3.260000050067901611e-02,4.369999840855598450e-02,1.018000021576881409e-01,9.470000118017196655e-02,8.519999682903289795e-02,1.665000021457672119e-01,1.020999997854232788e-01,7.729999721050262451e-02,9.239999949932098389e-02,1.020999997854232788e-01,9.309999644756317139e-02,1.336999982595443726e-01,7.850000262260437012e-02,9.539999812841415405e-02,1.356000006198883057e-01,3.140000104904174805e-01,3.160000145435333252e-01,3.129999935626983643e-01,3.097000122070312500e-01,3.059999942779541016e-01,3.149999976158142090e-01,3.129999935626983643e-01,3.089999854564666748e-01,3.030000030994415283e-01,3.009999990463256836e-01,3.000000119209289551e-01,3.100000023841857910e-01,3.280000090599060059e-01,3.190000057220458984e-01,1.106999963521957397e-01,3.840000182390213013e-02,4.080000147223472595e-02,5.559999868273735046e-02,6.040000170469284058e-02,6.190000101923942566e-02,7.109999656677246094e-02,4.650000110268592834e-02,4.879999905824661255e-02,3.150000050663948059e-02,3.130000084638595581e-02,1.999999955296516418e-02,2.740000002086162567e-02,3.390000015497207642e-02,6.239999830722808838e-02,6.030000001192092896e-02,7.500000298023223877e-02,7.020000368356704712e-02,4.800000041723251343e-02,6.159999966621398926e-02,2.950000017881393433e-02,3.280000016093254089e-02,3.489999845623970032e-02,3.339999914169311523e-02,2.319999970495700836e-02,2.889999933540821075e-02,2.820000052452087402e-02,4.309999942779541016e-02,3.330000117421150208e-02,5.050000175833702087e-02,6.979999691247940063e-02,8.420000225305557251e-02,1.279000043869018555e-01,1.208000034093856812e-01,1.378999948501586914e-01,2.134999930858612061e-01,1.793999969959259033e-01,1.869000047445297241e-01,1.563999950885772705e-01,1.289999932050704956e-01,1.063999980688095093e-01,5.979999899864196777e-02,6.440000236034393311e-02,4.179999977350234985e-02,4.259999841451644897e-02,5.220000073313713074e-02,4.820000007748603821e-02,4.230000078678131104e-02,4.479999840259552002e-02,5.959999933838844299e-02,5.139999836683273315e-02,4.270000010728836060e-02,6.800000369548797607e-02,4.270000010728836060e-02,4.699999839067459106e-02,3.900000080466270447e-02,6.279999762773513794e-02,8.190000057220458984e-02,7.129999995231628418e-02,7.190000265836715698e-02,1.159000024199485779e-01,1.263000071048736572e-01,1.368000060319900513e-01
3.489999845623970032e-02,3.579999879002571106e-02,5.310000106692314148e-02,4.270000010728836060e-02,3.590000048279762268e-02,2.490000054240226746e-02,3.759999945759773254e-02,3.220000118017196655e-02,2.290000021457672119e-02,3.840000182390213013e-02,7.069999724626541138e-02,6.549999862909317017e-02,4.710000008344650269e-02,1.062999963760375977e-01,1.098999977111816406e-01,1.147999987006187439e-01,9.480000287294387817e-02,7.400000095367431641e-02,8.640000224113464355e-02,8.910000324249267578e-02,7.159999758005142212e-02,8.739999681711196899e-02,1.339000016450881958e-01,3.070000112056732178e-01,3.230000138282775879e-01,3.079999983310699463e-01,3.140000104904174805e-01,3.100000023841857910e-01,3.149999976158142090e-01,3.050000071525573730e-01,3.089999854564666748e-01,3.100000023841857910e-01,1.719000041484832764e-01,3.009999990463256836e-01,3.070000112056732178e-01,3.140000104904174805e-01,3.129999935626983643e-01,2.989999949932098389e-02,2.810000069439411163e-02,3.570000082254409790e-02,5.530000105500221252e-02,6.490000337362289429e-02,7.129999995231628418e-02,6.390000134706497192e-02,5.939999967813491821e-02,5.020000040531158447e-02,3.500000014901161194e-02,3.319999948143959045e-02,4.450000077486038208e-02,3.550000116229057312e-02,3.999999910593032837e-02,6.570000201463699341e-02,5.260000005364418030e-02,3.920000046491622925e-02,3.269999846816062927e-02,3.799999877810478210e-02,3.629999980330467224e-02,3.350000083446502686e-02,4.439999908208847046e-02,3.889999911189079285e-02,3.359999880194664001e-02,3.330000117421150208e-02,3.480000048875808716e-02,3.739999979734420776e-02,4.340000078082084656e-02,3.020000085234642029e-02,5.270000174641609192e-02,9.239999949932098389e-02,9.700000286102294922e-02,1.076000034809112549e-01,1.765999943017959595e-01,9.610000252723693848e-02,1.600999981164932251e-01,1.909999996423721313e-01,1.423999965190887451e-01,1.190999969840049744e-01,8.219999819993972778e-02,5.359999835491180420e-02,4.740000143647193909e-02,6.340000033378601074e-02,5.160000175237655640e-02,9.669999778270721436e-02,7.479999959468841553e-02,8.799999952316284180e-02,1.002999991178512573e-01,1.045000031590461731e-01,4.949999973177909851e-02,6.449999660253524780e-02,5.240000039339065552e-02,5.799999833106994629e-02,5.559999868273735046e-02,3.159999847412109375e-02,3.489999845623970032e-02,5.920000001788139343e-02,1.055999994277954102e-01,1.260000020265579224e-01,1.316000074148178101e-01,1.414999961853027344e-01,1.810999959707260132e-01,2.019000053405761719e-01
3.519999980926513672e-02,4.069999977946281433e-02,4.780000075697898865e-02,3.150000050663948059e-02,3.020000085234642029e-02,3.720000013709068298e-02,4.109999909996986389e-02,3.240000084042549133e-02,3.409999981522560120e-02,3.269999846816062927e-02,3.709999844431877136e-02,4.850000143051147461e-02,7.029999792575836182e-02,6.159999966621398926e-02,1.213999986648559570e-01,1.145000010728836060e-01,6.870000064373016357e-02,4.690000042319297791e-02,4.569999873638153076e-02,5.469999834895133972e-02,1.185000017285346985e-01,9.700000286102294922e-02,1.099999994039535522e-01,6.120000034570693970e-02,3.269999921321868896e-01,3.100000023841857910e-01,2.949999868869781494e-01,2.980000078678131104e-01,3.219999969005584717e-01,3.100000023841857910e-01,3.219999969005584717e-01,3.059999942779541016e-01,1.638000011444091797e-01,3.030000030994415283e-01,3.009999990463256836e-01,3.089999854564666748e-01,4.129999876022338867e-02,2.889999933540821075e-02,3.669999912381172180e-02,4.899999871850013733e-02,7.410000264644622803e-02,7.569999992847442627e-02,4.699999839067459106e-02,7.569999992847442627e-02,5.119999870657920837e-02,5.869999900460243225e-02,4.140000045299530029e-02,2.889999933540821075e-02,4.560000076889991760e-02,6.150000169873237610e-02,4.549999907612800598e-02,6.539999693632125854e-02,4.080000147223472595e-02,4.129999876022338867e-02,4.250000044703483582e-02,2.979999966919422150e-02,3.440000116825103760e-02,3.070000000298023224e-02,2.590000070631504059e-02,2.710000053048133850e-02,4.369999840855598450e-02,3.449999913573265076e-02,2.800000086426734924e-02,5.790000036358833313e-02,6.419999897480010986e-02,6.909999996423721313e-02,7.339999824762344360e-02,1.071999967098236084e-01,1.111000031232833862e-01,1.171000003814697266e-01,1.539999991655349731e-01,1.250000000000000000e-01,9.679999947547912598e-02,2.276999950408935547e-01,2.199999988079071045e-01,1.407999992370605469e-01,8.359999954700469971e-02,1.124999970197677612e-01,3.550000116229057312e-02,5.900000035762786865e-02,6.580000370740890503e-02,7.079999893903732300e-02,9.950000047683715820e-02,7.299999892711639404e-02,4.830000177025794983e-02,6.100000068545341492e-02,3.819999843835830688e-02,9.070000052452087402e-02,6.140000000596046448e-02,9.000000357627868652e-02,5.299999937415122986e-02,6.939999759197235107e-02,1.322000026702880859e-01,7.150000333786010742e-02,1.045999974012374878e-01,1.486999988555908203e-01,1.149000003933906555e-01,2.081999927759170532e-01,1.825000047683715820e-01,1.821999996900558472e-01
2.229999937117099762e-02,3.330000117421150208e-02,3.849999979138374329e-02,3.260000050067901611e-02,1.659999974071979523e-02,2.800000086426734924e-02,5.609999969601631165e-02,3.720000013709068298e-02,6.300000101327896118e-02,5.570000037550926208e-02,9.070000052452087402e-02,4.569999873638153076e-02,5.930000171065330505e-02,6.480000168085098267e-02,8.820000290870666504e-02,7.620000094175338745e-02,5.169999971985816956e-02,4.749999940395355225e-02,9.279999881982803345e-02,6.449999660253524780e-02,5.689999833703041077e-02,8.089999854564666748e-02,7.270000129938125610e-02,1.559999957680702209e-02,3.089999854564666748e-01,3.030000030994415283e-01,2.930000126361846924e-01,3.000000119209289551e-01,3.249999880790710449e-01,3.050000071525573730e-01,3.240000009536743164e-01,3.100000023841857910e-01,1.620000004768371582e-01,3.070000112056732178e-01,3.059999942779541016e-01,2.710000053048133850e-02,3.339999914169311523e-02,3.599999845027923584e-02,4.280000180006027222e-02,7.370000332593917847e-02,1.035000011324882507e-01,7.310000061988830566e-02,6.049999967217445374e-02,6.459999829530715942e-02,7.580000162124633789e-02,6.970000267028808594e-02,2.910000085830688477e-02,3.189999982714653015e-02,4.349999874830245972e-02,5.539999902248382568e-02,5.139999836683273315e-02,5.460000038146972656e-02,3.170000016689300537e-02,3.599999845027923584e-02,4.210000112652778625e-02,2.859999984502792358e-02,5.730000138282775879e-02,3.050000034272670746e-02,1.909999921917915344e-02,1.710000075399875641e-02,1.909999921917915344e-02,3.640000149607658386e-02,4.549999907612800598e-02,4.039999842643737793e-02,4.069999977946281433e-02,5.889999866485595703e-02,6.790000200271606445e-02,9.290000051259994507e-02,7.609999924898147583e-02,1.128999963402748108e-01,9.260000288486480713e-02,9.669999778270721436e-02,1.462000012397766113e-01,1.966000050306320190e-01,1.724999994039535522e-01,1.705999970436096191e-01,1.458999961614608765e-01,8.590000122785568237e-02,5.750000104308128357e-02,6.480000168085098267e-02,5.660000070929527283e-02,9.160000085830688477e-02,8.879999816417694092e-02,6.769999861717224121e-02,9.390000253915786743e-02,1.035000011324882507e-01,4.679999873042106628e-02,8.980000019073486328e-02,1.054000034928321838e-01,7.150000333786010742e-02,5.160000175237655640e-02,8.889999985694885254e-02,1.289999932050704956e-01,1.350000053644180298e-01,1.677999943494796753e-01,1.666000038385391235e-01,1.279000043869018555e-01,1.934999972581863403e-01,2.226999998092651367e-01,2.132000029087066650e-01
2.710000053048133850e-02,2.549999952316284180e-02,4.589999839663505554e-02,2.549999952316284180e-02,3.260000050067901611e-02,4.800000041723251343e-02,8.269999921321868896e-02,4.589999839663505554e-02,6.859999895095825195e-02,7.400000095367431641e-02,5.279999971389770508e-02,7.249999791383743286e-02,5.620000138878822327e-02,6.419999897480010986e-02,6.759999692440032959e-02,1.018000021576881409e-01,9.989999979734420776e-02,7.000000029802322388e-02,9.920000284910202026e-02,9.009999781847000122e-02,9.189999848604202271e-02,8.389999717473983765e-02,7.959999889135360718e-02,1.879999972879886627e-02,3.149999976158142090e-01,3.039999902248382568e-01,2.969999909400939941e-01,3.079999983310699463e-01,3.269999921321868896e-01,3.129999935626983643e-01,3.129999935626983643e-01,3.269999921321868896e-01,1.737000048160552979e-01,3.009999990463256836e-01,3.599999845027923584e-02,3.759999945759773254e-02,5.559999868273735046e-02,4.039999842643737793e-02,3.909999877214431763e-02,5.090000107884407043e-02,6.419999897480010986e-02,7.159999758005142212e-02,7.900000363588333130e-02,9.749999642372131348e-02,9.099999815225601196e-02,5.600000172853469849e-02,6.560000032186508179e-02,3.539999946951866150e-02,1.999999955296516418e-02,2.859999984502792358e-02,4.149999842047691345e-02,4.259999841451644897e-02,3.400000184774398804e-02,3.559999912977218628e-02,2.209999971091747284e-02,3.449999913573265076e-02,2.710000053048133850e-02,2.480000071227550507e-02,2.099999971687793732e-02,1.040000002831220627e-02,2.290000021457672119e-02,4.129999876022338867e-02,3.189999982714653015e-02,3.460000082850456238e-02,4.170000180602073669e-02,5.110000073909759521e-02,6.089999899268150330e-02,6.750000268220901489e-02,5.840000137686729431e-02,6.750000268220901489e-02,6.610000133514404297e-02,6.759999692440032959e-02,1.062999963760375977e-01,1.903000026941299438e-01,1.701000034809112549e-01,1.464000046253204346e-01,1.000000014901161194e-01,1.107999980449676514e-01,7.100000232458114624e-02,7.959999889135360718e-02,4.800000041723251343e-02,6.170000135898590088e-02,4.160000011324882507e-02,5.519999936223030090e-02,8.500000089406967163e-02,6.769999861717224121e-02,8.290000259876251221e-02,1.006999984383583069e-01,9.179999679327011108e-02,9.290000051259994507e-02,8.609999716281890869e-02,9.510000050067901611e-02,1.280999928712844849e-01,1.233000010251998901e-01,1.642999947071075439e-01,1.378999948501586914e-01,2.029000073671340942e-01,1.744000017642974854e-01,2.214999943971633911e-01,1.618999987840652466e-01
3.510000184178352356e-02,1.840000040829181671e-02,2.840000018477439880e-02,4.729999974370002747e-02,4.760000109672546387e-02,4.820000007748603821e-02,9.200000017881393433e-02,7.519999891519546509e-02,1.287000030279159546e-01,6.520000100135803223e-02,6.340000033378601074e-02,4.459999874234199524e-02,4.589999839663505554e-02,3.330000117421150208e-02,4.280000180006027222e-02,5.350000038743019104e-02,5.050000175833702087e-02,5.909999832510948181e-02,5.229999870061874390e-02,8.810000121593475342e-02,8.669999986886978149e-02,8.649999648332595825e-02,7.140000164508819580e-02,1.014000028371810913e-01,3.079999983310699463e-01,2.939999997615814209e-01,2.989999949932098389e-01,3.170000016689300537e-01,3.059999942779541016e-01,3.019999861717224121e-01,3.039999902248382568e-01,3.140000104904174805e-01,3.149999976158142090e-01,1.556999981403350830e-01,3.730000182986259460e-02,5.290000140666961670e-02,3.799999877810478210e-02,2.820000052452087402e-02,2.979999966919422150e-02,5.240000039339065552e-02,4.490000009536743164e-02,5.059999972581863403e-02,5.939999967813491821e-02,6.610000133514404297e-02,5.099999904632568359e-02,3.409999981522560120e-02,1.420000009238719940e-02,1.860000006854534149e-02,1.269999984651803970e-02,2.019999921321868896e-02,2.720000036060810089e-02,2.720000036060810089e-02,2.129999920725822449e-02,3.449999913573265076e-02,2.720000036060810089e-02,1.970000006258487701e-02,2.089999988675117493e-02,1.860000006854534149e-02,1.799999922513961792e-02,1.909999921917915344e-02,4.439999908208847046e-02,4.369999840855598450e-02,4.879999905824661255e-02,2.820000052452087402e-02,4.639999940991401672e-02,4.980000108480453491e-02,5.050000175833702087e-02,5.559999868273735046e-02,4.050000011920928955e-02,6.260000169277191162e-02,6.480000168085098267e-02,6.129999831318855286e-02,9.520000219345092773e-02,1.569000035524368286e-01,1.693000048398971558e-01,1.349000036716461182e-01,1.097000017762184143e-01,1.114000007510185242e-01,1.162000000476837158e-01,1.044000014662742615e-01,9.279999881982803345e-02,1.446000039577484131e-01,1.381999999284744263e-01,1.231999993324279785e-01,1.260000020265579224e-01,1.421999931335449219e-01,1.821999996900558472e-01,1.820999979972839355e-01,1.072999984025955200e-01,1.186999976634979248e-01,1.381999999284744263e-01,1.094999983906745911e-01,1.381999999284744263e-01,9.809999912977218628e-02,9.160000085830688477e-02,1.676999926567077637e-01,1.363999992609024048e-01,1.421999931335449219e-01,1.367000043392181396e-01,1.057000011205673218e-01
3.390000015497207642e-02,3.660000115633010864e-02,4.120000079274177551e-02,4.170000180602073669e-02,6.260000169277191162e-02,5.600000172853469849e-02,8.280000090599060059e-02,9.059999883174896240e-02,5.889999866485595703e-02,6.289999932050704956e-02,5.700000002980232239e-02,5.420000106096267700e-02,5.070000141859054565e-02,3.539999946951866150e-02,3.640000149607658386e-02,2.050000056624412537e-02,3.779999911785125732e-02,5.939999967813491821e-02,6.759999692440032959e-02,7.209999859333038330e-02,7.129999995231628418e-02,1.118000000715255737e-01,1.032000035047531128e-01,9.799999743700027466e-02,3.019999861717224121e-01,2.980000078678131104e-01,2.969999909400939941e-01,3.070000112056732178e-01,3.039999902248382568e-01,2.989999949932098389e-01,3.059999942779541016e-01,3.249999880790710449e-01,3.089999854564666748e-01,8.640000224113464355e-02,6.199999898672103882e-02,5.200000107288360596e-02,3.119999915361404419e-02,2.830000035464763641e-02,2.659999951720237732e-02,5.200000107288360596e-02,5.519999936223030090e-02,4.129999876022338867e-02,6.140000000596046448e-02,4.809999838471412659e-02,3.990000113844871521e-02,2.800000086426734924e-02,2.999999932944774628e-02,1.710000075399875641e-02,1.740000024437904358e-02,2.209999971091747284e-02,1.970000006258487701e-02,1.600000075995922089e-02,2.060000039637088776e-02,3.920000046491622925e-02,2.710000053048133850e-02,2.429999969899654388e-02,1.269999984651803970e-02,1.420000009238719940e-02,1.480000000447034836e-02,1.329999975860118866e-02,3.330000117421150208e-02,3.350000083446502686e-02,3.649999946355819702e-02,3.299999982118606567e-02,5.640000104904174805e-02,5.579999834299087524e-02,5.480000004172325134e-02,8.910000324249267578e-02,4.210000112652778625e-02,4.919999837875366211e-02,1.023999974131584167e-01,1.098000034689903259e-01,1.879999935626983643e-01,1.133000031113624573e-01,1.571999937295913696e-01,1.676999926567077637e-01,1.189000010490417480e-01,9.470000118017196655e-02,1.230999976396560669e-01,1.807000041007995605e-01,1.676000058650970459e-01,1.044000014662742615e-01,1.697999984025955200e-01,1.545999944210052490e-01,6.459999829530715942e-02,1.579000055789947510e-01,1.934999972581863403e-01,1.723999977111816406e-01,1.228000000119209290e-01,1.473000049591064453e-01,1.494999974966049194e-01,1.234999969601631165e-01,7.310000061988830566e-02,6.949999928474426270e-02,7.930000126361846924e-02,7.869999855756759644e-02,1.430000066757202148e-01,8.070000261068344116e-02,1.027999967336654663e-01,1.071000024676322937e-01
2.920000068843364716e-02,4.210000112652778625e-02,4.109999909996986389e-02,6.120000034570693970e-02,5.640000104904174805e-02,5.959999933838844299e-02,5.759999901056289673e-02,7.670000195503234863e-02,3.660000115633010864e-02,3.779999911785125732e-02,4.010000079870223999e-02,8.389999717473983765e-02,4.349999874830245972e-02,4.540000110864639282e-02,3.840000182390213013e-02,4.270000010728836060e-02,3.079999983310699463e-02,7.930000126361846924e-02,1.031000018119812012e-01,1.230999976396560669e-01,9.030000120401382446e-02,1.414999961853027344e-01,1.028999984264373779e-01,9.679999947547912598e-02,2.250000089406967163e-02,3.160000145435333252e-01,2.870000004768371582e-01,3.059999942779541016e-01,2.949999868869781494e-01,3.000000119209289551e-01,3.070000112056732178e-01,3.050000071525573730e-01,3.120000064373016357e-01,3.079999983310699463e-01,1.701000034809112549e-01,6.840000301599502563e-02,5.139999836683273315e-02,2.869999967515468597e-02,3.449999913573265076e-02,5.169999971985816956e-02,4.930000007152557373e-02,2.920000068843364716e-02,4.710000008344650269e-02,5.759999901056289673e-02,3.730000182986259460e-02,2.850000001490116119e-02,4.619999974966049194e-02,2.779999934136867523e-02,2.060000039637088776e-02,1.510000042617321014e-02,2.559999935328960419e-02,2.099999971687793732e-02,2.529999986290931702e-02,3.359999880194664001e-02,3.629999980330467224e-02,3.170000016689300537e-02,3.420000150799751282e-02,1.909999921917915344e-02,1.350000035017728806e-02,1.549999974668025970e-02,3.860000148415565491e-02,3.489999845623970032e-02,5.590000003576278687e-02,4.960000142455101013e-02,6.700000166893005371e-02,8.479999750852584839e-02,6.870000064373016357e-02,7.540000230073928833e-02,5.880000069737434387e-02,6.769999861717224121e-02,9.910000115633010864e-02,1.196999996900558472e-01,1.763000041246414185e-01,1.367000043392181396e-01,1.477999985218048096e-01,9.740000218152999878e-02,8.749999850988388062e-02,1.215000003576278687e-01,1.273999959230422974e-01,1.553000062704086304e-01,1.301999986171722412e-01,1.902000010013580322e-01,1.645999997854232788e-01,2.263000011444091797e-01,1.229000017046928406e-01,1.386000066995620728e-01,1.579000055789947510e-01,1.594000011682510376e-01,1.679999977350234985e-01,1.905999928712844849e-01,1.263999938964843750e-01,1.149000003933906555e-01,6.430000066757202148e-02,7.630000263452529907e-02,4.549999907612800598e-02,5.979999899864196777e-02,5.750000104308128357e-02,6.899999827146530151e-02,7.819999754428863525e-02,7.569999992847442627e-02
7.069999724626541138e-02,4.109999909996986389e-02,3.990000113844871521e-02,7.400000095367431641e-02,6.870000064373016357e-02,6.610000133514404297e-02,5.620000138878822327e-02,4.910000041127204895e-02,5.189999938011169434e-02,4.960000142455101013e-02,7.000000029802322388e-02,6.010000035166740417e-02,7.190000265836715698e-02,6.660000234842300415e-02,6.809999793767929077e-02,8.560000360012054443e-02,5.189999938011169434e-02,9.769999980926513672e-02,1.774999946355819702e-01,1.152999997138977051e-01,8.309999853372573853e-02,1.319999992847442627e-01,8.600000292062759399e-02,8.060000091791152954e-02,7.109999656677246094e-02,7.829999923706054688e-02,3.030000030994415283e-01,3.059999942779541016e-01,2.960000038146972656e-01,2.870000004768371582e-01,2.949999868869781494e-01,2.899999916553497314e-01,3.000000119209289551e-01,2.939999997615814209e-01,3.019999861717224121e-01,1.565999984741210938e-01,6.140000000596046448e-02,4.870000109076499939e-02,5.380000174045562744e-02,8.609999716281890869e-02,5.710000172257423401e-02,4.659999907016754150e-02,3.400000184774398804e-02,8.609999716281890869e-02,5.710000172257423401e-02,4.910000041127204895e-02,4.439999908208847046e-02,3.020000085234642029e-02,2.490000054240226746e-02,1.200000010430812836e-02,2.099999971687793732e-02,2.380000054836273193e-02,3.109999932348728180e-02,4.340000078082084656e-02,4.549999907612800598e-02,3.139999881386756897e-02,1.960000023245811462e-02,2.470000088214874268e-02,2.009999938309192657e-02,2.710000053048133850e-02,3.970000147819519043e-02,4.089999943971633911e-02,5.820000171661376953e-02,8.739999681711196899e-02,8.259999752044677734e-02,4.980000108480453491e-02,5.499999970197677612e-02,6.360000371932983398e-02,7.060000300407409668e-02,6.250000000000000000e-02,8.640000224113464355e-02,1.196999996900558472e-01,2.025000005960464478e-01,1.288000047206878662e-01,1.304000020027160645e-01,6.270000338554382324e-02,8.340000361204147339e-02,1.199999973177909851e-01,1.611000001430511475e-01,1.706999987363815308e-01,1.668000072240829468e-01,1.640000045299530029e-01,1.886000037193298340e-01,1.733999997377395630e-01,1.512999981641769409e-01,2.342000007629394531e-01,1.762000024318695068e-01,2.104000002145767212e-01,1.841000020503997803e-01,1.198000013828277588e-01,1.535000056028366089e-01,1.800000071525573730e-01,1.163000017404556274e-01,1.238000020384788513e-01,5.110000073909759521e-02,5.660000070929527283e-02,6.520000100135803223e-02,5.070000141859054565e-02,5.869999900460243225e-02,6.949999928474426270e-02
4.140000045299530029e-02,4.820000007748603821e-02,3.400000184774398804e-02,4.289999976754188538e-02,4.280000180006027222e-02,5.959999933838844299e-02,5.770000070333480835e-02,4.600000008940696716e-02,9.329999983310699463e-02,8.590000122785568237e-02,5.310000106692314148e-02,7.819999754428863525e-02,4.679999873042106628e-02,5.590000003576278687e-02,9.210000187158584595e-02,9.329999983310699463e-02,5.600000172853469849e-02,8.250000327825546265e-02,1.181000024080276489e-01,6.880000233650207520e-02,8.120000362396240234e-02,9.860000014305114746e-02,6.769999861717224121e-02,1.410000026226043701e-02,2.870000004768371582e-01,3.050000071525573730e-01,4.140000045299530029e-02,3.019999861717224121e-01,2.919999957084655762e-01,3.050000071525573730e-01,2.980000078678131104e-01,2.899999916553497314e-01,2.980000078678131104e-01,2.949999868869781494e-01,3.089999854564666748e-01,3.140000104904174805e-01,6.870000064373016357e-02,4.450000077486038208e-02,5.380000174045562744e-02,6.809999793767929077e-02,7.159999758005142212e-02,5.319999903440475464e-02,3.240000084042549133e-02,5.040000006556510925e-02,7.699999958276748657e-02,8.699999749660491943e-02,5.750000104308128357e-02,3.660000115633010864e-02,2.910000085830688477e-02,2.620000019669532776e-02,3.400000184774398804e-02,4.010000079870223999e-02,3.739999979734420776e-02,4.109999909996986389e-02,5.270000174641609192e-02,4.219999909400939941e-02,2.700000070035457611e-02,2.529999986290931702e-02,2.840000018477439880e-02,2.710000053048133850e-02,3.330000117421150208e-02,2.170000039041042328e-02,4.890000075101852417e-02,4.479999840259552002e-02,4.650000110268592834e-02,5.260000005364418030e-02,4.780000075697898865e-02,5.040000006556510925e-02,5.249999836087226868e-02,6.140000000596046448e-02,3.249999880790710449e-02,3.900000080466270447e-02,1.075000017881393433e-01,1.283999979496002197e-01,1.222999989986419678e-01,6.679999828338623047e-02,7.540000230073928833e-02,1.171000003814697266e-01,1.726000010967254639e-01,2.043000012636184692e-01,1.460999995470046997e-01,7.760000228881835938e-02,1.810999959707260132e-01,1.861000061035156250e-01,1.728000044822692871e-01,1.247000023722648621e-01,2.164999991655349731e-01,1.550000011920928955e-01,1.243000030517578125e-01,9.740000218152999878e-02,1.933999955654144287e-01,2.009000033140182495e-01,1.369999945163726807e-01,1.093999966979026794e-01,5.449999868869781494e-02,5.240000039339065552e-02,6.419999897480010986e-02,4.789999872446060181e-02,3.559999912977218628e-02,4.109999909996986389e-02
6.329999864101409912e-02,3.700000047683715820e-02,3.150000050663948059e-02,2.999999932944774628e-02,4.410000145435333252e-02,7.039999961853027344e-02,7.609999924898147583e-02,5.150000005960464478e-02,6.019999831914901733e-02,3.950000181794166565e-02,4.919999837875366211e-02,5.440000072121620178e-02,5.519999936223030090e-02,7.710000127553939819e-02,9.700000286102294922e-02,8.259999752044677734e-02,7.930000126361846924e-02,1.544999927282333374e-01,9.000000357627868652e-02,1.089999973773956299e-01,9.470000118017196655e-02,9.459999948740005493e-02,1.799999922513961792e-02,2.960000038146972656e-01,3.109999895095825195e-01,3.089999854564666748e-01,4.769999906420707703e-02,3.079999983310699463e-01,2.960000038146972656e-01,2.910000085830688477e-01,2.980000078678131104e-01,2.980000078678131104e-01,3.050000071525573730e-01,2.989999949932098389e-01,3.140000104904174805e-01,3.070000112056732178e-01,1.502999961376190186e-01,3.420000150799751282e-02,5.970000103116035461e-02,5.150000005960464478e-02,6.809999793767929077e-02,8.200000226497650146e-02,7.500000298023223877e-02,6.560000032186508179e-02,7.549999654293060303e-02,7.240000367164611816e-02,7.660000026226043701e-02,5.570000037550926208e-02,4.940000176429748535e-02,5.270000174641609192e-02,4.619999974966049194e-02,5.050000175833702087e-02,7.190000265836715698e-02,5.600000172853469849e-02,7.810000330209732056e-02,9.210000187158584595e-02,6.300000101327896118e-02,4.879999905824661255e-02,4.309999942779541016e-02,3.189999982714653015e-02,3.620000183582305908e-02,3.799999877810478210e-02,3.489999845623970032e-02,3.550000116229057312e-02,4.309999942779541016e-02,4.069999977946281433e-02,3.929999843239784241e-02,3.990000113844871521e-02,4.780000075697898865e-02,5.539999902248382568e-02,3.550000116229057312e-02,4.439999908208847046e-02,1.316000074148178101e-01,1.582999974489212036e-01,1.352999955415725708e-01,1.149000003933906555e-01,9.120000153779983521e-02,1.098999977111816406e-01,1.234000027179718018e-01,1.229000017046928406e-01,7.670000195503234863e-02,8.169999718666076660e-02,1.018000021576881409e-01,1.154000014066696167e-01,1.634999960660934448e-01,2.031999975442886353e-01,1.589999943971633911e-01,1.307999938726425171e-01,1.086999997496604919e-01,1.392000019550323486e-01,2.215999960899353027e-01,1.814000010490417480e-01,1.642999947071075439e-01,1.167000010609626770e-01,1.221000030636787415e-01,5.110000073909759521e-02,3.359999880194664001e-02,2.529999986290931702e-02,2.879999950528144836e-02,3.040000051259994507e-02
6.199999898672103882e-02,3.709999844431877136e-02,4.690000042319297791e-02,4.199999943375587463e-02,7.590000331401824951e-02,9.570000320672988892e-02,7.779999822378158569e-02,4.619999974966049194e-02,4.529999941587448120e-02,4.300000146031379700e-02,4.179999977350234985e-02,4.610000178217887878e-02,5.480000004172325134e-02,6.199999898672103882e-02,1.115000024437904358e-01,8.600000292062759399e-02,1.271000057458877563e-01,1.026000007987022400e-01,7.630000263452529907e-02,1.143999993801116943e-01,8.690000325441360474e-02,2.429999969899654388e-02,2.949999868869781494e-01,2.730000019073486328e-01,2.899999916553497314e-01,2.969999909400939941e-01,2.969999909400939941e-01,8.730000257492065430e-02,2.969999909400939941e-01,2.829999923706054688e-01,3.050000071525573730e-01,2.989999949932098389e-01,3.079999983310699463e-01,2.829999923706054688e-01,2.969999909400939941e-01,3.030000030994415283e-01,3.170000016689300537e-01,9.899999946355819702e-02,4.919999837875366211e-02,6.159999966621398926e-02,1.120000034570693970e-01,7.119999825954437256e-02,5.270000174641609192e-02,5.880000069737434387e-02,1.030000001192092896e-01,1.536999940872192383e-01,1.708000004291534424e-01,8.649999648332595825e-02,6.710000336170196533e-02,4.749999940395355225e-02,2.789999917149543762e-02,3.519999980926513672e-02,7.150000333786010742e-02,5.029999837279319763e-02,9.449999779462814331e-02,6.800000369548797607e-02,8.100000023841857910e-02,7.829999923706054688e-02,4.699999839067459106e-02,4.859999939799308777e-02,4.850000143051147461e-02,2.820000052452087402e-02,4.540000110864639282e-02,2.999999932944774628e-02,2.910000085830688477e-02,6.239999830722808838e-02,4.490000009536743164e-02,4.320000112056732178e-02,4.410000145435333252e-02,4.430000111460685730e-02,7.389999926090240479e-02,9.719999879598617554e-02,1.391000002622604370e-01,1.501999944448471069e-01,7.259999960660934448e-02,1.381999999284744263e-01,9.080000221729278564e-02,9.000000357627868652e-02,8.980000019073486328e-02,7.639999687671661377e-02,7.039999961853027344e-02,1.180000007152557373e-01,1.664000004529953003e-01,1.670999974012374878e-01,1.588999927043914795e-01,2.011999934911727905e-01,1.550000011920928955e-01,1.682000011205673218e-01,1.460999995470046997e-01,1.352999955415725708e-01,2.230000048875808716e-01,2.065999954938888550e-01,1.536000072956085205e-01,1.537999957799911499e-01,8.839999884366989136e-02,4.369999840855598450e-02,3.999999910593032837e-02,3.709999844431877136e-02,2.370000071823596954e-02,4.219999909400939941e-02
4.380000010132789612e-02,6.939999759197235107e-02,3.880000114440917969e-02,4.899999871850013733e-02,5.429999902844429016e-02,7.970000058412551880e-02,5.330000072717666626e-02,3.959999978542327881e-02,4.500000178813934326e-02,4.879999905824661255e-02,4.610000178217887878e-02,6.629999727010726929e-02,7.100000232458114624e-02,4.120000079274177551e-02,6.019999831914901733e-02,7.559999823570251465e-02,1.190999969840049744e-01,6.930000334978103638e-02,9.579999744892120361e-02,9.189999848604202271e-02,4.679999873042106628e-02,3.030000030994415283e-01,2.939999997615814209e-01,2.860000133514404297e-01,2.969999909400939941e-01,3.050000071525573730e-01,3.030000030994415283e-01,1.032999977469444275e-01,1.574999988079071045e-01,3.009999990463256836e-01,2.899999916553497314e-01,2.980000078678131104e-01,2.910000085830688477e-01,2.750000059604644775e-01,3.070000112056732178e-01,3.050000071525573730e-01,3.140000104904174805e-01,3.199999928474426270e-01,3.070000112056732178e-01,6.030000001192092896e-02,9.279999881982803345e-02,1.098000034689903259e-01,6.790000200271606445e-02,8.229999989271163940e-02,1.072999984025955200e-01,1.238000020384788513e-01,1.422999948263168335e-01,1.846999973058700562e-01,1.081999987363815308e-01,1.396999955177307129e-01,7.460000365972518921e-02,7.559999823570251465e-02,8.349999785423278809e-02,7.880000025033950806e-02,8.259999752044677734e-02,5.090000107884407043e-02,9.529999643564224243e-02,1.074000000953674316e-01,5.519999936223030090e-02,6.049999967217445374e-02,2.649999968707561493e-02,2.170000039041042328e-02,4.820000007748603821e-02,4.830000177025794983e-02,6.710000336170196533e-02,5.579999834299087524e-02,4.050000011920928955e-02,2.250000089406967163e-02,2.529999986290931702e-02,8.079999685287475586e-02,9.799999743700027466e-02,7.429999858140945435e-02,1.550000011920928955e-01,1.440999954938888550e-01,1.676000058650970459e-01,1.756000071763992310e-01,1.172000020742416382e-01,8.399999886751174927e-02,1.231999993324279785e-01,1.468999981880187988e-01,1.184000000357627869e-01,1.009000018239021301e-01,1.729999929666519165e-01,1.726000010967254639e-01,1.594000011682510376e-01,1.616999953985214233e-01,1.724999994039535522e-01,1.629000008106231689e-01,1.678999960422515869e-01,1.259000003337860107e-01,1.763000041246414185e-01,1.155000030994415283e-01,1.336999982595443726e-01,9.329999983310699463e-02,5.869999900460243225e-02,6.379999965429306030e-02,4.710000008344650269e-02,7.109999656677246094e-02,3.900000080466270447e-02,7.280000299215316772e-02
5.009999871253967285e-02,4.450000077486038208e-02,5.169999971985816956e-02,4.870000109076499939e-02,7.079999893903732300e-02,7.109999656677246094e-02,5.339999869465827942e-02,5.840000137686729431e-02,4.190000146627426147e-02,6.480000168085098267e-02,4.800000041723251343e-02,4.699999839067459106e-02,3.730000182986259460e-02,4.199999943375587463e-02,4.380000010132789612e-02,5.860000103712081909e-02,9.849999845027923584e-02,7.500000298023223877e-02,4.710000008344650269e-02,1.224000006914138794e-01,3.000000119209289551e-01,3.000000119209289551e-01,3.030000030994415283e-01,2.899999916553497314e-01,3.129999935626983643e-01,3.009999990463256836e-01,1.457999944686889648e-01,8.209999650716781616e-02,5.310000106692314148e-02,3.000000119209289551e-01,3.000000119209289551e-01,2.910000085830688477e-01,2.809999883174896240e-01,2.680000066757202148e-01,3.039999902248382568e-01,3.039999902248382568e-01,3.019999861717224121e-01,3.109999895095825195e-01,3.160000145435333252e-01,3.109999895095825195e-01,3.089999854564666748e-01,5.939999967813491821e-02,5.249999836087226868e-02,9.070000052452087402e-02,1.127000004053115845e-01,1.196999996900558472e-01,2.195000052452087402e-01,1.203000023961067200e-01,6.129999831318855286e-02,9.290000051259994507e-02,7.419999688863754272e-02,1.076000034809112549e-01,9.629999846220016479e-02,9.120000153779983521e-02,6.400000303983688354e-02,5.840000137686729431e-02,1.524000018835067749e-01,1.370999962091445923e-01,8.799999952316284180e-02,8.860000222921371460e-02,1.989999972283840179e-02,2.270000055432319641e-02,2.820000052452087402e-02,2.810000069439411163e-02,4.140000045299530029e-02,4.899999871850013733e-02,3.420000150799751282e-02,2.800000086426734924e-02,5.930000171065330505e-02,6.060000136494636536e-02,9.929999709129333496e-02,1.001000031828880310e-01,8.389999717473983765e-02,1.354999989271163940e-01,1.900999993085861206e-01,1.527000069618225098e-01,1.013000011444091797e-01,1.301999986171722412e-01,8.100000023841857910e-02,1.216000020503997803e-01,1.307999938726425171e-01,1.102999970316886902e-01,1.266999989748001099e-01,1.448999941349029541e-01,1.962999999523162842e-01,2.144999951124191284e-01,2.134999930858612061e-01,1.978999972343444824e-01,9.250000119209289551e-02,1.642999947071075439e-01,2.022999972105026245e-01,1.560000032186508179e-01,1.092000007629394531e-01,1.105000004172325134e-01,6.239999830722808838e-02,4.659999907016754150e-02,3.420000150799751282e-02,5.359999835491180420e-02,6.199999898672103882e-02,7.750000059604644775e-02
4.149999842047691345e-02,5.449999868869781494e-02,4.230000078678131104e-02,4.320000112056732178e-02,3.880000114440917969e-02,2.610000036656856537e-02,4.560000076889991760e-02,7.500000298023223877e-02,5.739999935030937195e-02,5.759999901056289673e-02,5.579999834299087524e-02,4.190000146627426147e-02,3.310000151395797729e-02,3.869999945163726807e-02,4.890000075101852417e-02,3.840000182390213013e-02,8.619999885559082031e-02,6.830000132322311401e-02,7.919999957084655762e-02,3.079999983310699463e-01,3.140000104904174805e-01,2.989999949932098389e-01,2.989999949932098389e-01,2.980000078678131104e-01,3.100000023841857910e-01,2.870000004768371582e-01,9.560000151395797729e-02,8.280000090599060059e-02,6.190000101923942566e-02,3.640000149607658386e-02,1.386000066995620728e-01,2.969999909400939941e-01,8.550000190734863281e-02,2.840000092983245850e-01,2.899999916553497314e-01,3.039999902248382568e-01,3.089999854564666748e-01,3.100000023841857910e-01,3.089999854564666748e-01,3.170000016689300537e-01,3.089999854564666748e-01,3.050000071525573730e-01,3.089999854564666748e-01,3.089999854564666748e-01,1.177000030875205994e-01,1.599999964237213135e-01,1.603000015020370483e-01,1.140000000596046448e-01,9.440000355243682861e-02,9.749999642372131348e-02,6.849999725818634033e-02,1.398999989032745361e-01,1.756999939680099487e-01,1.352999955415725708e-01,1.729000061750411987e-01,1.798000037670135498e-01,2.210000008344650269e-01,1.128999963402748108e-01,8.229999989271163940e-02,5.499999970197677612e-02,3.460000082850456238e-02,2.969999983906745911e-02,2.219999954104423523e-02,3.359999880194664001e-02,4.809999838471412659e-02,4.569999873638153076e-02,4.340000078082084656e-02,4.540000110864639282e-02,7.970000058412551880e-02,6.129999831318855286e-02,5.169999971985816956e-02,1.098000034689903259e-01,1.578000038862228394e-01,1.502999961376190186e-01,1.766999959945678711e-01,2.281000018119812012e-01,1.447000056505203247e-01,1.386000066995620728e-01,1.071999967098236084e-01,1.206000000238418579e-01,8.950000256299972534e-02,9.619999676942825317e-02,1.898999959230422974e-01,2.046000063419342041e-01,2.362000048160552979e-01,2.049999982118606567e-01,2.212000042200088501e-01,1.897000074386596680e-01,1.145000010728836060e-01,1.042999997735023499e-01,9.260000288486480713e-02,1.600999981164932251e-01,9.229999780654907227e-02,9.830000251531600952e-02,5.559999868273735046e-02,5.319999903440475464e-02,5.750000104308128357e-02,4.589999839663505554e-02,5.200000107288360596e-02,7.959999889135360718e-02
7.270000129938125610e-02,4.289999976754188538e-02,5.139999836683273315e-02,5.799999833106994629e-02,3.620000183582305908e-02,3.970000147819519043e-02,5.530000105500221252e-02,5.090000107884407043e-02,5.209999904036521912e-02,4.830000177025794983e-02,5.270000174641609192e-02,4.580000042915344238e-02,3.720000013709068298e-02,5.299999937415122986e-02,4.650000110268592834e-02,3.550000116229057312e-02,6.010000035166740417e-02,5.710000172257423401e-02,1.125999987125396729e-01,3.190000057220458984e-01,3.109999895095825195e-01,3.000000119209289551e-01,3.050000071525573730e-01,3.000000119209289551e-01,3.019999861717224121e-01,2.989999949932098389e-01,5.020000040531158447e-02,9.189999848604202271e-02,6.279999762773513794e-02,3.200000151991844177e-02,4.760000109672546387e-02,6.710000336170196533e-02,5.339999869465827942e-02,2.790000140666961670e-01,2.809999883174896240e-01,3.009999990463256836e-01,3.050000071525573730e-01,3.089999854564666748e-01,3.120000064373016357e-01,3.140000104904174805e-01,3.070000112056732178e-01,3.039999902248382568e-01,3.050000071525573730e-01,3.190000057220458984e-01,3.350000083446502686e-01,4.140000045299530029e-02,1.616999953985214233e-01,1.460999995470046997e-01,9.570000320672988892e-02,7.710000127553939819e-02,8.560000360012054443e-02,1.670999974012374878e-01,1.968999952077865601e-01,1.644999980926513672e-01,1.890999972820281982e-01,1.128000020980834961e-01,2.212000042200088501e-01,1.027000024914741516e-01,9.790000319480895996e-02,6.210000067949295044e-02,4.179999977350234985e-02,3.229999914765357971e-02,3.139999881386756897e-02,3.959999978542327881e-02,5.009999871253967285e-02,5.310000106692314148e-02,6.740000098943710327e-02,4.949999973177909851e-02,5.810000002384185791e-02,7.150000333786010742e-02,6.880000233650207520e-02,7.989999651908874512e-02,1.793999969959259033e-01,1.926999986171722412e-01,1.762000024318695068e-01,1.893000006675720215e-01,2.228000015020370483e-01,1.800000071525573730e-01,1.152999997138977051e-01,1.497000008821487427e-01,1.159000024199485779e-01,1.046999990940093994e-01,8.820000290870666504e-02,1.629000008106231689e-01,1.763000041246414185e-01,1.885000020265579224e-01,1.861999928951263428e-01,1.372999995946884155e-01,1.339000016450881958e-01,1.177000030875205994e-01,1.140000000596046448e-01,1.705999970436096191e-01,1.089000031352043152e-01,1.150000020861625671e-01,5.869999900460243225e-02,4.170000180602073669e-02,5.770000070333480835e-02,6.549999862909317017e-02,6.570000201463699341e-02,6.140000000596046448e-02
4.789999872446060181e-02,2.820000052452087402e-02,4.100000113248825073e-02,4.450000077486038208e-02,6.589999794960021973e-02,4.470000043511390686e-02,6.289999932050704956e-02,3.959999978542327881e-02,4.010000079870223999e-02,5.930000171065330505e-02,7.519999891519546509e-02,4.560000076889991760e-02,3.970000147819519043e-02,5.669999867677688599e-02,6.710000336170196533e-02,6.319999694824218750e-02,8.529999852180480957e-02,1.106999963521957397e-01,3.079999983310699463e-01,3.219999969005584717e-01,3.339999914169311523e-01,3.129999935626983643e-01,3.000000119209289551e-01,3.009999990463256836e-01,2.989999949932098389e-01,1.017000004649162292e-01,4.690000042319297791e-02,4.930000007152557373e-02,4.069999977946281433e-02,6.250000000000000000e-02,3.810000047087669373e-02,6.889999657869338989e-02,6.319999694824218750e-02,5.249999836087226868e-02,9.539999812841415405e-02,2.910000085830688477e-01,3.000000119209289551e-01,3.129999935626983643e-01,3.109999895095825195e-01,3.149999976158142090e-01,2.989999949932098389e-01,2.890000045299530029e-01,3.129999935626983643e-01,3.230000138282775879e-01,3.359999954700469971e-01,3.470000028610229492e-01,3.289999961853027344e-01,3.359999954700469971e-01,1.279000043869018555e-01,1.186999976634979248e-01,1.084999963641166687e-01,1.127000004053115845e-01,1.046999990940093994e-01,1.058999970555305481e-01,1.084999963641166687e-01,1.704999953508377075e-01,2.274000048637390137e-01,2.104000002145767212e-01,1.932000070810317993e-01,1.199999973177909851e-01,6.360000371932983398e-02,4.300000146031379700e-02,5.420000106096267700e-02,9.160000085830688477e-02,8.600000292062759399e-02,7.720000296831130981e-02,1.081999987363815308e-01,1.067000031471252441e-01,8.640000224113464355e-02,7.710000127553939819e-02,9.009999781847000122e-02,9.019999951124191284e-02,9.549999982118606567e-02,1.324000060558319092e-01,1.606000065803527832e-01,1.705999970436096191e-01,2.073999941349029541e-01,1.424999982118606567e-01,1.537999957799911499e-01,1.366000026464462280e-01,9.279999881982803345e-02,1.018000021576881409e-01,7.739999890327453613e-02,1.199999973177909851e-01,1.250000000000000000e-01,1.360999941825866699e-01,1.677999943494796753e-01,1.202000007033348083e-01,1.384000033140182495e-01,1.429000049829483032e-01,1.208000034093856812e-01,1.101000010967254639e-01,1.155000030994415283e-01,8.349999785423278809e-02,4.639999940991401672e-02,5.999999865889549255e-02,7.630000263452529907e-02,5.779999867081642151e-02,6.970000267028808594e-02,8.609999716281890869e-02
6.239999830722808838e-02,5.189999938011169434e-02,6.289999932050704956e-02,6.480000168085098267e-02,7.930000126361846924e-02,6.970000267028808594e-02,5.200000107288360596e-02,4.569999873638153076e-02,3.599999845027923584e-02,5.150000005960464478e-02,4.960000142455101013e-02,4.980000108480453491e-02,6.270000338554382324e-02,9.749999642372131348e-02,6.880000233650207520e-02,7.419999688863754272e-02,1.028999984264373779e-01,1.008000001311302185e-01,3.149999976158142090e-01,3.109999895095825195e-01,3.120000064373016357e-01,2.989999949932098389e-01,3.050000071525573730e-01,2.969999909400939941e-01,2.899999916553497314e-01,1.224000006914138794e-01,6.100000068545341492e-02,4.560000076889991760e-02,3.759999945759773254e-02,5.330000072717666626e-02,5.400000140070915222e-02,6.239999830722808838e-02,6.769999861717224121e-02,6.219999864697456360e-02,1.089000031352043152e-01,6.089999899268150330e-02,5.730000138282775879e-02,3.030000030994415283e-01,3.230000138282775879e-01,3.249999880790710449e-01,3.140000104904174805e-01,2.933999896049499512e-01,2.969999909400939941e-01,3.109999895095825195e-01,3.230000138282775879e-01,3.280000090599060059e-01,3.280000090599060059e-01,3.429999947547912598e-01,3.470000028610229492e-01,3.474000096321105957e-01,3.959999978542327881e-02,1.322000026702880859e-01,1.225999966263771057e-01,1.186999976634979248e-01,1.102999970316886902e-01,1.895000040531158447e-01,2.395000010728836060e-01,1.912000030279159546e-01,1.934999972581863403e-01,1.600999981164932251e-01,9.319999814033508301e-02,9.939999878406524658e-02,6.549999862909317017e-02,6.989999860525131226e-02,8.829999715089797974e-02,9.989999979734420776e-02,1.150999963283538818e-01,6.599999964237213135e-02,6.979999691247940063e-02,8.760000020265579224e-02,1.114000007510185242e-01,1.203000023961067200e-01,5.590000003576278687e-02,6.419999897480010986e-02,8.950000256299972534e-02,1.521999984979629517e-01,1.307000070810317993e-01,8.720000088214874268e-02,1.071999967098236084e-01,1.537999957799911499e-01,1.077999994158744812e-01,1.333000063896179199e-01,1.655000001192092896e-01,1.358000040054321289e-01,1.171000003814697266e-01,1.634999960660934448e-01,1.959999948740005493e-01,1.542000025510787964e-01,1.801999956369400024e-01,1.912000030279159546e-01,1.738999933004379272e-01,1.548999994993209839e-01,1.395000070333480835e-01,9.459999948740005493e-02,5.299999937415122986e-02,4.069999977946281433e-02,6.809999793767929077e-02,2.810000069439411163e-02,4.619999974966049194e-02,6.960000097751617432e-02
1.438000053167343140e-01,1.221000030636787415e-01,8.590000122785568237e-02,6.480000168085098267e-02,8.030000329017639160e-02,4.369999840855598450e-02,5.440000072121620178e-02,4.329999908804893494e-02,2.630000002682209015e-02,3.170000016689300537e-02,3.970000147819519043e-02,6.719999760389328003e-02,9.549999982118606567e-02,7.739999890327453613e-02,8.389999717473983765e-02,1.321000009775161743e-01,1.424999982118606567e-01,3.079999983310699463e-01,3.280000090599060059e-01,3.079999983310699463e-01,3.009999990463256836e-01,2.989999949932098389e-01,3.019999861717224121e-01,3.019999861717224121e-01,2.960000038146972656e-01,7.450000196695327759e-02,5.660000070929527283e-02,8.380000293254852295e-02,7.530000060796737671e-02,8.320000022649765015e-02,7.940000295639038086e-02,5.900000035762786865e-02,7.460000365972518921e-02,7.220000028610229492e-02,5.530000105500221252e-02,4.149999842047691345e-02,3.929999843239784241e-02,3.900000080466270447e-02,5.299999937415122986e-02,7.739999890327453613e-02,3.030000030994415283e-01,2.960000038146972656e-01,2.980000078678131104e-01,3.050000071525573730e-01,3.149999976158142090e-01,3.384000062942504883e-01,3.269999921321868896e-01,3.210000097751617432e-01,3.420000076293945312e-01,3.476999998092651367e-01,3.465000092983245850e-01,3.179999887943267822e-01,1.260000001639127731e-02,9.679999947547912598e-02,1.035000011324882507e-01,1.682000011205673218e-01,2.444999963045120239e-01,2.237000018358230591e-01,1.773999929428100586e-01,1.375000029802322388e-01,1.421999931335449219e-01,1.049000024795532227e-01,1.017000004649162292e-01,7.829999923706054688e-02,8.680000156164169312e-02,1.111999973654747009e-01,1.391000002622604370e-01,1.145000010728836060e-01,9.409999847412109375e-02,8.259999752044677734e-02,1.156999990344047546e-01,1.045000031590461731e-01,6.889999657869338989e-02,1.066000014543533325e-01,1.447000056505203247e-01,1.112999990582466125e-01,1.800999939441680908e-01,1.269000023603439331e-01,7.859999686479568481e-02,9.600000083446502686e-02,1.208000034093856812e-01,1.817000061273574829e-01,1.611000001430511475e-01,1.542000025510787964e-01,1.527000069618225098e-01,1.862999945878982544e-01,1.747999936342239380e-01,1.185000017285346985e-01,1.447000056505203247e-01,1.928000003099441528e-01,1.844999939203262329e-01,1.165999993681907654e-01,8.190000057220458984e-02,6.409999728202819824e-02,5.779999867081642151e-02,4.940000176429748535e-02,4.820000007748603821e-02,4.580000042915344238e-02,6.440000236034393311e-02,5.220000073313713074e-02
1.360999941825866699e-01,1.145000010728836060e-01,1.160999983549118042e-01,7.119999825954437256e-02,6.899999827146530151e-02,2.960000000894069672e-02,4.380000010132789612e-02,3.060000017285346985e-02,3.159999847412109375e-02,3.180000185966491699e-02,3.159999847412109375e-02,3.150000050663948059e-02,7.169999927282333374e-02,7.949999719858169556e-02,8.739999681711196899e-02,1.611000001430511475e-01,8.820000290870666504e-02,3.100000023841857910e-01,3.230000138282775879e-01,3.280000090599060059e-01,3.050000071525573730e-01,2.960000038146972656e-01,2.980000078678131104e-01,2.939999997615814209e-01,1.206000000238418579e-01,1.446000039577484131e-01,5.570000037550926208e-02,4.679999873042106628e-02,8.510000258684158325e-02,7.689999788999557495e-02,6.549999862909317017e-02,6.589999794960021973e-02,7.760000228881835938e-02,6.060000136494636536e-02,4.329999908804893494e-02,3.119999915361404419e-02,3.220000118017196655e-02,2.190000005066394806e-02,4.699999839067459106e-02,6.120000034570693970e-02,4.160000011324882507e-02,1.368000060319900513e-01,3.059999942779541016e-01,3.000000119209289551e-01,3.149999976158142090e-01,3.289999961853027344e-01,3.269999921321868896e-01,3.249999880790710449e-01,3.359999954700469971e-01,3.350000083446502686e-01,3.459999859333038330e-01,3.319999873638153076e-01,3.409999907016754150e-01,3.249999880790710449e-01,7.549999654293060303e-02,1.974000036716461182e-01,2.348999977111816406e-01,2.064000070095062256e-01,1.799000054597854614e-01,1.560000032186508179e-01,9.309999644756317139e-02,1.106999963521957397e-01,1.084000021219253540e-01,9.679999947547912598e-02,1.077999994158744812e-01,9.160000085830688477e-02,1.041999980807304382e-01,8.290000259876251221e-02,7.349999994039535522e-02,1.059999987483024597e-01,1.238000020384788513e-01,1.145000010728836060e-01,7.370000332593917847e-02,1.124000027775764465e-01,1.942999958992004395e-01,1.360000073909759521e-01,1.085999980568885803e-01,1.018000021576881409e-01,6.849999725818634033e-02,1.493999958038330078e-01,2.166000008583068848e-01,1.712000072002410889e-01,2.286999970674514771e-01,1.956000030040740967e-01,1.869000047445297241e-01,1.519999951124191284e-01,1.589999943971633911e-01,1.677999943494796753e-01,1.228000000119209290e-01,1.231999993324279785e-01,1.070000007748603821e-01,6.480000168085098267e-02,8.380000293254852295e-02,6.800000369548797607e-02,6.939999759197235107e-02,4.980000108480453491e-02,4.509999975562095642e-02,4.540000110864639282e-02,4.349999874830245972e-02,4.540000110864639282e-02
8.869999647140502930e-02,1.120000034570693970e-01,1.085999980568885803e-01,7.230000197887420654e-02,6.340000033378601074e-02,2.009999938309192657e-02,3.590000048279762268e-02,3.900000080466270447e-02,2.400000020861625671e-02,3.180000185966491699e-02,2.850000001490116119e-02,3.409999981522560120e-02,5.169999971985816956e-02,6.199999898672103882e-02,1.035000011324882507e-01,1.899999976158142090e-01,1.430999934673309326e-01,3.050000071525573730e-01,3.280000090599060059e-01,3.210000097751617432e-01,3.140000104904174805e-01,3.030000030994415283e-01,3.019999861717224121e-01,3.059999942779541016e-01,3.109999895095825195e-01,9.099999815225601196e-02,8.839999884366989136e-02,6.960000097751617432e-02,6.909999996423721313e-02,5.999999865889549255e-02,5.629999935626983643e-02,4.129999876022338867e-02,4.280000180006027222e-02,4.089999943971633911e-02,3.409999981522560120e-02,3.079999983310699463e-02,2.030000090599060059e-02,1.789999939501285553e-02,2.979999966919422150e-02,2.659999951720237732e-02,5.099999904632568359e-02,7.450000196695327759e-02,4.459999874234199524e-02,7.559999823570251465e-02,9.340000152587890625e-02,3.260000050067901611e-01,3.350000083446502686e-01,3.339999914169311523e-01,3.359999954700469971e-01,3.249999880790710449e-01,3.454000055789947510e-01,3.330000042915344238e-01,3.280000090599060059e-01,3.269999921321868896e-01,3.330000042915344238e-01,3.420000076293945312e-01,2.004999965429306030e-01,1.720999926328659058e-01,1.001999974250793457e-01,1.255999952554702759e-01,1.014999970793724060e-01,1.184000000357627869e-01,9.390000253915786743e-02,6.989999860525131226e-02,1.018999963998794556e-01,9.849999845027923584e-02,1.351999938488006592e-01,1.089999973773956299e-01,1.070000007748603821e-01,7.060000300407409668e-02,1.582999974489212036e-01,8.449999988079071045e-02,8.470000326633453369e-02,1.755000054836273193e-01,1.976999938488006592e-01,1.112999990582466125e-01,6.560000032186508179e-02,7.230000197887420654e-02,5.299999937415122986e-02,1.308999955654144287e-01,1.465999931097030640e-01,1.497000008821487427e-01,1.436000019311904907e-01,1.811999976634979248e-01,1.360999941825866699e-01,1.713999956846237183e-01,1.108999997377395630e-01,1.503999978303909302e-01,1.155999973416328430e-01,9.420000016689300537e-02,9.329999983310699463e-02,7.500000298023223877e-02,1.031000018119812012e-01,5.750000104308128357e-02,5.759999901056289673e-02,4.580000042915344238e-02,3.460000082850456238e-02,4.160000011324882507e-02,7.329999655485153198e-02,5.380000174045562744e-02
6.260000169277191162e-02,8.760000020265579224e-02,6.979999691247940063e-02,7.129999995231628418e-02,4.300000146031379700e-02,4.270000010728836060e-02,4.050000011920928955e-02,3.420000150799751282e-02,3.810000047087669373e-02,2.630000002682209015e-02,3.240000084042549133e-02,3.539999946951866150e-02,4.830000177025794983e-02,4.329999908804893494e-02,1.001000031828880310e-01,1.273999959230422974e-01,3.240000009536743164e-01,3.079999983310699463e-01,3.269999921321868896e-01,3.219999969005584717e-01,3.070000112056732178e-01,3.059999942779541016e-01,3.050000071525573730e-01,3.260000050067901611e-01,3.170000016689300537e-01,1.574999988079071045e-01,9.910000115633010864e-02,9.629999846220016479e-02,7.760000228881835938e-02,5.429999902844429016e-02,3.730000182986259460e-02,2.879999950528144836e-02,3.810000047087669373e-02,4.699999839067459106e-02,3.449999913573265076e-02,2.500000037252902985e-02,2.549999952316284180e-02,2.590000070631504059e-02,2.610000036656856537e-02,3.379999846220016479e-02,6.019999831914901733e-02,5.090000107884407043e-02,6.060000136494636536e-02,8.950000256299972534e-02,5.440000072121620178e-02,3.150000050663948059e-02,3.438000082969665527e-01,3.350000083446502686e-01,3.336000144481658936e-01,3.149999976158142090e-01,3.289999961853027344e-01,3.449999988079071045e-01,3.400000035762786865e-01,3.359000086784362793e-01,3.330000042915344238e-01,3.420000076293945312e-01,3.400000035762786865e-01,3.529999852180480957e-01,7.109999656677246094e-02,8.110000193119049072e-02,1.070000007748603821e-01,7.299999892711639404e-02,5.640000104904174805e-02,8.150000125169754028e-02,1.611000001430511475e-01,1.868000030517578125e-01,1.336999982595443726e-01,9.769999980926513672e-02,1.454000025987625122e-01,1.568000018596649170e-01,9.740000218152999878e-02,1.272999942302703857e-01,1.629000008106231689e-01,1.941000074148178101e-01,2.019000053405761719e-01,1.142999976873397827e-01,5.979999899864196777e-02,5.200000107288360596e-02,9.149999916553497314e-02,1.352999955415725708e-01,1.962999999523162842e-01,1.743000000715255737e-01,1.588999927043914795e-01,1.935999989509582520e-01,1.319999992847442627e-01,2.213999927043914795e-01,1.969999969005584717e-01,1.459999978542327881e-01,1.567000001668930054e-01,8.910000324249267578e-02,1.046999990940093994e-01,6.430000066757202148e-02,7.949999719858169556e-02,4.890000075101852417e-02,3.860000148415565491e-02,3.559999912977218628e-02,2.940000034868717194e-02,5.909999832510948181e-02,7.880000025033950806e-02,7.190000265836715698e-02
9.560000151395797729e-02,6.480000168085098267e-02,5.979999899864196777e-02,1.547999978065490723e-01,1.180000007152557373e-01,6.140000000596046448e-02,3.370000049471855164e-02,4.589999839663505554e-02,4.699999839067459106e-02,4.369999840855598450e-02,3.180000185966491699e-02,2.319999970495700836e-02,4.740000143647193909e-02,5.810000002384185791e-02,1.028999984264373779e-01,9.359999746084213257e-02,3.179999887943267822e-01,3.100000023841857910e-01,3.240000009536743164e-01,3.330000042915344238e-01,3.149999976158142090e-01,3.055000007152557373e-01,3.172000050544738770e-01,3.240000009536743164e-01,3.212000131607055664e-01,3.050000071525573730e-01,1.683000028133392334e-01,7.090000063180923462e-02,4.780000075697898865e-02,2.620000019669532776e-02,2.830000035464763641e-02,3.770000115036964417e-02,7.000000029802322388e-02,4.919999837875366211e-02,3.159999847412109375e-02,3.550000116229057312e-02,2.180000022053718567e-02,3.790000081062316895e-02,4.870000109076499939e-02,5.350000038743019104e-02,6.729999929666519165e-02,5.460000038146972656e-02,4.879999905824661255e-02,6.190000101923942566e-02,6.369999796152114868e-02,7.389999926090240479e-02,8.709999918937683105e-02,1.710000075399875641e-02,3.449999988079071045e-01,3.231000006198883057e-01,3.330000042915344238e-01,3.359999954700469971e-01,3.472000062465667725e-01,3.418999910354614258e-01,3.449999988079071045e-01,3.379000127315521240e-01,3.170000016689300537e-01,3.280000090599060059e-01,3.350000083446502686e-01,5.220000073313713074e-02,9.459999948740005493e-02,8.349999785423278809e-02,5.429999902844429016e-02,1.024999991059303284e-01,1.601999998092651367e-01,1.922000050544738770e-01,2.066999971866607666e-01,1.115999966859817505e-01,9.839999675750732422e-02,1.133999973535537720e-01,1.486999988555908203e-01,1.270000040531158447e-01,2.006999999284744263e-01,1.221999973058700562e-01,8.839999884366989136e-02,1.190999969840049744e-01,7.410000264644622803e-02,6.419999897480010986e-02,9.279999881982803345e-02,1.580000072717666626e-01,1.064999997615814209e-01,1.578000038862228394e-01,1.070000007748603821e-01,1.333000063896179199e-01,1.054000034928321838e-01,1.057000011205673218e-01,1.710000038146972656e-01,1.747999936342239380e-01,1.528999954462051392e-01,6.580000370740890503e-02,6.620000302791595459e-02,5.359999835491180420e-02,5.530000105500221252e-02,5.059999972581863403e-02,3.510000184178352356e-02,3.539999946951866150e-02,3.249999880790710449e-02,3.990000113844871521e-02,7.000000029802322388e-02,6.040000170469284058e-02
9.030000120401382446e-02,8.839999884366989136e-02,7.500000298023223877e-02,8.839999884366989136e-02,5.609999969601631165e-02,5.590000003576278687e-02,4.459999874234199524e-02,3.440000116825103760e-02,3.030000068247318268e-02,3.759999945759773254e-02,3.970000147819519043e-02,6.150000169873237610e-02,4.289999976754188538e-02,6.809999793767929077e-02,6.660000234842300415e-02,1.576000005006790161e-01,3.280000090599060059e-01,3.050000071525573730e-01,3.070000112056732178e-01,3.240000009536743164e-01,3.219999969005584717e-01,3.149999976158142090e-01,3.050000071525573730e-01,3.140000104904174805e-01,3.079999983310699463e-01,2.989999949932098389e-01,3.160000145435333252e-01,1.565999984741210938e-01,4.839999973773956299e-02,4.520000144839286804e-02,4.289999976754188538e-02,3.900000080466270447e-02,5.350000038743019104e-02,5.020000040531158447e-02,2.740000002086162567e-02,2.449999935925006866e-02,2.610000036656856537e-02,4.289999976754188538e-02,5.469999834895133972e-02,5.750000104308128357e-02,6.729999929666519165e-02,5.939999967813491821e-02,8.150000125169754028e-02,6.899999827146530151e-02,3.779999911785125732e-02,6.949999928474426270e-02,6.030000001192092896e-02,3.819999843835830688e-02,4.980000108480453491e-02,4.140000045299530029e-02,3.289000093936920166e-01,3.269999921321868896e-01,3.359999954700469971e-01,3.420000076293945312e-01,3.361999988555908203e-01,3.321999907493591309e-01,3.339999914169311523e-01,3.280000090599060059e-01,3.366999924182891846e-01,3.240000009536743164e-01,3.219999969005584717e-01,5.979999899864196777e-02,6.430000066757202148e-02,7.440000027418136597e-02,9.260000288486480713e-02,1.435000002384185791e-01,1.380999982357025146e-01,1.421999931335449219e-01,1.250000000000000000e-01,7.890000194311141968e-02,8.259999752044677734e-02,1.336999982595443726e-01,1.588999927043914795e-01,9.989999979734420776e-02,9.329999983310699463e-02,8.789999783039093018e-02,1.098000034689903259e-01,7.519999891519546509e-02,1.186000034213066101e-01,1.181000024080276489e-01,7.890000194311141968e-02,1.198000013828277588e-01,9.910000115633010864e-02,1.198000013828277588e-01,1.247000023722648621e-01,1.238999962806701660e-01,1.467999964952468872e-01,1.770000010728836060e-01,1.221000030636787415e-01,9.579999744892120361e-02,7.519999891519546509e-02,5.640000104904174805e-02,2.989999949932098389e-02,4.630000144243240356e-02,5.160000175237655640e-02,5.820000171661376953e-02,5.999999865889549255e-02,3.739999979734420776e-02,3.739999979734420776e-02,3.539999946951866150e-02
7.710000127553939819e-02,9.390000253915786743e-02,6.679999828338623047e-02,6.329999864101409912e-02,3.390000015497207642e-02,3.249999880790710449e-02,4.300000146031379700e-02,4.710000008344650269e-02,4.160000011324882507e-02,2.669999934732913971e-02,3.130000084638595581e-02,2.930000051856040955e-02,4.699999839067459106e-02,5.000000074505805969e-02,7.479999959468841553e-02,7.530000060796737671e-02,1.224000006914138794e-01,3.160000145435333252e-01,3.079999983310699463e-01,3.269999921321868896e-01,3.199999928474426270e-01,3.109999895095825195e-01,3.140000104904174805e-01,3.140000104904174805e-01,3.070000112056732178e-01,3.100000023841857910e-01,3.079999983310699463e-01,3.109999895095825195e-01,1.728000044822692871e-01,3.770000115036964417e-02,2.669999934732913971e-02,4.520000144839286804e-02,5.530000105500221252e-02,4.459999874234199524e-02,3.119999915361404419e-02,3.400000184774398804e-02,4.320000112056732178e-02,4.439999908208847046e-02,6.329999864101409912e-02,6.849999725818634033e-02,6.780000030994415283e-02,4.729999974370002747e-02,2.889999933540821075e-02,4.830000177025794983e-02,3.720000013709068298e-02,4.100000113248825073e-02,5.460000038146972656e-02,4.080000147223472595e-02,4.270000010728836060e-02,2.490000054240226746e-02,3.869999945163726807e-02,3.869999945163726807e-02,3.280000090599060059e-01,3.330000042915344238e-01,3.350000083446502686e-01,3.366999924182891846e-01,3.260000050067901611e-01,3.470000028610229492e-01,3.379999995231628418e-01,3.449999988079071045e-01,3.230000138282775879e-01,3.079999983310699463e-01,9.000000357627868652e-02,6.610000133514404297e-02,9.579999744892120361e-02,1.509000062942504883e-01,1.367000043392181396e-01,1.288000047206878662e-01,1.312000006437301636e-01,1.195999979972839355e-01,1.042999997735023499e-01,9.260000288486480713e-02,9.549999982118606567e-02,8.600000292062759399e-02,7.760000228881835938e-02,1.048000007867813110e-01,8.560000360012054443e-02,6.930000334978103638e-02,7.779999822378158569e-02,9.880000352859497070e-02,1.023999974131584167e-01,1.310999989509582520e-01,1.187999993562698364e-01,1.230999976396560669e-01,1.125999987125396729e-01,1.316999942064285278e-01,1.379999965429306030e-01,1.605000048875808716e-01,1.216999962925910950e-01,1.251000016927719116e-01,7.150000333786010742e-02,4.380000010132789612e-02,2.979999966919422150e-02,3.269999846816062927e-02,4.320000112056732178e-02,4.670000076293945312e-02,4.210000112652778625e-02,3.370000049471855164e-02,2.480000071227550507e-02,5.400000140070915222e-02
6.350000202655792236e-02,8.389999717473983765e-02,8.630000054836273193e-02,4.890000075101852417e-02,5.640000104904174805e-02,7.869999855756759644e-02,6.909999996423721313e-02,6.560000032186508179e-02,4.500000178813934326e-02,4.560000076889991760e-02,3.849999979138374329e-02,2.889999933540821075e-02,6.069999933242797852e-02,6.409999728202819824e-02,6.040000170469284058e-02,4.679999873042106628e-02,7.320000231266021729e-02,1.889999955892562866e-01,3.149999976158142090e-01,3.269999921321868896e-01,3.199999928474426270e-01,3.149999976158142090e-01,3.140000104904174805e-01,3.190000057220458984e-01,3.249999880790710449e-01,3.079999983310699463e-01,3.149999976158142090e-01,3.129999935626983643e-01,3.278999924659729004e-01,1.638000011444091797e-01,3.420000150799751282e-02,5.169999971985816956e-02,5.150000005960464478e-02,4.450000077486038208e-02,4.509999975562095642e-02,4.600000008940696716e-02,4.850000143051147461e-02,5.970000103116035461e-02,8.179999887943267822e-02,7.020000368356704712e-02,5.209999904036521912e-02,4.569999873638153076e-02,2.769999951124191284e-02,5.139999836683273315e-02,7.039999961853027344e-02,1.035000011324882507e-01,8.259999752044677734e-02,5.050000175833702087e-02,4.769999906420707703e-02,3.460000082850456238e-02,5.220000073313713074e-02,4.710000008344650269e-02,6.390000134706497192e-02,8.550000190734863281e-02,3.269999921321868896e-01,3.249999880790710449e-01,3.255999982357025146e-01,3.429999947547912598e-01,3.350000083446502686e-01,3.350000083446502686e-01,3.199999928474426270e-01,3.140000104904174805e-01,3.140000104904174805e-01,3.100000023841857910e-01,4.140000045299530029e-02,1.208000034093856812e-01,1.465000063180923462e-01,1.541000008583068848e-01,1.203999966382980347e-01,9.089999645948410034e-02,6.459999829530715942e-02,1.501999944448471069e-01,9.040000289678573608e-02,1.468999981880187988e-01,1.031000018119812012e-01,1.216000020503997803e-01,1.068999990820884705e-01,9.309999644756317139e-02,5.909999832510948181e-02,8.100000023841857910e-02,7.169999927282333374e-02,7.710000127553939819e-02,1.705999970436096191e-01,1.206000000238418579e-01,1.120000034570693970e-01,1.064999997615814209e-01,9.839999675750732422e-02,1.145000010728836060e-01,1.128000020980834961e-01,9.319999814033508301e-02,7.739999890327453613e-02,6.329999864101409912e-02,3.680000081658363342e-02,3.590000048279762268e-02,3.559999912977218628e-02,4.210000112652778625e-02,4.890000075101852417e-02,4.800000041723251343e-02,4.560000076889991760e-02,7.599999755620956421e-02
7.710000127553939819e-02,1.059999987483024597e-01,8.280000090599060059e-02,8.680000156164169312e-02,5.559999868273735046e-02,6.610000133514404297e-02,8.560000360012054443e-02,8.160000294446945190e-02,7.060000300407409668e-02,7.060000300407409668e-02,4.830000177025794983e-02,5.099999904632568359e-02,4.580000042915344238e-02,4.780000075697898865e-02,6.019999831914901733e-02,7.959999889135360718e-02,9.040000289678573608e-02,1.203000023961067200e-01,1.629000008106231689e-01,3.230000138282775879e-01,3.280000090599060059e-01,3.289999961853027344e-01,3.190000057220458984e-01,3.109999895095825195e-01,3.109999895095825195e-01,3.140000104904174805e-01,3.170000016689300537e-01,3.190000057220458984e-01,3.219999969005584717e-01,3.170000016689300537e-01,3.030000030994415283e-01,5.770000070333480835e-02,7.959999889135360718e-02,6.310000270605087280e-02,5.240000039339065552e-02,5.539999902248382568e-02,8.380000293254852295e-02,8.240000158548355103e-02,8.269999921321868896e-02,5.590000003576278687e-02,6.350000202655792236e-02,3.150000050663948059e-02,2.749999985098838806e-02,3.519999980926513672e-02,5.119999870657920837e-02,7.630000263452529907e-02,6.449999660253524780e-02,7.639999687671661377e-02,7.069999724626541138e-02,8.349999785423278809e-02,6.580000370740890503e-02,6.509999930858612061e-02,4.749999940395355225e-02,4.490000009536743164e-02,3.219999969005584717e-01,3.289999961853027344e-01,3.249999880790710449e-01,3.249999880790710449e-01,3.240000009536743164e-01,3.330000042915344238e-01,3.240000009536743164e-01,3.109999895095825195e-01,3.179999887943267822e-01,3.230000138282775879e-01,1.133999973535537720e-01,1.269000023603439331e-01,1.162000000476837158e-01,1.168999969959259033e-01,8.760000020265579224e-02,5.640000104904174805e-02,3.629999980330467224e-02,6.979999691247940063e-02,1.301999986171722412e-01,9.319999814033508301e-02,7.509999722242355347e-02,9.160000085830688477e-02,4.140000045299530029e-02,7.440000027418136597e-02,7.249999791383743286e-02,7.530000060796737671e-02,5.889999866485595703e-02,9.629999846220016479e-02,1.272999942302703857e-01,1.085999980568885803e-01,1.516000032424926758e-01,8.910000324249267578e-02,1.462000012397766113e-01,1.326999962329864502e-01,1.316999942064285278e-01,7.349999994039535522e-02,8.690000325441360474e-02,4.760000109672546387e-02,5.930000171065330505e-02,3.660000115633010864e-02,4.560000076889991760e-02,3.130000084638595581e-02,6.360000371932983398e-02,5.229999870061874390e-02,4.500000178813934326e-02,4.210000112652778625e-02
9.440000355243682861e-02,8.799999952316284180e-02,7.119999825954437256e-02,6.859999895095825195e-02,8.049999922513961792e-02,1.085999980568885803e-01,9.790000319480895996e-02,1.058000028133392334e-01,9.030000120401382446e-02,4.149999842047691345e-02,6.010000035166740417e-02,3.970000147819519043e-02,4.030000045895576477e-02,3.390000015497207642e-02,4.320000112056732178e-02,7.699999958276748657e-02,1.314000040292739868e-01,1.432999968528747559e-01,1.538999974727630615e-01,1.565999984741210938e-01,3.170000016689300537e-01,3.260000050067901611e-01,3.140000104904174805e-01,3.140000104904174805e-01,3.059000074863433838e-01,3.280000090599060059e-01,3.043000102043151855e-01,3.170000016689300537e-01,3.219999969005584717e-01,3.140000104904174805e-01,3.039999902248382568e-01,1.368000060319900513e-01,6.419999897480010986e-02,1.198000013828277588e-01,5.950000137090682983e-02,3.550000116229057312e-02,4.850000143051147461e-02,5.480000004172325134e-02,5.009999871253967285e-02,3.799999877810478210e-02,7.079999893903732300e-02,4.289999976754188538e-02,4.360000044107437134e-02,4.690000042319297791e-02,3.929999843239784241e-02,7.050000131130218506e-02,5.810000002384185791e-02,1.001000031828880310e-01,5.200000107288360596e-02,9.030000120401382446e-02,8.299999684095382690e-02,4.600000008940696716e-02,5.009999871253967285e-02,4.300000146031379700e-02,5.310000106692314148e-02,1.511999964714050293e-01,3.240000009536743164e-01,3.230000138282775879e-01,3.240000009536743164e-01,3.359999954700469971e-01,3.240000009536743164e-01,3.129999935626983643e-01,3.170000016689300537e-01,3.140000104904174805e-01,3.109999895095825195e-01,1.466999948024749756e-01,1.106000021100044250e-01,7.339999824762344360e-02,9.650000184774398804e-02,5.279999971389770508e-02,4.170000180602073669e-02,5.119999870657920837e-02,1.071999967098236084e-01,1.074000000953674316e-01,8.479999750852584839e-02,9.749999642372131348e-02,5.909999832510948181e-02,5.930000171065330505e-02,5.990000069141387939e-02,6.759999692440032959e-02,9.059999883174896240e-02,9.939999878406524658e-02,1.460999995470046997e-01,1.561000049114227295e-01,1.534000039100646973e-01,1.548999994993209839e-01,2.255000025033950806e-01,1.942999958992004395e-01,9.979999810457229614e-02,6.589999794960021973e-02,5.799999833106994629e-02,5.240000039339065552e-02,6.520000100135803223e-02,4.699999839067459106e-02,3.979999944567680359e-02,3.539999946951866150e-02,3.629999980330467224e-02,5.389999970793724060e-02,4.910000041127204895e-02,6.210000067949295044e-02
4.890000075101852417e-02,6.759999692440032959e-02,5.380000174045562744e-02,7.050000131130218506e-02,9.380000084638595581e-02,1.004000008106231689e-01,7.299999892711639404e-02,5.139999836683273315e-02,6.369999796152114868e-02,4.600000008940696716e-02,4.459999874234199524e-02,6.319999694824218750e-02,5.680000036954879761e-02,2.620000019669532776e-02,4.050000011920928955e-02,7.280000299215316772e-02,1.098000034689903259e-01,1.612000018358230591e-01,9.860000014305114746e-02,1.035000011324882507e-01,1.529999971389770508e-01,3.249999880790710449e-01,3.160000145435333252e-01,2.980000078678131104e-01,3.059999942779541016e-01,3.079999983310699463e-01,3.190000057220458984e-01,3.230000138282775879e-01,3.109999895095825195e-01,3.079999983310699463e-01,2.949999868869781494e-01,9.629999846220016479e-02,8.190000057220458984e-02,8.839999884366989136e-02,8.980000019073486328e-02,6.129999831318855286e-02,5.990000069141387939e-02,4.610000178217887878e-02,4.069999977946281433e-02,4.479999840259552002e-02,5.270000174641609192e-02,3.959999978542327881e-02,5.009999871253967285e-02,5.260000005364418030e-02,7.750000059604644775e-02,7.090000063180923462e-02,6.560000032186508179e-02,7.670000195503234863e-02,6.140000000596046448e-02,1.332000046968460083e-01,1.228000000119209290e-01,7.270000129938125610e-02,1.045000031590461731e-01,5.530000105500221252e-02,5.310000106692314148e-02,1.511999964714050293e-01,1.800000071525573730e-01,3.269999921321868896e-01,3.140000104904174805e-01,3.289999961853027344e-01,3.230000138282775879e-01,3.089999854564666748e-01,3.100000023841857910e-01,3.140000104904174805e-01,3.070000112056732178e-01,1.493999958038330078e-01,5.799999833106994629e-02,5.499999970197677612e-02,3.539999946951866150e-02,3.909999877214431763e-02,7.379999756813049316e-02,3.739999979734420776e-02,5.869999900460243225e-02,7.270000129938125610e-02,9.040000289678573608e-02,9.539999812841415405e-02,8.120000362396240234e-02,1.013000011444091797e-01,9.350000321865081787e-02,9.290000051259994507e-02,1.062999963760375977e-01,9.719999879598617554e-02,1.229000017046928406e-01,1.316999942064285278e-01,1.527999937534332275e-01,1.870000064373016357e-01,2.143999934196472168e-01,1.406999975442886353e-01,8.760000020265579224e-02,7.460000365972518921e-02,6.300000101327896118e-02,3.449999913573265076e-02,5.299999937415122986e-02,4.839999973773956299e-02,6.750000268220901489e-02,3.979999944567680359e-02,3.689999878406524658e-02,8.229999989271163940e-02,6.949999928474426270e-02,8.940000087022781372e-02
4.639999940991401672e-02,6.769999861717224121e-02,5.939999967813491821e-02,7.370000332593917847e-02,9.880000352859497070e-02,1.054000034928321838e-01,4.450000077486038208e-02,5.730000138282775879e-02,5.420000106096267700e-02,1.005999967455863953e-01,8.139999955892562866e-02,7.349999994039535522e-02,5.180000141263008118e-02,3.379999846220016479e-02,2.850000001490116119e-02,5.799999833106994629e-02,9.799999743700027466e-02,9.049999713897705078e-02,7.360000163316726685e-02,6.530000269412994385e-02,4.050000011920928955e-02,3.779999911785125732e-02,2.960000038146972656e-01,3.030000030994415283e-01,2.899999916553497314e-01,2.980000078678131104e-01,3.030000030994415283e-01,3.149999976158142090e-01,3.160000145435333252e-01,3.059999942779541016e-01,3.000000119209289551e-01,3.030000030994415283e-01,1.674000024795532227e-01,6.159999966621398926e-02,9.359999746084213257e-02,4.890000075101852417e-02,7.850000262260437012e-02,6.580000370740890503e-02,5.070000141859054565e-02,5.110000073909759521e-02,6.199999898672103882e-02,4.580000042915344238e-02,4.280000180006027222e-02,5.759999901056289673e-02,5.240000039339065552e-02,4.490000009536743164e-02,6.129999831318855286e-02,5.770000070333480835e-02,5.999999865889549255e-02,8.179999887943267822e-02,1.155000030994415283e-01,9.730000048875808716e-02,8.649999648332595825e-02,1.542000025510787964e-01,6.870000064373016357e-02,4.980000108480453491e-02,1.314000040292739868e-01,3.240000009536743164e-01,3.249999880790710449e-01,3.280000090599060059e-01,3.260000050067901611e-01,3.089999854564666748e-01,3.160000145435333252e-01,3.140000104904174805e-01,2.989999949932098389e-01,1.502999961376190186e-01,3.229999914765357971e-02,3.849999979138374329e-02,6.159999966621398926e-02,5.389999970793724060e-02,6.520000100135803223e-02,4.210000112652778625e-02,7.540000230073928833e-02,7.549999654293060303e-02,7.880000025033950806e-02,1.084000021219253540e-01,1.314000040292739868e-01,1.287000030279159546e-01,1.250000000000000000e-01,7.389999926090240479e-02,1.700000017881393433e-01,1.501999944448471069e-01,1.255999952554702759e-01,1.059999987483024597e-01,1.096000000834465027e-01,1.668999940156936646e-01,2.104000002145767212e-01,1.588000059127807617e-01,1.439000070095062256e-01,1.369999945163726807e-01,5.420000106096267700e-02,4.890000075101852417e-02,5.719999969005584717e-02,6.480000168085098267e-02,4.919999837875366211e-02,4.780000075697898865e-02,2.449999935925006866e-02,3.799999877810478210e-02,5.330000072717666626e-02,6.129999831318855286e-02
2.620000019669532776e-02,3.990000113844871521e-02,5.380000174045562744e-02,8.680000156164169312e-02,1.286000013351440430e-01,8.990000188350677490e-02,7.329999655485153198e-02,5.860000103712081909e-02,6.759999692440032959e-02,5.970000103116035461e-02,4.399999976158142090e-02,6.520000100135803223e-02,5.200000107288360596e-02,4.749999940395355225e-02,3.900000080466270447e-02,5.429999902844429016e-02,8.139999955892562866e-02,8.089999854564666748e-02,9.809999912977218628e-02,5.139999836683273315e-02,5.200000107288360596e-02,6.010000035166740417e-02,1.583999991416931152e-01,2.960000038146972656e-01,2.919999957084655762e-01,3.039999902248382568e-01,3.079999983310699463e-01,3.199999928474426270e-01,3.140000104904174805e-01,3.160000145435333252e-01,3.050000071525573730e-01,3.009999990463256836e-01,2.989999949932098389e-01,3.039999902248382568e-01,7.450000196695327759e-02,7.230000197887420654e-02,8.340000361204147339e-02,6.260000169277191162e-02,6.140000000596046448e-02,7.540000230073928833e-02,5.449999868869781494e-02,4.960000142455101013e-02,4.089999943971633911e-02,5.119999870657920837e-02,6.679999828338623047e-02,8.980000019073486328e-02,9.319999814033508301e-02,5.519999936223030090e-02,5.869999900460243225e-02,7.100000232458114624e-02,5.590000003576278687e-02,8.420000225305557251e-02,8.630000054836273193e-02,1.190999969840049744e-01,1.146000027656555176e-01,5.909999832510948181e-02,4.010000079870223999e-02,3.120000064373016357e-01,3.160000145435333252e-01,3.240000009536743164e-01,3.269999921321868896e-01,3.199999928474426270e-01,3.230000138282775879e-01,3.170000016689300537e-01,3.089999854564666748e-01,2.980000078678131104e-01,2.510000020265579224e-02,4.140000045299530029e-02,4.659999907016754150e-02,7.540000230073928833e-02,7.500000298023223877e-02,6.019999831914901733e-02,7.779999822378158569e-02,8.709999918937683105e-02,8.190000057220458984e-02,9.030000120401382446e-02,1.212999969720840454e-01,1.367000043392181396e-01,1.498000025749206543e-01,1.004000008106231689e-01,2.041999995708465576e-01,1.077999994158744812e-01,9.250000119209289551e-02,9.979999810457229614e-02,1.623000055551528931e-01,1.713999956846237183e-01,1.594000011682510376e-01,9.099999815225601196e-02,9.189999848604202271e-02,6.120000034570693970e-02,7.689999788999557495e-02,8.699999749660491943e-02,5.860000103712081909e-02,8.449999988079071045e-02,6.129999831318855286e-02,3.830000013113021851e-02,6.909999996423721313e-02,4.749999940395355225e-02,3.640000149607658386e-02,3.559999912977218628e-02
4.050000011920928955e-02,4.259999841451644897e-02,6.830000132322311401e-02,7.230000197887420654e-02,5.490000173449516296e-02,1.022000014781951904e-01,6.350000202655792236e-02,8.770000189542770386e-02,6.809999793767929077e-02,8.240000158548355103e-02,8.089999854564666748e-02,4.670000076293945312e-02,5.719999969005584717e-02,4.839999973773956299e-02,6.350000202655792236e-02,4.369999840855598450e-02,5.999999865889549255e-02,3.200000151991844177e-02,3.559999912977218628e-02,3.180000185966491699e-02,4.369999840855598450e-02,2.779999934136867523e-02,1.683000028133392334e-01,3.019999861717224121e-01,2.989999949932098389e-01,3.019999861717224121e-01,3.000000119209289551e-01,3.109999895095825195e-01,3.160000145435333252e-01,3.129999935626983643e-01,3.070000112056732178e-01,3.100000023841857910e-01,2.879999876022338867e-01,2.809999883174896240e-01,2.870000004768371582e-01,6.840000301599502563e-02,5.779999867081642151e-02,4.450000077486038208e-02,5.779999867081642151e-02,6.790000200271606445e-02,6.140000000596046448e-02,4.800000041723251343e-02,8.160000294446945190e-02,7.249999791383743286e-02,5.480000004172325134e-02,7.549999654293060303e-02,6.759999692440032959e-02,6.570000201463699341e-02,8.540000021457672119e-02,1.079000011086463928e-01,5.209999904036521912e-02,6.560000032186508179e-02,1.001000031828880310e-01,1.010999977588653564e-01,1.216000020503997803e-01,8.749999850988388062e-02,5.139999836683273315e-02,1.187999993562698364e-01,3.330000042915344238e-01,3.289999961853027344e-01,3.170000016689300537e-01,3.163999915122985840e-01,3.109999895095825195e-01,3.269999921321868896e-01,3.041999936103820801e-01,1.359000056982040405e-01,4.690000042319297791e-02,5.779999867081642151e-02,8.030000329017639160e-02,6.089999899268150330e-02,7.559999823570251465e-02,4.149999842047691345e-02,5.490000173449516296e-02,8.609999716281890869e-02,6.660000234842300415e-02,6.499999761581420898e-02,6.960000097751617432e-02,6.560000032186508179e-02,1.014999970793724060e-01,8.770000189542770386e-02,1.041999980807304382e-01,1.080000028014183044e-01,9.409999847412109375e-02,1.471000015735626221e-01,1.061000004410743713e-01,1.228000000119209290e-01,9.629999846220016479e-02,9.380000084638595581e-02,8.789999783039093018e-02,4.780000075697898865e-02,5.900000035762786865e-02,3.819999843835830688e-02,6.620000302791595459e-02,4.500000178813934326e-02,4.069999977946281433e-02,3.539999946951866150e-02,4.069999977946281433e-02,3.920000046491622925e-02,2.669999934732913971e-02,2.789999917149543762e-02
3.290000185370445251e-02,4.329999908804893494e-02,7.760000228881835938e-02,8.259999752044677734e-02,1.106999963521957397e-01,1.203000023961067200e-01,1.092000007629394531e-01,1.035000011324882507e-01,8.330000191926956177e-02,7.549999654293060303e-02,8.439999818801879883e-02,6.239999830722808838e-02,5.400000140070915222e-02,5.730000138282775879e-02,4.430000111460685730e-02,3.379999846220016479e-02,4.219999909400939941e-02,2.319999970495700836e-02,3.339999914169311523e-02,3.979999944567680359e-02,2.749999985098838806e-02,2.260000072419643402e-02,2.669999934732913971e-02,1.710000038146972656e-01,2.899999916553497314e-01,3.109999895095825195e-01,2.960000038146972656e-01,2.960000038146972656e-01,3.240000009536743164e-01,3.190000057220458984e-01,3.100000023841857910e-01,3.278999924659729004e-01,3.059999942779541016e-01,3.030000030994415283e-01,2.860000133514404297e-01,2.849999964237213135e-01,2.989999949932098389e-01,7.320000231266021729e-02,4.989999905228614807e-02,9.210000187158584595e-02,7.689999788999557495e-02,9.319999814033508301e-02,9.309999644756317139e-02,7.230000197887420654e-02,6.120000034570693970e-02,7.569999992847442627e-02,7.900000363588333130e-02,7.240000367164611816e-02,9.510000050067901611e-02,1.212999969720840454e-01,6.539999693632125854e-02,5.139999836683273315e-02,7.989999651908874512e-02,1.035000011324882507e-01,8.200000226497650146e-02,1.028999984264373779e-01,1.529999971389770508e-01,3.160000145435333252e-01,3.339999914169311523e-01,3.260000050067901611e-01,3.280000090599060059e-01,3.330000042915344238e-01,3.109999895095825195e-01,3.210000097751617432e-01,3.070000112056732178e-01,4.569999873638153076e-02,5.550000071525573730e-02,6.499999761581420898e-02,8.690000325441360474e-02,8.579999953508377075e-02,5.799999833106994629e-02,5.200000107288360596e-02,5.750000104308128357e-02,5.480000004172325134e-02,4.670000076293945312e-02,6.719999760389328003e-02,6.409999728202819824e-02,7.970000058412551880e-02,1.001999974250793457e-01,1.035000011324882507e-01,6.909999996423721313e-02,7.199999690055847168e-02,8.609999716281890869e-02,9.109999984502792358e-02,7.800000160932540894e-02,8.709999918937683105e-02,7.230000197887420654e-02,6.159999966621398926e-02,4.699999839067459106e-02,6.880000233650207520e-02,4.690000042319297791e-02,3.449999913573265076e-02,3.959999978542327881e-02,3.920000046491622925e-02,3.480000048875808716e-02,4.170000180602073669e-02,2.879999950528144836e-02,3.590000048279762268e-02,2.960000000894069672e-02,3.720000013709068298e-02
3.860000148415565491e-02,4.390000179409980774e-02,5.079999938607215881e-02,6.679999828338623047e-02,8.699999749660491943e-02,6.660000234842300415e-02,6.849999725818634033e-02,5.499999970197677612e-02,1.059999987483024597e-01,7.169999927282333374e-02,1.054000034928321838e-01,7.779999822378158569e-02,7.280000299215316772e-02,6.199999898672103882e-02,3.920000046491622925e-02,2.830000035464763641e-02,2.920000068843364716e-02,3.700000047683715820e-02,3.150000050663948059e-02,3.819999843835830688e-02,2.630000002682209015e-02,2.850000001490116119e-02,2.229999937117099762e-02,2.480000071227550507e-02,2.960000038146972656e-01,3.089999854564666748e-01,3.170000016689300537e-01,2.989999949932098389e-01,3.199999928474426270e-01,3.289999961853027344e-01,3.070000112056732178e-01,3.199999928474426270e-01,3.089999854564666748e-01,2.969999909400939941e-01,2.879999876022338867e-01,2.960000038146972656e-01,3.000000119209289551e-01,1.124999970197677612e-01,8.910000324249267578e-02,9.719999879598617554e-02,8.240000158548355103e-02,1.128999963402748108e-01,1.032999977469444275e-01,8.649999648332595825e-02,5.680000036954879761e-02,6.880000233650207520e-02,5.189999938011169434e-02,1.243000030517578125e-01,1.671999990940093994e-01,1.456000059843063354e-01,1.027999967336654663e-01,1.176000013947486877e-01,1.014999970793724060e-01,5.669999867677688599e-02,7.549999654293060303e-02,6.759999692440032959e-02,4.520000144839286804e-02,3.330000042915344238e-01,3.379999995231628418e-01,3.129999935626983643e-01,3.120000064373016357e-01,3.070000112056732178e-01,3.000000119209289551e-01,3.140000104904174805e-01,2.969999909400939941e-01,5.040000006556510925e-02,5.930000171065330505e-02,8.980000019073486328e-02,8.100000023841857910e-02,1.076999977231025696e-01,6.629999727010726929e-02,9.860000014305114746e-02,8.869999647140502930e-02,4.980000108480453491e-02,7.199999690055847168e-02,5.970000103116035461e-02,5.779999867081642151e-02,1.074000000953674316e-01,1.221999973058700562e-01,9.269999712705612183e-02,1.031000018119812012e-01,8.470000326633453369e-02,1.155999973416328430e-01,5.310000106692314148e-02,5.770000070333480835e-02,7.689999788999557495e-02,5.759999901056289673e-02,7.199999690055847168e-02,4.940000176429748535e-02,6.179999932646751404e-02,4.980000108480453491e-02,2.639999985694885254e-02,2.669999934732913971e-02,2.129999920725822449e-02,2.429999969899654388e-02,1.799999922513961792e-02,3.240000084042549133e-02,2.170000039041042328e-02,2.030000090599060059e-02,2.280000038444995880e-02
6.960000097751617432e-02,4.210000112652778625e-02,4.179999977350234985e-02,4.230000078678131104e-02,6.729999929666519165e-02,4.500000178813934326e-02,4.749999940395355225e-02,4.890000075101852417e-02,6.809999793767929077e-02,8.389999717473983765e-02,1.000000014901161194e-01,1.341000050306320190e-01,1.089999973773956299e-01,6.629999727010726929e-02,4.600000008940696716e-02,3.299999982118606567e-02,2.529999986290931702e-02,2.910000085830688477e-02,2.690000087022781372e-02,3.790000081062316895e-02,2.940000034868717194e-02,2.869999967515468597e-02,3.379999846220016479e-02,4.170000180602073669e-02,3.759999945759773254e-02,1.638000011444091797e-01,3.260000050067901611e-01,3.210000097751617432e-01,3.160000145435333252e-01,3.240000009536743164e-01,3.009999990463256836e-01,3.240000009536743164e-01,3.070000112056732178e-01,3.039999902248382568e-01,2.980000078678131104e-01,3.019999861717224121e-01,3.059999942779541016e-01,6.509999930858612061e-02,1.112999990582466125e-01,8.139999955892562866e-02,8.940000087022781372e-02,6.729999929666519165e-02,1.414999961853027344e-01,1.333000063896179199e-01,1.108999997377395630e-01,6.920000165700912476e-02,8.990000188350677490e-02,8.980000019073486328e-02,1.328999996185302734e-01,1.415999978780746460e-01,1.023999974131584167e-01,1.190999969840049744e-01,1.251000016927719116e-01,8.389999717473983765e-02,6.939999759197235107e-02,7.440000027418136597e-02,1.817999929189682007e-01,3.249999880790710449e-01,3.350000083446502686e-01,3.260000050067901611e-01,3.170000016689300537e-01,3.050000071525573730e-01,3.019999861717224121e-01,2.989999949932098389e-01,9.269999712705612183e-02,3.970000147819519043e-02,5.059999972581863403e-02,7.079999893903732300e-02,1.130999997258186340e-01,1.324000060558319092e-01,8.839999884366989136e-02,1.609999984502792358e-01,9.499999880790710449e-02,8.030000329017639160e-02,5.590000003576278687e-02,7.410000264644622803e-02,1.019999980926513672e-01,1.176000013947486877e-01,9.040000289678573608e-02,7.419999688863754272e-02,6.319999694824218750e-02,9.329999983310699463e-02,7.259999960660934448e-02,5.660000070929527283e-02,8.500000089406967163e-02,4.500000178813934326e-02,4.980000108480453491e-02,4.659999907016754150e-02,5.389999970793724060e-02,4.170000180602073669e-02,2.080000005662441254e-02,2.669999934732913971e-02,1.329999975860118866e-02,1.219999976456165314e-02,1.799999922513961792e-02,2.099999971687793732e-02,2.250000089406967163e-02,2.370000071823596954e-02,2.569999918341636658e-02,1.820000074803829193e-02
8.510000258684158325e-02,5.000000074505805969e-02,3.869999945163726807e-02,5.959999933838844299e-02,5.440000072121620178e-02,4.069999977946281433e-02,4.710000008344650269e-02,5.719999969005584717e-02,6.580000370740890503e-02,1.070000007748603821e-01,9.910000115633010864e-02,8.429999649524688721e-02,7.100000232458114624e-02,8.049999922513961792e-02,5.059999972581863403e-02,3.680000081658363342e-02,2.250000089406967163e-02,2.180000022053718567e-02,2.690000087022781372e-02,4.149999842047691345e-02,2.869999967515468597e-02,3.979999944567680359e-02,1.860000006854534149e-02,2.649999968707561493e-02,3.400000184774398804e-02,4.549999907612800598e-02,4.749999940395355225e-02,1.377000063657760620e-01,3.079999983310699463e-01,3.089999854564666748e-01,3.140000104904174805e-01,3.280000090599060059e-01,2.989999949932098389e-01,3.039999902248382568e-01,3.050000071525573730e-01,3.000000119209289551e-01,3.034000098705291748e-01,1.341000050306320190e-01,1.083000004291534424e-01,8.250000327825546265e-02,7.779999822378158569e-02,6.589999794960021973e-02,1.356000006198883057e-01,1.444000005722045898e-01,1.239999979734420776e-01,5.739999935030937195e-02,1.115999966859817505e-01,9.210000187158584595e-02,1.090999990701675415e-01,1.264999955892562866e-01,1.400000005960464478e-01,1.471000015735626221e-01,1.035000011324882507e-01,7.310000061988830566e-02,7.479999959468841553e-02,6.889999657869338989e-02,3.574999868869781494e-01,3.310000002384185791e-01,3.240000009536743164e-01,3.269999921321868896e-01,3.129999935626983643e-01,3.050000071525573730e-01,3.009999990463256836e-01,2.910000085830688477e-01,4.230000078678131104e-02,4.500000178813934326e-02,5.290000140666961670e-02,9.229999780654907227e-02,1.587000042200088501e-01,1.186999976634979248e-01,1.436000019311904907e-01,1.798000037670135498e-01,1.093000024557113647e-01,4.789999872446060181e-02,3.550000116229057312e-02,5.380000174045562744e-02,6.769999861717224121e-02,7.450000196695327759e-02,9.790000319480895996e-02,1.086999997496604919e-01,7.869999855756759644e-02,7.129999995231628418e-02,7.270000129938125610e-02,8.250000327825546265e-02,4.430000111460685730e-02,4.740000143647193909e-02,5.889999866485595703e-02,4.100000113248825073e-02,3.500000014901161194e-02,2.820000052452087402e-02,2.850000001490116119e-02,1.869999989867210388e-02,1.630000025033950806e-02,1.219999976456165314e-02,1.119999960064888000e-02,1.379999984055757523e-02,2.019999921321868896e-02,1.710000075399875641e-02,9.499999694526195526e-03,2.370000071823596954e-02
5.620000138878822327e-02,3.799999877810478210e-02,4.149999842047691345e-02,4.340000078082084656e-02,6.170000135898590088e-02,4.050000011920928955e-02,7.240000367164611816e-02,5.359999835491180420e-02,5.020000040531158447e-02,4.360000044107437134e-02,5.330000072717666626e-02,4.050000011920928955e-02,5.550000071525573730e-02,7.540000230073928833e-02,6.469999998807907104e-02,5.070000141859054565e-02,5.260000005364418030e-02,3.420000150799751282e-02,2.869999967515468597e-02,3.720000013709068298e-02,2.510000020265579224e-02,2.250000089406967163e-02,2.710000053048133850e-02,4.219999909400939941e-02,5.460000038146972656e-02,4.349999874830245972e-02,4.780000075697898865e-02,5.090000107884407043e-02,3.269999921321868896e-01,3.230000138282775879e-01,3.089999854564666748e-01,3.149999976158142090e-01,3.199999928474426270e-01,3.179999887943267822e-01,2.980000078678131104e-01,2.910000085830688477e-01,3.030000030994415283e-01,3.109999895095825195e-01,1.196999996900558472e-01,1.305000036954879761e-01,5.939999967813491821e-02,8.669999986886978149e-02,1.099999994039535522e-01,1.360000073909759521e-01,1.146000027656555176e-01,9.679999947547912598e-02,1.301999986171722412e-01,7.739999890327453613e-02,9.780000150203704834e-02,8.950000256299972534e-02,1.186999976634979248e-01,1.542000025510787964e-01,1.436000019311904907e-01,1.130999997258186340e-01,7.010000199079513550e-02,1.574999988079071045e-01,3.330000042915344238e-01,3.280000090599060059e-01,3.260000050067901611e-01,3.230000138282775879e-01,3.009999990463256836e-01,3.079999983310699463e-01,3.009999990463256836e-01,7.559999823570251465e-02,6.239999830722808838e-02,4.699999839067459106e-02,4.930000007152557373e-02,4.789999872446060181e-02,8.990000188350677490e-02,1.331000030040740967e-01,8.860000222921371460e-02,9.830000251531600952e-02,9.040000289678573608e-02,7.270000129938125610e-02,5.389999970793724060e-02,6.109999865293502808e-02,5.350000038743019104e-02,7.530000060796737671e-02,5.999999865889549255e-02,8.600000292062759399e-02,5.869999900460243225e-02,5.750000104308128357e-02,7.949999719858169556e-02,1.108999997377395630e-01,9.830000251531600952e-02,4.769999906420707703e-02,5.499999970197677612e-02,4.589999839663505554e-02,2.449999935925006866e-02,1.559999957680702209e-02,1.710000075399875641e-02,1.710000075399875641e-02,1.379999984055757523e-02,1.190000027418136597e-02,9.700000286102294922e-03,9.999999776482582092e-03,1.410000026226043701e-02,1.520000025629997253e-02,1.569999940693378448e-02,1.679999940097332001e-02
3.669999912381172180e-02,4.679999873042106628e-02,5.079999938607215881e-02,4.320000112056732178e-02,7.100000232458114624e-02,5.160000175237655640e-02,6.589999794960021973e-02,4.980000108480453491e-02,6.060000136494636536e-02,5.559999868273735046e-02,6.909999996423721313e-02,3.669999912381172180e-02,3.319999948143959045e-02,4.100000113248825073e-02,5.310000106692314148e-02,2.490000054240226746e-02,5.840000137686729431e-02,3.990000113844871521e-02,4.050000011920928955e-02,3.860000148415565491e-02,2.190000005066394806e-02,3.040000051259994507e-02,3.570000082254409790e-02,2.989999949932098389e-02,2.610000036656856537e-02,5.110000073909759521e-02,2.859999984502792358e-02,3.290000185370445251e-02,5.480000004172325134e-02,3.140000104904174805e-01,2.939999997615814209e-01,3.149999976158142090e-01,3.070000112056732178e-01,3.109999895095825195e-01,3.050000071525573730e-01,2.919999957084655762e-01,2.879999876022338867e-01,3.079999983310699463e-01,3.050000071525573730e-01,1.142999976873397827e-01,1.493999958038330078e-01,4.899999871850013733e-02,8.049999922513961792e-02,7.980000227689743042e-02,1.207000017166137695e-01,7.959999889135360718e-02,5.180000141263008118e-02,8.150000125169754028e-02,8.990000188350677490e-02,6.599999964237213135e-02,7.530000060796737671e-02,1.465000063180923462e-01,1.176000013947486877e-01,8.129999786615371704e-02,1.089000031352043152e-01,3.269999921321868896e-01,3.240000009536743164e-01,3.280000090599060059e-01,3.199999928474426270e-01,3.140000104904174805e-01,3.009999990463256836e-01,3.089999854564666748e-01,1.611000001430511475e-01,7.760000228881835938e-02,7.699999958276748657e-02,5.279999971389770508e-02,2.820000052452087402e-02,2.349999919533729553e-02,9.009999781847000122e-02,1.045000031590461731e-01,1.333999931812286377e-01,1.612000018358230591e-01,1.515000015497207642e-01,9.309999644756317139e-02,9.579999744892120361e-02,5.609999969601631165e-02,5.389999970793724060e-02,7.270000129938125610e-02,5.279999971389770508e-02,7.249999791383743286e-02,4.969999939203262329e-02,4.450000077486038208e-02,5.909999832510948181e-02,6.459999829530715942e-02,3.920000046491622925e-02,4.219999909400939941e-02,4.639999940991401672e-02,3.070000000298023224e-02,2.260000072419643402e-02,2.370000071823596954e-02,2.300000004470348358e-02,2.989999949932098389e-02,1.600000075995922089e-02,1.970000006258487701e-02,1.209999993443489075e-02,1.710000075399875641e-02,2.140000090003013611e-02,2.529999986290931702e-02,2.899999916553497314e-02,2.250000089406967163e-02
3.940000012516975403e-02,3.869999945163726807e-02,4.910000041127204895e-02,5.180000141263008118e-02,6.440000236034393311e-02,7.270000129938125610e-02,4.190000146627426147e-02,3.929999843239784241e-02,5.020000040531158447e-02,5.579999834299087524e-02,6.109999865293502808e-02,2.769999951124191284e-02,2.580000087618827820e-02,3.649999946355819702e-02,3.449999913573265076e-02,3.550000116229057312e-02,5.099999904632568359e-02,3.649999946355819702e-02,3.489999845623970032e-02,3.810000047087669373e-02,2.449999935925006866e-02,2.690000087022781372e-02,3.770000115036964417e-02,2.429999969899654388e-02,1.549999974668025970e-02,2.969999983906745911e-02,2.109999954700469971e-02,2.099999971687793732e-02,1.755000054836273193e-01,3.079999983310699463e-01,3.070000112056732178e-01,3.140000104904174805e-01,3.120000064373016357e-01,3.131000101566314697e-01,2.960000038146972656e-01,3.000000119209289551e-01,2.790000140666961670e-01,2.949999868869781494e-01,3.140000104904174805e-01,3.089999854564666748e-01,3.240000009536743164e-01,1.439999938011169434e-01,7.240000367164611816e-02,6.939999759197235107e-02,7.779999822378158569e-02,6.480000168085098267e-02,8.309999853372573853e-02,1.055999994277954102e-01,1.186999976634979248e-01,5.680000036954879761e-02,1.111999973654747009e-01,9.820000082254409790e-02,8.720000088214874268e-02,9.560000151395797729e-02,1.115999966859817505e-01,3.280000090599060059e-01,3.199999928474426270e-01,3.089999854564666748e-01,3.039999902248382568e-01,3.050000071525573730e-01,2.899999916553497314e-01,1.457999944686889648e-01,1.004000008106231689e-01,9.380000084638595581e-02,9.449999779462814331e-02,5.150000005960464478e-02,4.239999875426292419e-02,4.300000146031379700e-02,5.169999971985816956e-02,8.550000190734863281e-02,1.088000014424324036e-01,9.239999949932098389e-02,7.810000330209732056e-02,9.179999679327011108e-02,1.435000002384185791e-01,7.500000298023223877e-02,8.380000293254852295e-02,7.940000295639038086e-02,6.409999728202819824e-02,6.939999759197235107e-02,7.649999856948852539e-02,7.299999892711639404e-02,3.819999843835830688e-02,4.980000108480453491e-02,5.420000106096267700e-02,5.820000171661376953e-02,4.780000075697898865e-02,2.700000070035457611e-02,2.339999936521053314e-02,1.549999974668025970e-02,1.400000043213367462e-02,2.250000089406967163e-02,2.590000070631504059e-02,1.899999938905239105e-02,1.769999973475933075e-02,1.909999921917915344e-02,2.050000056624412537e-02,2.490000054240226746e-02,1.970000006258487701e-02,2.869999967515468597e-02
5.640000104904174805e-02,4.490000009536743164e-02,3.339999914169311523e-02,3.840000182390213013e-02,6.289999932050704956e-02,1.004000008106231689e-01,5.990000069141387939e-02,4.199999943375587463e-02,4.039999842643737793e-02,7.549999654293060303e-02,3.709999844431877136e-02,3.909999877214431763e-02,2.549999952316284180e-02,3.030000068247318268e-02,3.559999912977218628e-02,3.840000182390213013e-02,4.270000010728836060e-02,2.700000070035457611e-02,4.300000146031379700e-02,3.299999982118606567e-02,3.109999932348728180e-02,3.599999845027923584e-02,4.259999841451644897e-02,2.529999986290931702e-02,1.549999974668025970e-02,1.810000091791152954e-02,1.319999992847442627e-02,1.329999975860118866e-02,2.989999949932098389e-02,1.791000068187713623e-01,3.120000064373016357e-01,2.960000038146972656e-01,3.109999895095825195e-01,3.089999854564666748e-01,3.009999990463256836e-01,3.050000071525573730e-01,2.899999916553497314e-01,2.969999909400939941e-01,2.960000038146972656e-01,3.089999854564666748e-01,3.134999871253967285e-01,3.269999921321868896e-01,3.278000056743621826e-01,3.240000009536743164e-01,8.550000190734863281e-02,8.839999884366989136e-02,1.079000011086463928e-01,1.254999935626983643e-01,1.096000000834465027e-01,1.243000030517578125e-01,9.939999878406524658e-02,1.124999970197677612e-01,1.084000021219253540e-01,3.269999921321868896e-01,3.269999921321868896e-01,3.330000042915344238e-01,3.269999921321868896e-01,3.170000016689300537e-01,3.100000023841857910e-01,2.969999909400939941e-01,2.989999949932098389e-01,1.448999941349029541e-01,1.165999993681907654e-01,6.560000032186508179e-02,7.680000364780426025e-02,5.909999832510948181e-02,5.680000036954879761e-02,7.109999656677246094e-02,6.689999997615814209e-02,1.186999976634979248e-01,6.620000302791595459e-02,7.079999893903732300e-02,6.499999761581420898e-02,7.490000128746032715e-02,1.538999974727630615e-01,1.511999964714050293e-01,1.303000003099441528e-01,9.099999815225601196e-02,7.000000029802322388e-02,7.900000363588333130e-02,7.670000195503234863e-02,5.420000106096267700e-02,2.449999935925006866e-02,6.129999831318855286e-02,4.690000042319297791e-02,5.299999937415122986e-02,4.800000041723251343e-02,2.800000086426734924e-02,2.510000020265579224e-02,1.510000042617321014e-02,1.549999974668025970e-02,1.920000091195106506e-02,2.899999916553497314e-02,2.060000039637088776e-02,2.749999985098838806e-02,1.830000057816505432e-02,2.569999918341636658e-02,2.119999937713146210e-02,2.419999986886978149e-02,2.250000089406967163e-02
2.449999935925006866e-02,4.749999940395355225e-02,4.710000008344650269e-02,5.460000038146972656e-02,4.560000076889991760e-02,8.929999917745590210e-02,6.520000100135803223e-02,4.199999943375587463e-02,2.950000017881393433e-02,1.049999967217445374e-01,9.390000253915786743e-02,7.180000096559524536e-02,4.740000143647193909e-02,3.260000050067901611e-02,3.680000081658363342e-02,4.320000112056732178e-02,3.799999877810478210e-02,4.010000079870223999e-02,6.790000200271606445e-02,4.360000044107437134e-02,5.779999867081642151e-02,5.429999902844429016e-02,5.829999968409538269e-02,3.130000084638595581e-02,1.410000026226043701e-02,8.999999612569808960e-03,1.350000035017728806e-02,2.080000005662441254e-02,2.470000088214874268e-02,3.539999946951866150e-02,1.997999995946884155e-01,2.989999949932098389e-01,2.969999909400939941e-01,2.899999916553497314e-01,2.960000038146972656e-01,3.070000112056732178e-01,2.919999957084655762e-01,2.980000078678131104e-01,3.100000023841857910e-01,3.039999902248382568e-01,3.120000064373016357e-01,3.199999928474426270e-01,3.109999895095825195e-01,3.249999880790710449e-01,1.638000011444091797e-01,6.129999831318855286e-02,8.959999680519104004e-02,9.610000252723693848e-02,8.009999990463256836e-02,9.179999679327011108e-02,5.920000001788139343e-02,7.140000164508819580e-02,3.179999887943267822e-01,3.350000083446502686e-01,3.240000009536743164e-01,3.230000138282775879e-01,3.219999969005584717e-01,3.070000112056732178e-01,3.050000071525573730e-01,3.059999942779541016e-01,1.074000000953674316e-01,9.070000052452087402e-02,1.220000013709068298e-01,1.121999993920326233e-01,8.699999749660491943e-02,7.549999654293060303e-02,6.960000097751617432e-02,1.180000007152557373e-01,9.799999743700027466e-02,1.041999980807304382e-01,8.179999887943267822e-02,8.209999650716781616e-02,1.098000034689903259e-01,1.696999967098236084e-01,1.907999962568283081e-01,1.433999985456466675e-01,1.121999993920326233e-01,7.289999723434448242e-02,6.679999828338623047e-02,4.749999940395355225e-02,6.279999762773513794e-02,3.249999880790710449e-02,3.680000081658363342e-02,6.329999864101409912e-02,5.400000140070915222e-02,7.949999719858169556e-02,5.029999837279319763e-02,1.429999992251396179e-02,1.960000023245811462e-02,2.659999951720237732e-02,2.209999971091747284e-02,2.749999985098838806e-02,4.919999837875366211e-02,2.590000070631504059e-02,2.669999934732913971e-02,2.520000003278255463e-02,1.789999939501285553e-02,1.789999939501285553e-02,1.710000075399875641e-02,2.470000088214874268e-02
2.989999949932098389e-02,3.449999913573265076e-02,3.959999978542327881e-02,7.209999859333038330e-02,7.710000127553939819e-02,7.949999719858169556e-02,6.909999996423721313e-02,1.221000030636787415e-01,9.870000183582305908e-02,8.420000225305557251e-02,6.319999694824218750e-02,7.209999859333038330e-02,5.359999835491180420e-02,3.189999982714653015e-02,5.160000175237655640e-02,5.930000171065330505e-02,5.409999936819076538e-02,5.270000174641609192e-02,6.639999896287918091e-02,5.099999904632568359e-02,5.689999833703041077e-02,7.699999958276748657e-02,8.120000362396240234e-02,7.289999723434448242e-02,2.150000073015689850e-02,1.659999974071979523e-02,2.999999932944774628e-02,3.779999911785125732e-02,2.060000039637088776e-02,2.850000001490116119e-02,4.820000007748603821e-02,1.862999945878982544e-01,1.817999929189682007e-01,3.030000030994415283e-01,2.960000038146972656e-01,2.949999868869781494e-01,3.030000030994415283e-01,3.000000119209289551e-01,2.980000078678131104e-01,3.030000030994415283e-01,3.140000104904174805e-01,3.140000104904174805e-01,3.190000057220458984e-01,3.420000076293945312e-01,1.368000060319900513e-01,7.789999991655349731e-02,3.999999910593032837e-02,1.216999962925910950e-01,6.750000268220901489e-02,7.720000296831130981e-02,6.899999827146530151e-02,9.000000357627868652e-02,3.230000138282775879e-01,3.339999914169311523e-01,3.240000009536743164e-01,3.409999907016754150e-01,3.280000090599060059e-01,3.100000023841857910e-01,3.009999990463256836e-01,1.332000046968460083e-01,1.171000003814697266e-01,1.098000034689903259e-01,1.295000016689300537e-01,9.849999845027923584e-02,9.340000152587890625e-02,8.910000324249267578e-02,8.250000327825546265e-02,8.669999986886978149e-02,1.202000007033348083e-01,1.190000027418136597e-01,8.669999986886978149e-02,7.230000197887420654e-02,1.322000026702880859e-01,1.583999991416931152e-01,1.570000052452087402e-01,2.273000031709671021e-01,1.367000043392181396e-01,5.169999971985816956e-02,7.549999654293060303e-02,6.190000101923942566e-02,4.300000146031379700e-02,3.940000012516975403e-02,3.229999914765357971e-02,5.559999868273735046e-02,6.190000101923942566e-02,7.180000096559524536e-02,3.799999877810478210e-02,2.960000000894069672e-02,3.840000182390213013e-02,2.290000021457672119e-02,3.070000000298023224e-02,2.950000017881393433e-02,4.369999840855598450e-02,2.950000017881393433e-02,2.569999918341636658e-02,1.830000057816505432e-02,1.600000075995922089e-02,1.319999992847442627e-02,2.030000090599060059e-02,2.800000086426734924e-02
4.509999975562095642e-02,2.349999919533729553e-02,4.399999976158142090e-02,7.549999654293060303e-02,4.520000144839286804e-02,5.759999901056289673e-02,5.689999833703041077e-02,9.730000048875808716e-02,1.081999987363815308e-01,1.171000003814697266e-01,5.860000103712081909e-02,6.019999831914901733e-02,2.449999935925006866e-02,5.209999904036521912e-02,5.370000004768371582e-02,5.180000141263008118e-02,5.409999936819076538e-02,6.190000101923942566e-02,7.100000232458114624e-02,4.710000008344650269e-02,7.980000227689743042e-02,8.030000329017639160e-02,6.430000066757202148e-02,8.519999682903289795e-02,3.889999911189079285e-02,2.500000037252902985e-02,2.620000019669532776e-02,2.840000018477439880e-02,2.840000018477439880e-02,3.449999913573265076e-02,3.550000116229057312e-02,6.769999861717224121e-02,9.269999712705612183e-02,5.189999938011169434e-02,2.969999909400939941e-01,3.039999902248382568e-01,2.989999949932098389e-01,2.980000078678131104e-01,3.019999861717224121e-01,3.089999854564666748e-01,3.079999983310699463e-01,3.109999895095825195e-01,3.079999983310699463e-01,3.280000090599060059e-01,3.269999921321868896e-01,1.746000051498413086e-01,4.870000109076499939e-02,7.800000160932540894e-02,7.320000231266021729e-02,5.620000138878822327e-02,1.044000014662742615e-01,3.350000083446502686e-01,3.319999873638153076e-01,3.420000076293945312e-01,3.199999928474426270e-01,3.160000145435333252e-01,3.190000057220458984e-01,3.160000145435333252e-01,1.229000017046928406e-01,1.606000065803527832e-01,1.089999973773956299e-01,9.000000357627868652e-02,7.760000228881835938e-02,1.054000034928321838e-01,7.760000228881835938e-02,8.739999681711196899e-02,6.800000369548797607e-02,1.018999963998794556e-01,7.620000094175338745e-02,1.130999997258186340e-01,1.009000018239021301e-01,1.234999969601631165e-01,1.111999973654747009e-01,1.101000010967254639e-01,1.028999984264373779e-01,1.231999993324279785e-01,1.966000050306320190e-01,1.186000034213066101e-01,7.460000365972518921e-02,4.060000181198120117e-02,2.590000070631504059e-02,3.150000050663948059e-02,7.689999788999557495e-02,1.173999980092048645e-01,6.100000068545341492e-02,8.780000358819961548e-02,9.350000321865081787e-02,5.759999901056289673e-02,5.930000171065330505e-02,5.840000137686729431e-02,5.719999969005584717e-02,6.159999966621398926e-02,2.910000085830688477e-02,3.669999912381172180e-02,3.379999846220016479e-02,2.610000036656856537e-02,2.270000055432319641e-02,2.850000001490116119e-02,1.899999938905239105e-02,1.950000040233135223e-02
1.730000041425228119e-02,3.099999949336051941e-02,3.489999845623970032e-02,4.109999909996986389e-02,4.349999874830245972e-02,5.600000172853469849e-02,5.970000103116035461e-02,9.200000017881393433e-02,9.019999951124191284e-02,8.649999648332595825e-02,4.219999909400939941e-02,3.130000084638595581e-02,2.490000054240226746e-02,2.749999985098838806e-02,3.060000017285346985e-02,3.460000082850456238e-02,3.119999915361404419e-02,5.110000073909759521e-02,6.689999997615814209e-02,4.699999839067459106e-02,6.190000101923942566e-02,7.490000128746032715e-02,6.289999932050704956e-02,5.920000001788139343e-02,3.139999881386756897e-02,2.549999952316284180e-02,2.190000005066394806e-02,2.209999971091747284e-02,3.889999911189079285e-02,3.079999983310699463e-02,5.279999971389770508e-02,7.450000196695327759e-02,5.400000140070915222e-02,3.739999979734420776e-02,3.559999912977218628e-02,1.898999959230422974e-01,2.949999868869781494e-01,2.960000038146972656e-01,2.969999909400939941e-01,3.050000071525573730e-01,3.129999935626983643e-01,2.969999909400939941e-01,3.059999942779541016e-01,3.181999921798706055e-01,3.230000138282775879e-01,3.280000090599060059e-01,3.700000047683715820e-02,7.689999788999557495e-02,7.450000196695327759e-02,1.368000060319900513e-01,3.219999969005584717e-01,3.269999921321868896e-01,3.359999954700469971e-01,3.429999947547912598e-01,3.230000138282775879e-01,3.100000023841857910e-01,3.120000064373016357e-01,1.479000002145767212e-01,1.253000050783157349e-01,1.136000007390975952e-01,8.950000256299972534e-02,1.097000017762184143e-01,9.769999980926513672e-02,5.620000138878822327e-02,8.649999648332595825e-02,7.599999755620956421e-02,5.550000071525573730e-02,6.819999963045120239e-02,9.170000255107879639e-02,1.089000031352043152e-01,8.929999917745590210e-02,8.470000326633453369e-02,1.052000001072883606e-01,1.044000014662742615e-01,1.291999965906143188e-01,9.279999881982803345e-02,1.454000025987625122e-01,1.388999968767166138e-01,8.030000329017639160e-02,5.169999971985816956e-02,3.819999843835830688e-02,5.469999834895133972e-02,5.279999971389770508e-02,9.600000083446502686e-02,9.290000051259994507e-02,9.589999914169311523e-02,9.510000050067901611e-02,9.030000120401382446e-02,1.027000024914741516e-01,6.580000370740890503e-02,1.184000000357627869e-01,5.279999971389770508e-02,3.920000046491622925e-02,8.929999917745590210e-02,7.639999687671661377e-02,5.550000071525573730e-02,2.630000002682209015e-02,4.060000181198120117e-02,1.190000027418136597e-02,1.510000042617321014e-02
2.349999919533729553e-02,3.089999966323375702e-02,2.549999952316284180e-02,4.380000010132789612e-02,3.929999843239784241e-02,4.740000143647193909e-02,4.120000079274177551e-02,4.749999940395355225e-02,6.190000101923942566e-02,6.889999657869338989e-02,4.039999842643737793e-02,2.749999985098838806e-02,4.010000079870223999e-02,2.500000037252902985e-02,3.750000149011611938e-02,6.260000169277191162e-02,3.460000082850456238e-02,5.290000140666961670e-02,5.959999933838844299e-02,5.480000004172325134e-02,3.979999944567680359e-02,8.869999647140502930e-02,5.750000104308128357e-02,5.090000107884407043e-02,2.779999934136867523e-02,3.020000085234642029e-02,3.519999980926513672e-02,3.599999845027923584e-02,4.060000181198120117e-02,5.070000141859054565e-02,9.409999847412109375e-02,8.240000158548355103e-02,3.990000113844871521e-02,3.070000000298023224e-02,2.119999937713146210e-02,2.097000032663345337e-01,3.009999990463256836e-01,2.809999883174896240e-01,3.000000119209289551e-01,3.009999990463256836e-01,3.059999942779541016e-01,2.899999916553497314e-01,2.960000038146972656e-01,3.070000112056732178e-01,3.140000104904174805e-01,3.199999928474426270e-01,1.665000021457672119e-01,5.119999870657920837e-02,5.779999867081642151e-02,3.289999961853027344e-01,3.170000016689300537e-01,3.120000064373016357e-01,3.240000009536743164e-01,3.510000109672546387e-01,3.170000016689300537e-01,3.050000071525573730e-01,6.390000134706497192e-02,1.024999991059303284e-01,1.140000000596046448e-01,1.290999948978424072e-01,1.255999952554702759e-01,7.930000126361846924e-02,9.350000321865081787e-02,4.610000178217887878e-02,9.769999980926513672e-02,6.400000303983688354e-02,6.279999762773513794e-02,4.809999838471412659e-02,4.870000109076499939e-02,6.780000030994415283e-02,1.054999977350234985e-01,1.057000011205673218e-01,1.028999984264373779e-01,7.410000264644622803e-02,9.019999951124191284e-02,6.819999963045120239e-02,1.098999977111816406e-01,1.102000027894973755e-01,7.079999893903732300e-02,4.859999939799308777e-02,3.799999877810478210e-02,6.920000165700912476e-02,8.540000021457672119e-02,1.089000031352043152e-01,1.168999969959259033e-01,1.756000071763992310e-01,1.186000034213066101e-01,1.158000007271766663e-01,1.018000021576881409e-01,9.329999983310699463e-02,1.049000024795532227e-01,6.409999728202819824e-02,4.509999975562095642e-02,6.939999759197235107e-02,5.119999870657920837e-02,5.600000172853469849e-02,2.140000090003013611e-02,3.849999979138374329e-02,2.400000020861625671e-02,2.480000071227550507e-02
2.099999971687793732e-02,2.859999984502792358e-02,2.250000089406967163e-02,3.009999915957450867e-02,3.920000046491622925e-02,4.320000112056732178e-02,3.269999846816062927e-02,5.449999868869781494e-02,4.529999941587448120e-02,4.879999905824661255e-02,3.319999948143959045e-02,3.489999845623970032e-02,2.610000036656856537e-02,2.710000053048133850e-02,6.480000168085098267e-02,7.000000029802322388e-02,9.099999815225601196e-02,7.429999858140945435e-02,5.869999900460243225e-02,5.240000039339065552e-02,4.450000077486038208e-02,8.760000020265579224e-02,6.409999728202819824e-02,4.980000108480453491e-02,4.069999977946281433e-02,2.950000017881393433e-02,5.290000140666961670e-02,5.200000107288360596e-02,4.080000147223472595e-02,5.290000140666961670e-02,7.360000163316726685e-02,8.889999985694885254e-02,3.189999982714653015e-02,2.180000022053718567e-02,1.620000042021274567e-02,1.329999975860118866e-02,2.779999971389770508e-01,2.890000045299530029e-01,3.009999990463256836e-01,2.969999909400939941e-01,2.910000085830688477e-01,3.000000119209289551e-01,2.870000004768371582e-01,3.000000119209289551e-01,3.140000104904174805e-01,3.289999961853027344e-01,1.692000031471252441e-01,4.089999943971633911e-02,1.674000024795532227e-01,3.269999921321868896e-01,3.149999976158142090e-01,3.199999928474426270e-01,3.280000090599060059e-01,3.409999907016754150e-01,3.280000090599060059e-01,3.079999983310699463e-01,9.160000085830688477e-02,1.289999932050704956e-01,1.071999967098236084e-01,1.049999967217445374e-01,9.880000352859497070e-02,8.079999685287475586e-02,4.560000076889991760e-02,4.179999977350234985e-02,7.750000059604644775e-02,5.029999837279319763e-02,5.090000107884407043e-02,4.619999974966049194e-02,4.259999841451644897e-02,8.609999716281890869e-02,1.544999927282333374e-01,1.064999997615814209e-01,1.011999994516372681e-01,1.071999967098236084e-01,1.381999999284744263e-01,1.609999984502792358e-01,1.310999989509582520e-01,7.329999655485153198e-02,5.710000172257423401e-02,5.990000069141387939e-02,6.870000064373016357e-02,7.060000300407409668e-02,6.899999827146530151e-02,1.664000004529953003e-01,1.393000036478042603e-01,1.733999997377395630e-01,1.497000008821487427e-01,1.301999986171722412e-01,1.160999983549118042e-01,1.048000007867813110e-01,8.510000258684158325e-02,9.179999679327011108e-02,7.689999788999557495e-02,5.429999902844429016e-02,6.129999831318855286e-02,6.260000169277191162e-02,4.529999941587448120e-02,4.019999876618385315e-02,1.970000006258487701e-02,2.969999983906745911e-02
2.349999919533729553e-02,2.040000073611736298e-02,1.960000023245811462e-02,3.319999948143959045e-02,4.989999905228614807e-02,4.749999940395355225e-02,4.910000041127204895e-02,4.870000109076499939e-02,4.360000044107437134e-02,3.480000048875808716e-02,2.510000020265579224e-02,3.330000117421150208e-02,5.029999837279319763e-02,6.769999861717224121e-02,6.120000034570693970e-02,8.380000293254852295e-02,7.209999859333038330e-02,6.889999657869338989e-02,7.410000264644622803e-02,7.329999655485153198e-02,7.810000330209732056e-02,9.390000253915786743e-02,5.490000173449516296e-02,6.140000000596046448e-02,5.260000005364418030e-02,3.779999911785125732e-02,7.000000029802322388e-02,5.869999900460243225e-02,4.060000181198120117e-02,5.779999867081642151e-02,6.109999865293502808e-02,9.210000187158584595e-02,4.780000075697898865e-02,2.419999986886978149e-02,3.119999915361404419e-02,1.679999940097332001e-02,1.710000075399875641e-02,2.809999883174896240e-01,2.899999916553497314e-01,2.960000038146972656e-01,3.170000016689300537e-01,3.034000098705291748e-01,2.980000078678131104e-01,3.000000119209289551e-01,3.120000064373016357e-01,3.140000104904174805e-01,3.089999854564666748e-01,1.656000018119812012e-01,3.240000009536743164e-01,3.160000145435333252e-01,3.240000009536743164e-01,3.280000090599060059e-01,3.474999964237213135e-01,3.249999880790710449e-01,3.280000090599060059e-01,1.233000010251998901e-01,9.820000082254409790e-02,7.649999856948852539e-02,1.024999991059303284e-01,9.380000084638595581e-02,9.210000187158584595e-02,5.810000002384185791e-02,6.880000233650207520e-02,3.440000116825103760e-02,5.279999971389770508e-02,5.050000175833702087e-02,6.899999827146530151e-02,7.739999890327453613e-02,9.359999746084213257e-02,9.679999947547912598e-02,1.343999952077865601e-01,9.669999778270721436e-02,1.158000007271766663e-01,1.624000072479248047e-01,7.760000228881835938e-02,1.178999990224838257e-01,8.139999955892562866e-02,5.990000069141387939e-02,8.669999986886978149e-02,8.139999955892562866e-02,1.015999987721443176e-01,8.500000089406967163e-02,9.839999675750732422e-02,1.333999931812286377e-01,1.606999933719635010e-01,1.620000004768371582e-01,1.677999943494796753e-01,1.468999981880187988e-01,1.442999988794326782e-01,9.070000052452087402e-02,9.560000151395797729e-02,1.271000057458877563e-01,9.089999645948410034e-02,9.899999946355819702e-02,8.910000324249267578e-02,6.350000202655792236e-02,8.690000325441360474e-02,6.620000302791595459e-02,2.960000000894069672e-02,2.810000069439411163e-02
2.669999934732913971e-02,2.040000073611736298e-02,2.769999951124191284e-02,3.519999980926513672e-02,3.240000084042549133e-02,6.520000100135803223e-02,5.710000172257423401e-02,3.570000082254409790e-02,5.260000005364418030e-02,4.679999873042106628e-02,3.189999982714653015e-02,3.680000081658363342e-02,2.810000069439411163e-02,6.239999830722808838e-02,7.329999655485153198e-02,7.379999756813049316e-02,7.069999724626541138e-02,9.449999779462814331e-02,6.270000338554382324e-02,6.430000066757202148e-02,7.599999755620956421e-02,8.330000191926956177e-02,7.660000026226043701e-02,4.479999840259552002e-02,4.589999839663505554e-02,6.939999759197235107e-02,6.549999862909317017e-02,7.389999926090240479e-02,7.190000265836715698e-02,5.660000070929527283e-02,6.369999796152114868e-02,4.219999909400939941e-02,4.769999906420707703e-02,3.799999877810478210e-02,2.769999951124191284e-02,3.220000118017196655e-02,2.630000002682209015e-02,9.899999946355819702e-02,2.969999909400939941e-01,3.050000071525573730e-01,3.140000104904174805e-01,3.089999854564666748e-01,3.018000125885009766e-01,2.960000038146972656e-01,3.199999928474426270e-01,3.000000119209289551e-01,1.457999944686889648e-01,3.120000064373016357e-01,3.149999976158142090e-01,3.140000104904174805e-01,3.089999854564666748e-01,3.219999969005584717e-01,3.506999909877777100e-01,3.280000090599060059e-01,7.649999856948852539e-02,9.889999777078628540e-02,9.950000047683715820e-02,6.140000000596046448e-02,5.930000171065330505e-02,3.409999981522560120e-02,4.309999942779541016e-02,4.380000010132789612e-02,4.190000146627426147e-02,4.520000144839286804e-02,5.799999833106994629e-02,4.520000144839286804e-02,5.350000038743019104e-02,7.349999994039535522e-02,7.469999790191650391e-02,1.014999970793724060e-01,1.231999993324279785e-01,9.759999811649322510e-02,5.260000005364418030e-02,8.540000021457672119e-02,7.400000095367431641e-02,9.099999815225601196e-02,8.839999884366989136e-02,1.068999990820884705e-01,1.031000018119812012e-01,7.819999754428863525e-02,8.179999887943267822e-02,1.162000000476837158e-01,1.556999981403350830e-01,1.448999941349029541e-01,1.435000002384185791e-01,1.534000039100646973e-01,1.902000010013580322e-01,1.580000072717666626e-01,1.172000020742416382e-01,1.044000014662742615e-01,7.949999719858169556e-02,1.076999977231025696e-01,1.124999970197677612e-01,8.250000327825546265e-02,1.225999966263771057e-01,1.231999993324279785e-01,5.339999869465827942e-02,7.519999891519546509e-02,4.749999940395355225e-02,3.730000182986259460e-02
4.439999908208847046e-02,3.200000151991844177e-02,3.959999978542327881e-02,3.539999946951866150e-02,5.160000175237655640e-02,4.980000108480453491e-02,6.780000030994415283e-02,4.619999974966049194e-02,8.240000158548355103e-02,5.799999833106994629e-02,4.470000043511390686e-02,3.860000148415565491e-02,4.800000041723251343e-02,8.309999853372573853e-02,8.389999717473983765e-02,6.379999965429306030e-02,6.679999828338623047e-02,5.499999970197677612e-02,6.800000369548797607e-02,5.249999836087226868e-02,5.620000138878822327e-02,3.959999978542327881e-02,5.959999933838844299e-02,4.060000181198120117e-02,5.050000175833702087e-02,3.519999980926513672e-02,4.809999838471412659e-02,4.509999975562095642e-02,4.699999839067459106e-02,8.489999920129776001e-02,8.250000327825546265e-02,7.240000367164611816e-02,3.510000184178352356e-02,4.850000143051147461e-02,4.749999940395355225e-02,3.139999881386756897e-02,3.799999877810478210e-02,1.120999976992607117e-01,3.039999902248382568e-01,3.030000030994415283e-01,3.019999861717224121e-01,3.100000023841857910e-01,3.030000030994415283e-01,2.960000038146972656e-01,3.249999880790710449e-01,3.030000030994415283e-01,3.050000071525573730e-01,3.050000071525573730e-01,3.089999854564666748e-01,3.059999942779541016e-01,3.129999935626983643e-01,3.269999921321868896e-01,3.359999954700469971e-01,3.199999928474426270e-01,1.287000030279159546e-01,8.399999886751174927e-02,6.930000334978103638e-02,4.749999940395355225e-02,5.110000073909759521e-02,3.170000016689300537e-02,4.160000011324882507e-02,4.710000008344650269e-02,4.360000044107437134e-02,3.990000113844871521e-02,8.250000327825546265e-02,8.039999753236770630e-02,6.580000370740890503e-02,8.449999988079071045e-02,6.759999692440032959e-02,1.063999980688095093e-01,7.850000262260437012e-02,8.290000259876251221e-02,7.699999958276748657e-02,7.900000363588333130e-02,8.579999953508377075e-02,1.124999970197677612e-01,7.739999890327453613e-02,5.539999902248382568e-02,8.929999917745590210e-02,7.930000126361846924e-02,1.163000017404556274e-01,9.759999811649322510e-02,1.497000008821487427e-01,1.705999970436096191e-01,9.679999947547912598e-02,1.248999983072280884e-01,1.149000003933906555e-01,1.322000026702880859e-01,1.949000060558319092e-01,1.386000066995620728e-01,1.026000007987022400e-01,7.699999958276748657e-02,6.800000369548797607e-02,8.749999850988388062e-02,1.497000008821487427e-01,8.489999920129776001e-02,7.760000228881835938e-02,5.029999837279319763e-02,4.170000180602073669e-02,2.910000085830688477e-02
3.599999845027923584e-02,8.030000329017639160e-02,6.109999865293502808e-02,4.899999871850013733e-02,8.510000258684158325e-02,8.479999750852584839e-02,8.259999752044677734e-02,8.669999986886978149e-02,4.930000007152557373e-02,4.890000075101852417e-02,6.909999996423721313e-02,8.299999684095382690e-02,6.250000000000000000e-02,1.230999976396560669e-01,1.121999993920326233e-01,9.019999951124191284e-02,9.229999780654907227e-02,6.790000200271606445e-02,8.120000362396240234e-02,5.310000106692314148e-02,5.000000074505805969e-02,4.780000075697898865e-02,3.730000182986259460e-02,3.280000016093254089e-02,4.010000079870223999e-02,3.869999945163726807e-02,3.449999913573265076e-02,4.569999873638153076e-02,6.120000034570693970e-02,7.819999754428863525e-02,4.659999907016754150e-02,8.229999989271163940e-02,3.689999878406524658e-02,4.670000076293945312e-02,3.709999844431877136e-02,5.930000171065330505e-02,4.019999876618385315e-02,3.880000114440917969e-02,1.538999974727630615e-01,3.089999854564666748e-01,3.059999942779541016e-01,3.019999861717224121e-01,2.910000085830688477e-01,3.000000119209289551e-01,3.079999983310699463e-01,8.009999990463256836e-02,2.989999949932098389e-01,3.129999935626983643e-01,3.079999983310699463e-01,3.129999935626983643e-01,2.883999943733215332e-01,3.039999902248382568e-01,3.201000094413757324e-01,1.053000018000602722e-01,1.053000018000602722e-01,6.939999759197235107e-02,3.990000113844871521e-02,4.549999907612800598e-02,4.699999839067459106e-02,4.459999874234199524e-02,2.109999954700469971e-02,2.549999952316284180e-02,2.470000088214874268e-02,4.309999942779541016e-02,6.109999865293502808e-02,4.439999908208847046e-02,4.039999842643737793e-02,5.079999938607215881e-02,9.839999675750732422e-02,1.090999990701675415e-01,1.028999984264373779e-01,7.180000096559524536e-02,7.850000262260437012e-02,6.599999964237213135e-02,8.200000226497650146e-02,8.869999647140502930e-02,6.809999793767929077e-02,6.629999727010726929e-02,4.930000007152557373e-02,4.170000180602073669e-02,7.339999824762344360e-02,6.539999693632125854e-02,8.179999887943267822e-02,7.419999688863754272e-02,7.620000094175338745e-02,6.379999965429306030e-02,5.930000171065330505e-02,7.479999959468841553e-02,9.269999712705612183e-02,8.519999682903289795e-02,1.088000014424324036e-01,7.450000196695327759e-02,4.580000042915344238e-02,8.349999785423278809e-02,1.159999966621398926e-01,7.699999958276748657e-02,6.120000034570693970e-02,5.950000137090682983e-02,3.489999845623970032e-02,4.329999908804893494e-02
7.249999791383743286e-02,7.000000029802322388e-02,1.013000011444091797e-01,1.032999977469444275e-01,6.769999861717224121e-02,8.399999886751174927e-02,7.800000160932540894e-02,5.600000172853469849e-02,7.660000026226043701e-02,7.649999856948852539e-02,1.048000007867813110e-01,7.329999655485153198e-02,9.589999914169311523e-02,9.570000320672988892e-02,1.664000004529953003e-01,1.519999951124191284e-01,8.380000293254852295e-02,7.779999822378158569e-02,8.200000226497650146e-02,1.106999963521957397e-01,7.180000096559524536e-02,2.950000017881393433e-02,4.650000110268592834e-02,4.430000111460685730e-02,4.439999908208847046e-02,4.069999977946281433e-02,2.620000019669532776e-02,2.339999936521053314e-02,2.730000019073486328e-02,3.339999914169311523e-02,3.990000113844871521e-02,6.660000234842300415e-02,6.310000270605087280e-02,6.350000202655792236e-02,5.440000072121620178e-02,8.129999786615371704e-02,7.789999991655349731e-02,4.910000041127204895e-02,5.759999901056289673e-02,5.290000140666961670e-02,1.592999994754791260e-01,2.870000004768371582e-01,2.939999997615814209e-01,2.919999957084655762e-01,2.969999909400939941e-01,3.070000112056732178e-01,2.980000078678131104e-01,3.100000023841857910e-01,3.079999983310699463e-01,3.030000030994415283e-01,3.009999990463256836e-01,3.030000030994415283e-01,3.269999921321868896e-01,1.386000066995620728e-01,3.249999880790710449e-01,3.140000104904174805e-01,3.100000023841857910e-01,3.200000151991844177e-02,8.820000290870666504e-02,3.400000184774398804e-02,1.620000042021274567e-02,2.690000087022781372e-02,2.800000086426734924e-02,2.529999986290931702e-02,3.869999945163726807e-02,3.209999948740005493e-02,5.550000071525573730e-02,5.279999971389770508e-02,1.076999977231025696e-01,1.414999961853027344e-01,1.449999958276748657e-01,1.014999970793724060e-01,7.209999859333038330e-02,6.210000067949295044e-02,7.980000227689743042e-02,6.679999828338623047e-02,6.979999691247940063e-02,5.249999836087226868e-02,6.560000032186508179e-02,6.809999793767929077e-02,8.980000019073486328e-02,6.930000334978103638e-02,6.430000066757202148e-02,6.909999996423721313e-02,1.009000018239021301e-01,4.710000008344650269e-02,1.190999969840049744e-01,8.630000054836273193e-02,7.050000131130218506e-02,8.540000021457672119e-02,1.014000028371810913e-01,9.189999848604202271e-02,6.520000100135803223e-02,7.670000195503234863e-02,1.023000031709671021e-01,7.609999924898147583e-02,6.589999794960021973e-02,6.639999896287918091e-02,4.760000109672546387e-02,4.820000007748603821e-02
5.959999933838844299e-02,1.181000024080276489e-01,1.283999979496002197e-01,1.167000010609626770e-01,1.368999928236007690e-01,1.045999974012374878e-01,1.080000028014183044e-01,9.420000016689300537e-02,9.049999713897705078e-02,1.121999993920326233e-01,9.120000153779983521e-02,6.669999659061431885e-02,7.630000263452529907e-02,1.206000000238418579e-01,2.118999958038330078e-01,1.825000047683715820e-01,1.538999974727630615e-01,8.429999649524688721e-02,8.030000329017639160e-02,1.221000030636787415e-01,5.290000140666961670e-02,6.960000097751617432e-02,3.860000148415565491e-02,4.109999909996986389e-02,2.749999985098838806e-02,3.900000080466270447e-02,3.440000116825103760e-02,3.889999911189079285e-02,3.770000115036964417e-02,3.089999966323375702e-02,3.799999877810478210e-02,5.460000038146972656e-02,4.529999941587448120e-02,8.200000226497650146e-02,5.389999970793724060e-02,9.929999709129333496e-02,8.120000362396240234e-02,7.519999891519546509e-02,5.449999868869781494e-02,4.030000045895576477e-02,3.849999979138374329e-02,5.739999935030937195e-02,1.457999944686889648e-01,2.910000085830688477e-01,1.062000021338462830e-01,3.030000030994415283e-01,3.079999983310699463e-01,3.070000112056732178e-01,3.179999887943267822e-01,3.199999928474426270e-01,2.960000038146972656e-01,3.000000119209289551e-01,1.071000024676322937e-01,3.269999921321868896e-01,3.079999983310699463e-01,3.129000067710876465e-01,2.989999949932098389e-01,2.989999949932098389e-01,2.980000078678131104e-01,1.106999963521957397e-01,2.809999883174896240e-01,2.720000147819519043e-01,1.404000073671340942e-01,1.970000006258487701e-02,1.178999990224838257e-01,2.459999918937683105e-02,3.810000047087669373e-02,8.089999854564666748e-02,1.184000000357627869e-01,1.768999993801116943e-01,1.014000028371810913e-01,1.541000008583068848e-01,1.049999967217445374e-01,6.830000132322311401e-02,8.839999884366989136e-02,8.209999650716781616e-02,6.270000338554382324e-02,9.210000187158584595e-02,9.290000051259994507e-02,1.207000017166137695e-01,8.139999955892562866e-02,9.700000286102294922e-02,8.900000154972076416e-02,6.970000267028808594e-02,1.111999973654747009e-01,7.020000368356704712e-02,8.749999850988388062e-02,5.920000001788139343e-02,8.420000225305557251e-02,9.390000253915786743e-02,1.000000014901161194e-01,1.119000017642974854e-01,6.769999861717224121e-02,6.870000064373016357e-02,7.479999959468841553e-02,6.019999831914901733e-02,7.169999927282333374e-02,5.810000002384185791e-02,4.619999974966049194e-02,5.090000107884407043e-02
8.349999785423278809e-02,1.600999981164932251e-01,1.074000000953674316e-01,1.576000005006790161e-01,1.002999991178512573e-01,7.320000231266021729e-02,8.030000329017639160e-02,8.649999648332595825e-02,6.849999725818634033e-02,8.389999717473983765e-02,7.739999890327453613e-02,6.589999794960021973e-02,8.919999748468399048e-02,1.490000039339065552e-01,1.831000000238418579e-01,1.421999931335449219e-01,1.058000028133392334e-01,7.159999758005142212e-02,1.323000043630599976e-01,9.660000354051589966e-02,7.739999890327453613e-02,7.729999721050262451e-02,8.560000360012054443e-02,7.050000131130218506e-02,4.580000042915344238e-02,5.220000073313713074e-02,3.119999915361404419e-02,3.840000182390213013e-02,7.689999788999557495e-02,4.930000007152557373e-02,4.919999837875366211e-02,4.069999977946281433e-02,3.539999946951866150e-02,4.390000179409980774e-02,5.050000175833702087e-02,7.970000058412551880e-02,1.035000011324882507e-01,1.058999970555305481e-01,4.989999905228614807e-02,7.460000365972518921e-02,8.389999717473983765e-02,7.509999722242355347e-02,4.410000145435333252e-02,4.989999905228614807e-02,2.989999949932098389e-01,2.969999909400939941e-01,2.980000078678131104e-01,2.960000038146972656e-01,3.019999861717224121e-01,2.989999949932098389e-01,3.070000112056732178e-01,3.059999942779541016e-01,7.919999957084655762e-02,3.160000145435333252e-01,3.129999935626983643e-01,3.230000138282775879e-01,2.989999949932098389e-01,2.829999923706054688e-01,3.009999990463256836e-01,2.809999883174896240e-01,2.840000092983245850e-01,2.685999870300292969e-01,2.759999930858612061e-01,2.779999971389770508e-01,2.720000147819519043e-01,2.689999938011169434e-01,1.755000054836273193e-01,1.710000038146972656e-01,1.203999966382980347e-01,1.216999962925910950e-01,1.054999977350234985e-01,2.228000015020370483e-01,1.430999934673309326e-01,9.170000255107879639e-02,1.024999991059303284e-01,7.810000330209732056e-02,6.899999827146530151e-02,4.740000143647193909e-02,7.129999995231628418e-02,7.199999690055847168e-02,1.062999963760375977e-01,9.210000187158584595e-02,6.939999759197235107e-02,6.199999898672103882e-02,7.230000197887420654e-02,8.919999748468399048e-02,1.006999984383583069e-01,5.660000070929527283e-02,1.252000033855438232e-01,1.202000007033348083e-01,1.014999970793724060e-01,5.460000038146972656e-02,5.930000171065330505e-02,8.479999750852584839e-02,7.079999893903732300e-02,5.429999902844429016e-02,8.730000257492065430e-02,8.789999783039093018e-02,8.030000329017639160e-02,6.629999727010726929e-02
1.084999963641166687e-01,9.629999846220016479e-02,8.470000326633453369e-02,8.219999819993972778e-02,7.360000163316726685e-02,1.039000004529953003e-01,6.279999762773513794e-02,7.450000196695327759e-02,5.040000006556510925e-02,8.680000156164169312e-02,4.699999839067459106e-02,6.700000166893005371e-02,8.479999750852584839e-02,1.888999938964843750e-01,1.464000046253204346e-01,9.529999643564224243e-02,1.594000011682510376e-01,1.290999948978424072e-01,1.529999971389770508e-01,1.383000016212463379e-01,1.200999990105628967e-01,9.969999641180038452e-02,7.760000228881835938e-02,5.590000003576278687e-02,5.389999970793724060e-02,4.459999874234199524e-02,3.519999980926513672e-02,2.569999918341636658e-02,3.159999847412109375e-02,4.190000146627426147e-02,3.819999843835830688e-02,3.130000084638595581e-02,2.789999917149543762e-02,2.989999949932098389e-02,3.460000082850456238e-02,5.979999899864196777e-02,8.929999917745590210e-02,6.560000032186508179e-02,5.889999866485595703e-02,1.105000004172325134e-01,1.842000037431716919e-01,1.014999970793724060e-01,9.380000084638595581e-02,1.377000063657760620e-01,3.070000112056732178e-01,3.059999942779541016e-01,2.969999909400939941e-01,2.809999883174896240e-01,2.980000078678131104e-01,2.910000085830688477e-01,2.879999876022338867e-01,6.100000068545341492e-02,3.050000071525573730e-01,2.980000078678131104e-01,2.960000038146972656e-01,3.000000119209289551e-01,2.669999897480010986e-01,2.910000085830688477e-01,2.910000085830688477e-01,2.790000140666961670e-01,2.720000147819519043e-01,2.779999971389770508e-01,2.739999890327453613e-01,2.809999883174896240e-01,2.730000019073486328e-01,2.739999890327453613e-01,2.860000133514404297e-01,2.829999923706054688e-01,1.692000031471252441e-01,1.934999972581863403e-01,1.510999947786331177e-01,2.099999934434890747e-01,2.160000056028366089e-01,1.528999954462051392e-01,8.839999884366989136e-02,8.609999716281890869e-02,5.579999834299087524e-02,4.109999909996986389e-02,5.240000039339065552e-02,7.389999926090240479e-02,5.880000069737434387e-02,6.800000369548797607e-02,5.090000107884407043e-02,4.450000077486038208e-02,5.970000103116035461e-02,5.359999835491180420e-02,7.249999791383743286e-02,9.600000083446502686e-02,9.279999881982803345e-02,9.549999982118606567e-02,9.210000187158584595e-02,9.030000120401382446e-02,6.129999831318855286e-02,5.079999938607215881e-02,5.979999899864196777e-02,6.909999996423721313e-02,8.389999717473983765e-02,7.710000127553939819e-02,8.470000326633453369e-02,7.129999995231628418e-02
6.010000035166740417e-02,1.414999961853027344e-01,7.159999758005142212e-02,5.600000172853469849e-02,5.290000140666961670e-02,4.980000108480453491e-02,5.900000035762786865e-02,7.859999686479568481e-02,4.239999875426292419e-02,2.910000085830688477e-02,4.830000177025794983e-02,7.999999821186065674e-02,7.670000195503234863e-02,1.723999977111816406e-01,1.982000023126602173e-01,1.547999978065490723e-01,1.400000005960464478e-01,1.167000010609626770e-01,9.549999982118606567e-02,1.023999974131584167e-01,1.036000028252601624e-01,1.089000031352043152e-01,6.379999965429306030e-02,5.550000071525573730e-02,7.739999890327453613e-02,3.759999945759773254e-02,2.449999935925006866e-02,1.820000074803829193e-02,2.669999934732913971e-02,3.770000115036964417e-02,4.690000042319297791e-02,3.559999912977218628e-02,2.520000003278255463e-02,3.189999982714653015e-02,3.530000150203704834e-02,1.039000004529953003e-01,1.208000034093856812e-01,6.140000000596046448e-02,6.190000101923942566e-02,8.590000122785568237e-02,8.089999854564666748e-02,1.072999984025955200e-01,8.929999917745590210e-02,2.899999916553497314e-01,2.849999964237213135e-01,2.969999909400939941e-01,3.000000119209289551e-01,2.759999930858612061e-01,2.930000126361846924e-01,3.019999861717224121e-01,2.930000126361846924e-01,2.919999957084655762e-01,2.910000085830688477e-01,3.000000119209289551e-01,2.960000038146972656e-01,2.939999997615814209e-01,2.800000011920928955e-01,2.829999923706054688e-01,2.960000038146972656e-01,2.860000133514404297e-01,2.899999916553497314e-01,2.829999923706054688e-01,2.630000114440917969e-01,2.779999971389770508e-01,2.770000100135803223e-01,2.560000121593475342e-01,2.779999971389770508e-01,2.750000059604644775e-01,2.849999964237213135e-01,3.070000112056732178e-01,1.755000054836273193e-01,1.547999978065490723e-01,1.618999987840652466e-01,9.380000084638595581e-02,8.919999748468399048e-02,8.850000053644180298e-02,4.619999974966049194e-02,4.969999939203262329e-02,4.600000008940696716e-02,4.800000041723251343e-02,9.399999678134918213e-02,9.780000150203704834e-02,4.899999871850013733e-02,4.199999943375587463e-02,5.160000175237655640e-02,7.699999958276748657e-02,8.150000125169754028e-02,6.639999896287918091e-02,8.110000193119049072e-02,7.649999856948852539e-02,6.780000030994415283e-02,4.690000042319297791e-02,4.369999840855598450e-02,1.090999990701675415e-01,9.329999983310699463e-02,9.300000220537185669e-02,1.190999969840049744e-01,7.559999823570251465e-02,6.199999898672103882e-02,8.850000053644180298e-02
5.909999832510948181e-02,1.284999996423721313e-01,6.230000033974647522e-02,3.550000116229057312e-02,5.579999834299087524e-02,4.149999842047691345e-02,5.779999867081642151e-02,5.620000138878822327e-02,3.390000015497207642e-02,2.520000003278255463e-02,2.250000089406967163e-02,5.099999904632568359e-02,6.150000169873237610e-02,1.057000011205673218e-01,1.054999977350234985e-01,1.396999955177307129e-01,9.030000120401382446e-02,9.570000320672988892e-02,7.299999892711639404e-02,6.859999895095825195e-02,1.045000031590461731e-01,8.980000019073486328e-02,6.360000371932983398e-02,4.390000179409980774e-02,3.860000148415565491e-02,2.789999917149543762e-02,4.569999873638153076e-02,2.380000054836273193e-02,4.740000143647193909e-02,4.080000147223472595e-02,4.459999874234199524e-02,2.810000069439411163e-02,2.810000069439411163e-02,4.890000075101852417e-02,3.950000181794166565e-02,7.760000228881835938e-02,6.939999759197235107e-02,1.163000017404556274e-01,1.404000073671340942e-01,1.020999997854232788e-01,8.739999681711196899e-02,8.829999715089797974e-02,5.770000070333480835e-02,1.412999927997589111e-01,2.809999883174896240e-01,2.899999916553497314e-01,2.899999916553497314e-01,2.829999923706054688e-01,2.870000004768371582e-01,2.989999949932098389e-01,2.930000126361846924e-01,1.692000031471252441e-01,6.539999693632125854e-02,4.910000041127204895e-02,5.770000070333480835e-02,1.538999974727630615e-01,2.759999930858612061e-01,1.916999965906143188e-01,2.910000085830688477e-01,2.779999971389770508e-01,2.899999916553497314e-01,2.800000011920928955e-01,2.689999938011169434e-01,2.790000140666961670e-01,2.680000066757202148e-01,2.680000066757202148e-01,2.800000011920928955e-01,2.829999923706054688e-01,3.000000119209289551e-01,2.899999916553497314e-01,2.980000078678131104e-01,1.764000058174133301e-01,1.700000017881393433e-01,1.146000027656555176e-01,1.000000014901161194e-01,8.100000023841857910e-02,7.190000265836715698e-02,5.779999867081642151e-02,5.719999969005584717e-02,4.850000143051147461e-02,9.260000288486480713e-02,6.279999762773513794e-02,4.859999939799308777e-02,2.879999950528144836e-02,3.739999979734420776e-02,8.680000156164169312e-02,1.000000014901161194e-01,4.380000010132789612e-02,7.850000262260437012e-02,3.420000150799751282e-02,4.839999973773956299e-02,4.470000043511390686e-02,5.539999902248382568e-02,9.399999678134918213e-02,1.222999989986419678e-01,1.247000023722648621e-01,1.324000060558319092e-01,9.260000288486480713e-02,8.739999681711196899e-02,8.209999650716781616e-02
6.780000030994415283e-02,5.590000003576278687e-02,6.930000334978103638e-02,4.919999837875366211e-02,6.120000034570693970e-02,5.260000005364418030e-02,3.779999911785125732e-02,2.070000022649765015e-02,2.480000071227550507e-02,2.840000018477439880e-02,2.140000090003013611e-02,6.419999897480010986e-02,9.549999982118606567e-02,8.250000327825546265e-02,1.110000014305114746e-01,9.070000052452087402e-02,1.124000027775764465e-01,1.121999993920326233e-01,1.093000024557113647e-01,9.870000183582305908e-02,8.240000158548355103e-02,1.102000027894973755e-01,1.000000014901161194e-01,7.479999959468841553e-02,6.769999861717224121e-02,4.380000010132789612e-02,7.500000298023223877e-02,3.370000049471855164e-02,4.459999874234199524e-02,3.590000048279762268e-02,3.759999945759773254e-02,3.970000147819519043e-02,3.970000147819519043e-02,6.279999762773513794e-02,6.419999897480010986e-02,9.820000082254409790e-02,1.106000021100044250e-01,7.460000365972518921e-02,9.130000323057174683e-02,9.589999914169311523e-02,8.380000293254852295e-02,7.540000230073928833e-02,8.190000057220458984e-02,2.759999930858612061e-01,2.820000052452087402e-01,2.829999923706054688e-01,2.606999874114990234e-01,2.770000100135803223e-01,2.820000052452087402e-01,2.879999876022338867e-01,2.829999923706054688e-01,1.296000033617019653e-01,1.368000060319900513e-01,4.870000109076499939e-02,5.090000107884407043e-02,6.279999762773513794e-02,6.979999691247940063e-02,6.360000371932983398e-02,1.728000044822692871e-01,1.800000071525573730e-01,3.000000119209289551e-01,2.750000059604644775e-01,2.739999890327453613e-01,2.649999856948852539e-01,2.860000133514404297e-01,2.899999916553497314e-01,2.849999964237213135e-01,2.899999916553497314e-01,2.849999964237213135e-01,2.939999997615814209e-01,2.890000045299530029e-01,3.079999983310699463e-01,1.337999999523162842e-01,1.172000020742416382e-01,9.809999912977218628e-02,9.969999641180038452e-02,8.399999886751174927e-02,7.710000127553939819e-02,6.100000068545341492e-02,5.020000040531158447e-02,7.079999893903732300e-02,5.209999904036521912e-02,5.979999899864196777e-02,3.959999978542327881e-02,4.430000111460685730e-02,3.979999944567680359e-02,4.930000007152557373e-02,3.750000149011611938e-02,5.200000107288360596e-02,6.040000170469284058e-02,8.669999986886978149e-02,5.950000137090682983e-02,6.159999966621398926e-02,9.809999912977218628e-02,1.093999966979026794e-01,2.284999936819076538e-01,2.119999974966049194e-01,1.349000036716461182e-01,1.169999986886978149e-01,8.910000324249267578e-02
6.800000369548797607e-02,5.020000040531158447e-02,6.669999659061431885e-02,7.880000025033950806e-02,6.289999932050704956e-02,4.490000009536743164e-02,3.079999983310699463e-02,3.269999846816062927e-02,2.700000070035457611e-02,2.820000052452087402e-02,4.239999875426292419e-02,5.930000171065330505e-02,7.519999891519546509e-02,8.600000292062759399e-02,1.254000067710876465e-01,1.398999989032745361e-01,1.588000059127807617e-01,1.279000043869018555e-01,1.033999994397163391e-01,1.583999991416931152e-01,9.899999946355819702e-02,9.740000218152999878e-02,6.560000032186508179e-02,1.149000003933906555e-01,4.910000041127204895e-02,7.370000332593917847e-02,7.100000232458114624e-02,7.000000029802322388e-02,5.350000038743019104e-02,4.690000042319297791e-02,3.750000149011611938e-02,4.230000078678131104e-02,4.289999976754188538e-02,5.730000138282775879e-02,9.279999881982803345e-02,1.226999983191490173e-01,1.459999978542327881e-01,1.439999938011169434e-01,1.808000057935714722e-01,1.372999995946884155e-01,1.562999933958053589e-01,1.849000006914138794e-01,5.849999934434890747e-02,2.779999971389770508e-01,2.770000100135803223e-01,2.649999856948852539e-01,2.750000059604644775e-01,2.809999883174896240e-01,2.870000004768371582e-01,2.870000004768371582e-01,2.949999868869781494e-01,2.770000100135803223e-01,1.124999970197677612e-01,5.970000103116035461e-02,6.809999793767929077e-02,7.029999792575836182e-02,8.139999955892562866e-02,7.559999823570251465e-02,6.060000136494636536e-02,5.119999870657920837e-02,4.329999908804893494e-02,1.466999948024749756e-01,2.790000140666961670e-01,2.669999897480010986e-01,2.730000019073486328e-01,2.779999971389770508e-01,2.739999890327453613e-01,2.849999964237213135e-01,2.829999923706054688e-01,2.949999868869781494e-01,2.939999997615814209e-01,3.070000112056732178e-01,1.880999952554702759e-01,7.469999790191650391e-02,1.190999969840049744e-01,8.990000188350677490e-02,8.540000021457672119e-02,9.099999815225601196e-02,8.070000261068344116e-02,5.050000175833702087e-02,4.940000176429748535e-02,3.400000184774398804e-02,5.099999904632568359e-02,6.179999932646751404e-02,2.349999919533729553e-02,3.559999912977218628e-02,4.930000007152557373e-02,3.849999979138374329e-02,5.539999902248382568e-02,8.990000188350677490e-02,1.022000014781951904e-01,8.929999917745590210e-02,5.999999865889549255e-02,1.071999967098236084e-01,1.801999956369400024e-01,2.290000021457672119e-01,2.460999935865402222e-01,1.438000053167343140e-01,1.291999965906143188e-01,1.423999965190887451e-01
5.959999933838844299e-02,4.560000076889991760e-02,5.909999832510948181e-02,4.160000011324882507e-02,4.320000112056732178e-02,4.239999875426292419e-02,5.009999871253967285e-02,4.179999977350234985e-02,2.180000022053718567e-02,3.799999877810478210e-02,5.590000003576278687e-02,4.969999939203262329e-02,6.270000338554382324e-02,9.480000287294387817e-02,9.629999846220016479e-02,1.032000035047531128e-01,1.000000014901161194e-01,1.231999993324279785e-01,1.172999963164329529e-01,1.738999933004379272e-01,1.108999997377395630e-01,1.067000031471252441e-01,7.680000364780426025e-02,9.329999983310699463e-02,7.569999992847442627e-02,5.799999833106994629e-02,5.110000073909759521e-02,5.040000006556510925e-02,8.500000089406967163e-02,4.179999977350234985e-02,4.980000108480453491e-02,5.319999903440475464e-02,6.759999692440032959e-02,8.500000089406967163e-02,1.159999966621398926e-01,1.912000030279159546e-01,2.019000053405761719e-01,1.597999930381774902e-01,1.770000010728836060e-01,1.642999947071075439e-01,1.982000023126602173e-01,2.117000073194503784e-01,1.914000064134597778e-01,1.914000064134597778e-01,2.440000027418136597e-01,2.770000100135803223e-01,2.720000147819519043e-01,2.680000066757202148e-01,2.860000133514404297e-01,2.849999964237213135e-01,2.980000078678131104e-01,2.849999964237213135e-01,8.009999990463256836e-02,7.249999791383743286e-02,5.409999936819076538e-02,5.240000039339065552e-02,5.009999871253967285e-02,8.389999717473983765e-02,6.260000169277191162e-02,4.989999905228614807e-02,5.139999836683273315e-02,5.209999904036521912e-02,1.755000054836273193e-01,2.669999897480010986e-01,2.720000147819519043e-01,2.770000100135803223e-01,2.849999964237213135e-01,2.960000038146972656e-01,2.870000004768371582e-01,2.870000004768371582e-01,2.870000004768371582e-01,2.960000038146972656e-01,1.862999945878982544e-01,7.680000364780426025e-02,8.850000053644180298e-02,7.509999722242355347e-02,1.580000072717666626e-01,8.250000327825546265e-02,7.530000060796737671e-02,4.740000143647193909e-02,4.830000177025794983e-02,5.930000171065330505e-02,4.390000179409980774e-02,5.979999899864196777e-02,2.969999983906745911e-02,3.060000017285346985e-02,4.769999906420707703e-02,3.950000181794166565e-02,7.750000059604644775e-02,9.319999814033508301e-02,1.576000005006790161e-01,1.147999987006187439e-01,1.027000024914741516e-01,8.919999748468399048e-02,1.289000064134597778e-01,1.810999959707260132e-01,2.163999974727630615e-01,1.670999974012374878e-01,1.190999969840049744e-01,1.145000010728836060e-01
1.014999970793724060e-01,4.899999871850013733e-02,4.839999973773956299e-02,4.050000011920928955e-02,2.850000001490116119e-02,3.420000150799751282e-02,3.830000013113021851e-02,3.979999944567680359e-02,3.959999978542327881e-02,3.950000181794166565e-02,4.349999874830245972e-02,2.700000070035457611e-02,5.070000141859054565e-02,8.389999717473983765e-02,8.309999853372573853e-02,5.660000070929527283e-02,6.740000098943710327e-02,8.079999685287475586e-02,1.019999980926513672e-01,1.289999932050704956e-01,1.013000011444091797e-01,1.281999945640563965e-01,1.250000000000000000e-01,9.319999814033508301e-02,4.380000010132789612e-02,5.880000069737434387e-02,6.430000066757202148e-02,7.379999756813049316e-02,1.018000021576881409e-01,8.730000257492065430e-02,8.100000023841857910e-02,7.440000027418136597e-02,1.067000031471252441e-01,1.617999970912933350e-01,1.238999962806701660e-01,2.044000029563903809e-01,2.480999976396560669e-01,2.343000024557113647e-01,2.343000024557113647e-01,2.343000024557113647e-01,2.343000024557113647e-01,1.893000006675720215e-01,1.893000006675720215e-01,1.893000006675720215e-01,1.893000006675720215e-01,2.669999897480010986e-01,2.579999864101409912e-01,2.630000114440917969e-01,2.630000114440917969e-01,2.779999971389770508e-01,2.939999997615814209e-01,2.720000147819519043e-01,2.849999964237213135e-01,5.180000141263008118e-02,4.459999874234199524e-02,4.899999871850013733e-02,4.569999873638153076e-02,5.279999971389770508e-02,6.019999831914901733e-02,3.620000183582305908e-02,2.889999933540821075e-02,6.250000000000000000e-02,1.620000004768371582e-01,2.969999909400939941e-01,2.899999916553497314e-01,2.750000059604644775e-01,2.730000019073486328e-01,2.750000059604644775e-01,2.870000004768371582e-01,2.949999868869781494e-01,2.849999964237213135e-01,2.720000147819519043e-01,1.800000071525573730e-01,3.849999979138374329e-02,6.060000136494636536e-02,6.580000370740890503e-02,8.860000222921371460e-02,9.790000319480895996e-02,9.229999780654907227e-02,4.560000076889991760e-02,2.710000053048133850e-02,4.170000180602073669e-02,4.859999939799308777e-02,5.240000039339065552e-02,2.740000002086162567e-02,2.490000054240226746e-02,3.040000051259994507e-02,3.849999979138374329e-02,6.819999963045120239e-02,7.680000364780426025e-02,1.307999938726425171e-01,1.024999991059303284e-01,9.430000185966491699e-02,1.341000050306320190e-01,1.790000051259994507e-01,1.743000000715255737e-01,1.774999946355819702e-01,2.166000008583068848e-01,8.709999918937683105e-02,6.440000236034393311e-02
5.790000036358833313e-02,4.239999875426292419e-02,4.030000045895576477e-02,5.959999933838844299e-02,3.940000012516975403e-02,3.379999846220016479e-02,3.970000147819519043e-02,7.299999892711639404e-02,6.350000202655792236e-02,1.011999994516372681e-01,7.829999923706054688e-02,3.500000014901161194e-02,5.480000004172325134e-02,7.519999891519546509e-02,1.387999951839447021e-01,6.120000034570693970e-02,7.739999890327453613e-02,9.769999980926513672e-02,1.636999994516372681e-01,1.335999965667724609e-01,9.629999846220016479e-02,9.549999982118606567e-02,1.678999960422515869e-01,1.349000036716461182e-01,8.649999648332595825e-02,5.490000173449516296e-02,8.529999852180480957e-02,6.899999827146530151e-02,1.529999971389770508e-01,6.909999996423721313e-02,6.819999963045120239e-02,7.020000368356704712e-02,6.279999762773513794e-02,1.570000052452087402e-01,1.158000007271766663e-01,1.301999986171722412e-01,2.294999957084655762e-01,2.453999966382980347e-01,2.119999974966049194e-01,2.119999974966049194e-01,2.119999974966049194e-01,2.119999974966049194e-01,2.119999974966049194e-01,2.119999974966049194e-01,2.119999974966049194e-01,2.329999953508377075e-01,2.610000073909759521e-01,2.520000040531158447e-01,2.569999992847442627e-01,2.720000147819519043e-01,2.899999916553497314e-01,2.899999916553497314e-01,2.870000004768371582e-01,5.959999933838844299e-02,4.170000180602073669e-02,4.459999874234199524e-02,3.669999912381172180e-02,5.389999970793724060e-02,4.989999905228614807e-02,2.500000037252902985e-02,2.109999954700469971e-02,2.979999966919422150e-02,6.100000068545341492e-02,1.638000011444091797e-01,2.890000045299530029e-01,2.739999890327453613e-01,2.800000011920928955e-01,2.709999978542327881e-01,3.109999895095825195e-01,3.079999983310699463e-01,2.960000038146972656e-01,2.980000078678131104e-01,1.683000028133392334e-01,3.779999911785125732e-02,4.780000075697898865e-02,4.500000178813934326e-02,6.870000064373016357e-02,8.980000019073486328e-02,9.589999914169311523e-02,7.010000199079513550e-02,4.089999943971633911e-02,3.629999980330467224e-02,4.459999874234199524e-02,6.409999728202819824e-02,4.569999873638153076e-02,4.349999874830245972e-02,5.000000074505805969e-02,1.096000000834465027e-01,1.196999996900558472e-01,1.996999979019165039e-01,1.664000004529953003e-01,2.046000063419342041e-01,2.348999977111816406e-01,2.295999974012374878e-01,2.175000011920928955e-01,2.055999934673309326e-01,2.221000045537948608e-01,1.301999986171722412e-01,5.950000137090682983e-02,4.809999838471412659e-02
3.240000084042549133e-02,1.579999923706054688e-02,2.080000005662441254e-02,4.280000180006027222e-02,2.969999983906745911e-02,4.140000045299530029e-02,5.350000038743019104e-02,8.990000188350677490e-02,6.120000034570693970e-02,6.679999828338623047e-02,1.228000000119209290e-01,5.409999936819076538e-02,6.400000303983688354e-02,7.639999687671661377e-02,1.084999963641166687e-01,6.419999897480010986e-02,8.770000189542770386e-02,6.279999762773513794e-02,1.006999984383583069e-01,6.089999899268150330e-02,4.940000176429748535e-02,6.769999861717224121e-02,1.128000020980834961e-01,1.120000034570693970e-01,4.960000142455101013e-02,4.670000076293945312e-02,7.220000028610229492e-02,8.269999921321868896e-02,1.032000035047531128e-01,6.109999865293502808e-02,3.599999845027923584e-02,6.960000097751617432e-02,1.076999977231025696e-01,1.764000058174133301e-01,8.860000222921371460e-02,1.194999963045120239e-01,1.115999966859817505e-01,1.252000033855438232e-01,1.252000033855438232e-01,1.252000033855438232e-01,1.252000033855438232e-01,1.252000033855438232e-01,1.252000033855438232e-01,1.252000033855438232e-01,1.252000033855438232e-01,2.619999945163726807e-01,2.230000048875808716e-01,2.479999959468841553e-01,2.720000147819519043e-01,2.759999930858612061e-01,2.989999949932098389e-01,2.960000038146972656e-01,2.860000133514404297e-01,1.538999974727630615e-01,6.549999862909317017e-02,6.520000100135803223e-02,5.119999870657920837e-02,3.139999881386756897e-02,2.600000053644180298e-02,3.130000084638595581e-02,5.050000175833702087e-02,3.860000148415565491e-02,3.929999843239784241e-02,1.520999968051910400e-01,2.919999957084655762e-01,2.759999930858612061e-01,2.829999923706054688e-01,2.720000147819519043e-01,2.930000126361846924e-01,3.100000023841857910e-01,3.019999861717224121e-01,2.919999957084655762e-01,5.710000172257423401e-02,6.509999930858612061e-02,5.930000171065330505e-02,5.429999902844429016e-02,4.780000075697898865e-02,6.480000168085098267e-02,6.129999831318855286e-02,6.060000136494636536e-02,5.629999935626983643e-02,5.070000141859054565e-02,5.189999938011169434e-02,5.460000038146972656e-02,4.670000076293945312e-02,6.260000169277191162e-02,7.349999994039535522e-02,7.779999822378158569e-02,1.141000017523765564e-01,2.178000062704086304e-01,2.488999962806701660e-01,2.205999940633773804e-01,2.163999974727630615e-01,2.238000035285949707e-01,2.225999981164932251e-01,1.483999937772750854e-01,1.084000021219253540e-01,7.410000264644622803e-02,3.530000150203704834e-02,3.750000149011611938e-02
1.989999972283840179e-02,3.249999880790710449e-02,2.690000087022781372e-02,2.679999917745590210e-02,1.820000074803829193e-02,3.070000000298023224e-02,3.860000148415565491e-02,6.260000169277191162e-02,7.180000096559524536e-02,7.039999961853027344e-02,7.540000230073928833e-02,8.330000191926956177e-02,7.599999755620956421e-02,4.569999873638153076e-02,4.459999874234199524e-02,7.230000197887420654e-02,5.799999833106994629e-02,5.559999868273735046e-02,5.169999971985816956e-02,8.240000158548355103e-02,3.730000182986259460e-02,8.200000226497650146e-02,9.899999946355819702e-02,6.230000033974647522e-02,3.310000151395797729e-02,4.610000178217887878e-02,7.230000197887420654e-02,6.740000098943710327e-02,6.459999829530715942e-02,4.839999973773956299e-02,4.670000076293945312e-02,4.850000143051147461e-02,9.049999713897705078e-02,1.445000022649765015e-01,1.028999984264373779e-01,7.360000163316726685e-02,1.120000034570693970e-01,9.120000153779983521e-02,9.120000153779983521e-02,9.120000153779983521e-02,9.120000153779983521e-02,9.120000153779983521e-02,9.120000153779983521e-02,9.120000153779983521e-02,9.120000153779983521e-02,2.840000092983245850e-01,2.619999945163726807e-01,2.649999856948852539e-01,2.300000041723251343e-01,2.730000019073486328e-01,2.910000085830688477e-01,2.870000004768371582e-01,2.890000045299530029e-01,1.520999968051910400e-01,7.999999821186065674e-02,3.649999946355819702e-02,3.810000047087669373e-02,2.219999954104423523e-02,2.439999952912330627e-02,2.280000038444995880e-02,3.269999846816062927e-02,3.979999944567680359e-02,3.819999843835830688e-02,1.080000028014183044e-01,2.829999923706054688e-01,2.739999890327453613e-01,2.770000100135803223e-01,2.860000133514404297e-01,3.009999990463256836e-01,3.019999861717224121e-01,3.070000112056732178e-01,5.000000074505805969e-02,9.780000150203704834e-02,7.620000094175338745e-02,1.033999994397163391e-01,7.220000028610229492e-02,5.429999902844429016e-02,6.870000064373016357e-02,5.350000038743019104e-02,6.109999865293502808e-02,6.179999932646751404e-02,5.200000107288360596e-02,4.580000042915344238e-02,5.480000004172325134e-02,6.689999997615814209e-02,7.450000196695327759e-02,4.989999905228614807e-02,1.112999990582466125e-01,1.458999961614608765e-01,1.801999956369400024e-01,1.861999928951263428e-01,1.798000037670135498e-01,1.576000005006790161e-01,1.821999996900558472e-01,1.703000068664550781e-01,1.145000010728836060e-01,1.061000004410743713e-01,5.180000141263008118e-02,4.729999974370002747e-02,4.699999839067459106e-02
1.520000025629997253e-02,2.119999937713146210e-02,2.140000090003013611e-02,2.470000088214874268e-02,2.250000089406967163e-02,2.690000087022781372e-02,4.969999939203262329e-02,6.669999659061431885e-02,8.810000121593475342e-02,7.660000026226043701e-02,9.499999880790710449e-02,6.719999760389328003e-02,7.119999825954437256e-02,8.389999717473983765e-02,1.146999970078468323e-01,6.960000097751617432e-02,5.460000038146972656e-02,3.819999843835830688e-02,5.759999901056289673e-02,6.150000169873237610e-02,4.670000076293945312e-02,5.590000003576278687e-02,6.060000136494636536e-02,4.300000146031379700e-02,3.180000185966491699e-02,4.509999975562095642e-02,7.199999690055847168e-02,5.620000138878822327e-02,5.810000002384185791e-02,3.220000118017196655e-02,3.689999878406524658e-02,4.300000146031379700e-02,7.779999822378158569e-02,1.679999977350234985e-01,1.517000049352645874e-01,1.055999994277954102e-01,1.537999957799911499e-01,1.454000025987625122e-01,1.454000025987625122e-01,1.454000025987625122e-01,1.454000025987625122e-01,1.454000025987625122e-01,1.454000025987625122e-01,1.454000025987625122e-01,1.454000025987625122e-01,2.779999971389770508e-01,2.759999930858612061e-01,2.680000066757202148e-01,2.750000059604644775e-01,2.779999971389770508e-01,2.800000011920928955e-01,2.694999873638153076e-01,2.779999971389770508e-01,1.880999952554702759e-01,3.970000147819519043e-02,3.759999945759773254e-02,3.050000034272670746e-02,1.930000074207782745e-02,2.910000085830688477e-02,1.970000006258487701e-02,2.160000056028366089e-02,3.849999979138374329e-02,3.909999877214431763e-02,2.870000004768371582e-01,2.759999930858612061e-01,2.759999930858612061e-01,2.899999916553497314e-01,2.730000019073486328e-01,2.939999997615814209e-01,3.217999935150146484e-01,1.692000031471252441e-01,5.869999900460243225e-02,8.910000324249267578e-02,7.819999754428863525e-02,9.000000357627868652e-02,6.170000135898590088e-02,7.949999719858169556e-02,7.209999859333038330e-02,1.028999984264373779e-01,7.460000365972518921e-02,8.179999887943267822e-02,6.480000168085098267e-02,7.789999991655349731e-02,9.749999642372131348e-02,8.500000089406967163e-02,6.409999728202819824e-02,5.290000140666961670e-02,1.632999926805496216e-01,1.343999952077865601e-01,1.421999931335449219e-01,1.951999962329864502e-01,1.869000047445297241e-01,1.626999974250793457e-01,1.703000068664550781e-01,1.284999996423721313e-01,9.260000288486480713e-02,7.630000263452529907e-02,5.590000003576278687e-02,4.910000041127204895e-02,4.520000144839286804e-02
1.630000025033950806e-02,2.429999969899654388e-02,2.180000022053718567e-02,2.280000038444995880e-02,2.260000072419643402e-02,2.889999933540821075e-02,2.989999949932098389e-02,5.189999938011169434e-02,6.469999998807907104e-02,5.730000138282775879e-02,1.159000024199485779e-01,5.779999867081642151e-02,1.017000004649162292e-01,1.009000018239021301e-01,1.093000024557113647e-01,9.030000120401382446e-02,4.160000011324882507e-02,3.229999914765357971e-02,5.150000005960464478e-02,7.310000061988830566e-02,8.120000362396240234e-02,8.039999753236770630e-02,5.150000005960464478e-02,5.079999938607215881e-02,5.939999967813491821e-02,5.290000140666961670e-02,7.000000029802322388e-02,7.150000333786010742e-02,9.059999883174896240e-02,3.070000000298023224e-02,3.260000050067901611e-02,4.190000146627426147e-02,9.669999778270721436e-02,1.411000043153762817e-01,1.253000050783157349e-01,1.569000035524368286e-01,1.659000068902969360e-01,1.659000068902969360e-01,2.247000038623809814e-01,2.247000038623809814e-01,2.247000038623809814e-01,2.247000038623809814e-01,2.247000038623809814e-01,2.247000038623809814e-01,2.247000038623809814e-01,2.247000038623809814e-01,2.709999978542327881e-01,2.680000066757202148e-01,2.820000052452087402e-01,2.680000066757202148e-01,2.711000144481658936e-01,2.649999856948852539e-01,2.820000052452087402e-01,2.802000045776367188e-01,5.299999937415122986e-02,2.800000086426734924e-02,2.620000019669532776e-02,2.349999919533729553e-02,2.669999934732913971e-02,2.649999968707561493e-02,1.860000006854534149e-02,1.989999972283840179e-02,3.030000068247318268e-02,2.820000052452087402e-01,2.739999890327453613e-01,2.870000004768371582e-01,2.860000133514404297e-01,2.910000085830688477e-01,2.860000133514404297e-01,3.120000064373016357e-01,9.239999949932098389e-02,7.400000095367431641e-02,8.649999648332595825e-02,8.439999818801879883e-02,6.549999862909317017e-02,6.409999728202819824e-02,7.150000333786010742e-02,9.350000321865081787e-02,1.207000017166137695e-01,1.372999995946884155e-01,9.629999846220016479e-02,1.039000004529953003e-01,7.000000029802322388e-02,8.089999854564666748e-02,4.850000143051147461e-02,7.760000228881835938e-02,6.970000267028808594e-02,1.063999980688095093e-01,1.582999974489212036e-01,1.693000048398971558e-01,1.335999965667724609e-01,1.507000029087066650e-01,1.228000000119209290e-01,1.055999994277954102e-01,1.248999983072280884e-01,7.699999958276748657e-02,8.349999785423278809e-02,4.910000041127204895e-02,4.969999939203262329e-02,5.209999904036521912e-02
1.879999972879886627e-02,1.759999990463256836e-02,2.410000003874301910e-02,2.190000005066394806e-02,1.710000075399875641e-02,1.679999940097332001e-02,2.490000054240226746e-02,3.460000082850456238e-02,4.919999837875366211e-02,6.539999693632125854e-02,6.859999895095825195e-02,6.700000166893005371e-02,5.310000106692314148e-02,5.680000036954879761e-02,5.640000104904174805e-02,6.140000000596046448e-02,4.560000076889991760e-02,3.130000084638595581e-02,4.850000143051147461e-02,4.699999839067459106e-02,5.150000005960464478e-02,5.240000039339065552e-02,4.899999871850013733e-02,5.130000039935112000e-02,5.169999971985816956e-02,7.699999958276748657e-02,7.569999992847442627e-02,7.429999858140945435e-02,6.060000136494636536e-02,3.849999979138374329e-02,4.500000178813934326e-02,6.179999932646751404e-02,8.529999852180480957e-02,8.980000019073486328e-02,1.261000037193298340e-01,1.172000020742416382e-01,1.708000004291534424e-01,2.043000012636184692e-01,2.426999956369400024e-01,2.426999956369400024e-01,2.426999956369400024e-01,2.426999956369400024e-01,2.426999956369400024e-01,2.426999956369400024e-01,2.426999956369400024e-01,2.426999956369400024e-01,2.759999930858612061e-01,2.630000114440917969e-01,2.849999964237213135e-01,2.829999923706054688e-01,2.660000026226043701e-01,2.029999941587448120e-01,2.649999856948852539e-01,2.649999856948852539e-01,1.710000038146972656e-01,4.639999940991401672e-02,2.190000005066394806e-02,1.759999990463256836e-02,1.539999991655349731e-02,1.700000092387199402e-02,1.620000042021274567e-02,1.960000023245811462e-02,1.692000031471252441e-01,2.949999868869781494e-01,2.969999909400939941e-01,2.890000045299530029e-01,2.809999883174896240e-01,2.870000004768371582e-01,2.899999916553497314e-01,6.949999928474426270e-02,8.309999853372573853e-02,6.769999861717224121e-02,1.062999963760375977e-01,1.001000031828880310e-01,8.070000261068344116e-02,5.409999936819076538e-02,5.900000035762786865e-02,1.386000066995620728e-01,7.150000333786010742e-02,1.083000004291534424e-01,1.037999987602233887e-01,8.850000053644180298e-02,1.344999969005584717e-01,1.332000046968460083e-01,8.980000019073486328e-02,7.829999923706054688e-02,1.086999997496604919e-01,1.049999967217445374e-01,1.237000003457069397e-01,1.387999951839447021e-01,1.897000074386596680e-01,1.630000025033950806e-01,1.908999979496002197e-01,1.269000023603439331e-01,1.833000034093856812e-01,1.253000050783157349e-01,9.000000357627868652e-02,4.369999840855598450e-02,5.310000106692314148e-02,5.849999934434890747e-02
3.940000012516975403e-02,2.889999933540821075e-02,2.009999938309192657e-02,1.559999957680702209e-02,1.810000091791152954e-02,2.160000056028366089e-02,3.020000085234642029e-02,2.419999986886978149e-02,3.350000083446502686e-02,3.739999979734420776e-02,8.160000294446945190e-02,6.660000234842300415e-02,5.620000138878822327e-02,5.799999833106994629e-02,2.510000020265579224e-02,3.849999979138374329e-02,5.099999904632568359e-02,5.330000072717666626e-02,4.740000143647193909e-02,4.540000110864639282e-02,5.590000003576278687e-02,5.759999901056289673e-02,5.999999865889549255e-02,6.360000371932983398e-02,7.840000092983245850e-02,8.280000090599060059e-02,7.169999927282333374e-02,6.580000370740890503e-02,5.829999968409538269e-02,3.689999878406524658e-02,4.380000010132789612e-02,4.140000045299530029e-02,7.540000230073928833e-02,1.460999995470046997e-01,1.579000055789947510e-01,1.703000068664550781e-01,1.726000010967254639e-01,1.798000037670135498e-01,2.405000030994415283e-01,2.405000030994415283e-01,2.405000030994415283e-01,2.405000030994415283e-01,2.405000030994415283e-01,2.405000030994415283e-01,2.405000030994415283e-01,1.196999996900558472e-01,2.669999897480010986e-01,2.809999883174896240e-01,2.750000059604644775e-01,2.790000140666961670e-01,2.700000107288360596e-01,2.199999988079071045e-01,2.531000077724456787e-01,2.639999985694885254e-01,1.701000034809112549e-01,4.890000075101852417e-02,2.789999917149543762e-02,3.220000118017196655e-02,2.759999968111515045e-02,2.160000056028366089e-02,1.810000091791152954e-02,2.750000059604644775e-01,2.910000085830688477e-01,2.860000133514404297e-01,2.840000092983245850e-01,2.879999876022338867e-01,2.809999883174896240e-01,3.079999983310699463e-01,6.669999659061431885e-02,6.419999897480010986e-02,8.410000056028366089e-02,1.137000024318695068e-01,7.440000027418136597e-02,6.949999928474426270e-02,6.629999727010726929e-02,4.349999874830245972e-02,4.380000010132789612e-02,1.521999984979629517e-01,1.319999992847442627e-01,8.200000226497650146e-02,1.337999999523162842e-01,8.770000189542770386e-02,9.660000354051589966e-02,6.230000033974647522e-02,7.500000298023223877e-02,1.042999997735023499e-01,1.712000072002410889e-01,1.656000018119812012e-01,1.291999965906143188e-01,1.459999978542327881e-01,1.409000009298324585e-01,1.176000013947486877e-01,1.807000041007995605e-01,1.635999977588653564e-01,1.674000024795532227e-01,1.493999958038330078e-01,1.579000055789947510e-01,8.060000091791152954e-02,6.469999998807907104e-02,7.479999959468841553e-02
6.270000338554382324e-02,2.229999937117099762e-02,1.379999984055757523e-02,2.140000090003013611e-02,1.489999983459711075e-02,1.420000009238719940e-02,2.539999969303607941e-02,2.810000069439411163e-02,2.400000020861625671e-02,4.809999838471412659e-02,6.830000132322311401e-02,5.270000174641609192e-02,6.199999898672103882e-02,7.699999958276748657e-02,3.750000149011611938e-02,2.529999986290931702e-02,1.489999983459711075e-02,2.030000090599060059e-02,3.519999980926513672e-02,3.940000012516975403e-02,5.200000107288360596e-02,5.669999867677688599e-02,7.549999654293060303e-02,5.959999933838844299e-02,9.529999643564224243e-02,1.066000014543533325e-01,9.239999949932098389e-02,6.159999966621398926e-02,5.640000104904174805e-02,2.529999986290931702e-02,2.940000034868717194e-02,5.139999836683273315e-02,9.610000252723693848e-02,1.691000014543533325e-01,1.571999937295913696e-01,1.502999961376190186e-01,1.978999972343444824e-01,2.379000037908554077e-01,2.402999997138977051e-01,2.381000071763992310e-01,2.462999969720840454e-01,1.642999947071075439e-01,1.642999947071075439e-01,1.642999947071075439e-01,1.642999947071075439e-01,1.493999958038330078e-01,2.610000073909759521e-01,2.779999971389770508e-01,2.709999978542327881e-01,2.829999923706054688e-01,2.800000011920928955e-01,2.700000107288360596e-01,2.469999939203262329e-01,2.540000081062316895e-01,1.791000068187713623e-01,4.830000177025794983e-02,3.290000185370445251e-02,3.810000047087669373e-02,3.799999877810478210e-02,4.149999842047691345e-02,2.659999951720237732e-02,2.750000059604644775e-01,2.829999923706054688e-01,2.800000011920928955e-01,2.759999930858612061e-01,2.759999930858612061e-01,2.931999862194061279e-01,1.916999965906143188e-01,7.440000027418136597e-02,6.780000030994415283e-02,8.389999717473983765e-02,4.670000076293945312e-02,5.579999834299087524e-02,4.710000008344650269e-02,5.810000002384185791e-02,3.170000016689300537e-02,4.980000108480453491e-02,1.162000000476837158e-01,1.167000010609626770e-01,1.064999997615814209e-01,1.710000038146972656e-01,1.177000030875205994e-01,1.228000000119209290e-01,1.048000007867813110e-01,9.290000051259994507e-02,1.049999967217445374e-01,1.042999997735023499e-01,1.360999941825866699e-01,1.545999944210052490e-01,1.474999934434890747e-01,1.879999935626983643e-01,1.500000059604644775e-01,1.253000050783157349e-01,1.661999970674514771e-01,1.301999986171722412e-01,1.551000028848648071e-01,1.618999987840652466e-01,1.172999963164329529e-01,1.464000046253204346e-01,1.159000024199485779e-01
2.610000036656856537e-02,2.050000056624412537e-02,1.769999973475933075e-02,1.539999991655349731e-02,1.219999976456165314e-02,1.689999923110008240e-02,1.960000023245811462e-02,2.439999952912330627e-02,2.140000090003013611e-02,2.920000068843364716e-02,3.420000150799751282e-02,3.669999912381172180e-02,3.720000013709068298e-02,2.820000052452087402e-02,1.219999976456165314e-02,1.850000023841857910e-02,1.209999993443489075e-02,1.710000075399875641e-02,2.690000087022781372e-02,3.280000016093254089e-02,3.950000181794166565e-02,8.070000261068344116e-02,1.092000007629394531e-01,8.590000122785568237e-02,8.850000053644180298e-02,1.014000028371810913e-01,1.142000034451484680e-01,1.238000020384788513e-01,6.979999691247940063e-02,4.690000042319297791e-02,5.110000073909759521e-02,6.100000068545341492e-02,8.460000157356262207e-02,1.164000034332275391e-01,8.320000022649765015e-02,1.280000060796737671e-01,1.987999975681304932e-01,1.767999976873397827e-01,2.243999987840652466e-01,1.829999983310699463e-01,2.392999976873397827e-01,1.605000048875808716e-01,1.605000048875808716e-01,2.354999929666519165e-01,1.552000045776367188e-01,1.638000011444091797e-01,2.730000019073486328e-01,2.720000147819519043e-01,2.829999923706054688e-01,2.770000100135803223e-01,2.700000107288360596e-01,2.700000107288360596e-01,2.199999988079071045e-01,2.549999952316284180e-01,1.880999952554702759e-01,4.930000007152557373e-02,3.209999948740005493e-02,3.620000183582305908e-02,4.170000180602073669e-02,5.359999835491180420e-02,2.720000147819519043e-01,2.840000092983245850e-01,2.870000004768371582e-01,2.829999923706054688e-01,2.849999964237213135e-01,2.739999890327453613e-01,1.934999972581863403e-01,4.490000009536743164e-02,9.549999982118606567e-02,8.139999955892562866e-02,1.036999970674514771e-01,9.769999980926513672e-02,6.199999898672103882e-02,7.270000129938125610e-02,3.880000114440917969e-02,3.510000184178352356e-02,5.570000037550926208e-02,7.800000160932540894e-02,7.810000330209732056e-02,1.295000016689300537e-01,1.448999941349029541e-01,1.176000013947486877e-01,1.331000030040740967e-01,1.780000030994415283e-01,1.414999961853027344e-01,1.425999999046325684e-01,1.360999941825866699e-01,1.061000004410743713e-01,1.143999993801116943e-01,1.606999933719635010e-01,1.949000060558319092e-01,2.160000056028366089e-01,2.129999995231628418e-01,1.318999975919723511e-01,1.062999963760375977e-01,1.185000017285346985e-01,8.500000089406967163e-02,1.303000003099441528e-01,1.363999992609024048e-01,1.062999963760375977e-01
2.280000038444995880e-02,2.339999936521053314e-02,2.580000087618827820e-02,2.850000001490116119e-02,3.579999879002571106e-02,2.380000054836273193e-02,2.490000054240226746e-02,2.339999936521053314e-02,1.510000042617321014e-02,2.659999951720237732e-02,3.159999847412109375e-02,1.879999972879886627e-02,2.099999971687793732e-02,3.959999978542327881e-02,2.099999971687793732e-02,1.669999957084655762e-02,1.679999940097332001e-02,1.030000019818544388e-02,2.520000003278255463e-02,4.760000109672546387e-02,4.080000147223472595e-02,6.279999762773513794e-02,8.839999884366989136e-02,7.249999791383743286e-02,5.570000037550926208e-02,8.229999989271163940e-02,8.709999918937683105e-02,9.820000082254409790e-02,7.689999788999557495e-02,5.840000137686729431e-02,5.180000141263008118e-02,7.220000028610229492e-02,4.769999906420707703e-02,9.089999645948410034e-02,1.316999942064285278e-01,1.289999932050704956e-01,9.210000187158584595e-02,1.186999976634979248e-01,1.349000036716461182e-01,1.335999965667724609e-01,2.186000049114227295e-01,2.373999953269958496e-01,1.180000007152557373e-01,1.316000074148178101e-01,1.336999982595443726e-01,1.439999938011169434e-01,2.800000011920928955e-01,2.669999897480010986e-01,2.730000019073486328e-01,2.689999938011169434e-01,2.660000026226043701e-01,2.649999856948852539e-01,2.689999938011169434e-01,2.669999897480010986e-01,2.739999890327453613e-01,3.530000150203704834e-02,3.209999948740005493e-02,3.979999944567680359e-02,4.060000181198120117e-02,1.907999962568283081e-01,2.709999978542327881e-01,2.800000011920928955e-01,2.849999964237213135e-01,2.899999916553497314e-01,2.748999893665313721e-01,7.360000163316726685e-02,1.105000004172325134e-01,9.499999880790710449e-02,8.250000327825546265e-02,7.240000367164611816e-02,6.880000233650207520e-02,6.219999864697456360e-02,5.139999836683273315e-02,9.080000221729278564e-02,7.150000333786010742e-02,5.050000175833702087e-02,8.359999954700469971e-02,8.229999989271163940e-02,7.630000263452529907e-02,8.449999988079071045e-02,1.421999931335449219e-01,8.150000125169754028e-02,1.075000017881393433e-01,1.671999990940093994e-01,1.908999979496002197e-01,1.494999974966049194e-01,1.150999963283538818e-01,1.231999993324279785e-01,1.349000036716461182e-01,2.104000002145767212e-01,1.728000044822692871e-01,1.899999976158142090e-01,1.871999949216842651e-01,1.794999986886978149e-01,1.567000001668930054e-01,1.440999954938888550e-01,7.949999719858169556e-02,1.306000053882598877e-01,1.265999972820281982e-01,1.160999983549118042e-01
2.969999983906745911e-02,2.830000035464763641e-02,5.499999970197677612e-02,5.209999904036521912e-02,3.109999932348728180e-02,2.160000056028366089e-02,2.600000053644180298e-02,2.400000020861625671e-02,2.539999969303607941e-02,2.920000068843364716e-02,2.160000056028366089e-02,1.620000042021274567e-02,1.470000017434358597e-02,2.800000086426734924e-02,1.470000017434358597e-02,1.600000075995922089e-02,1.510000042617321014e-02,1.460000034421682358e-02,1.940000057220458984e-02,4.239999875426292419e-02,6.589999794960021973e-02,1.102000027894973755e-01,1.310999989509582520e-01,1.159999966621398926e-01,8.980000019073486328e-02,7.410000264644622803e-02,8.209999650716781616e-02,7.940000295639038086e-02,5.779999867081642151e-02,1.200999990105628967e-01,5.380000174045562744e-02,4.949999973177909851e-02,5.759999901056289673e-02,1.001000031828880310e-01,1.439999938011169434e-01,1.356000006198883057e-01,1.315000057220458984e-01,1.468999981880187988e-01,1.107999980449676514e-01,1.076999977231025696e-01,1.606999933719635010e-01,2.141000032424926758e-01,1.482000052928924561e-01,1.509000062942504883e-01,1.222999989986419678e-01,8.330000191926956177e-02,2.630000114440917969e-01,2.669999897480010986e-01,2.700000107288360596e-01,2.759999930858612061e-01,2.669999897480010986e-01,2.709999978542327881e-01,2.790000140666961670e-01,2.649999856948852539e-01,2.669999897480010986e-01,2.539999969303607941e-02,2.449999935925006866e-02,2.250000089406967163e-02,1.934999972581863403e-01,2.720000147819519043e-01,2.750000059604644775e-01,2.750000059604644775e-01,2.879999876022338867e-01,2.949999868869781494e-01,1.791000068187713623e-01,6.369999796152114868e-02,1.062999963760375977e-01,1.023999974131584167e-01,6.769999861717224121e-02,6.930000334978103638e-02,1.083000004291534424e-01,9.849999845027923584e-02,7.999999821186065674e-02,1.090999990701675415e-01,1.061000004410743713e-01,7.100000232458114624e-02,9.579999744892120361e-02,8.410000056028366089e-02,1.305000036954879761e-01,1.279000043869018555e-01,1.500000059604644775e-01,9.080000221729278564e-02,1.089000031352043152e-01,2.006999999284744263e-01,1.295000016689300537e-01,1.959999948740005493e-01,1.254999935626983643e-01,1.380999982357025146e-01,1.526000052690505981e-01,1.982000023126602173e-01,2.102999985218048096e-01,2.212000042200088501e-01,2.354999929666519165e-01,2.335000038146972656e-01,1.960999965667724609e-01,1.615000069141387939e-01,8.009999990463256836e-02,9.120000153779983521e-02,1.099999994039535522e-01,1.138999983668327332e-01
3.109999932348728180e-02,3.970000147819519043e-02,3.379999846220016479e-02,2.429999969899654388e-02,2.060000039637088776e-02,2.309999987483024597e-02,2.969999983906745911e-02,2.779999934136867523e-02,1.930000074207782745e-02,3.150000050663948059e-02,2.490000054240226746e-02,2.250000089406967163e-02,2.009999938309192657e-02,1.930000074207782745e-02,1.679999940097332001e-02,1.290000043809413910e-02,1.109999977052211761e-02,1.610000059008598328e-02,3.249999880790710449e-02,4.320000112056732178e-02,7.540000230073928833e-02,8.179999887943267822e-02,1.623000055551528931e-01,1.647000014781951904e-01,1.001000031828880310e-01,9.160000085830688477e-02,6.700000166893005371e-02,6.140000000596046448e-02,4.720000177621841431e-02,6.909999996423721313e-02,5.229999870061874390e-02,3.959999978542327881e-02,3.139999881386756897e-02,5.029999837279319763e-02,8.879999816417694092e-02,1.080000028014183044e-01,1.256999969482421875e-01,1.132000014185905457e-01,1.136000007390975952e-01,1.049000024795532227e-01,1.455000042915344238e-01,1.798000037670135498e-01,1.835999935865402222e-01,1.081999987363815308e-01,1.529999971389770508e-01,8.349999785423278809e-02,1.835999935865402222e-01,2.820000052452087402e-01,2.509999871253967285e-01,2.709999978542327881e-01,2.639999985694885254e-01,2.720000147819519043e-01,2.680000066757202148e-01,1.414999961853027344e-01,1.889999955892562866e-01,3.689999878406524658e-02,3.109999932348728180e-02,2.025000005960464478e-01,2.739999890327453613e-01,2.680000066757202148e-01,2.660000026226043701e-01,2.759999930858612061e-01,2.879999876022338867e-01,1.674000024795532227e-01,4.529999941587448120e-02,6.909999996423721313e-02,1.743000000715255737e-01,1.943999975919723511e-01,1.076000034809112549e-01,9.640000015497207642e-02,1.027999967336654663e-01,1.014000028371810913e-01,6.449999660253524780e-02,8.579999953508377075e-02,8.359999954700469971e-02,7.389999926090240479e-02,1.327999979257583618e-01,1.421000063419342041e-01,1.230999976396560669e-01,1.553000062704086304e-01,1.800999939441680908e-01,1.687999963760375977e-01,1.309999972581863403e-01,9.340000152587890625e-02,1.520999968051910400e-01,1.152999997138977051e-01,1.562000066041946411e-01,1.739999949932098389e-01,2.339999973773956299e-01,2.041999995708465576e-01,2.402999997138977051e-01,2.276999950408935547e-01,2.280000001192092896e-01,2.404000014066696167e-01,1.642999947071075439e-01,8.500000089406967163e-02,8.139999955892562866e-02,7.660000026226043701e-02,8.770000189542770386e-02,1.307000070810317993e-01
3.889999911189079285e-02,3.460000082850456238e-02,2.569999918341636658e-02,1.810000091791152954e-02,2.370000071823596954e-02,3.860000148415565491e-02,3.530000150203704834e-02,3.249999880790710449e-02,3.189999982714653015e-02,2.850000001490116119e-02,2.869999967515468597e-02,2.360000088810920715e-02,1.950000040233135223e-02,1.799999922513961792e-02,1.549999974668025970e-02,1.520000025629997253e-02,1.510000042617321014e-02,2.840000018477439880e-02,3.990000113844871521e-02,5.000000074505805969e-02,5.539999902248382568e-02,9.440000355243682861e-02,1.215000003576278687e-01,1.439999938011169434e-01,1.314000040292739868e-01,8.009999990463256836e-02,1.030000001192092896e-01,8.349999785423278809e-02,3.840000182390213013e-02,4.769999906420707703e-02,4.010000079870223999e-02,4.129999876022338867e-02,4.450000077486038208e-02,6.049999967217445374e-02,7.010000199079513550e-02,9.870000183582305908e-02,9.309999644756317139e-02,9.579999744892120361e-02,7.599999755620956421e-02,2.128999978303909302e-01,1.160999983549118042e-01,1.203000023961067200e-01,7.739999890327453613e-02,1.111000031232833862e-01,9.019999951124191284e-02,1.755000054836273193e-01,2.720000147819519043e-01,2.800000011920928955e-01,2.630000114440917969e-01,2.295999974012374878e-01,2.750000059604644775e-01,2.730000019073486328e-01,2.619999945163726807e-01,1.817000061273574829e-01,3.720000013709068298e-02,3.429999947547912598e-02,1.943999975919723511e-01,2.759999930858612061e-01,2.730000019073486328e-01,2.669999897480010986e-01,2.649999856948852539e-01,2.619999945163726807e-01,2.899999916553497314e-01,3.759999945759773254e-02,6.019999831914901733e-02,5.959999933838844299e-02,1.009000018239021301e-01,1.499000042676925659e-01,1.576000005006790161e-01,1.190999969840049744e-01,1.032000035047531128e-01,1.160999983549118042e-01,9.799999743700027466e-02,7.280000299215316772e-02,1.020999997854232788e-01,9.610000252723693848e-02,1.098000034689903259e-01,1.773000061511993408e-01,2.107000052928924561e-01,1.829999983310699463e-01,2.041999995708465576e-01,1.680999994277954102e-01,1.383000016212463379e-01,1.383000016212463379e-01,1.438000053167343140e-01,1.664000004529953003e-01,2.225999981164932251e-01,1.341000050306320190e-01,2.104000002145767212e-01,2.187999933958053589e-01,2.166000008583068848e-01,1.815000027418136597e-01,2.062000036239624023e-01,2.402999997138977051e-01,1.509999930858612061e-01,6.409999728202819824e-02,5.930000171065330505e-02,9.319999814033508301e-02,1.247000023722648621e-01,1.280000060796737671e-01
2.009999938309192657e-02,2.119999937713146210e-02,1.389999967068433762e-02,2.309999987483024597e-02,2.510000020265579224e-02,3.040000051259994507e-02,2.510000020265579224e-02,2.119999937713146210e-02,3.220000118017196655e-02,4.219999909400939941e-02,3.420000150799751282e-02,2.859999984502792358e-02,2.219999954104423523e-02,1.510000042617321014e-02,1.499999966472387314e-02,2.099999971687793732e-02,3.880000114440917969e-02,4.210000112652778625e-02,5.759999901056289673e-02,6.469999998807907104e-02,7.649999856948852539e-02,6.589999794960021973e-02,1.348000019788742065e-01,1.146000027656555176e-01,1.132000014185905457e-01,6.880000233650207520e-02,7.339999824762344360e-02,5.240000039339065552e-02,6.769999861717224121e-02,5.330000072717666626e-02,3.489999845623970032e-02,4.569999873638153076e-02,4.289999976754188538e-02,6.809999793767929077e-02,5.909999832510948181e-02,6.100000068545341492e-02,7.760000228881835938e-02,8.969999849796295166e-02,1.168000027537345886e-01,1.647000014781951904e-01,1.084000021219253540e-01,7.119999825954437256e-02,7.060000300407409668e-02,6.400000303983688354e-02,7.090000063180923462e-02,6.019999831914901733e-02,2.809999883174896240e-01,2.630000114440917969e-01,2.240000069141387939e-01,1.988999992609024048e-01,2.479999959468841553e-01,2.230000048875808716e-01,2.669999897480010986e-01,1.791000068187713623e-01,4.969999939203262329e-02,1.773000061511993408e-01,2.840000092983245850e-01,2.899999916553497314e-01,2.870000004768371582e-01,2.770000100135803223e-01,2.669999897480010986e-01,2.750000059604644775e-01,7.460000365972518921e-02,6.270000338554382324e-02,4.670000076293945312e-02,8.919999748468399048e-02,7.890000194311141968e-02,6.790000200271606445e-02,5.730000138282775879e-02,8.009999990463256836e-02,1.247000023722648621e-01,9.019999951124191284e-02,1.240999996662139893e-01,1.244999989867210388e-01,1.207000017166137695e-01,1.404000073671340942e-01,1.594000011682510376e-01,2.021999955177307129e-01,2.166000008583068848e-01,1.907999962568283081e-01,2.008000016212463379e-01,1.934999972581863403e-01,1.711000055074691772e-01,1.551000028848648071e-01,1.238000020384788513e-01,1.190999969840049744e-01,1.163000017404556274e-01,8.160000294446945190e-02,1.283999979496002197e-01,1.167000010609626770e-01,9.600000083446502686e-02,1.039000004529953003e-01,1.172000020742416382e-01,1.061000004410743713e-01,1.077999994158744812e-01,6.800000369548797607e-02,7.429999858140945435e-02,1.062999963760375977e-01,8.349999785423278809e-02,1.018999963998794556e-01
1.830000057816505432e-02,1.209999993443489075e-02,9.200000204145908356e-03,2.449999935925006866e-02,2.659999951720237732e-02,1.960000023245811462e-02,3.449999913573265076e-02,2.999999932944774628e-02,3.390000015497207642e-02,2.950000017881393433e-02,2.459999918937683105e-02,2.889999933540821075e-02,3.150000050663948059e-02,3.880000114440917969e-02,4.219999909400939941e-02,4.459999874234199524e-02,4.100000113248825073e-02,6.199999898672103882e-02,5.000000074505805969e-02,5.710000172257423401e-02,6.239999830722808838e-02,8.100000023841857910e-02,1.198000013828277588e-01,1.023000031709671021e-01,9.749999642372131348e-02,1.061000004410743713e-01,5.050000175833702087e-02,4.390000179409980774e-02,3.750000149011611938e-02,3.660000115633010864e-02,2.300000004470348358e-02,3.359999880194664001e-02,4.089999943971633911e-02,6.379999965429306030e-02,6.719999760389328003e-02,5.979999899864196777e-02,7.569999992847442627e-02,1.041999980807304382e-01,1.533000022172927856e-01,8.669999986886978149e-02,6.610000133514404297e-02,5.169999971985816956e-02,8.039999753236770630e-02,4.910000041127204895e-02,1.466999948024749756e-01,2.829999923706054688e-01,2.540999948978424072e-01,2.527000010013580322e-01,2.129999995231628418e-01,1.903000026941299438e-01,2.669999897480010986e-01,2.730000019073486328e-01,2.599999904632568359e-01,2.209999971091747284e-02,1.710000038146972656e-01,2.619999945163726807e-01,2.709999978542327881e-01,3.030000030994415283e-01,2.899999916553497314e-01,2.960000038146972656e-01,2.860000133514404297e-01,1.656000018119812012e-01,8.009999990463256836e-02,5.009999871253967285e-02,8.250000327825546265e-02,6.409999728202819824e-02,7.240000367164611816e-02,5.099999904632568359e-02,3.759999945759773254e-02,8.150000125169754028e-02,6.549999862909317017e-02,5.799999833106994629e-02,1.307999938726425171e-01,1.676000058650970459e-01,1.557999998331069946e-01,1.694000065326690674e-01,1.356000006198883057e-01,1.715999990701675415e-01,1.666000038385391235e-01,2.233999967575073242e-01,1.350000053644180298e-01,1.606999933719635010e-01,1.714999973773956299e-01,1.790000051259994507e-01,1.307999938726425171e-01,1.493999958038330078e-01,1.493999958038330078e-01,7.320000231266021729e-02,9.660000354051589966e-02,1.260000020265579224e-01,1.414999961853027344e-01,1.112999990582466125e-01,7.890000194311141968e-02,9.520000219345092773e-02,1.208000034093856812e-01,6.669999659061431885e-02,5.649999901652336121e-02,8.259999752044677734e-02,1.634999960660934448e-01,1.114000007510185242e-01
1.420000009238719940e-02,1.229999959468841553e-02,1.260000001639127731e-02,2.089999988675117493e-02,2.669999934732913971e-02,3.409999981522560120e-02,3.880000114440917969e-02,4.439999908208847046e-02,2.720000036060810089e-02,2.459999918937683105e-02,2.449999935925006866e-02,4.830000177025794983e-02,4.830000177025794983e-02,5.150000005960464478e-02,5.200000107288360596e-02,3.959999978542327881e-02,4.450000077486038208e-02,6.250000000000000000e-02,6.560000032186508179e-02,9.290000051259994507e-02,8.309999853372573853e-02,5.680000036954879761e-02,1.165999993681907654e-01,9.130000323057174683e-02,8.429999649524688721e-02,1.127000004053115845e-01,5.640000104904174805e-02,4.230000078678131104e-02,3.819999843835830688e-02,5.270000174641609192e-02,2.380000054836273193e-02,2.630000002682209015e-02,4.199999943375587463e-02,3.959999978542327881e-02,5.660000070929527283e-02,6.409999728202819824e-02,7.349999994039535522e-02,9.340000152587890625e-02,1.659999936819076538e-01,1.019999980926513672e-01,6.279999762773513794e-02,6.350000202655792236e-02,4.690000042319297791e-02,6.589999794960021973e-02,1.511999964714050293e-01,2.790000140666961670e-01,2.720000147819519043e-01,2.709999978542327881e-01,2.619999945163726807e-01,2.639999985694885254e-01,2.520000040531158447e-01,2.709999978542327881e-01,1.656000018119812012e-01,1.710000038146972656e-01,1.819999963045120239e-01,2.800000011920928955e-01,2.870000004768371582e-01,2.980000078678131104e-01,2.770000100135803223e-01,2.930000126361846924e-01,2.899999916553497314e-01,2.439999952912330627e-02,2.610000036656856537e-02,3.109999932348728180e-02,3.970000147819519043e-02,4.740000143647193909e-02,6.700000166893005371e-02,5.400000140070915222e-02,2.950000017881393433e-02,7.060000300407409668e-02,1.032999977469444275e-01,7.569999992847442627e-02,9.250000119209289551e-02,1.184000000357627869e-01,2.137999981641769409e-01,1.600999981164932251e-01,1.673000007867813110e-01,1.235999986529350281e-01,1.676999926567077637e-01,1.174999997019767761e-01,1.209999993443489075e-01,1.172999963164329529e-01,8.519999682903289795e-02,1.287000030279159546e-01,9.700000286102294922e-02,1.036000028252601624e-01,1.076000034809112549e-01,8.640000224113464355e-02,1.055999994277954102e-01,8.280000090599060059e-02,1.037999987602233887e-01,1.124999970197677612e-01,7.739999890327453613e-02,1.041999980807304382e-01,6.140000000596046448e-02,6.109999865293502808e-02,9.229999780654907227e-02,7.949999719858169556e-02,1.541000008583068848e-01,1.422999948263168335e-01
1.410000026226043701e-02,1.470000017434358597e-02,4.369999840855598450e-02,2.820000052452087402e-02,2.840000018477439880e-02,4.710000008344650269e-02,2.659999951720237732e-02,3.779999911785125732e-02,3.359999880194664001e-02,2.789999917149543762e-02,3.940000012516975403e-02,5.649999901652336121e-02,6.599999964237213135e-02,6.759999692440032959e-02,3.629999980330467224e-02,3.209999948740005493e-02,3.929999843239784241e-02,4.419999942183494568e-02,9.089999645948410034e-02,9.390000253915786743e-02,1.105000004172325134e-01,7.580000162124633789e-02,1.044000014662742615e-01,7.779999822378158569e-02,5.299999937415122986e-02,5.400000140070915222e-02,4.210000112652778625e-02,1.920000091195106506e-02,3.819999843835830688e-02,5.050000175833702087e-02,3.640000149607658386e-02,3.620000183582305908e-02,6.769999861717224121e-02,4.439999908208847046e-02,3.750000149011611938e-02,6.239999830722808838e-02,5.050000175833702087e-02,6.279999762773513794e-02,1.013000011444091797e-01,5.249999836087226868e-02,9.489999711513519287e-02,4.980000108480453491e-02,4.600000008940696716e-02,1.448999941349029541e-01,2.770000100135803223e-01,2.680000066757202148e-01,2.680000066757202148e-01,2.800000011920928955e-01,2.483000010251998901e-01,2.290000021457672119e-01,2.680000066757202148e-01,2.829999923706054688e-01,2.769999951124191284e-02,2.399999946355819702e-01,1.969999969005584717e-01,2.770000100135803223e-01,2.680000066757202148e-01,2.739999890327453613e-01,2.860000133514404297e-01,2.829999923706054688e-01,2.549999952316284180e-02,2.659999951720237732e-02,1.310000009834766388e-02,2.339999936521053314e-02,2.539999969303607941e-02,5.880000069737434387e-02,8.219999819993972778e-02,1.167000010609626770e-01,7.190000265836715698e-02,8.640000224113464355e-02,8.950000256299972534e-02,9.809999912977218628e-02,9.459999948740005493e-02,1.471000015735626221e-01,1.289000064134597778e-01,1.541000008583068848e-01,1.208999976515769958e-01,1.401000022888183594e-01,1.683000028133392334e-01,1.250000000000000000e-01,9.000000357627868652e-02,1.054999977350234985e-01,8.669999986886978149e-02,8.500000089406967163e-02,1.473000049591064453e-01,7.050000131130218506e-02,8.680000156164169312e-02,6.300000101327896118e-02,7.689999788999557495e-02,1.190999969840049744e-01,6.740000098943710327e-02,1.018999963998794556e-01,7.209999859333038330e-02,1.079000011086463928e-01,8.299999684095382690e-02,6.719999760389328003e-02,7.220000028610229492e-02,4.650000110268592834e-02,7.079999893903732300e-02,1.617999970912933350e-01
2.089999988675117493e-02,2.060000039637088776e-02,2.950000017881393433e-02,3.240000084042549133e-02,2.580000087618827820e-02,1.970000006258487701e-02,2.019999921321868896e-02,2.610000036656856537e-02,2.810000069439411163e-02,3.420000150799751282e-02,3.779999911785125732e-02,3.649999946355819702e-02,6.549999862909317017e-02,5.510000139474868774e-02,3.990000113844871521e-02,7.050000131130218506e-02,4.369999840855598450e-02,5.050000175833702087e-02,6.170000135898590088e-02,9.040000289678573608e-02,6.949999928474426270e-02,5.930000171065330505e-02,5.490000173449516296e-02,6.360000371932983398e-02,5.429999902844429016e-02,5.559999868273735046e-02,2.620000019669532776e-02,2.720000036060810089e-02,3.359999880194664001e-02,4.039999842643737793e-02,4.710000008344650269e-02,5.629999935626983643e-02,6.369999796152114868e-02,7.530000060796737671e-02,7.760000228881835938e-02,7.590000331401824951e-02,6.639999896287918091e-02,6.490000337362289429e-02,6.250000000000000000e-02,6.089999899268150330e-02,6.289999932050704956e-02,6.210000067949295044e-02,4.380000010132789612e-02,4.600000008940696716e-02,2.669999897480010986e-01,2.669999897480010986e-01,2.649999856948852539e-01,2.820000052452087402e-01,2.610000073909759521e-01,2.700000107288360596e-01,2.790000140666961670e-01,1.907999962568283081e-01,1.710000038146972656e-01,2.489999979734420776e-01,1.749999970197677612e-01,2.649999856948852539e-01,2.739999890327453613e-01,2.820000052452087402e-01,2.960000038146972656e-01,1.907999962568283081e-01,2.859999984502792358e-02,2.480000071227550507e-02,2.080000005662441254e-02,1.630000025033950806e-02,1.909999921917915344e-02,3.109999932348728180e-02,4.320000112056732178e-02,7.360000163316726685e-02,1.160999983549118042e-01,1.435000002384185791e-01,1.238000020384788513e-01,1.096000000834465027e-01,8.780000358819961548e-02,9.589999914169311523e-02,1.018000021576881409e-01,1.040000021457672119e-01,1.233000010251998901e-01,1.191999986767768860e-01,1.107999980449676514e-01,1.098000034689903259e-01,1.062999963760375977e-01,9.769999980926513672e-02,6.150000169873237610e-02,9.719999879598617554e-02,1.238000020384788513e-01,1.105000004172325134e-01,7.259999960660934448e-02,8.420000225305557251e-02,7.699999958276748657e-02,1.033999994397163391e-01,1.072999984025955200e-01,9.820000082254409790e-02,8.229999989271163940e-02,1.035000011324882507e-01,1.026000007987022400e-01,9.719999879598617554e-02,9.000000357627868652e-02,6.490000337362289429e-02,5.579999834299087524e-02,8.969999849796295166e-02
2.520000003278255463e-02,1.689999923110008240e-02,2.140000090003013611e-02,2.559999935328960419e-02,3.420000150799751282e-02,2.899999916553497314e-02,2.449999935925006866e-02,3.119999915361404419e-02,2.490000054240226746e-02,3.539999946951866150e-02,4.380000010132789612e-02,3.489999845623970032e-02,5.290000140666961670e-02,7.720000296831130981e-02,5.299999937415122986e-02,6.539999693632125854e-02,5.810000002384185791e-02,7.349999994039535522e-02,8.209999650716781616e-02,9.080000221729278564e-02,6.159999966621398926e-02,5.359999835491180420e-02,7.999999821186065674e-02,4.549999907612800598e-02,2.630000002682209015e-02,3.770000115036964417e-02,2.300000004470348358e-02,3.900000080466270447e-02,3.900000080466270447e-02,4.459999874234199524e-02,4.529999941587448120e-02,4.369999840855598450e-02,4.289999976754188538e-02,7.750000059604644775e-02,7.349999994039535522e-02,5.130000039935112000e-02,5.750000104308128357e-02,5.530000105500221252e-02,7.159999758005142212e-02,1.293999999761581421e-01,1.057000011205673218e-01,1.203999966382980347e-01,1.293999999761581421e-01,2.849999964237213135e-01,2.820000052452087402e-01,2.469999939203262329e-01,2.660000026226043701e-01,2.709999978542327881e-01,2.649999856948852539e-01,2.790000140666961670e-01,2.750000059604644775e-01,2.180000022053718567e-02,2.204000055789947510e-01,2.489999979734420776e-01,2.479999959468841553e-01,2.800000011920928955e-01,2.809999883174896240e-01,2.779999971389770508e-01,2.879999876022338867e-01,2.109999954700469971e-02,3.880000114440917969e-02,2.099999971687793732e-02,2.979999966919422150e-02,3.429999947547912598e-02,3.139999881386756897e-02,4.210000112652778625e-02,4.580000042915344238e-02,8.280000090599060059e-02,8.980000019073486328e-02,1.337999999523162842e-01,9.629999846220016479e-02,1.307000070810317993e-01,1.064999997615814209e-01,6.239999830722808838e-02,9.799999743700027466e-02,9.350000321865081787e-02,1.534000039100646973e-01,2.204000055789947510e-01,1.375000029802322388e-01,1.351000070571899414e-01,1.250000000000000000e-01,1.026000007987022400e-01,1.305000036954879761e-01,1.527000069618225098e-01,1.539999991655349731e-01,1.182999983429908752e-01,1.203000023961067200e-01,1.074000000953674316e-01,7.469999790191650391e-02,7.419999688863754272e-02,6.350000202655792236e-02,7.410000264644622803e-02,8.649999648332595825e-02,1.272999942302703857e-01,1.424999982118606567e-01,7.890000194311141968e-02,8.609999716281890869e-02,7.230000197887420654e-02,5.880000069737434387e-02,8.839999884366989136e-02
4.679999873042106628e-02,2.150000073015689850e-02,1.700000092387199402e-02,2.339999936521053314e-02,2.229999937117099762e-02,2.419999986886978149e-02,2.710000053048133850e-02,3.359999880194664001e-02,3.610000014305114746e-02,3.400000184774398804e-02,3.979999944567680359e-02,4.320000112056732178e-02,4.830000177025794983e-02,8.929999917745590210e-02,6.140000000596046448e-02,6.580000370740890503e-02,1.024999991059303284e-01,8.609999716281890869e-02,6.509999930858612061e-02,8.389999717473983765e-02,5.579999834299087524e-02,7.000000029802322388e-02,5.409999936819076538e-02,3.979999944567680359e-02,2.400000020861625671e-02,3.640000149607658386e-02,3.359999880194664001e-02,3.060000017285346985e-02,4.280000180006027222e-02,5.059999972581863403e-02,5.350000038743019104e-02,4.899999871850013733e-02,7.069999724626541138e-02,5.429999902844429016e-02,7.880000025033950806e-02,5.930000171065330505e-02,7.660000026226043701e-02,7.760000228881835938e-02,1.009000018239021301e-01,7.169999927282333374e-02,7.639999687671661377e-02,6.710000336170196533e-02,8.100000023841857910e-02,2.919999957084655762e-01,2.899999916553497314e-01,2.820000052452087402e-01,2.649999856948852539e-01,2.720000147819519043e-01,2.669999897480010986e-01,2.750000059604644775e-01,1.871999949216842651e-01,2.649999856948852539e-01,1.748999953269958496e-01,1.712000072002410889e-01,2.619999945163726807e-01,2.770000100135803223e-01,2.770000100135803223e-01,2.739999890327453613e-01,1.736000031232833862e-01,4.780000075697898865e-02,5.409999936819076538e-02,3.449999913573265076e-02,5.000000074505805969e-02,5.079999938607215881e-02,7.639999687671661377e-02,6.539999693632125854e-02,4.250000044703483582e-02,7.519999891519546509e-02,6.580000370740890503e-02,9.989999979734420776e-02,1.321000009775161743e-01,1.571999937295913696e-01,1.271000057458877563e-01,6.710000336170196533e-02,7.890000194311141968e-02,1.265999972820281982e-01,1.372999995946884155e-01,1.330000013113021851e-01,1.732999980449676514e-01,1.800000071525573730e-01,1.269000023603439331e-01,1.002999991178512573e-01,1.327999979257583618e-01,1.352999955415725708e-01,1.363999992609024048e-01,9.089999645948410034e-02,1.033999994397163391e-01,8.470000326633453369e-02,6.539999693632125854e-02,8.110000193119049072e-02,1.190000027418136597e-01,1.121999993920326233e-01,1.037999987602233887e-01,1.295000016689300537e-01,1.015999987721443176e-01,1.305000036954879761e-01,1.356000006198883057e-01,1.414999961853027344e-01,8.179999887943267822e-02,1.071999967098236084e-01
3.959999978542327881e-02,3.280000016093254089e-02,2.830000035464763641e-02,2.099999971687793732e-02,2.649999968707561493e-02,4.820000007748603821e-02,2.920000068843364716e-02,4.390000179409980774e-02,5.180000141263008118e-02,5.629999935626983643e-02,3.990000113844871521e-02,6.970000267028808594e-02,9.070000052452087402e-02,1.040999963879585266e-01,7.559999823570251465e-02,9.220000356435775757e-02,1.158000007271766663e-01,8.879999816417694092e-02,6.599999964237213135e-02,5.279999971389770508e-02,5.370000004768371582e-02,5.719999969005584717e-02,5.449999868869781494e-02,6.040000170469284058e-02,2.180000022053718567e-02,2.060000039637088776e-02,3.370000049471855164e-02,4.720000177621841431e-02,3.889999911189079285e-02,7.720000296831130981e-02,5.999999865889549255e-02,6.729999929666519165e-02,5.689999833703041077e-02,5.909999832510948181e-02,5.550000071525573730e-02,4.870000109076499939e-02,1.154000014066696167e-01,8.850000053644180298e-02,4.430000111460685730e-02,7.140000164508819580e-02,6.230000033974647522e-02,6.279999762773513794e-02,1.520999968051910400e-01,2.829999923706054688e-01,2.800000011920928955e-01,2.680000066757202148e-01,2.750000059604644775e-01,2.730000019073486328e-01,2.739999890327453613e-01,2.669999897480010986e-01,1.862999945878982544e-01,2.603000104427337646e-01,2.515999972820281982e-01,2.005999982357025146e-01,2.709999978542327881e-01,2.709999978542327881e-01,2.750000059604644775e-01,2.700000107288360596e-01,7.419999688863754272e-02,1.172999963164329529e-01,7.150000333786010742e-02,6.379999965429306030e-02,4.930000007152557373e-02,8.929999917745590210e-02,1.020999997854232788e-01,8.889999985694885254e-02,3.680000081658363342e-02,6.539999693632125854e-02,5.909999832510948181e-02,7.270000129938125610e-02,6.899999827146530151e-02,1.252000033855438232e-01,1.031000018119812012e-01,5.279999971389770508e-02,3.920000046491622925e-02,4.940000176429748535e-02,1.172000020742416382e-01,1.186999976634979248e-01,1.706999987363815308e-01,1.756000071763992310e-01,1.617999970912933350e-01,1.808000057935714722e-01,1.846999973058700562e-01,1.578000038862228394e-01,1.146000027656555176e-01,5.009999871253967285e-02,7.620000094175338745e-02,9.080000221729278564e-02,6.530000269412994385e-02,9.709999710321426392e-02,1.180000007152557373e-01,1.763000041246414185e-01,1.246000006794929504e-01,7.559999823570251465e-02,9.099999815225601196e-02,7.069999724626541138e-02,9.089999645948410034e-02,9.849999845027923584e-02,1.349000036716461182e-01,9.969999641180038452e-02
5.220000073313713074e-02,3.900000080466270447e-02,2.789999917149543762e-02,4.569999873638153076e-02,4.399999976158142090e-02,3.489999845623970032e-02,3.590000048279762268e-02,5.959999933838844299e-02,7.209999859333038330e-02,6.329999864101409912e-02,8.160000294446945190e-02,1.002999991178512573e-01,9.189999848604202271e-02,1.145000010728836060e-01,9.220000356435775757e-02,6.819999963045120239e-02,1.032999977469444275e-01,1.143999993801116943e-01,9.939999878406524658e-02,1.120000034570693970e-01,8.869999647140502930e-02,4.050000011920928955e-02,4.699999839067459106e-02,5.310000106692314148e-02,3.750000149011611938e-02,3.420000150799751282e-02,4.219999909400939941e-02,3.539999946951866150e-02,5.150000005960464478e-02,5.770000070333480835e-02,5.270000174641609192e-02,7.720000296831130981e-02,4.720000177621841431e-02,5.279999971389770508e-02,6.019999831914901733e-02,5.510000139474868774e-02,6.129999831318855286e-02,1.070000007748603821e-01,9.120000153779983521e-02,8.410000056028366089e-02,9.200000017881393433e-02,1.601999998092651367e-01,2.870000004768371582e-01,2.829999923706054688e-01,2.790000140666961670e-01,2.790000140666961670e-01,2.779999971389770508e-01,2.779999971389770508e-01,2.430000007152557373e-01,2.610000073909759521e-01,2.689999938011169434e-01,2.709999978542327881e-01,2.649999856948852539e-01,2.520000040531158447e-01,2.639999985694885254e-01,2.709999978542327881e-01,2.820000052452087402e-01,1.683000028133392334e-01,9.099999815225601196e-02,1.208000034093856812e-01,6.040000170469284058e-02,5.380000174045562744e-02,5.640000104904174805e-02,7.010000199079513550e-02,6.459999829530715942e-02,7.599999755620956421e-02,5.150000005960464478e-02,5.119999870657920837e-02,6.669999659061431885e-02,6.880000233650207520e-02,7.989999651908874512e-02,9.579999744892120361e-02,1.032000035047531128e-01,5.680000036954879761e-02,4.439999908208847046e-02,4.600000008940696716e-02,8.150000125169754028e-02,7.500000298023223877e-02,1.049000024795532227e-01,9.830000251531600952e-02,1.499000042676925659e-01,1.824000030755996704e-01,1.386000066995620728e-01,1.755000054836273193e-01,1.207000017166137695e-01,1.017000004649162292e-01,1.199999973177909851e-01,8.919999748468399048e-02,6.989999860525131226e-02,9.070000052452087402e-02,7.339999824762344360e-02,1.454000025987625122e-01,1.248999983072280884e-01,8.739999681711196899e-02,5.559999868273735046e-02,8.060000091791152954e-02,9.899999946355819702e-02,1.545999944210052490e-01,1.314000040292739868e-01,9.210000187158584595e-02
8.749999850988388062e-02,8.089999854564666748e-02,5.169999971985816956e-02,5.220000073313713074e-02,5.260000005364418030e-02,5.710000172257423401e-02,8.680000156164169312e-02,9.669999778270721436e-02,9.499999880790710449e-02,1.238000020384788513e-01,8.850000053644180298e-02,1.220000013709068298e-01,1.136000007390975952e-01,1.115999966859817505e-01,8.560000360012054443e-02,1.071999967098236084e-01,1.215000003576278687e-01,1.190999969840049744e-01,9.529999643564224243e-02,6.539999693632125854e-02,6.580000370740890503e-02,5.779999867081642151e-02,4.060000181198120117e-02,6.279999762773513794e-02,4.879999905824661255e-02,3.489999845623970032e-02,2.580000087618827820e-02,4.210000112652778625e-02,3.689999878406524658e-02,5.539999902248382568e-02,4.699999839067459106e-02,7.689999788999557495e-02,5.429999902844429016e-02,6.979999691247940063e-02,6.199999898672103882e-02,1.011999994516372681e-01,7.109999656677246094e-02,1.028999984264373779e-01,1.208000034093856812e-01,1.114000007510185242e-01,9.170000255107879639e-02,1.169999986886978149e-01,2.829999923706054688e-01,2.809999883174896240e-01,2.649999856948852539e-01,2.669999897480010986e-01,2.779999971389770508e-01,2.770000100135803223e-01,1.838999986648559570e-01,1.638000011444091797e-01,1.420000046491622925e-01,2.669999897480010986e-01,2.619999945163726807e-01,2.660000026226043701e-01,2.669999897480010986e-01,2.770000100135803223e-01,2.949999868869781494e-01,1.844999939203262329e-01,9.939999878406524658e-02,1.458999961614608765e-01,1.128000020980834961e-01,6.490000337362289429e-02,9.910000115633010864e-02,1.063999980688095093e-01,8.219999819993972778e-02,1.000000014901161194e-01,7.270000129938125610e-02,6.580000370740890503e-02,9.319999814033508301e-02,6.970000267028808594e-02,6.250000000000000000e-02,8.420000225305557251e-02,6.430000066757202148e-02,5.959999933838844299e-02,5.889999866485595703e-02,6.260000169277191162e-02,6.809999793767929077e-02,6.689999997615814209e-02,1.415999978780746460e-01,1.324000060558319092e-01,1.624999940395355225e-01,1.284999996423721313e-01,1.377999931573867798e-01,1.191999986767768860e-01,1.208999976515769958e-01,8.929999917745590210e-02,8.429999649524688721e-02,1.168000027537345886e-01,1.098999977111816406e-01,1.231999993324279785e-01,7.710000127553939819e-02,1.155000030994415283e-01,9.510000050067901611e-02,7.989999651908874512e-02,5.849999934434890747e-02,7.710000127553939819e-02,1.023000031709671021e-01,1.033999994397163391e-01,1.108999997377395630e-01,6.279999762773513794e-02
6.880000233650207520e-02,5.440000072121620178e-02,6.210000067949295044e-02,6.589999794960021973e-02,5.579999834299087524e-02,3.790000081062316895e-02,1.086999997496604919e-01,1.136000007390975952e-01,2.039999961853027344e-01,1.235999986529350281e-01,1.811999976634979248e-01,1.703000068664550781e-01,1.970999985933303833e-01,1.435000002384185791e-01,9.910000115633010864e-02,1.396999955177307129e-01,7.440000027418136597e-02,6.840000301599502563e-02,1.336999982595443726e-01,1.035000011324882507e-01,7.900000363588333130e-02,1.247999966144561768e-01,8.280000090599060059e-02,5.790000036358833313e-02,4.919999837875366211e-02,4.820000007748603821e-02,2.620000019669532776e-02,3.280000016093254089e-02,5.579999834299087524e-02,1.076999977231025696e-01,6.150000169873237610e-02,8.389999717473983765e-02,4.980000108480453491e-02,5.790000036358833313e-02,7.500000298023223877e-02,8.760000020265579224e-02,1.106000021100044250e-01,9.019999951124191284e-02,7.519999891519546509e-02,1.024999991059303284e-01,1.228000000119209290e-01,2.759999930858612061e-01,2.720000147819519043e-01,2.809999883174896240e-01,2.709999978542327881e-01,2.739999890327453613e-01,2.809999883174896240e-01,2.542000114917755127e-01,2.649999856948852539e-01,1.520999968051910400e-01,2.000000029802322388e-01,2.720000147819519043e-01,2.770000100135803223e-01,2.649999856948852539e-01,2.790000140666961670e-01,2.800000011920928955e-01,2.910000085830688477e-01,1.907999962568283081e-01,1.186999976634979248e-01,1.926999986171722412e-01,1.870999932289123535e-01,1.009000018239021301e-01,7.930000126361846924e-02,9.969999641180038452e-02,8.590000122785568237e-02,6.750000268220901489e-02,6.530000269412994385e-02,7.590000331401824951e-02,6.780000030994415283e-02,7.370000332593917847e-02,6.279999762773513794e-02,7.419999688863754272e-02,7.440000027418136597e-02,5.530000105500221252e-02,7.000000029802322388e-02,5.020000040531158447e-02,1.035000011324882507e-01,9.480000287294387817e-02,1.049999967217445374e-01,1.035000011324882507e-01,1.013000011444091797e-01,1.208000034093856812e-01,7.890000194311141968e-02,9.769999980926513672e-02,9.780000150203704834e-02,7.880000025033950806e-02,9.210000187158584595e-02,5.530000105500221252e-02,5.840000137686729431e-02,6.549999862909317017e-02,7.509999722242355347e-02,1.108999997377395630e-01,1.193000003695487976e-01,8.550000190734863281e-02,5.480000004172325134e-02,7.060000300407409668e-02,6.040000170469284058e-02,8.100000023841857910e-02,1.159999966621398926e-01,9.309999644756317139e-02
7.389999926090240479e-02,1.033999994397163391e-01,8.359999954700469971e-02,1.125999987125396729e-01,7.419999688863754272e-02,9.860000014305114746e-02,1.324999928474426270e-01,1.565999984741210938e-01,1.341000050306320190e-01,2.022999972105026245e-01,2.073000073432922363e-01,1.869000047445297241e-01,2.342000007629394531e-01,1.231999993324279785e-01,1.076999977231025696e-01,1.004000008106231689e-01,1.107999980449676514e-01,1.534000039100646973e-01,1.581999957561492920e-01,1.202000007033348083e-01,1.331000030040740967e-01,6.750000268220901489e-02,6.060000136494636536e-02,4.940000176429748535e-02,3.959999978542327881e-02,3.730000182986259460e-02,3.379999846220016479e-02,2.920000068843364716e-02,6.419999897480010986e-02,7.810000330209732056e-02,9.279999881982803345e-02,5.029999837279319763e-02,2.740000002086162567e-02,3.790000081062316895e-02,7.930000126361846924e-02,6.499999761581420898e-02,8.810000121593475342e-02,7.410000264644622803e-02,6.060000136494636536e-02,5.079999938607215881e-02,9.179999679327011108e-02,2.770000100135803223e-01,2.779999971389770508e-01,2.939999997615814209e-01,2.750000059604644775e-01,2.829999923706054688e-01,2.669999897480010986e-01,2.610000073909759521e-01,2.356999963521957397e-01,1.556999981403350830e-01,2.169999927282333374e-01,2.680000066757202148e-01,2.750000059604644775e-01,2.730000019073486328e-01,2.649999856948852539e-01,2.820000052452087402e-01,2.910000085830688477e-01,2.960000038146972656e-01,8.169999718666076660e-02,1.110000014305114746e-01,1.282999962568283081e-01,1.171000003814697266e-01,8.290000259876251221e-02,8.950000256299972534e-02,8.789999783039093018e-02,1.178999990224838257e-01,1.071999967098236084e-01,7.760000228881835938e-02,8.550000190734863281e-02,6.719999760389328003e-02,6.979999691247940063e-02,1.907999962568283081e-01,1.168999969959259033e-01,7.949999719858169556e-02,5.220000073313713074e-02,6.440000236034393311e-02,8.380000293254852295e-02,1.238000020384788513e-01,1.180000007152557373e-01,7.919999957084655762e-02,6.880000233650207520e-02,8.229999989271163940e-02,1.054000034928321838e-01,7.729999721050262451e-02,6.430000066757202148e-02,4.899999871850013733e-02,6.030000001192092896e-02,6.750000268220901489e-02,7.220000028610229492e-02,1.061000004410743713e-01,1.259000003337860107e-01,1.332000046968460083e-01,1.353999972343444824e-01,1.234999969601631165e-01,8.470000326633453369e-02,8.739999681711196899e-02,1.181999966502189636e-01,5.970000103116035461e-02,8.110000193119049072e-02,7.129999995231628418e-02
9.629999846220016479e-02,9.510000050067901611e-02,8.990000188350677490e-02,1.401000022888183594e-01,1.793999969959259033e-01,1.356000006198883057e-01,2.168000042438507080e-01,2.199999988079071045e-01,1.301999986171722412e-01,1.624999940395355225e-01,1.870999932289123535e-01,1.293999999761581421e-01,1.462000012397766113e-01,1.196999996900558472e-01,1.852000057697296143e-01,2.076999992132186890e-01,1.272999942302703857e-01,1.233000010251998901e-01,9.260000288486480713e-02,1.159999966621398926e-01,1.137000024318695068e-01,1.171000003814697266e-01,7.320000231266021729e-02,7.930000126361846924e-02,1.019999980926513672e-01,6.870000064373016357e-02,3.770000115036964417e-02,2.019999921321868896e-02,3.739999979734420776e-02,4.529999941587448120e-02,6.179999932646751404e-02,5.959999933838844299e-02,2.820000052452087402e-02,2.419999986886978149e-02,4.639999940991401672e-02,5.339999869465827942e-02,5.480000004172325134e-02,4.490000009536743164e-02,2.129999920725822449e-02,5.579999834299087524e-02,3.599999845027923584e-02,2.800000011920928955e-01,2.689999938011169434e-01,2.709999978542327881e-01,2.680000066757202148e-01,2.779999971389770508e-01,2.750000059604644775e-01,2.619999945163726807e-01,2.520000040531158447e-01,1.970999985933303833e-01,2.329999953508377075e-01,2.520000040531158447e-01,2.809999883174896240e-01,2.630000114440917969e-01,2.829999923706054688e-01,2.870000004768371582e-01,3.039999902248382568e-01,2.960000038146972656e-01,2.730000019073486328e-01,1.196999996900558472e-01,1.269000023603439331e-01,1.083000004291534424e-01,9.329999983310699463e-02,9.000000357627868652e-02,1.564999967813491821e-01,1.256999969482421875e-01,1.099999994039535522e-01,8.309999853372573853e-02,1.190999969840049744e-01,8.730000257492065430e-02,9.979999810457229614e-02,5.770000070333480835e-02,6.520000100135803223e-02,5.609999969601631165e-02,6.260000169277191162e-02,4.149999842047691345e-02,5.779999867081642151e-02,6.499999761581420898e-02,1.080000028014183044e-01,9.409999847412109375e-02,4.969999939203262329e-02,8.749999850988388062e-02,7.880000025033950806e-02,8.429999649524688721e-02,8.320000022649765015e-02,7.699999958276748657e-02,7.779999822378158569e-02,1.319999992847442627e-01,1.164000034332275391e-01,8.179999887943267822e-02,1.203000023961067200e-01,1.563999950885772705e-01,2.160000056028366089e-01,1.454000025987625122e-01,9.780000150203704834e-02,9.560000151395797729e-02,1.155000030994415283e-01,8.900000154972076416e-02,6.769999861717224121e-02,5.620000138878822327e-02
1.168999969959259033e-01,1.180000007152557373e-01,1.177000030875205994e-01,1.263000071048736572e-01,1.357000023126602173e-01,1.429000049829483032e-01,1.160999983549118042e-01,1.224000006914138794e-01,1.844999939203262329e-01,1.981000006198883057e-01,2.047999948263168335e-01,1.627999991178512573e-01,1.553000062704086304e-01,1.119000017642974854e-01,1.307000070810317993e-01,1.074000000953674316e-01,7.530000060796737671e-02,8.810000121593475342e-02,1.180000007152557373e-01,1.256999969482421875e-01,1.340000033378601074e-01,1.001999974250793457e-01,6.159999966621398926e-02,1.167000010609626770e-01,6.589999794960021973e-02,4.940000176429748535e-02,4.520000144839286804e-02,3.400000184774398804e-02,3.500000014901161194e-02,2.950000017881393433e-02,5.779999867081642151e-02,4.149999842047691345e-02,3.109999932348728180e-02,3.020000085234642029e-02,3.940000012516975403e-02,4.030000045895576477e-02,3.139999881386756897e-02,4.780000075697898865e-02,6.400000303983688354e-02,9.319999814033508301e-02,8.280000090599060059e-02,2.660000026226043701e-01,2.680000066757202148e-01,2.630000114440917969e-01,2.660000026226043701e-01,2.750000059604644775e-01,2.709999978542327881e-01,2.809999883174896240e-01,2.070000022649765015e-01,2.660000026226043701e-01,2.570999860763549805e-01,2.720000147819519043e-01,2.829999923706054688e-01,2.619999945163726807e-01,2.840000092983245850e-01,2.949999868869781494e-01,2.960000038146972656e-01,2.899999916553497314e-01,2.919999957084655762e-01,1.844999939203262329e-01,1.224000006914138794e-01,8.330000191926956177e-02,5.710000172257423401e-02,6.580000370740890503e-02,1.521999984979629517e-01,1.572999954223632812e-01,1.094999983906745911e-01,1.105000004172325134e-01,9.260000288486480713e-02,1.035000011324882507e-01,6.360000371932983398e-02,5.750000104308128357e-02,7.689999788999557495e-02,5.029999837279319763e-02,6.800000369548797607e-02,4.320000112056732178e-02,7.310000061988830566e-02,9.679999947547912598e-02,8.850000053644180298e-02,6.790000200271606445e-02,6.790000200271606445e-02,7.289999723434448242e-02,6.580000370740890503e-02,9.870000183582305908e-02,6.549999862909317017e-02,5.000000074505805969e-02,7.469999790191650391e-02,9.780000150203704834e-02,1.203000023961067200e-01,1.238000020384788513e-01,1.563999950885772705e-01,1.086999997496604919e-01,1.664000004529953003e-01,1.384000033140182495e-01,1.460999995470046997e-01,1.482000052928924561e-01,1.314000040292739868e-01,7.090000063180923462e-02,7.349999994039535522e-02,5.249999836087226868e-02
1.908999979496002197e-01,1.997999995946884155e-01,1.677999943494796753e-01,1.465999931097030640e-01,1.458999961614608765e-01,8.810000121593475342e-02,7.329999655485153198e-02,1.676999926567077637e-01,1.912000030279159546e-01,1.942999958992004395e-01,2.076999992132186890e-01,1.444000005722045898e-01,1.986999958753585815e-01,1.715999990701675415e-01,1.403000056743621826e-01,7.479999959468841553e-02,7.869999855756759644e-02,6.340000033378601074e-02,7.050000131130218506e-02,1.303000003099441528e-01,1.031000018119812012e-01,1.255999952554702759e-01,9.820000082254409790e-02,7.620000094175338745e-02,8.439999818801879883e-02,5.469999834895133972e-02,4.830000177025794983e-02,3.689999878406524658e-02,3.640000149607658386e-02,4.760000109672546387e-02,4.769999906420707703e-02,6.759999692440032959e-02,4.030000045895576477e-02,5.719999969005584717e-02,5.979999899864196777e-02,4.870000109076499939e-02,3.060000017285346985e-02,5.779999867081642151e-02,7.150000333786010742e-02,1.041999980807304382e-01,2.759999930858612061e-01,2.720000147819519043e-01,2.720000147819519043e-01,2.669999897480010986e-01,2.727999985218048096e-01,2.849999964237213135e-01,2.800000011920928955e-01,2.820000052452087402e-01,2.549999952316284180e-01,2.669999897480010986e-01,2.069000005722045898e-01,2.750000059604644775e-01,2.759999930858612061e-01,2.809999883174896240e-01,2.860000133514404297e-01,2.829999923706054688e-01,2.930000126361846924e-01,2.969999909400939941e-01,2.980000078678131104e-01,2.770000100135803223e-01,2.890000045299530029e-01,1.997999995946884155e-01,1.782000064849853516e-01,1.298999935388565063e-01,1.307000070810317993e-01,1.351000070571899414e-01,1.801999956369400024e-01,2.188999950885772705e-01,1.545999944210052490e-01,1.554999947547912598e-01,1.039000004529953003e-01,7.739999890327453613e-02,9.189999848604202271e-02,7.440000027418136597e-02,5.110000073909759521e-02,5.350000038743019104e-02,4.520000144839286804e-02,5.260000005364418030e-02,5.000000074505805969e-02,6.970000267028808594e-02,5.169999971985816956e-02,6.909999996423721313e-02,4.940000176429748535e-02,6.490000337362289429e-02,5.180000141263008118e-02,3.950000181794166565e-02,8.079999685287475586e-02,1.158000007271766663e-01,1.439000070095062256e-01,1.115999966859817505e-01,1.247000023722648621e-01,1.412000060081481934e-01,1.392000019550323486e-01,8.470000326633453369e-02,8.229999989271163940e-02,1.319999992847442627e-01,1.879000067710876465e-01,1.233000010251998901e-01,1.149000003933906555e-01,4.780000075697898865e-02
1.562999933958053589e-01,1.504999995231628418e-01,1.727000027894973755e-01,1.726000010967254639e-01,2.413000017404556274e-01,1.580999940633773804e-01,1.400000005960464478e-01,2.076999992132186890e-01,2.152000069618225098e-01,1.800999939441680908e-01,1.257999986410140991e-01,1.799000054597854614e-01,1.383000016212463379e-01,1.264999955892562866e-01,1.199999973177909851e-01,6.870000064373016357e-02,8.980000019073486328e-02,8.699999749660491943e-02,9.250000119209289551e-02,9.220000356435775757e-02,9.979999810457229614e-02,1.388999968767166138e-01,9.610000252723693848e-02,9.200000017881393433e-02,7.590000331401824951e-02,6.620000302791595459e-02,3.370000049471855164e-02,4.439999908208847046e-02,3.730000182986259460e-02,7.240000367164611816e-02,4.670000076293945312e-02,5.779999867081642151e-02,7.769999653100967407e-02,9.440000355243682861e-02,7.389999926090240479e-02,5.409999936819076538e-02,3.799999877810478210e-02,5.359999835491180420e-02,5.330000072717666626e-02,1.018999963998794556e-01,1.448999941349029541e-01,2.730000019073486328e-01,2.639999985694885254e-01,2.809999883174896240e-01,2.669999897480010986e-01,2.630000114440917969e-01,2.790000140666961670e-01,2.630000114440917969e-01,2.720000147819519043e-01,1.755000054836273193e-01,2.660000026226043701e-01,2.669999897480010986e-01,2.680000066757202148e-01,2.739999890327453613e-01,2.820000052452087402e-01,2.960000038146972656e-01,3.039999902248382568e-01,3.009999990463256836e-01,3.030000030994415283e-01,2.899999916553497314e-01,2.899999916553497314e-01,2.899999916553497314e-01,2.991000115871429443e-01,1.817999929189682007e-01,1.814000010490417480e-01,2.281000018119812012e-01,2.143999934196472168e-01,2.224999964237213135e-01,1.981000006198883057e-01,1.536000072956085205e-01,1.438000053167343140e-01,7.559999823570251465e-02,1.042999997735023499e-01,9.449999779462814331e-02,6.930000334978103638e-02,4.870000109076499939e-02,4.500000178813934326e-02,4.800000041723251343e-02,7.270000129938125610e-02,6.539999693632125854e-02,6.719999760389328003e-02,8.749999850988388062e-02,7.710000127553939819e-02,5.869999900460243225e-02,8.869999647140502930e-02,6.589999794960021973e-02,1.224000006914138794e-01,1.303000003099441528e-01,6.419999897480010986e-02,7.069999724626541138e-02,9.430000185966491699e-02,1.324000060558319092e-01,1.283999979496002197e-01,1.336999982595443726e-01,1.468999981880187988e-01,1.072999984025955200e-01,1.341000050306320190e-01,1.260000020265579224e-01,9.279999881982803345e-02,6.870000064373016357e-02
6.129999831318855286e-02,9.380000084638595581e-02,1.107999980449676514e-01,1.028999984264373779e-01,8.749999850988388062e-02,7.959999889135360718e-02,1.102000027894973755e-01,1.533000022172927856e-01,1.337999999523162842e-01,1.616999953985214233e-01,1.308999955654144287e-01,1.010000035166740417e-01,1.198000013828277588e-01,1.045999974012374878e-01,9.579999744892120361e-02,7.549999654293060303e-02,6.549999862909317017e-02,7.299999892711639404e-02,1.023000031709671021e-01,1.022000014781951904e-01,7.559999823570251465e-02,7.079999893903732300e-02,6.210000067949295044e-02,7.469999790191650391e-02,6.239999830722808838e-02,6.539999693632125854e-02,4.419999942183494568e-02,4.450000077486038208e-02,3.860000148415565491e-02,4.830000177025794983e-02,5.330000072717666626e-02,1.124000027775764465e-01,1.168999969959259033e-01,8.039999753236770630e-02,8.150000125169754028e-02,4.439999908208847046e-02,5.339999869465827942e-02,6.179999932646751404e-02,6.859999895095825195e-02,8.479999750852584839e-02,1.287000030279159546e-01,2.779999971389770508e-01,2.579999864101409912e-01,2.790000140666961670e-01,2.720000147819519043e-01,2.759999930858612061e-01,2.669999897480010986e-01,2.669999897480010986e-01,2.700000107288360596e-01,1.808999925851821899e-01,1.782000064849853516e-01,2.660000026226043701e-01,2.660000026226043701e-01,2.709999978542327881e-01,2.860000133514404297e-01,2.960000038146972656e-01,3.120000064373016357e-01,3.000000119209289551e-01,3.030000030994415283e-01,2.820000052452087402e-01,2.890000045299530029e-01,2.980000078678131104e-01,2.930000126361846924e-01,2.939999997615814209e-01,3.079999983310699463e-01,3.120000064373016357e-01,2.405000030994415283e-01,1.817999929189682007e-01,2.483000010251998901e-01,2.096000015735626221e-01,1.768999993801116943e-01,1.483999937772750854e-01,8.250000327825546265e-02,8.479999750852584839e-02,8.049999922513961792e-02,6.430000066757202148e-02,7.000000029802322388e-02,3.640000149607658386e-02,5.970000103116035461e-02,5.099999904632568359e-02,5.790000036358833313e-02,8.969999849796295166e-02,6.930000334978103638e-02,9.769999980926513672e-02,1.054999977350234985e-01,6.800000369548797607e-02,7.590000331401824951e-02,5.249999836087226868e-02,6.440000236034393311e-02,6.580000370740890503e-02,1.014000028371810913e-01,1.902000010013580322e-01,1.011999994516372681e-01,1.225000023841857910e-01,1.409000009298324585e-01,1.136000007390975952e-01,1.187999993562698364e-01,1.193000003695487976e-01,7.090000063180923462e-02,6.089999899268150330e-02
5.979999899864196777e-02,1.022000014781951904e-01,1.378999948501586914e-01,1.547999978065490723e-01,1.184000000357627869e-01,8.380000293254852295e-02,1.045999974012374878e-01,1.567000001668930054e-01,9.660000354051589966e-02,7.750000059604644775e-02,7.630000263452529907e-02,7.850000262260437012e-02,1.224000006914138794e-01,1.074000000953674316e-01,8.219999819993972778e-02,6.289999932050704956e-02,8.749999850988388062e-02,1.238000020384788513e-01,1.027000024914741516e-01,6.480000168085098267e-02,6.279999762773513794e-02,4.349999874830245972e-02,4.830000177025794983e-02,4.289999976754188538e-02,7.270000129938125610e-02,4.399999976158142090e-02,3.739999979734420776e-02,3.539999946951866150e-02,3.249999880790710449e-02,3.539999946951866150e-02,4.109999909996986389e-02,4.630000144243240356e-02,1.307000070810317993e-01,9.260000288486480713e-02,8.749999850988388062e-02,6.790000200271606445e-02,8.209999650716781616e-02,4.899999871850013733e-02,8.470000326633453369e-02,6.480000168085098267e-02,1.520999968051910400e-01,2.779999971389770508e-01,2.630000114440917969e-01,2.720000147819519043e-01,2.709999978542327881e-01,2.800000011920928955e-01,2.680000066757202148e-01,2.529999911785125732e-01,2.660000026226043701e-01,2.750000059604644775e-01,1.565999984741210938e-01,1.692000031471252441e-01,2.689999938011169434e-01,2.630000114440917969e-01,2.930000126361846924e-01,2.960000038146972656e-01,3.009999990463256836e-01,2.960000038146972656e-01,2.949999868869781494e-01,2.899999916553497314e-01,2.899999916553497314e-01,2.899999916553497314e-01,2.910000085830688477e-01,2.962999939918518066e-01,3.089999854564666748e-01,3.070000112056732178e-01,3.079999983310699463e-01,3.050000071525573730e-01,3.000000119209289551e-01,3.030000030994415283e-01,1.404000073671340942e-01,1.501999944448471069e-01,1.229000017046928406e-01,1.155000030994415283e-01,5.400000140070915222e-02,4.800000041723251343e-02,4.839999973773956299e-02,4.069999977946281433e-02,5.139999836683273315e-02,4.259999841451644897e-02,6.250000000000000000e-02,6.210000067949295044e-02,9.619999676942825317e-02,5.530000105500221252e-02,5.979999899864196777e-02,8.160000294446945190e-02,8.699999749660491943e-02,7.079999893903732300e-02,4.549999907612800598e-02,8.449999988079071045e-02,1.404999941587448120e-01,1.174999997019767761e-01,8.889999985694885254e-02,1.112999990582466125e-01,1.361999958753585815e-01,1.317999958992004395e-01,1.337999999523162842e-01,8.280000090599060059e-02,1.730999946594238281e-01,7.540000230073928833e-02
4.800000041723251343e-02,7.559999823570251465e-02,1.154000014066696167e-01,1.187999993562698364e-01,1.046999990940093994e-01,1.264999955892562866e-01,8.940000087022781372e-02,1.110000014305114746e-01,8.020000159740447998e-02,7.850000262260437012e-02,1.005999967455863953e-01,1.033999994397163391e-01,8.200000226497650146e-02,1.070000007748603821e-01,7.850000262260437012e-02,5.050000175833702087e-02,5.429999902844429016e-02,8.169999718666076660e-02,7.220000028610229492e-02,8.760000020265579224e-02,6.939999759197235107e-02,3.849999979138374329e-02,4.320000112056732178e-02,4.650000110268592834e-02,4.179999977350234985e-02,3.480000048875808716e-02,3.119999915361404419e-02,3.940000012516975403e-02,2.380000054836273193e-02,1.840000040829181671e-02,3.790000081062316895e-02,5.759999901056289673e-02,5.660000070929527283e-02,6.639999896287918091e-02,8.600000292062759399e-02,7.869999855756759644e-02,5.499999970197677612e-02,7.029999792575836182e-02,6.679999828338623047e-02,6.639999896287918091e-02,7.060000300407409668e-02,2.779999971389770508e-01,2.399999946355819702e-01,2.779999971389770508e-01,2.899999916553497314e-01,2.779999971389770508e-01,2.730000019073486328e-01,2.680000066757202148e-01,2.649999856948852539e-01,2.750000059604644775e-01,2.720000147819519043e-01,1.620000004768371582e-01,5.999999865889549255e-02,1.746000051498413086e-01,1.656000018119812012e-01,2.969999909400939941e-01,2.949999868869781494e-01,2.800000011920928955e-01,2.919999957084655762e-01,2.899999916553497314e-01,2.829999923706054688e-01,3.100000023841857910e-01,3.039999902248382568e-01,3.050000071525573730e-01,2.949999868869781494e-01,3.070000112056732178e-01,3.079000115394592285e-01,3.230000138282775879e-01,3.160000145435333252e-01,3.050000071525573730e-01,2.960000038146972656e-01,2.980000078678131104e-01,3.129999935626983643e-01,1.421999931335449219e-01,3.100000023841857910e-01,4.899999871850013733e-02,5.759999901056289673e-02,4.289999976754188538e-02,4.459999874234199524e-02,7.020000368356704712e-02,6.759999692440032959e-02,6.800000369548797607e-02,5.339999869465827942e-02,9.030000120401382446e-02,7.240000367164611816e-02,4.500000178813934326e-02,9.329999983310699463e-02,4.980000108480453491e-02,4.919999837875366211e-02,7.900000363588333130e-02,7.270000129938125610e-02,9.459999948740005493e-02,8.969999849796295166e-02,1.563999950885772705e-01,1.024999991059303284e-01,1.468999981880187988e-01,1.441999971866607666e-01,1.511999964714050293e-01,1.432999968528747559e-01,1.020999997854232788e-01
2.520000003278255463e-02,4.569999873638153076e-02,6.279999762773513794e-02,8.280000090599060059e-02,8.330000191926956177e-02,1.037999987602233887e-01,6.549999862909317017e-02,6.639999896287918091e-02,4.610000178217887878e-02,5.460000038146972656e-02,7.750000059604644775e-02,8.169999718666076660e-02,6.979999691247940063e-02,1.176000013947486877e-01,6.809999793767929077e-02,7.050000131130218506e-02,4.800000041723251343e-02,4.589999839663505554e-02,6.379999965429306030e-02,5.319999903440475464e-02,6.210000067949295044e-02,4.380000010132789612e-02,2.449999935925006866e-02,3.990000113844871521e-02,4.060000181198120117e-02,4.980000108480453491e-02,4.450000077486038208e-02,3.669999912381172180e-02,3.189999982714653015e-02,3.629999980330467224e-02,5.909999832510948181e-02,5.930000171065330505e-02,5.730000138282775879e-02,7.699999958276748657e-02,1.396999955177307129e-01,1.020999997854232788e-01,7.970000058412551880e-02,7.729999721050262451e-02,5.530000105500221252e-02,1.001000031828880310e-01,1.570000052452087402e-01,1.629000008106231689e-01,2.720000147819519043e-01,2.790000140666961670e-01,2.849999964237213135e-01,2.899999916553497314e-01,2.849999964237213135e-01,2.720000147819519043e-01,2.730000019073486328e-01,2.849999964237213135e-01,2.949999868869781494e-01,1.692000031471252441e-01,1.638000011444091797e-01,8.910000324249267578e-02,6.870000064373016357e-02,5.330000072717666626e-02,2.919999957084655762e-01,2.809999883174896240e-01,2.949999868869781494e-01,2.849999964237213135e-01,2.730000019073486328e-01,2.899999916553497314e-01,2.899999916553497314e-01,3.059999942779541016e-01,3.079999983310699463e-01,3.059999942779541016e-01,3.089999854564666748e-01,3.199999928474426270e-01,3.190000057220458984e-01,2.989999949932098389e-01,2.980000078678131104e-01,2.919999957084655762e-01,3.030000030994415283e-01,3.109999895095825195e-01,3.089999854564666748e-01,3.190000057220458984e-01,3.190000057220458984e-01,1.305000036954879761e-01,6.190000101923942566e-02,5.440000072121620178e-02,5.209999904036521912e-02,6.230000033974647522e-02,4.520000144839286804e-02,7.190000265836715698e-02,6.469999998807907104e-02,7.090000063180923462e-02,4.149999842047691345e-02,4.940000176429748535e-02,5.339999869465827942e-02,8.479999750852584839e-02,1.138999983668327332e-01,1.001000031828880310e-01,9.319999814033508301e-02,9.179999679327011108e-02,1.224000006914138794e-01,1.475999951362609863e-01,1.085999980568885803e-01,1.935999989509582520e-01,1.238000020384788513e-01,1.444000005722045898e-01
2.370000071823596954e-02,3.739999979734420776e-02,4.170000180602073669e-02,6.100000068545341492e-02,4.679999873042106628e-02,6.480000168085098267e-02,9.250000119209289551e-02,7.060000300407409668e-02,5.090000107884407043e-02,4.179999977350234985e-02,9.170000255107879639e-02,5.249999836087226868e-02,5.090000107884407043e-02,5.680000036954879761e-02,3.240000084042549133e-02,4.149999842047691345e-02,2.510000020265579224e-02,4.980000108480453491e-02,8.120000362396240234e-02,7.329999655485153198e-02,5.680000036954879761e-02,4.399999976158142090e-02,4.500000178813934326e-02,5.609999969601631165e-02,9.040000289678573608e-02,7.199999690055847168e-02,4.789999872446060181e-02,3.109999932348728180e-02,2.260000072419643402e-02,3.150000050663948059e-02,6.329999864101409912e-02,5.260000005364418030e-02,7.289999723434448242e-02,6.689999997615814209e-02,9.019999951124191284e-02,8.869999647140502930e-02,6.620000302791595459e-02,5.139999836683273315e-02,4.809999838471412659e-02,6.790000200271606445e-02,8.910000324249267578e-02,8.540000021457672119e-02,1.817999929189682007e-01,2.800000011920928955e-01,2.870000004768371582e-01,2.849999964237213135e-01,2.829999923706054688e-01,2.840000092983245850e-01,2.829999923706054688e-01,2.809999883174896240e-01,2.829999923706054688e-01,2.910000085830688477e-01,1.511999964714050293e-01,4.630000144243240356e-02,4.289999976754188538e-02,6.469999998807907104e-02,1.123000010848045349e-01,1.208000034093856812e-01,1.386000066995620728e-01,1.225000023841857910e-01,1.692000031471252441e-01,2.809999883174896240e-01,2.800000011920928955e-01,2.829999923706054688e-01,2.989999949932098389e-01,3.249999880790710449e-01,3.070000112056732178e-01,3.070000112056732178e-01,3.260000050067901611e-01,3.230000138282775879e-01,3.089999854564666748e-01,3.140000104904174805e-01,3.070000112056732178e-01,3.089999854564666748e-01,3.160000145435333252e-01,3.289999961853027344e-01,3.260000050067901611e-01,3.009999990463256836e-01,2.949999868869781494e-01,1.278000026941299438e-01,4.650000110268592834e-02,3.139999881386756897e-02,6.549999862909317017e-02,8.290000259876251221e-02,5.750000104308128357e-02,4.560000076889991760e-02,4.610000178217887878e-02,4.969999939203262329e-02,7.249999791383743286e-02,7.549999654293060303e-02,8.799999952316284180e-02,1.142000034451484680e-01,7.280000299215316772e-02,1.289999932050704956e-01,1.231999993324279785e-01,1.835999935865402222e-01,9.939999878406524658e-02,1.706999987363815308e-01,1.321000009775161743e-01,6.930000334978103638e-02
2.140000090003013611e-02,3.449999913573265076e-02,2.300000004470348358e-02,3.119999915361404419e-02,5.090000107884407043e-02,4.960000142455101013e-02,7.100000232458114624e-02,7.530000060796737671e-02,7.050000131130218506e-02,3.519999980926513672e-02,4.129999876022338867e-02,3.970000147819519043e-02,4.509999975562095642e-02,3.109999932348728180e-02,2.250000089406967163e-02,1.999999955296516418e-02,2.119999937713146210e-02,6.289999932050704956e-02,7.580000162124633789e-02,5.829999968409538269e-02,3.550000116229057312e-02,4.639999940991401672e-02,3.849999979138374329e-02,5.150000005960464478e-02,6.769999861717224121e-02,1.046999990940093994e-01,6.939999759197235107e-02,5.189999938011169434e-02,4.749999940395355225e-02,4.190000146627426147e-02,5.999999865889549255e-02,9.049999713897705078e-02,1.172000020742416382e-01,7.320000231266021729e-02,7.500000298023223877e-02,8.449999988079071045e-02,4.560000076889991760e-02,4.369999840855598450e-02,5.990000069141387939e-02,5.840000137686729431e-02,9.139999747276306152e-02,9.480000287294387817e-02,1.683000028133392334e-01,2.779999971389770508e-01,2.899999916553497314e-01,2.860000133514404297e-01,2.849999964237213135e-01,2.790000140666961670e-01,2.840000092983245850e-01,2.779999971389770508e-01,2.870000004768371582e-01,2.989999949932098389e-01,1.683000028133392334e-01,1.430999934673309326e-01,6.109999865293502808e-02,1.063999980688095093e-01,1.238999962806701660e-01,1.648000031709671021e-01,2.076999992132186890e-01,1.831000000238418579e-01,1.422999948263168335e-01,1.180000007152557373e-01,1.497000008821487427e-01,1.656000018119812012e-01,1.106999963521957397e-01,3.030000030994415283e-01,3.009999990463256836e-01,3.089999854564666748e-01,3.030000030994415283e-01,3.059999942779541016e-01,3.160000145435333252e-01,3.190000057220458984e-01,3.199999928474426270e-01,3.170000016689300537e-01,3.199999928474426270e-01,3.230000138282775879e-01,3.149999976158142090e-01,3.089999854564666748e-01,2.969999909400939941e-01,1.287000030279159546e-01,1.368000060319900513e-01,3.680000081658363342e-02,3.900000080466270447e-02,6.140000000596046448e-02,4.259999841451644897e-02,6.060000136494636536e-02,4.910000041127204895e-02,6.539999693632125854e-02,7.970000058412551880e-02,6.809999793767929077e-02,9.610000252723693848e-02,8.810000121593475342e-02,1.045000031590461731e-01,7.270000129938125610e-02,7.819999754428863525e-02,6.979999691247940063e-02,9.000000357627868652e-02,9.250000119209289551e-02,8.519999682903289795e-02,9.369999915361404419e-02
2.009999938309192657e-02,2.710000053048133850e-02,3.449999913573265076e-02,2.630000002682209015e-02,4.520000144839286804e-02,6.289999932050704956e-02,7.100000232458114624e-02,5.440000072121620178e-02,5.139999836683273315e-02,3.379999846220016479e-02,2.520000003278255463e-02,3.330000117421150208e-02,3.530000150203704834e-02,1.989999972283840179e-02,1.620000042021274567e-02,2.030000090599060059e-02,2.480000071227550507e-02,4.980000108480453491e-02,5.689999833703041077e-02,4.800000041723251343e-02,5.070000141859054565e-02,6.560000032186508179e-02,8.060000091791152954e-02,8.940000087022781372e-02,6.729999929666519165e-02,4.650000110268592834e-02,3.990000113844871521e-02,4.769999906420707703e-02,5.790000036358833313e-02,9.839999675750732422e-02,1.014000028371810913e-01,1.086999997496604919e-01,1.026000007987022400e-01,6.190000101923942566e-02,9.390000253915786743e-02,5.869999900460243225e-02,6.790000200271606445e-02,5.620000138878822327e-02,5.909999832510948181e-02,6.279999762773513794e-02,4.010000079870223999e-02,6.150000169873237610e-02,5.240000039339065552e-02,1.583999991416931152e-01,2.800000011920928955e-01,2.709999978542327881e-01,2.919999957084655762e-01,2.860000133514404297e-01,2.899999916553497314e-01,2.820000052452087402e-01,2.949999868869781494e-01,3.000000119209289551e-01,3.039999902248382568e-01,1.592999994754791260e-01,6.809999793767929077e-02,9.329999983310699463e-02,8.649999648332595825e-02,1.456000059843063354e-01,1.801999956369400024e-01,1.641000062227249146e-01,1.154000014066696167e-01,1.381999999284744263e-01,1.324000060558319092e-01,1.272000074386596680e-01,1.459999978542327881e-01,1.155000030994415283e-01,9.049999713897705078e-02,8.129999786615371704e-02,1.611000001430511475e-01,3.030000030994415283e-01,3.122999966144561768e-01,3.089999854564666748e-01,3.149999976158142090e-01,3.230000138282775879e-01,3.280000090599060059e-01,3.314000070095062256e-01,3.170000016689300537e-01,3.149999976158142090e-01,2.899999916553497314e-01,3.089999854564666748e-01,1.106999963521957397e-01,1.053000018000602722e-01,6.750000268220901489e-02,4.639999940991401672e-02,4.320000112056732178e-02,6.150000169873237610e-02,4.820000007748603821e-02,4.529999941587448120e-02,5.319999903440475464e-02,5.590000003576278687e-02,7.980000227689743042e-02,7.320000231266021729e-02,9.629999846220016479e-02,1.049000024795532227e-01,9.870000183582305908e-02,6.560000032186508179e-02,7.280000299215316772e-02,5.999999865889549255e-02,4.050000011920928955e-02,7.810000330209732056e-02
1.820000074803829193e-02,2.590000070631504059e-02,3.610000014305114746e-02,5.079999938607215881e-02,5.719999969005584717e-02,6.300000101327896118e-02,6.679999828338623047e-02,5.990000069141387939e-02,6.030000001192092896e-02,4.830000177025794983e-02,3.860000148415565491e-02,3.559999912977218628e-02,4.140000045299530029e-02,2.140000090003013611e-02,2.480000071227550507e-02,1.899999938905239105e-02,2.779999934136867523e-02,3.869999945163726807e-02,4.789999872446060181e-02,4.210000112652778625e-02,3.610000014305114746e-02,5.810000002384185791e-02,6.040000170469284058e-02,7.419999688863754272e-02,6.400000303983688354e-02,5.510000139474868774e-02,4.520000144839286804e-02,3.880000114440917969e-02,4.340000078082084656e-02,6.230000033974647522e-02,1.055999994277954102e-01,1.132000014185905457e-01,6.120000034570693970e-02,5.229999870061874390e-02,7.169999927282333374e-02,5.490000173449516296e-02,6.930000334978103638e-02,5.440000072121620178e-02,5.110000073909759521e-02,6.329999864101409912e-02,6.329999864101409912e-02,7.649999856948852539e-02,6.129999831318855286e-02,5.310000106692314148e-02,1.817999929189682007e-01,2.919999957084655762e-01,2.899999916553497314e-01,2.879999876022338867e-01,2.899999916553497314e-01,2.890000045299530029e-01,2.899999916553497314e-01,2.989999949932098389e-01,3.059999942779541016e-01,2.899999916553497314e-01,1.800000071525573730e-01,1.421000063419342041e-01,1.054999977350234985e-01,9.470000118017196655e-02,1.756000071763992310e-01,1.371999979019165039e-01,1.295000016689300537e-01,1.670999974012374878e-01,1.563999950885772705e-01,1.817999929189682007e-01,1.035000011324882507e-01,1.414999961853027344e-01,5.590000003576278687e-02,5.999999865889549255e-02,7.949999719858169556e-02,1.656000018119812012e-01,3.140000104904174805e-01,3.240000009536743164e-01,3.079999983310699463e-01,3.240000009536743164e-01,3.273999989032745361e-01,3.089999854564666748e-01,3.009999990463256836e-01,3.240000009536743164e-01,3.120000064373016357e-01,3.109999895095825195e-01,3.079999983310699463e-01,3.100000023841857910e-01,7.800000160932540894e-02,7.490000128746032715e-02,5.299999937415122986e-02,7.129999995231628418e-02,4.930000007152557373e-02,6.289999932050704956e-02,5.249999836087226868e-02,7.789999991655349731e-02,7.919999957084655762e-02,6.480000168085098267e-02,8.860000222921371460e-02,8.060000091791152954e-02,8.309999853372573853e-02,7.890000194311141968e-02,6.830000132322311401e-02,3.200000151991844177e-02,3.229999914765357971e-02,3.330000117421150208e-02
1.889999955892562866e-02,3.089999966323375702e-02,4.170000180602073669e-02,6.260000169277191162e-02,7.949999719858169556e-02,4.529999941587448120e-02,4.710000008344650269e-02,5.620000138878822327e-02,4.859999939799308777e-02,5.209999904036521912e-02,4.369999840855598450e-02,2.529999986290931702e-02,2.060000039637088776e-02,2.800000086426734924e-02,2.080000005662441254e-02,2.280000038444995880e-02,3.449999913573265076e-02,3.280000016093254089e-02,4.780000075697898865e-02,3.480000048875808716e-02,6.620000302791595459e-02,9.910000115633010864e-02,7.289999723434448242e-02,5.609999969601631165e-02,7.169999927282333374e-02,4.380000010132789612e-02,5.939999967813491821e-02,4.490000009536743164e-02,4.749999940395355225e-02,7.569999992847442627e-02,1.439999938011169434e-01,8.649999648332595825e-02,7.620000094175338745e-02,5.040000006556510925e-02,4.580000042915344238e-02,6.360000371932983398e-02,5.990000069141387939e-02,5.110000073909759521e-02,8.009999990463256836e-02,5.979999899864196777e-02,8.420000225305557251e-02,1.557999998331069946e-01,6.679999828338623047e-02,3.860000148415565491e-02,4.960000142455101013e-02,2.949999868869781494e-01,2.750000059604644775e-01,2.860000133514404297e-01,2.879999876022338867e-01,2.899999916553497314e-01,2.879999876022338867e-01,2.939999997615814209e-01,2.919999957084655762e-01,2.890000045299530029e-01,1.493999958038330078e-01,9.189999848604202271e-02,9.120000153779983521e-02,1.045000031590461731e-01,1.014000028371810913e-01,1.475999951362609863e-01,1.124999970197677612e-01,1.606999933719635010e-01,1.067000031471252441e-01,1.349000036716461182e-01,9.560000151395797729e-02,9.979999810457229614e-02,8.380000293254852295e-02,7.999999821186065674e-02,8.590000122785568237e-02,7.410000264644622803e-02,1.719000041484832764e-01,3.249999880790710449e-01,3.140000104904174805e-01,3.379999995231628418e-01,3.260000050067901611e-01,3.120000064373016357e-01,3.249999880790710449e-01,2.989999949932098389e-01,3.149999976158142090e-01,3.120000064373016357e-01,3.050000071525573730e-01,2.960000038146972656e-01,1.755000054836273193e-01,5.449999868869781494e-02,3.429999947547912598e-02,7.519999891519546509e-02,4.179999977350234985e-02,7.109999656677246094e-02,9.099999815225601196e-02,7.959999889135360718e-02,8.529999852180480957e-02,4.600000008940696716e-02,7.360000163316726685e-02,9.619999676942825317e-02,9.870000183582305908e-02,7.410000264644622803e-02,3.070000000298023224e-02,2.620000019669532776e-02,2.679999917745590210e-02,3.759999945759773254e-02
2.979999966919422150e-02,2.610000036656856537e-02,4.630000144243240356e-02,5.059999972581863403e-02,5.559999868273735046e-02,6.939999759197235107e-02,6.710000336170196533e-02,9.679999947547912598e-02,8.229999989271163940e-02,4.309999942779541016e-02,3.860000148415565491e-02,3.669999912381172180e-02,3.240000084042549133e-02,5.050000175833702087e-02,2.349999919533729553e-02,2.429999969899654388e-02,2.329999953508377075e-02,4.899999871850013733e-02,4.479999840259552002e-02,4.470000043511390686e-02,6.979999691247940063e-02,5.260000005364418030e-02,5.959999933838844299e-02,4.580000042915344238e-02,6.140000000596046448e-02,4.670000076293945312e-02,4.500000178813934326e-02,5.930000171065330505e-02,6.060000136494636536e-02,5.429999902844429016e-02,6.800000369548797607e-02,5.460000038146972656e-02,7.440000027418136597e-02,6.129999831318855286e-02,4.080000147223472595e-02,5.029999837279319763e-02,7.549999654293060303e-02,6.819999963045120239e-02,9.390000253915786743e-02,1.088000014424324036e-01,9.149999916553497314e-02,1.075000017881393433e-01,1.184000000357627869e-01,8.190000057220458984e-02,5.559999868273735046e-02,4.490000009536743164e-02,2.890000045299530029e-01,2.860000133514404297e-01,2.800000011920928955e-01,2.829999923706054688e-01,2.899999916553497314e-01,2.800000011920928955e-01,2.829999923706054688e-01,2.899999916553497314e-01,2.910000085830688477e-01,1.583999991416931152e-01,6.909999996423721313e-02,1.013000011444091797e-01,7.509999722242355347e-02,1.233000010251998901e-01,1.057000011205673218e-01,1.083000004291534424e-01,9.870000183582305908e-02,1.023000031709671021e-01,1.162000000476837158e-01,8.940000087022781372e-02,7.069999724626541138e-02,5.689999833703041077e-02,8.540000021457672119e-02,6.880000233650207520e-02,4.569999873638153076e-02,5.249999836087226868e-02,1.133999973535537720e-01,3.185000121593475342e-01,3.230000138282775879e-01,3.210000097751617432e-01,3.170000016689300537e-01,3.100000023841857910e-01,3.149999976158142090e-01,3.079999983310699463e-01,3.050000071525573730e-01,1.368000060319900513e-01,5.970000103116035461e-02,4.520000144839286804e-02,6.319999694824218750e-02,6.960000097751617432e-02,6.219999864697456360e-02,7.819999754428863525e-02,8.160000294446945190e-02,5.530000105500221252e-02,5.660000070929527283e-02,4.179999977350234985e-02,2.889999933540821075e-02,5.440000072121620178e-02,7.320000231266021729e-02,5.600000172853469849e-02,3.840000182390213013e-02,3.840000182390213013e-02,2.899999916553497314e-02,3.550000116229057312e-02
4.300000146031379700e-02,5.359999835491180420e-02,6.599999964237213135e-02,1.066000014543533325e-01,1.101000010967254639e-01,8.299999684095382690e-02,7.129999995231628418e-02,5.530000105500221252e-02,5.710000172257423401e-02,5.209999904036521912e-02,4.149999842047691345e-02,3.999999910593032837e-02,6.700000166893005371e-02,1.054000034928321838e-01,5.020000040531158447e-02,5.319999903440475464e-02,7.259999960660934448e-02,8.039999753236770630e-02,6.199999898672103882e-02,5.559999868273735046e-02,6.219999864697456360e-02,5.070000141859054565e-02,5.209999904036521912e-02,5.209999904036521912e-02,4.369999840855598450e-02,5.490000173449516296e-02,4.989999905228614807e-02,5.180000141263008118e-02,7.299999892711639404e-02,5.249999836087226868e-02,5.209999904036521912e-02,6.440000236034393311e-02,6.440000236034393311e-02,5.099999904632568359e-02,7.720000296831130981e-02,5.649999901652336121e-02,6.190000101923942566e-02,8.129999786615371704e-02,6.580000370740890503e-02,7.109999656677246094e-02,8.919999748468399048e-02,6.369999796152114868e-02,9.589999914169311523e-02,8.380000293254852295e-02,7.519999891519546509e-02,3.779999911785125732e-02,2.779999971389770508e-01,2.949999868869781494e-01,2.939000129699707031e-01,2.960000038146972656e-01,2.910000085830688477e-01,2.770000100135803223e-01,2.770000100135803223e-01,2.829999923706054688e-01,2.849999964237213135e-01,1.538999974727630615e-01,5.900000035762786865e-02,8.169999718666076660e-02,9.600000083446502686e-02,1.465999931097030640e-01,1.578000038862228394e-01,1.255999952554702759e-01,1.215000003576278687e-01,1.228000000119209290e-01,9.520000219345092773e-02,8.179999887943267822e-02,6.880000233650207520e-02,9.250000119209289551e-02,5.310000106692314148e-02,7.739999890327453613e-02,5.050000175833702087e-02,4.399999976158142090e-02,1.196999996900558472e-01,3.160000145435333252e-01,3.170000016689300537e-01,3.269999921321868896e-01,3.355999886989593506e-01,3.190000057220458984e-01,3.260000050067901611e-01,3.170000016689300537e-01,3.109999895095825195e-01,3.230000138282775879e-01,1.015999987721443176e-01,8.919999748468399048e-02,4.949999973177909851e-02,6.599999964237213135e-02,5.490000173449516296e-02,6.129999831318855286e-02,6.790000200271606445e-02,5.020000040531158447e-02,5.530000105500221252e-02,4.509999975562095642e-02,5.000000074505805969e-02,4.630000144243240356e-02,3.480000048875808716e-02,3.770000115036964417e-02,2.779999934136867523e-02,3.449999913573265076e-02,3.449999913573265076e-02,4.659999907016754150e-02
3.920000046491622925e-02,8.280000090599060059e-02,9.589999914169311523e-02,1.149000003933906555e-01,9.839999675750732422e-02,7.079999893903732300e-02,8.110000193119049072e-02,6.639999896287918091e-02,4.450000077486038208e-02,6.939999759197235107e-02,5.840000137686729431e-02,4.980000108480453491e-02,6.179999932646751404e-02,6.490000337362289429e-02,6.400000303983688354e-02,6.239999830722808838e-02,5.889999866485595703e-02,5.719999969005584717e-02,5.689999833703041077e-02,3.379999846220016479e-02,4.910000041127204895e-02,5.460000038146972656e-02,5.620000138878822327e-02,4.740000143647193909e-02,5.550000071525573730e-02,5.660000070929527283e-02,4.610000178217887878e-02,4.369999840855598450e-02,6.599999964237213135e-02,5.629999935626983643e-02,5.180000141263008118e-02,4.509999975562095642e-02,5.939999967813491821e-02,4.320000112056732178e-02,8.120000362396240234e-02,7.850000262260437012e-02,2.859999984502792358e-02,4.859999939799308777e-02,6.490000337362289429e-02,4.639999940991401672e-02,6.080000102519989014e-02,9.120000153779983521e-02,9.149999916553497314e-02,1.468999981880187988e-01,9.189999848604202271e-02,4.179999977350234985e-02,5.829999968409538269e-02,2.899999916553497314e-01,2.899999916553497314e-01,2.849999964237213135e-01,2.809999883174896240e-01,2.860000133514404297e-01,2.759999930858612061e-01,2.883999943733215332e-01,2.829999923706054688e-01,2.910000085830688477e-01,4.930000007152557373e-02,6.129999831318855286e-02,5.079999938607215881e-02,9.480000287294387817e-02,1.683000028133392334e-01,1.086999997496604919e-01,7.079999893903732300e-02,7.220000028610229492e-02,5.279999971389770508e-02,5.790000036358833313e-02,6.120000034570693970e-02,5.200000107288360596e-02,5.710000172257423401e-02,4.769999906420707703e-02,6.419999897480010986e-02,8.100000023841857910e-02,8.250000327825546265e-02,8.640000224113464355e-02,3.280000090599060059e-01,3.339999914169311523e-01,3.289999961853027344e-01,3.339999914169311523e-01,3.350000083446502686e-01,3.249999880790710449e-01,3.230000138282775879e-01,3.319999873638153076e-01,7.999999821186065674e-02,8.609999716281890869e-02,4.899999871850013733e-02,7.720000296831130981e-02,9.030000120401382446e-02,6.819999963045120239e-02,7.609999924898147583e-02,5.660000070929527283e-02,4.910000041127204895e-02,7.249999791383743286e-02,5.600000172853469849e-02,4.980000108480453491e-02,3.669999912381172180e-02,3.030000068247318268e-02,2.620000019669532776e-02,3.849999979138374329e-02,4.439999908208847046e-02,4.800000041723251343e-02
7.750000059604644775e-02,8.359999954700469971e-02,1.119000017642974854e-01,1.662999987602233887e-01,1.079000011086463928e-01,8.569999784231185913e-02,4.600000008940696716e-02,4.470000043511390686e-02,6.769999861717224121e-02,7.699999958276748657e-02,6.849999725818634033e-02,7.599999755620956421e-02,7.060000300407409668e-02,1.187999993562698364e-01,7.000000029802322388e-02,8.150000125169754028e-02,8.720000088214874268e-02,5.420000106096267700e-02,5.490000173449516296e-02,4.369999840855598450e-02,4.050000011920928955e-02,2.889999933540821075e-02,3.720000013709068298e-02,4.980000108480453491e-02,3.229999914765357971e-02,5.319999903440475464e-02,4.219999909400939941e-02,4.309999942779541016e-02,4.490000009536743164e-02,4.010000079870223999e-02,4.050000011920928955e-02,4.430000111460685730e-02,4.820000007748603821e-02,5.209999904036521912e-02,7.159999758005142212e-02,6.440000236034393311e-02,6.629999727010726929e-02,7.829999923706054688e-02,4.839999973773956299e-02,3.799999877810478210e-02,6.179999932646751404e-02,3.739999979734420776e-02,5.559999868273735046e-02,7.999999821186065674e-02,5.539999902248382568e-02,4.670000076293945312e-02,3.869999945163726807e-02,2.899999916553497314e-01,2.949999868869781494e-01,2.949999868869781494e-01,2.989999949932098389e-01,2.910000085830688477e-01,2.700000107288360596e-01,3.050000071525573730e-01,2.939999997615814209e-01,2.899999916553497314e-01,4.470000043511390686e-02,2.969999983906745911e-02,3.840000182390213013e-02,4.720000177621841431e-02,9.529999643564224243e-02,1.159999966621398926e-01,7.500000298023223877e-02,8.190000057220458984e-02,7.220000028610229492e-02,6.030000001192092896e-02,4.690000042319297791e-02,4.560000076889991760e-02,4.309999942779541016e-02,4.320000112056732178e-02,4.250000044703483582e-02,6.930000334978103638e-02,1.017000004649162292e-01,3.339999914169311523e-01,3.240000009536743164e-01,3.479999899864196777e-01,3.449999988079071045e-01,3.459999859333038330e-01,3.314000070095062256e-01,3.129999935626983643e-01,3.350000083446502686e-01,9.629999846220016479e-02,6.279999762773513794e-02,5.180000141263008118e-02,5.609999969601631165e-02,7.519999891519546509e-02,9.290000051259994507e-02,6.010000035166740417e-02,2.830000035464763641e-02,8.060000091791152954e-02,4.639999940991401672e-02,5.020000040531158447e-02,6.800000369548797607e-02,5.460000038146972656e-02,3.950000181794166565e-02,2.810000069439411163e-02,4.320000112056732178e-02,3.779999911785125732e-02,4.800000041723251343e-02,5.310000106692314148e-02
1.289000064134597778e-01,9.269999712705612183e-02,1.124999970197677612e-01,1.176000013947486877e-01,1.708000004291534424e-01,8.529999852180480957e-02,5.180000141263008118e-02,6.719999760389328003e-02,6.819999963045120239e-02,1.182999983429908752e-01,1.230999976396560669e-01,8.179999887943267822e-02,1.071999967098236084e-01,9.799999743700027466e-02,1.212999969720840454e-01,1.369999945163726807e-01,1.030000001192092896e-01,5.999999865889549255e-02,5.600000172853469849e-02,5.099999904632568359e-02,6.469999998807907104e-02,3.109999932348728180e-02,3.150000050663948059e-02,2.800000086426734924e-02,4.380000010132789612e-02,5.799999833106994629e-02,4.710000008344650269e-02,2.769999951124191284e-02,3.070000000298023224e-02,1.999999955296516418e-02,4.569999873638153076e-02,4.129999876022338867e-02,3.920000046491622925e-02,5.629999935626983643e-02,8.789999783039093018e-02,5.669999867677688599e-02,4.360000044107437134e-02,2.999999932944774628e-02,3.189999982714653015e-02,3.260000050067901611e-02,5.420000106096267700e-02,3.099999949336051941e-02,3.970000147819519043e-02,7.310000061988830566e-02,8.269999921321868896e-02,3.269999846816062927e-02,1.206000000238418579e-01,3.000000119209289551e-01,2.949999868869781494e-01,2.960000038146972656e-01,2.910000085830688477e-01,2.899999916553497314e-01,2.860000133514404297e-01,3.100000023841857910e-01,2.910000085830688477e-01,4.410000145435333252e-02,4.239999875426292419e-02,3.489999845623970032e-02,3.940000012516975403e-02,6.880000233650207520e-02,7.559999823570251465e-02,9.629999846220016479e-02,9.210000187158584595e-02,1.018999963998794556e-01,9.040000289678573608e-02,7.379999756813049316e-02,8.699999749660491943e-02,9.390000253915786743e-02,7.079999893903732300e-02,3.489999845623970032e-02,3.370000049471855164e-02,6.509999930858612061e-02,5.200000107288360596e-02,7.829999923706054688e-02,3.280000090599060059e-01,3.434999883174896240e-01,3.440000116825103760e-01,3.470000028610229492e-01,3.350000083446502686e-01,3.070000112056732178e-01,3.269999921321868896e-01,1.465000063180923462e-01,1.165999993681907654e-01,4.980000108480453491e-02,6.049999967217445374e-02,7.460000365972518921e-02,1.026000007987022400e-01,6.449999660253524780e-02,3.559999912977218628e-02,3.929999843239784241e-02,3.909999877214431763e-02,5.130000039935112000e-02,8.229999989271163940e-02,6.639999896287918091e-02,4.919999837875366211e-02,2.429999969899654388e-02,4.430000111460685730e-02,3.669999912381172180e-02,9.089999645948410034e-02,1.195999979972839355e-01
1.340000033378601074e-01,9.409999847412109375e-02,8.950000256299972534e-02,1.045000031590461731e-01,1.335999965667724609e-01,8.030000329017639160e-02,6.790000200271606445e-02,6.060000136494636536e-02,7.940000295639038086e-02,1.180000007152557373e-01,1.079000011086463928e-01,9.830000251531600952e-02,9.740000218152999878e-02,9.749999642372131348e-02,1.414999961853027344e-01,9.830000251531600952e-02,1.074000000953674316e-01,6.379999965429306030e-02,3.799999877810478210e-02,3.940000012516975403e-02,5.570000037550926208e-02,4.949999973177909851e-02,3.480000048875808716e-02,3.489999845623970032e-02,2.710000053048133850e-02,4.769999906420707703e-02,3.620000183582305908e-02,2.250000089406967163e-02,2.060000039637088776e-02,2.950000017881393433e-02,3.260000050067901611e-02,3.359999880194664001e-02,3.379999846220016479e-02,4.639999940991401672e-02,4.580000042915344238e-02,4.109999909996986389e-02,4.769999906420707703e-02,3.840000182390213013e-02,3.150000050663948059e-02,2.549999952316284180e-02,3.590000048279762268e-02,3.940000012516975403e-02,3.209999948740005493e-02,4.050000011920928955e-02,6.100000068545341492e-02,2.989999949932098389e-02,9.000000357627868652e-02,2.987999916076660156e-01,2.969999909400939941e-01,3.070000112056732178e-01,2.899999916553497314e-01,2.910000085830688477e-01,2.890000045299530029e-01,3.000000119209289551e-01,2.849999964237213135e-01,2.939999997615814209e-01,2.250000089406967163e-02,3.109999932348728180e-02,4.100000113248825073e-02,6.469999998807907104e-02,3.530000150203704834e-02,2.830000035464763641e-02,4.919999837875366211e-02,7.389999926090240479e-02,8.280000090599060059e-02,6.419999897480010986e-02,6.849999725818634033e-02,5.490000173449516296e-02,7.500000298023223877e-02,8.089999854564666748e-02,6.989999860525131226e-02,5.869999900460243225e-02,6.419999897480010986e-02,3.404999971389770508e-01,3.280000090599060059e-01,3.339999914169311523e-01,3.529999852180480957e-01,3.420000076293945312e-01,3.409999907016754150e-01,3.300000131130218506e-01,1.800999939441680908e-01,1.307999938726425171e-01,1.049000024795532227e-01,1.071999967098236084e-01,7.280000299215316772e-02,7.230000197887420654e-02,5.669999867677688599e-02,7.180000096559524536e-02,3.970000147819519043e-02,3.299999982118606567e-02,5.310000106692314148e-02,5.169999971985816956e-02,7.519999891519546509e-02,4.289999976754188538e-02,5.310000106692314148e-02,4.839999973773956299e-02,6.610000133514404297e-02,5.290000140666961670e-02,8.280000090599060059e-02,8.250000327825546265e-02
1.141000017523765564e-01,1.107999980449676514e-01,1.234000027179718018e-01,1.023999974131584167e-01,1.202000007033348083e-01,9.719999879598617554e-02,5.209999904036521912e-02,7.240000367164611816e-02,6.560000032186508179e-02,5.860000103712081909e-02,6.769999861717224121e-02,9.759999811649322510e-02,7.079999893903732300e-02,1.102999970316886902e-01,2.012999951839447021e-01,1.017000004649162292e-01,8.380000293254852295e-02,5.840000137686729431e-02,3.409999981522560120e-02,3.750000149011611938e-02,4.069999977946281433e-02,3.869999945163726807e-02,8.529999852180480957e-02,3.680000081658363342e-02,2.979999966919422150e-02,3.849999979138374329e-02,2.339999936521053314e-02,9.800000116229057312e-03,1.960000023245811462e-02,1.930000074207782745e-02,1.489999983459711075e-02,1.899999938905239105e-02,1.840000040829181671e-02,4.170000180602073669e-02,4.459999874234199524e-02,3.060000017285346985e-02,2.449999935925006866e-02,2.969999983906745911e-02,3.209999948740005493e-02,2.800000086426734924e-02,2.910000085830688477e-02,5.090000107884407043e-02,4.080000147223472595e-02,6.560000032186508179e-02,2.869999967515468597e-02,4.219999909400939941e-02,3.849999979138374329e-02,3.000000119209289551e-01,3.019999861717224121e-01,3.059999942779541016e-01,2.949999868869781494e-01,2.899999916553497314e-01,2.919999957084655762e-01,3.030000030994415283e-01,2.809999883174896240e-01,1.008000001311302185e-01,2.999999932944774628e-02,5.229999870061874390e-02,4.839999973773956299e-02,4.390000179409980774e-02,3.319999948143959045e-02,2.600000053644180298e-02,4.699999839067459106e-02,3.330000117421150208e-02,9.589999914169311523e-02,7.479999959468841553e-02,5.620000138878822327e-02,4.610000178217887878e-02,9.799999743700027466e-02,7.469999790191650391e-02,6.679999828338623047e-02,5.990000069141387939e-02,1.305000036954879761e-01,3.470000028610229492e-01,3.269999921321868896e-01,3.280000090599060059e-01,3.409999907016754150e-01,3.529999852180480957e-01,3.400000035762786865e-01,6.480000168085098267e-02,1.172000020742416382e-01,8.439999818801879883e-02,1.250000000000000000e-01,1.115999966859817505e-01,7.339999824762344360e-02,8.649999648332595825e-02,9.099999815225601196e-02,5.189999938011169434e-02,2.349999919533729553e-02,2.779999934136867523e-02,3.709999844431877136e-02,3.159999847412109375e-02,3.559999912977218628e-02,3.959999978542327881e-02,5.000000074505805969e-02,4.850000143051147461e-02,5.939999967813491821e-02,9.049999713897705078e-02,8.169999718666076660e-02,7.609999924898147583e-02
5.040000006556510925e-02,5.590000003576278687e-02,8.100000023841857910e-02,7.180000096559524536e-02,7.720000296831130981e-02,7.169999927282333374e-02,6.970000267028808594e-02,8.439999818801879883e-02,7.119999825954437256e-02,8.659999817609786987e-02,5.770000070333480835e-02,7.379999756813049316e-02,4.329999908804893494e-02,5.029999837279319763e-02,1.099999994039535522e-01,7.590000331401824951e-02,5.310000106692314148e-02,6.759999692440032959e-02,3.950000181794166565e-02,2.559999935328960419e-02,2.820000052452087402e-02,3.739999979734420776e-02,4.560000076889991760e-02,5.680000036954879761e-02,4.670000076293945312e-02,4.060000181198120117e-02,3.280000016093254089e-02,1.379999984055757523e-02,2.150000073015689850e-02,2.060000039637088776e-02,1.329999975860118866e-02,1.539999991655349731e-02,1.590000092983245850e-02,2.480000071227550507e-02,3.350000083446502686e-02,2.229999937117099762e-02,4.300000146031379700e-02,5.319999903440475464e-02,6.580000370740890503e-02,5.000000074505805969e-02,5.059999972581863403e-02,5.420000106096267700e-02,8.550000190734863281e-02,4.349999874830245972e-02,3.720000013709068298e-02,5.490000173449516296e-02,4.650000110268592834e-02,6.300000101327896118e-02,3.030000030994415283e-01,3.070000112056732178e-01,2.829999923706054688e-01,2.919999957084655762e-01,2.899999916553497314e-01,2.860000133514404297e-01,2.849999964237213135e-01,8.730000257492065430e-02,1.830000057816505432e-02,3.990000113844871521e-02,4.140000045299530029e-02,2.769999951124191284e-02,2.889999933540821075e-02,4.459999874234199524e-02,4.520000144839286804e-02,4.600000008940696716e-02,6.310000270605087280e-02,1.019999980926513672e-01,7.000000029802322388e-02,7.829999923706054688e-02,1.290999948978424072e-01,1.850000023841857910e-01,9.870000183582305908e-02,1.240999996662139893e-01,3.350000083446502686e-01,3.429999947547912598e-01,3.289999961853027344e-01,3.470000028610229492e-01,3.339999914169311523e-01,3.330000042915344238e-01,2.520000003278255463e-02,7.060000300407409668e-02,8.820000290870666504e-02,9.200000017881393433e-02,1.000000014901161194e-01,1.199999973177909851e-01,1.325999945402145386e-01,6.780000030994415283e-02,9.279999881982803345e-02,7.840000092983245850e-02,4.780000075697898865e-02,5.550000071525573730e-02,4.500000178813934326e-02,3.819999843835830688e-02,3.950000181794166565e-02,3.139999881386756897e-02,4.989999905228614807e-02,6.560000032186508179e-02,4.769999906420707703e-02,5.150000005960464478e-02,6.140000000596046448e-02,6.880000233650207520e-02
8.950000256299972534e-02,6.300000101327896118e-02,8.590000122785568237e-02,6.800000369548797607e-02,4.740000143647193909e-02,4.690000042319297791e-02,4.529999941587448120e-02,1.085999980568885803e-01,1.493999958038330078e-01,1.044000014662742615e-01,6.819999963045120239e-02,7.320000231266021729e-02,7.100000232458114624e-02,4.899999871850013733e-02,5.999999865889549255e-02,5.939999967813491821e-02,4.670000076293945312e-02,3.880000114440917969e-02,3.229999914765357971e-02,3.119999915361404419e-02,2.030000090599060059e-02,3.119999915361404419e-02,3.489999845623970032e-02,7.530000060796737671e-02,4.879999905824661255e-02,3.720000013709068298e-02,2.920000068843364716e-02,2.679999917745590210e-02,2.109999954700469971e-02,2.099999971687793732e-02,2.099999971687793732e-02,2.529999986290931702e-02,1.730000041425228119e-02,3.700000047683715820e-02,3.089999966323375702e-02,2.869999967515468597e-02,4.149999842047691345e-02,5.900000035762786865e-02,8.560000360012054443e-02,5.180000141263008118e-02,5.029999837279319763e-02,7.729999721050262451e-02,7.190000265836715698e-02,6.729999929666519165e-02,4.569999873638153076e-02,4.039999842643737793e-02,7.379999756813049316e-02,3.000000119209289551e-01,3.039999902248382568e-01,3.129999935626983643e-01,2.879999876022338867e-01,2.770000100135803223e-01,2.809999883174896240e-01,2.899999916553497314e-01,2.899999916553497314e-01,1.730000041425228119e-02,2.690000087022781372e-02,2.710000053048133850e-02,3.269999846816062927e-02,4.039999842643737793e-02,2.209999971091747284e-02,3.170000016689300537e-02,4.919999837875366211e-02,3.669999912381172180e-02,4.670000076293945312e-02,1.107999980449676514e-01,9.640000015497207642e-02,8.829999715089797974e-02,2.001000046730041504e-01,2.414000034332275391e-01,1.112999990582466125e-01,3.260000050067901611e-01,3.400000035762786865e-01,3.400000035762786865e-01,3.359999954700469971e-01,3.483999967575073242e-01,3.289999961853027344e-01,3.427999913692474365e-01,1.168000027537345886e-01,1.071999967098236084e-01,9.520000219345092773e-02,8.980000019073486328e-02,1.071000024676322937e-01,1.544999927282333374e-01,1.018000021576881409e-01,1.128999963402748108e-01,1.185000017285346985e-01,8.669999986886978149e-02,6.710000336170196533e-02,9.520000219345092773e-02,6.049999967217445374e-02,5.620000138878822327e-02,4.699999839067459106e-02,2.510000020265579224e-02,4.589999839663505554e-02,3.139999881386756897e-02,2.539999969303607941e-02,4.069999977946281433e-02,5.040000006556510925e-02,4.930000007152557373e-02
4.639999940991401672e-02,6.759999692440032959e-02,6.580000370740890503e-02,6.880000233650207520e-02,7.500000298023223877e-02,5.999999865889549255e-02,4.280000180006027222e-02,8.649999648332595825e-02,6.120000034570693970e-02,5.519999936223030090e-02,6.060000136494636536e-02,6.809999793767929077e-02,4.899999871850013733e-02,5.620000138878822327e-02,4.569999873638153076e-02,9.250000119209289551e-02,3.979999944567680359e-02,3.999999910593032837e-02,4.170000180602073669e-02,2.610000036656856537e-02,4.210000112652778625e-02,2.940000034868717194e-02,4.980000108480453491e-02,4.170000180602073669e-02,6.179999932646751404e-02,5.649999901652336121e-02,2.539999969303607941e-02,2.720000036060810089e-02,3.880000114440917969e-02,4.699999839067459106e-02,2.449999935925006866e-02,2.569999918341636658e-02,3.109999932348728180e-02,4.050000011920928955e-02,3.370000049471855164e-02,4.210000112652778625e-02,3.489999845623970032e-02,5.000000074505805969e-02,3.299999982118606567e-02,3.640000149607658386e-02,6.129999831318855286e-02,6.440000236034393311e-02,9.510000050067901611e-02,5.169999971985816956e-02,3.189999982714653015e-02,3.620000183582305908e-02,1.457999944686889648e-01,3.059999942779541016e-01,3.030000030994415283e-01,3.109999895095825195e-01,2.779999971389770508e-01,2.870000004768371582e-01,2.980000078678131104e-01,2.899999916553497314e-01,1.656000018119812012e-01,2.280000038444995880e-02,2.710000053048133850e-02,4.129999876022338867e-02,4.450000077486038208e-02,5.559999868273735046e-02,5.209999904036521912e-02,5.950000137090682983e-02,5.790000036358833313e-02,5.660000070929527283e-02,7.760000228881835938e-02,8.229999989271163940e-02,1.001000031828880310e-01,1.292999982833862305e-01,1.933999955654144287e-01,2.254000008106231689e-01,1.457999944686889648e-01,3.210000097751617432e-01,3.429999947547912598e-01,3.289999961853027344e-01,3.470000028610229492e-01,3.400000035762786865e-01,3.359000086784362793e-01,1.401000022888183594e-01,1.562000066041946411e-01,1.189000010490417480e-01,1.162000000476837158e-01,7.119999825954437256e-02,1.206000000238418579e-01,1.655000001192092896e-01,9.239999949932098389e-02,6.319999694824218750e-02,6.469999998807907104e-02,6.629999727010726929e-02,7.060000300407409668e-02,6.449999660253524780e-02,4.230000078678131104e-02,2.470000088214874268e-02,3.330000117421150208e-02,2.449999935925006866e-02,3.990000113844871521e-02,2.810000069439411163e-02,3.409999981522560120e-02,3.849999979138374329e-02,5.290000140666961670e-02,7.599999755620956421e-02
5.660000070929527283e-02,3.970000147819519043e-02,4.859999939799308777e-02,6.289999932050704956e-02,3.819999843835830688e-02,3.489999845623970032e-02,5.260000005364418030e-02,4.509999975562095642e-02,2.710000053048133850e-02,3.420000150799751282e-02,2.490000054240226746e-02,3.869999945163726807e-02,3.550000116229057312e-02,4.529999941587448120e-02,4.569999873638153076e-02,5.460000038146972656e-02,3.730000182986259460e-02,3.959999978542327881e-02,3.620000183582305908e-02,3.089999966323375702e-02,5.000000074505805969e-02,7.280000299215316772e-02,6.960000097751617432e-02,2.930000051856040955e-02,7.129999995231628418e-02,4.030000045895576477e-02,4.120000079274177551e-02,3.009999915957450867e-02,3.990000113844871521e-02,5.490000173449516296e-02,3.330000117421150208e-02,2.610000036656856537e-02,2.960000000894069672e-02,6.109999865293502808e-02,5.950000137090682983e-02,4.470000043511390686e-02,5.519999936223030090e-02,4.560000076889991760e-02,3.189999982714653015e-02,2.349999919533729553e-02,4.390000179409980774e-02,6.109999865293502808e-02,6.809999793767929077e-02,6.909999996423721313e-02,6.019999831914901733e-02,1.638000011444091797e-01,3.039999902248382568e-01,2.949999868869781494e-01,2.870000004768371582e-01,2.949999868869781494e-01,2.849999964237213135e-01,2.919000089168548584e-01,2.910000085830688477e-01,2.949999868869781494e-01,2.199999988079071045e-02,1.950000040233135223e-02,2.669999934732913971e-02,3.750000149011611938e-02,3.070000000298023224e-02,3.649999946355819702e-02,4.459999874234199524e-02,4.050000011920928955e-02,5.959999933838844299e-02,4.780000075697898865e-02,5.950000137090682983e-02,5.920000001788139343e-02,6.750000268220901489e-02,1.279000043869018555e-01,2.160000056028366089e-01,2.190999984741210938e-01,2.860000133514404297e-01,3.129999935626983643e-01,3.170000016689300537e-01,3.433000147342681885e-01,3.330000042915344238e-01,3.350000083446502686e-01,1.475999951362609863e-01,1.350000053644180298e-01,1.702000051736831665e-01,1.827999949455261230e-01,1.172999963164329529e-01,8.910000324249267578e-02,1.307999938726425171e-01,1.009000018239021301e-01,9.210000187158584595e-02,7.840000092983245850e-02,6.260000169277191162e-02,7.299999892711639404e-02,5.400000140070915222e-02,6.889999657869338989e-02,3.489999845623970032e-02,3.730000182986259460e-02,2.209999971091747284e-02,3.260000050067901611e-02,4.749999940395355225e-02,4.659999907016754150e-02,3.889999911189079285e-02,3.909999877214431763e-02,5.810000002384185791e-02,7.559999823570251465e-02
3.770000115036964417e-02,4.969999939203262329e-02,5.139999836683273315e-02,5.200000107288360596e-02,3.139999881386756897e-02,5.050000175833702087e-02,5.319999903440475464e-02,3.500000014901161194e-02,3.739999979734420776e-02,2.649999968707561493e-02,3.229999914765357971e-02,3.150000050663948059e-02,3.790000081062316895e-02,3.200000151991844177e-02,4.839999973773956299e-02,5.150000005960464478e-02,5.260000005364418030e-02,4.470000043511390686e-02,2.850000001490116119e-02,2.749999985098838806e-02,4.859999939799308777e-02,4.490000009536743164e-02,5.290000140666961670e-02,3.970000147819519043e-02,2.800000086426734924e-02,2.140000090003013611e-02,3.440000116825103760e-02,6.230000033974647522e-02,8.269999921321868896e-02,4.589999839663505554e-02,5.469999834895133972e-02,3.720000013709068298e-02,3.680000081658363342e-02,5.759999901056289673e-02,6.939999759197235107e-02,7.150000333786010742e-02,4.789999872446060181e-02,3.900000080466270447e-02,3.959999978542327881e-02,5.119999870657920837e-02,4.890000075101852417e-02,8.560000360012054443e-02,9.399999678134918213e-02,6.759999692440032959e-02,8.680000156164169312e-02,1.656000018119812012e-01,3.100000023841857910e-01,3.070000112056732178e-01,2.919999957084655762e-01,2.870000004768371582e-01,2.849999964237213135e-01,2.890000045299530029e-01,2.949999868869781494e-01,6.480000168085098267e-02,1.960000023245811462e-02,3.189999982714653015e-02,3.429999947547912598e-02,2.749999985098838806e-02,2.490000054240226746e-02,4.729999974370002747e-02,5.880000069737434387e-02,5.790000036358833313e-02,7.549999654293060303e-02,7.649999856948852539e-02,5.900000035762786865e-02,7.890000194311141968e-02,7.000000029802322388e-02,1.477999985218048096e-01,1.893000006675720215e-01,2.849999964237213135e-01,2.809999883174896240e-01,3.109999895095825195e-01,3.330000042915344238e-01,3.260000050067901611e-01,3.350000083446502686e-01,3.240000009536743164e-01,1.261000037193298340e-01,1.580000072717666626e-01,1.826999932527542114e-01,1.147999987006187439e-01,1.325999945402145386e-01,9.080000221729278564e-02,1.000000014901161194e-01,5.979999899864196777e-02,7.959999889135360718e-02,9.870000183582305908e-02,4.930000007152557373e-02,4.340000078082084656e-02,6.350000202655792236e-02,5.409999936819076538e-02,7.460000365972518921e-02,3.339999914169311523e-02,3.489999845623970032e-02,4.129999876022338867e-02,3.959999978542327881e-02,5.750000104308128357e-02,3.779999911785125732e-02,6.599999964237213135e-02,7.469999790191650391e-02,1.328999996185302734e-01
4.940000176429748535e-02,7.400000095367431641e-02,5.950000137090682983e-02,7.919999957084655762e-02,3.959999978542327881e-02,5.150000005960464478e-02,3.550000116229057312e-02,3.559999912977218628e-02,3.119999915361404419e-02,2.380000054836273193e-02,4.690000042319297791e-02,3.629999980330467224e-02,3.339999914169311523e-02,4.160000011324882507e-02,4.989999905228614807e-02,5.689999833703041077e-02,5.020000040531158447e-02,7.890000194311141968e-02,3.929999843239784241e-02,2.600000053644180298e-02,4.699999839067459106e-02,7.500000298023223877e-02,5.530000105500221252e-02,2.380000054836273193e-02,2.850000001490116119e-02,4.430000111460685730e-02,5.579999834299087524e-02,4.919999837875366211e-02,4.320000112056732178e-02,5.880000069737434387e-02,5.000000074505805969e-02,4.910000041127204895e-02,3.519999980926513672e-02,6.219999864697456360e-02,7.429999858140945435e-02,8.479999750852584839e-02,7.450000196695327759e-02,6.880000233650207520e-02,4.930000007152557373e-02,7.249999791383743286e-02,9.660000354051589966e-02,1.084999963641166687e-01,5.979999899864196777e-02,6.129999831318855286e-02,1.871999949216842651e-01,2.939999997615814209e-01,2.939999997615814209e-01,3.079999983310699463e-01,2.969999909400939941e-01,2.899999916553497314e-01,2.989999949932098389e-01,2.960000038146972656e-01,2.899999916553497314e-01,2.180000022053718567e-02,1.759999990463256836e-02,2.529999986290931702e-02,4.500000178813934326e-02,3.209999948740005493e-02,3.060000017285346985e-02,3.770000115036964417e-02,6.140000000596046448e-02,7.580000162124633789e-02,7.159999758005142212e-02,6.769999861717224121e-02,5.260000005364418030e-02,6.270000338554382324e-02,6.140000000596046448e-02,1.238999962806701660e-01,1.665000021457672119e-01,2.910000085830688477e-01,2.800000011920928955e-01,2.989999949932098389e-01,3.140000104904174805e-01,3.280000090599060059e-01,3.289999961853027344e-01,9.089999645948410034e-02,2.041999995708465576e-01,1.112999990582466125e-01,9.749999642372131348e-02,8.609999716281890869e-02,7.389999926090240479e-02,1.054999977350234985e-01,6.780000030994415283e-02,6.580000370740890503e-02,6.859999895095825195e-02,6.010000035166740417e-02,4.500000178813934326e-02,7.000000029802322388e-02,1.101000010967254639e-01,7.429999858140945435e-02,6.300000101327896118e-02,4.349999874830245972e-02,8.919999748468399048e-02,8.089999854564666748e-02,5.570000037550926208e-02,4.879999905824661255e-02,4.830000177025794983e-02,4.729999974370002747e-02,8.479999750852584839e-02,9.269999712705612183e-02
9.570000320672988892e-02,6.729999929666519165e-02,5.310000106692314148e-02,5.000000074505805969e-02,4.320000112056732178e-02,7.710000127553939819e-02,4.850000143051147461e-02,5.640000104904174805e-02,7.549999654293060303e-02,3.720000013709068298e-02,7.000000029802322388e-02,5.440000072121620178e-02,6.599999964237213135e-02,7.840000092983245850e-02,5.829999968409538269e-02,3.979999944567680359e-02,6.010000035166740417e-02,6.620000302791595459e-02,5.750000104308128357e-02,4.749999940395355225e-02,5.139999836683273315e-02,6.129999831318855286e-02,4.509999975562095642e-02,4.800000041723251343e-02,2.470000088214874268e-02,3.940000012516975403e-02,4.899999871850013733e-02,4.439999908208847046e-02,5.909999832510948181e-02,7.020000368356704712e-02,7.000000029802322388e-02,5.640000104904174805e-02,3.970000147819519043e-02,5.350000038743019104e-02,8.200000226497650146e-02,9.200000017881393433e-02,9.120000153779983521e-02,9.080000221729278564e-02,6.340000033378601074e-02,1.033999994397163391e-01,7.029999792575836182e-02,1.017000004649162292e-01,4.940000176429748535e-02,5.880000069737434387e-02,1.565999984741210938e-01,2.980000078678131104e-01,2.809999883174896240e-01,2.980000078678131104e-01,2.949999868869781494e-01,2.860000133514404297e-01,3.000000119209289551e-01,2.980000078678131104e-01,1.124999970197677612e-01,3.629999980330467224e-02,2.459999918937683105e-02,2.869999967515468597e-02,3.409999981522560120e-02,3.840000182390213013e-02,2.740000002086162567e-02,6.400000303983688354e-02,4.380000010132789612e-02,6.580000370740890503e-02,6.909999996423721313e-02,7.000000029802322388e-02,4.630000144243240356e-02,7.100000232458114624e-02,8.550000190734863281e-02,1.511999964714050293e-01,3.089999854564666748e-01,2.969999909400939941e-01,2.910000085830688477e-01,2.960000038146972656e-01,3.059999942779541016e-01,3.350000083446502686e-01,3.449999988079071045e-01,1.565999984741210938e-01,1.723999977111816406e-01,1.536000072956085205e-01,1.284999996423721313e-01,1.537999957799911499e-01,7.900000363588333130e-02,9.369999915361404419e-02,4.699999839067459106e-02,5.180000141263008118e-02,4.780000075697898865e-02,4.749999940395355225e-02,4.919999837875366211e-02,7.150000333786010742e-02,9.070000052452087402e-02,5.530000105500221252e-02,6.019999831914901733e-02,7.060000300407409668e-02,5.579999834299087524e-02,6.949999928474426270e-02,6.780000030994415283e-02,3.440000116825103760e-02,5.139999836683273315e-02,8.770000189542770386e-02,1.074000000953674316e-01,9.799999743700027466e-02
1.024999991059303284e-01,8.089999854564666748e-02,5.770000070333480835e-02,6.120000034570693970e-02,7.440000027418136597e-02,1.182999983429908752e-01,8.760000020265579224e-02,9.000000357627868652e-02,1.011999994516372681e-01,8.259999752044677734e-02,8.429999649524688721e-02,6.790000200271606445e-02,8.470000326633453369e-02,1.374000012874603271e-01,1.194999963045120239e-01,8.649999648332595825e-02,5.490000173449516296e-02,7.450000196695327759e-02,1.020999997854232788e-01,6.580000370740890503e-02,1.000000014901161194e-01,5.999999865889549255e-02,6.889999657869338989e-02,4.210000112652778625e-02,3.999999910593032837e-02,2.879999950528144836e-02,5.160000175237655640e-02,6.430000066757202148e-02,6.639999896287918091e-02,1.102000027894973755e-01,7.810000330209732056e-02,5.620000138878822327e-02,5.869999900460243225e-02,8.380000293254852295e-02,8.139999955892562866e-02,6.289999932050704956e-02,9.329999983310699463e-02,7.079999893903732300e-02,1.032999977469444275e-01,7.689999788999557495e-02,1.120000034570693970e-01,1.079000011086463928e-01,4.699999839067459106e-02,5.229999870061874390e-02,1.692000031471252441e-01,3.070999979972839355e-01,3.019999861717224121e-01,2.969999909400939941e-01,3.100000023841857910e-01,3.050000071525573730e-01,2.910000085830688477e-01,1.647000014781951904e-01,2.229999937117099762e-02,3.999999910593032837e-02,5.160000175237655640e-02,5.820000171661376953e-02,5.849999934434890747e-02,8.560000360012054443e-02,4.769999906420707703e-02,5.590000003576278687e-02,6.620000302791595459e-02,9.929999709129333496e-02,6.819999963045120239e-02,6.049999967217445374e-02,1.220000013709068298e-01,7.299999892711639404e-02,9.510000050067901611e-02,2.939999997615814209e-01,2.980000078678131104e-01,2.800000011920928955e-01,2.800000011920928955e-01,2.949999868869781494e-01,3.170000016689300537e-01,3.411000072956085205e-01,3.280000090599060059e-01,1.677999943494796753e-01,1.238999962806701660e-01,1.454000025987625122e-01,1.181999966502189636e-01,1.656000018119812012e-01,9.279999881982803345e-02,6.939999759197235107e-02,6.260000169277191162e-02,3.150000050663948059e-02,3.209999948740005493e-02,3.669999912381172180e-02,3.599999845027923584e-02,5.050000175833702087e-02,1.045999974012374878e-01,6.599999964237213135e-02,6.989999860525131226e-02,7.590000331401824951e-02,1.001999974250793457e-01,5.570000037550926208e-02,7.590000331401824951e-02,4.160000011324882507e-02,5.330000072717666626e-02,6.689999997615814209e-02,8.259999752044677734e-02,7.959999889135360718e-02
5.000000074505805969e-02,9.660000354051589966e-02,6.629999727010726929e-02,9.839999675750732422e-02,9.610000252723693848e-02,9.570000320672988892e-02,8.009999990463256836e-02,7.500000298023223877e-02,1.212000027298927307e-01,1.243000030517578125e-01,1.116999983787536621e-01,7.710000127553939819e-02,6.880000233650207520e-02,1.084000021219253540e-01,9.939999878406524658e-02,6.210000067949295044e-02,4.170000180602073669e-02,7.020000368356704712e-02,1.356000006198883057e-01,7.720000296831130981e-02,1.055999994277954102e-01,6.289999932050704956e-02,6.729999929666519165e-02,7.630000263452529907e-02,5.029999837279319763e-02,6.849999725818634033e-02,5.979999899864196777e-02,8.259999752044677734e-02,9.009999781847000122e-02,8.590000122785568237e-02,8.049999922513961792e-02,5.480000004172325134e-02,7.180000096559524536e-02,1.115999966859817505e-01,9.030000120401382446e-02,1.120999976992607117e-01,7.549999654293060303e-02,1.164999976754188538e-01,6.129999831318855286e-02,5.759999901056289673e-02,1.045000031590461731e-01,7.660000026226043701e-02,6.939999759197235107e-02,1.368000060319900513e-01,3.000000119209289551e-01,3.000000119209289551e-01,3.050000071525573730e-01,3.030000030994415283e-01,3.140000104904174805e-01,3.089999854564666748e-01,2.820000052452087402e-01,1.710000038146972656e-01,2.300000004470348358e-02,4.300000146031379700e-02,3.750000149011611938e-02,3.830000013113021851e-02,7.000000029802322388e-02,5.519999936223030090e-02,9.390000253915786743e-02,7.509999722242355347e-02,5.420000106096267700e-02,6.599999964237213135e-02,3.849999979138374329e-02,4.129999876022338867e-02,6.809999793767929077e-02,7.739999890327453613e-02,5.090000107884407043e-02,3.100000023841857910e-01,3.030000030994415283e-01,2.879999876022338867e-01,2.910000085830688477e-01,3.070000112056732178e-01,3.379999995231628418e-01,3.240000009536743164e-01,1.611000001430511475e-01,1.702000051736831665e-01,1.543000042438507080e-01,1.272000074386596680e-01,1.033999994397163391e-01,1.203999966382980347e-01,1.350000053644180298e-01,8.699999749660491943e-02,5.629999935626983643e-02,4.039999842643737793e-02,3.370000049471855164e-02,2.559999935328960419e-02,4.600000008940696716e-02,5.299999937415122986e-02,9.499999880790710449e-02,5.930000171065330505e-02,8.429999649524688721e-02,8.309999853372573853e-02,1.031000018119812012e-01,6.459999829530715942e-02,8.150000125169754028e-02,6.199999898672103882e-02,6.120000034570693970e-02,6.790000200271606445e-02,7.670000195503234863e-02,7.379999756813049316e-02
7.029999792575836182e-02,8.209999650716781616e-02,5.169999971985816956e-02,5.979999899864196777e-02,1.028999984264373779e-01,8.649999648332595825e-02,1.098000034689903259e-01,1.004000008106231689e-01,1.243000030517578125e-01,1.659999936819076538e-01,1.225999966263771057e-01,1.112999990582466125e-01,9.780000150203704834e-02,6.759999692440032959e-02,3.599999845027923584e-02,4.399999976158142090e-02,6.979999691247940063e-02,5.310000106692314148e-02,9.009999781847000122e-02,7.259999960660934448e-02,8.219999819993972778e-02,7.360000163316726685e-02,6.909999996423721313e-02,8.519999682903289795e-02,4.349999874830245972e-02,4.060000181198120117e-02,5.759999901056289673e-02,5.499999970197677612e-02,5.920000001788139343e-02,8.919999748468399048e-02,1.231999993324279785e-01,1.018999963998794556e-01,6.989999860525131226e-02,1.066000014543533325e-01,7.819999754428863525e-02,7.590000331401824951e-02,9.179999679327011108e-02,1.137000024318695068e-01,6.190000101923942566e-02,9.449999779462814331e-02,1.018000021576881409e-01,7.840000092983245850e-02,1.224000006914138794e-01,2.960000038146972656e-01,3.010999858379364014e-01,3.059999942779541016e-01,2.969999909400939941e-01,3.030000030994415283e-01,3.100000023841857910e-01,3.050000071525573730e-01,2.899999916553497314e-01,1.629000008106231689e-01,2.940000034868717194e-02,2.470000088214874268e-02,2.969999983906745911e-02,5.169999971985816956e-02,3.970000147819519043e-02,4.039999842643737793e-02,4.280000180006027222e-02,5.429999902844429016e-02,3.420000150799751282e-02,9.260000288486480713e-02,4.910000041127204895e-02,4.219999909400939941e-02,7.050000131130218506e-02,4.859999939799308777e-02,7.649999856948852539e-02,2.969999909400939941e-01,3.156999945640563965e-01,2.939999997615814209e-01,3.120000064373016357e-01,3.019999861717224121e-01,3.160000145435333252e-01,3.170000016689300537e-01,1.862999945878982544e-01,1.181999966502189636e-01,1.374000012874603271e-01,1.132000014185905457e-01,7.220000028610229492e-02,6.030000001192092896e-02,1.000000014901161194e-01,8.259999752044677734e-02,7.410000264644622803e-02,4.980000108480453491e-02,3.579999879002571106e-02,6.700000166893005371e-02,3.559999912977218628e-02,4.109999909996986389e-02,6.150000169873237610e-02,6.979999691247940063e-02,7.289999723434448242e-02,5.719999969005584717e-02,6.069999933242797852e-02,7.209999859333038330e-02,7.259999960660934448e-02,3.020000085234642029e-02,4.890000075101852417e-02,6.689999997615814209e-02,6.199999898672103882e-02,6.880000233650207520e-02
6.710000336170196533e-02,5.559999868273735046e-02,4.890000075101852417e-02,7.150000333786010742e-02,1.053000018000602722e-01,1.171000003814697266e-01,1.301999986171722412e-01,1.168000027537345886e-01,1.340000033378601074e-01,1.310999989509582520e-01,8.680000156164169312e-02,8.959999680519104004e-02,6.230000033974647522e-02,5.090000107884407043e-02,3.999999910593032837e-02,4.100000113248825073e-02,4.690000042319297791e-02,7.050000131130218506e-02,9.089999645948410034e-02,9.130000323057174683e-02,1.371999979019165039e-01,7.890000194311141968e-02,8.560000360012054443e-02,8.990000188350677490e-02,4.670000076293945312e-02,7.230000197887420654e-02,7.989999651908874512e-02,4.859999939799308777e-02,6.329999864101409912e-02,5.420000106096267700e-02,4.639999940991401672e-02,1.014000028371810913e-01,7.320000231266021729e-02,1.086999997496604919e-01,8.799999952316284180e-02,1.057000011205673218e-01,9.880000352859497070e-02,1.071000024676322937e-01,8.259999752044677734e-02,7.729999721050262451e-02,9.070000052452087402e-02,8.699999749660491943e-02,1.124999970197677612e-01,2.989999949932098389e-01,2.994999885559082031e-01,3.140000104904174805e-01,2.989999949932098389e-01,3.070000112056732178e-01,3.019999861717224121e-01,3.019999861717224121e-01,1.565999984741210938e-01,2.869999967515468597e-02,3.159999847412109375e-02,4.850000143051147461e-02,3.810000047087669373e-02,3.819999843835830688e-02,5.000000074505805969e-02,6.560000032186508179e-02,8.219999819993972778e-02,5.389999970793724060e-02,5.460000038146972656e-02,1.159999966621398926e-01,4.749999940395355225e-02,5.409999936819076538e-02,4.769999906420707703e-02,6.520000100135803223e-02,2.919999957084655762e-01,2.840000092983245850e-01,2.980000078678131104e-01,2.899999916553497314e-01,2.960000038146972656e-01,3.059999942779541016e-01,3.210000097751617432e-01,1.826999932527542114e-01,1.045000031590461731e-01,8.340000361204147339e-02,6.589999794960021973e-02,9.899999946355819702e-02,6.599999964237213135e-02,6.199999898672103882e-02,5.640000104904174805e-02,7.440000027418136597e-02,4.610000178217887878e-02,5.669999867677688599e-02,4.879999905824661255e-02,4.729999974370002747e-02,4.289999976754188538e-02,4.800000041723251343e-02,5.889999866485595703e-02,4.289999976754188538e-02,6.040000170469284058e-02,7.000000029802322388e-02,9.210000187158584595e-02,7.710000127553939819e-02,6.210000067949295044e-02,3.869999945163726807e-02,4.160000011324882507e-02,4.230000078678131104e-02,6.230000033974647522e-02,4.300000146031379700e-02
7.389999926090240479e-02,1.015999987721443176e-01,1.269000023603439331e-01,7.649999856948852539e-02,7.880000025033950806e-02,1.202000007033348083e-01,1.063999980688095093e-01,1.431999951601028442e-01,1.386000066995620728e-01,1.000000014901161194e-01,1.243000030517578125e-01,8.619999885559082031e-02,7.020000368356704712e-02,8.240000158548355103e-02,6.539999693632125854e-02,6.250000000000000000e-02,3.640000149607658386e-02,4.490000009536743164e-02,6.419999897480010986e-02,6.629999727010726929e-02,7.900000363588333130e-02,9.849999845027923584e-02,6.949999928474426270e-02,6.250000000000000000e-02,4.839999973773956299e-02,6.669999659061431885e-02,5.820000171661376953e-02,6.190000101923942566e-02,5.550000071525573730e-02,5.070000141859054565e-02,3.940000012516975403e-02,8.649999648332595825e-02,8.120000362396240234e-02,1.136000007390975952e-01,6.669999659061431885e-02,9.329999983310699463e-02,8.349999785423278809e-02,5.909999832510948181e-02,4.960000142455101013e-02,5.440000072121620178e-02,5.750000104308128357e-02,5.750000104308128357e-02,1.332000046968460083e-01,3.030000030994415283e-01,3.000000119209289551e-01,3.030000030994415283e-01,3.000000119209289551e-01,3.070000112056732178e-01,3.055999875068664551e-01,1.106999963521957397e-01,3.999999910593032837e-02,4.140000045299530029e-02,2.459999918937683105e-02,3.570000082254409790e-02,3.550000116229057312e-02,4.239999875426292419e-02,6.440000236034393311e-02,7.599999755620956421e-02,7.869999855756759644e-02,8.420000225305557251e-02,8.869999647140502930e-02,7.020000368356704712e-02,5.759999901056289673e-02,4.560000076889991760e-02,5.799999833106994629e-02,3.869999945163726807e-02,2.939999997615814209e-01,3.030000030994415283e-01,3.000000119209289551e-01,2.960000038146972656e-01,3.030000030994415283e-01,3.140000104904174805e-01,3.230000138282775879e-01,3.109999895095825195e-01,1.611000001430511475e-01,5.829999968409538269e-02,5.400000140070915222e-02,9.120000153779983521e-02,7.220000028610229492e-02,5.260000005364418030e-02,7.549999654293060303e-02,1.014000028371810913e-01,1.181000024080276489e-01,7.699999958276748657e-02,4.250000044703483582e-02,4.690000042319297791e-02,3.709999844431877136e-02,4.120000079274177551e-02,3.880000114440917969e-02,4.960000142455101013e-02,6.100000068545341492e-02,5.480000004172325134e-02,8.770000189542770386e-02,8.889999985694885254e-02,4.769999906420707703e-02,6.889999657869338989e-02,6.840000301599502563e-02,5.169999971985816956e-02,4.549999907612800598e-02,4.580000042915344238e-02
1.070000007748603821e-01,1.181999966502189636e-01,8.709999918937683105e-02,6.549999862909317017e-02,8.399999886751174927e-02,1.033999994397163391e-01,9.070000052452087402e-02,1.421000063419342041e-01,1.518999934196472168e-01,1.251000016927719116e-01,1.081999987363815308e-01,1.112999990582466125e-01,1.187999993562698364e-01,1.127000004053115845e-01,1.035000011324882507e-01,6.599999964237213135e-02,5.970000103116035461e-02,5.279999971389770508e-02,9.790000319480895996e-02,1.019999980926513672e-01,7.490000128746032715e-02,8.470000326633453369e-02,5.590000003576278687e-02,6.260000169277191162e-02,5.689999833703041077e-02,3.730000182986259460e-02,4.529999941587448120e-02,6.549999862909317017e-02,5.909999832510948181e-02,5.079999938607215881e-02,4.679999873042106628e-02,4.199999943375587463e-02,4.549999907612800598e-02,6.620000302791595459e-02,6.129999831318855286e-02,1.015999987721443176e-01,6.859999895095825195e-02,7.599999755620956421e-02,7.440000027418136597e-02,6.419999897480010986e-02,6.899999827146530151e-02,9.809999912977218628e-02,3.140000104904174805e-01,3.019999861717224121e-01,3.089999854564666748e-01,3.070000112056732178e-01,2.980000078678131104e-01,3.089999854564666748e-01,3.079999983310699463e-01,3.019999861717224121e-01,4.890000075101852417e-02,4.109999909996986389e-02,3.840000182390213013e-02,3.119999915361404419e-02,2.989999949932098389e-02,3.070000000298023224e-02,7.840000092983245850e-02,8.929999917745590210e-02,9.520000219345092773e-02,6.459999829530715942e-02,9.650000184774398804e-02,7.129999995231628418e-02,5.110000073909759521e-02,6.319999694824218750e-02,5.099999904632568359e-02,8.190000057220458984e-02,3.019999861717224121e-01,2.910000085830688477e-01,3.030000030994415283e-01,3.000000119209289551e-01,2.980000078678131104e-01,3.079999983310699463e-01,3.190000057220458984e-01,1.017000004649162292e-01,9.610000252723693848e-02,1.321000009775161743e-01,6.069999933242797852e-02,1.521999984979629517e-01,7.620000094175338745e-02,6.329999864101409912e-02,6.239999830722808838e-02,9.610000252723693848e-02,8.070000261068344116e-02,1.159999966621398926e-01,5.660000070929527283e-02,3.959999978542327881e-02,5.279999971389770508e-02,6.100000068545341492e-02,4.500000178813934326e-02,2.810000069439411163e-02,4.019999876618385315e-02,6.030000001192092896e-02,7.710000127553939819e-02,5.240000039339065552e-02,7.370000332593917847e-02,8.799999952316284180e-02,1.257999986410140991e-01,8.910000324249267578e-02,7.729999721050262451e-02,7.580000162124633789e-02
1.465999931097030640e-01,1.080999970436096191e-01,1.106000021100044250e-01,8.519999682903289795e-02,8.100000023841857910e-02,9.319999814033508301e-02,1.089999973773956299e-01,1.084999963641166687e-01,1.580000072717666626e-01,1.228000000119209290e-01,1.708000004291534424e-01,1.414999961853027344e-01,1.340000033378601074e-01,1.705999970436096191e-01,1.670999974012374878e-01,8.380000293254852295e-02,8.309999853372573853e-02,1.164000034332275391e-01,6.620000302791595459e-02,6.700000166893005371e-02,7.699999958276748657e-02,8.560000360012054443e-02,4.320000112056732178e-02,4.439999908208847046e-02,3.689999878406524658e-02,2.119999937713146210e-02,6.440000236034393311e-02,4.969999939203262329e-02,4.060000181198120117e-02,3.330000117421150208e-02,3.819999843835830688e-02,6.140000000596046448e-02,5.869999900460243225e-02,8.479999750852584839e-02,7.360000163316726685e-02,7.109999656677246094e-02,8.179999887943267822e-02,1.429000049829483032e-01,1.600999981164932251e-01,8.070000261068344116e-02,6.560000032186508179e-02,3.149999976158142090e-01,3.129999935626983643e-01,3.109999895095825195e-01,3.140000104904174805e-01,2.989999949932098389e-01,2.960000038146972656e-01,3.070000112056732178e-01,2.989999949932098389e-01,8.370000123977661133e-02,5.779999867081642151e-02,3.739999979734420776e-02,3.109999932348728180e-02,3.330000117421150208e-02,3.299999982118606567e-02,3.409999981522560120e-02,4.109999909996986389e-02,7.639999687671661377e-02,9.640000015497207642e-02,7.379999756813049316e-02,5.889999866485595703e-02,6.539999693632125854e-02,5.000000074505805969e-02,5.000000074505805969e-02,5.000000074505805969e-02,2.910000085830688477e-01,2.870000004768371582e-01,2.899999916553497314e-01,2.800000011920928955e-01,2.930000126361846924e-01,3.079999983310699463e-01,3.089999854564666748e-01,3.262999951839447021e-01,3.190000057220458984e-01,8.439999818801879883e-02,5.460000038146972656e-02,8.030000329017639160e-02,6.759999692440032959e-02,4.149999842047691345e-02,4.289999976754188538e-02,3.889999911189079285e-02,7.360000163316726685e-02,5.829999968409538269e-02,7.519999891519546509e-02,3.840000182390213013e-02,5.339999869465827942e-02,4.940000176429748535e-02,5.790000036358833313e-02,3.469999879598617554e-02,3.810000047087669373e-02,3.999999910593032837e-02,6.459999829530715942e-02,6.710000336170196533e-02,5.020000040531158447e-02,7.540000230073928833e-02,7.680000364780426025e-02,7.789999991655349731e-02,9.250000119209289551e-02,6.939999759197235107e-02,7.220000028610229492e-02
1.380999982357025146e-01,1.142000034451484680e-01,1.224000006914138794e-01,8.510000258684158325e-02,7.419999688863754272e-02,8.399999886751174927e-02,6.920000165700912476e-02,1.298999935388565063e-01,1.812999993562698364e-01,1.547999978065490723e-01,1.459999978542327881e-01,1.574999988079071045e-01,2.041999995708465576e-01,1.985999941825866699e-01,1.464000046253204346e-01,1.115000024437904358e-01,7.800000160932540894e-02,1.072999984025955200e-01,5.869999900460243225e-02,9.619999676942825317e-02,7.710000127553939819e-02,8.219999819993972778e-02,3.750000149011611938e-02,3.139999881386756897e-02,4.030000045895576477e-02,4.940000176429748535e-02,6.509999930858612061e-02,5.620000138878822327e-02,5.350000038743019104e-02,5.920000001788139343e-02,4.600000008940696716e-02,4.549999907612800598e-02,5.979999899864196777e-02,3.849999979138374329e-02,6.219999864697456360e-02,1.035000011324882507e-01,1.026000007987022400e-01,1.409000009298324585e-01,1.448999941349029541e-01,8.470000326633453369e-02,1.053000018000602722e-01,3.249999880790710449e-01,3.240000009536743164e-01,3.120000064373016357e-01,3.160000145435333252e-01,3.190000057220458984e-01,3.050000071525573730e-01,3.070000112056732178e-01,3.000000119209289551e-01,7.970000058412551880e-02,3.680000081658363342e-02,3.020000085234642029e-02,3.159999847412109375e-02,3.519999980926513672e-02,4.320000112056732178e-02,4.699999839067459106e-02,8.320000022649765015e-02,9.239999949932098389e-02,5.860000103712081909e-02,8.410000056028366089e-02,5.959999933838844299e-02,5.959999933838844299e-02,5.959999933838844299e-02,5.959999933838844299e-02,5.959999933838844299e-02,1.448999941349029541e-01,2.750000059604644775e-01,2.899999916553497314e-01,2.800000011920928955e-01,2.939999997615814209e-01,3.039999902248382568e-01,3.089999854564666748e-01,3.289999961853027344e-01,1.601999998092651367e-01,7.220000028610229492e-02,7.079999893903732300e-02,8.349999785423278809e-02,8.309999853372573853e-02,3.720000013709068298e-02,3.339999914169311523e-02,3.810000047087669373e-02,5.519999936223030090e-02,4.699999839067459106e-02,5.779999867081642151e-02,6.669999659061431885e-02,6.629999727010726929e-02,9.070000052452087402e-02,4.380000010132789612e-02,5.009999871253967285e-02,3.420000150799751282e-02,4.030000045895576477e-02,5.909999832510948181e-02,5.920000001788139343e-02,8.579999953508377075e-02,8.969999849796295166e-02,7.000000029802322388e-02,8.550000190734863281e-02,7.220000028610229492e-02,6.049999967217445374e-02,8.219999819993972778e-02
1.305000036954879761e-01,1.112999990582466125e-01,9.390000253915786743e-02,9.380000084638595581e-02,8.540000021457672119e-02,1.031000018119812012e-01,7.769999653100967407e-02,1.233000010251998901e-01,1.325999945402145386e-01,1.031000018119812012e-01,1.271000057458877563e-01,1.548999994993209839e-01,1.386000066995620728e-01,1.283999979496002197e-01,1.272999942302703857e-01,8.190000057220458984e-02,3.570000082254409790e-02,6.089999899268150330e-02,6.580000370740890503e-02,9.440000355243682861e-02,8.169999718666076660e-02,7.280000299215316772e-02,5.849999934434890747e-02,8.770000189542770386e-02,6.159999966621398926e-02,4.569999873638153076e-02,5.530000105500221252e-02,4.650000110268592834e-02,3.810000047087669373e-02,4.899999871850013733e-02,4.380000010132789612e-02,2.470000088214874268e-02,3.579999879002571106e-02,2.889999933540821075e-02,4.140000045299530029e-02,5.950000137090682983e-02,1.099999994039535522e-01,1.263000071048736572e-01,1.634999960660934448e-01,1.462000012397766113e-01,3.170000016689300537e-01,3.140000104904174805e-01,3.059999942779541016e-01,3.190000057220458984e-01,3.280000090599060059e-01,3.199999928474426270e-01,3.019999861717224121e-01,3.079999983310699463e-01,1.115999966859817505e-01,4.349999874830245972e-02,3.290000185370445251e-02,3.359999880194664001e-02,4.699999839067459106e-02,2.710000053048133850e-02,4.500000178813934326e-02,4.010000079870223999e-02,3.220000118017196655e-02,3.159999847412109375e-02,3.640000149607658386e-02,5.750000104308128357e-02,5.750000104308128357e-02,5.750000104308128357e-02,5.750000104308128357e-02,5.750000104308128357e-02,5.750000104308128357e-02,5.750000104308128357e-02,2.709999978542327881e-01,2.910000085830688477e-01,2.870000004768371582e-01,2.930000126361846924e-01,3.050000071525573730e-01,3.140000104904174805e-01,3.339999914169311523e-01,3.219999969005584717e-01,1.353999972343444824e-01,1.101000010967254639e-01,1.155000030994415283e-01,7.289999723434448242e-02,4.329999908804893494e-02,3.330000117421150208e-02,4.859999939799308777e-02,7.760000228881835938e-02,5.539999902248382568e-02,5.440000072121620178e-02,6.080000102519989014e-02,9.309999644756317139e-02,6.780000030994415283e-02,4.120000079274177551e-02,5.070000141859054565e-02,4.789999872446060181e-02,5.029999837279319763e-02,7.500000298023223877e-02,5.139999836683273315e-02,6.560000032186508179e-02,6.729999929666519165e-02,8.470000326633453369e-02,7.810000330209732056e-02,1.316000074148178101e-01,1.800999939441680908e-01,8.309999853372573853e-02
9.719999879598617554e-02,1.125999987125396729e-01,1.083000004291534424e-01,1.844999939203262329e-01,1.572999954223632812e-01,1.301999986171722412e-01,1.180000007152557373e-01,9.600000083446502686e-02,1.075000017881393433e-01,8.590000122785568237e-02,7.370000332593917847e-02,1.702000051736831665e-01,1.094999983906745911e-01,1.022000014781951904e-01,1.178999990224838257e-01,7.900000363588333130e-02,5.389999970793724060e-02,6.340000033378601074e-02,6.599999964237213135e-02,5.279999971389770508e-02,7.850000262260437012e-02,1.004000008106231689e-01,6.610000133514404297e-02,5.680000036954879761e-02,7.989999651908874512e-02,6.409999728202819824e-02,8.969999849796295166e-02,7.220000028610229492e-02,7.989999651908874512e-02,4.560000076889991760e-02,4.890000075101852417e-02,4.149999842047691345e-02,6.800000369548797607e-02,4.560000076889991760e-02,5.249999836087226868e-02,5.719999969005584717e-02,1.063999980688095093e-01,1.225999966263771057e-01,1.432999968528747559e-01,1.934999972581863403e-01,3.039999902248382568e-01,3.170000016689300537e-01,3.249999880790710449e-01,3.289999961853027344e-01,3.359999954700469971e-01,3.249999880790710449e-01,3.199999928474426270e-01,1.421999931335449219e-01,6.289999932050704956e-02,4.820000007748603821e-02,4.850000143051147461e-02,4.509999975562095642e-02,3.240000084042549133e-02,2.280000038444995880e-02,5.330000072717666626e-02,5.550000071525573730e-02,3.409999981522560120e-02,3.519999980926513672e-02,3.849999979138374329e-02,3.849999979138374329e-02,3.849999979138374329e-02,3.849999979138374329e-02,3.849999979138374329e-02,3.849999979138374329e-02,3.849999979138374329e-02,3.849999979138374329e-02,2.910000085830688477e-01,2.899999916553497314e-01,2.849999964237213135e-01,3.009999990463256836e-01,3.070000112056732178e-01,3.230000138282775879e-01,3.230000138282775879e-01,3.287999927997589111e-01,8.280000090599060059e-02,1.098999977111816406e-01,1.641000062227249146e-01,5.409999936819076538e-02,4.380000010132789612e-02,4.179999977350234985e-02,6.239999830722808838e-02,6.889999657869338989e-02,7.869999855756759644e-02,7.819999754428863525e-02,6.689999997615814209e-02,7.999999821186065674e-02,5.440000072121620178e-02,6.419999897480010986e-02,5.499999970197677612e-02,4.619999974966049194e-02,6.230000033974647522e-02,7.989999651908874512e-02,9.830000251531600952e-02,6.909999996423721313e-02,7.800000160932540894e-02,9.380000084638595581e-02,8.529999852180480957e-02,1.301999986171722412e-01,1.582999974489212036e-01,8.630000054836273193e-02
8.749999850988388062e-02,1.231999993324279785e-01,9.269999712705612183e-02,1.099999994039535522e-01,1.263000071048736572e-01,1.221000030636787415e-01,7.699999958276748657e-02,8.789999783039093018e-02,8.290000259876251221e-02,8.529999852180480957e-02,9.269999712705612183e-02,1.272999942302703857e-01,1.430000066757202148e-01,1.115999966859817505e-01,9.399999678134918213e-02,8.839999884366989136e-02,7.199999690055847168e-02,6.060000136494636536e-02,7.500000298023223877e-02,6.239999830722808838e-02,8.669999986886978149e-02,1.058000028133392334e-01,7.800000160932540894e-02,5.229999870061874390e-02,7.639999687671661377e-02,8.349999785423278809e-02,8.410000056028366089e-02,9.210000187158584595e-02,6.889999657869338989e-02,5.559999868273735046e-02,5.029999837279319763e-02,4.179999977350234985e-02,4.600000008940696716e-02,6.010000035166740417e-02,9.329999983310699463e-02,9.549999982118606567e-02,1.260000020265579224e-01,9.049999713897705078e-02,1.411000043153762817e-01,3.100000023841857910e-01,3.210000097751617432e-01,3.219999969005584717e-01,3.249999880790710449e-01,3.280000090599060059e-01,3.280000090599060059e-01,3.109999895095825195e-01,3.109999895095825195e-01,3.140000104904174805e-01,4.210000112652778625e-02,5.799999833106994629e-02,5.380000174045562744e-02,5.700000002980232239e-02,4.399999976158142090e-02,4.800000041723251343e-02,6.679999828338623047e-02,7.900000363588333130e-02,4.140000045299530029e-02,4.369999840855598450e-02,4.369999840855598450e-02,4.369999840855598450e-02,4.369999840855598450e-02,4.369999840855598450e-02,4.369999840855598450e-02,4.369999840855598450e-02,4.369999840855598450e-02,4.369999840855598450e-02,2.969999909400939941e-01,3.019999861717224121e-01,2.949999868869781494e-01,3.000000119209289551e-01,3.100000023841857910e-01,3.210000097751617432e-01,3.260000050067901611e-01,3.373999893665313721e-01,3.330000042915344238e-01,1.269000023603439331e-01,1.606000065803527832e-01,8.209999650716781616e-02,3.999999910593032837e-02,4.619999974966049194e-02,5.900000035762786865e-02,6.379999965429306030e-02,7.549999654293060303e-02,1.124000027775764465e-01,9.740000218152999878e-02,7.479999959468841553e-02,5.930000171065330505e-02,4.399999976158142090e-02,7.729999721050262451e-02,4.140000045299530029e-02,4.109999909996986389e-02,6.859999895095825195e-02,5.959999933838844299e-02,1.121999993920326233e-01,7.549999654293060303e-02,8.720000088214874268e-02,1.067000031471252441e-01,1.268000006675720215e-01,1.251000016927719116e-01,1.156999990344047546e-01
7.400000095367431641e-02,5.429999902844429016e-02,6.260000169277191162e-02,1.030000001192092896e-01,1.512999981641769409e-01,8.560000360012054443e-02,6.089999899268150330e-02,5.770000070333480835e-02,8.359999954700469971e-02,9.329999983310699463e-02,1.057000011205673218e-01,1.479000002145767212e-01,1.333000063896179199e-01,9.939999878406524658e-02,9.089999645948410034e-02,9.979999810457229614e-02,8.860000222921371460e-02,4.780000075697898865e-02,4.720000177621841431e-02,8.089999854564666748e-02,5.880000069737434387e-02,8.089999854564666748e-02,6.719999760389328003e-02,4.490000009536743164e-02,5.660000070929527283e-02,4.650000110268592834e-02,6.970000267028808594e-02,7.649999856948852539e-02,5.110000073909759521e-02,6.560000032186508179e-02,3.449999913573265076e-02,4.060000181198120117e-02,3.610000014305114746e-02,3.079999983310699463e-02,4.600000008940696716e-02,1.024999991059303284e-01,8.879999816417694092e-02,7.190000265836715698e-02,9.120000153779983521e-02,1.151999980211257935e-01,3.149999976158142090e-01,3.140000104904174805e-01,3.350000083446502686e-01,3.249999880790710449e-01,3.199999928474426270e-01,3.079999983310699463e-01,3.079999983310699463e-01,1.511999964714050293e-01,3.379999846220016479e-02,7.419999688863754272e-02,4.740000143647193909e-02,4.160000011324882507e-02,5.759999901056289673e-02,5.559999868273735046e-02,6.480000168085098267e-02,6.379999965429306030e-02,5.200000107288360596e-02,5.840000137686729431e-02,5.590000003576278687e-02,5.590000003576278687e-02,5.590000003576278687e-02,5.590000003576278687e-02,5.590000003576278687e-02,5.590000003576278687e-02,5.590000003576278687e-02,5.590000003576278687e-02,3.039999902248382568e-01,3.100000023841857910e-01,3.100000023841857910e-01,3.100000023841857910e-01,3.140000104904174805e-01,3.289999961853027344e-01,3.210000097751617432e-01,3.219999969005584717e-01,3.298000097274780273e-01,3.449999988079071045e-01,1.159999966621398926e-01,9.969999641180038452e-02,5.590000003576278687e-02,7.310000061988830566e-02,8.229999989271163940e-02,5.770000070333480835e-02,6.790000200271606445e-02,7.829999923706054688e-02,8.739999681711196899e-02,4.670000076293945312e-02,4.390000179409980774e-02,6.589999794960021973e-02,7.959999889135360718e-02,5.829999968409538269e-02,3.779999911785125732e-02,3.880000114440917969e-02,7.349999994039535522e-02,1.319999992847442627e-01,1.221000030636787415e-01,1.562999933958053589e-01,1.238000020384788513e-01,1.121999993920326233e-01,1.193000003695487976e-01,1.279000043869018555e-01
4.980000108480453491e-02,5.389999970793724060e-02,9.109999984502792358e-02,1.128999963402748108e-01,1.337999999523162842e-01,7.460000365972518921e-02,8.169999718666076660e-02,6.360000371932983398e-02,6.589999794960021973e-02,7.479999959468841553e-02,8.129999786615371704e-02,7.829999923706054688e-02,4.800000041723251343e-02,5.099999904632568359e-02,7.410000264644622803e-02,7.559999823570251465e-02,7.079999893903732300e-02,4.690000042319297791e-02,5.820000171661376953e-02,6.790000200271606445e-02,3.660000115633010864e-02,4.490000009536743164e-02,6.889999657869338989e-02,5.530000105500221252e-02,6.549999862909317017e-02,5.590000003576278687e-02,6.360000371932983398e-02,4.879999905824661255e-02,4.030000045895576477e-02,3.860000148415565491e-02,1.970000006258487701e-02,3.689999878406524658e-02,3.770000115036964417e-02,3.139999881386756897e-02,6.979999691247940063e-02,1.181000024080276489e-01,8.919999748468399048e-02,5.420000106096267700e-02,1.421999931335449219e-01,3.100000023841857910e-01,3.079999983310699463e-01,3.140000104904174805e-01,3.431999981403350830e-01,3.260000050067901611e-01,3.149999976158142090e-01,2.960000038146972656e-01,3.109999895095825195e-01,9.749999642372131348e-02,7.400000095367431641e-02,4.899999871850013733e-02,3.830000013113021851e-02,4.740000143647193909e-02,3.959999978542327881e-02,5.099999904632568359e-02,4.259999841451644897e-02,7.930000126361846924e-02,6.080000102519989014e-02,7.590000331401824951e-02,7.590000331401824951e-02,7.590000331401824951e-02,7.590000331401824951e-02,7.590000331401824951e-02,7.590000331401824951e-02,7.590000331401824951e-02,7.590000331401824951e-02,7.590000331401824951e-02,7.590000331401824951e-02,3.079999983310699463e-01,3.089999854564666748e-01,3.109999895095825195e-01,3.174000084400177002e-01,3.330000042915344238e-01,3.170000016689300537e-01,3.350000083446502686e-01,3.249999880790710449e-01,3.449999988079071045e-01,3.109999895095825195e-01,1.287000030279159546e-01,1.071000024676322937e-01,4.399999976158142090e-02,9.430000185966491699e-02,8.309999853372573853e-02,6.549999862909317017e-02,5.970000103116035461e-02,5.779999867081642151e-02,6.669999659061431885e-02,6.030000001192092896e-02,1.089000031352043152e-01,9.220000356435775757e-02,6.289999932050704956e-02,9.309999644756317139e-02,9.239999949932098389e-02,1.067000031471252441e-01,9.950000047683715820e-02,1.482000052928924561e-01,1.597999930381774902e-01,1.011999994516372681e-01,7.540000230073928833e-02,9.189999848604202271e-02,9.030000120401382446e-02
4.160000011324882507e-02,5.059999972581863403e-02,8.439999818801879883e-02,1.240999996662139893e-01,1.243000030517578125e-01,1.105000004172325134e-01,6.849999725818634033e-02,9.929999709129333496e-02,6.190000101923942566e-02,1.222999989986419678e-01,1.184000000357627869e-01,6.369999796152114868e-02,4.930000007152557373e-02,4.749999940395355225e-02,7.660000026226043701e-02,8.860000222921371460e-02,8.619999885559082031e-02,7.460000365972518921e-02,5.449999868869781494e-02,3.950000181794166565e-02,3.159999847412109375e-02,4.600000008940696716e-02,4.879999905824661255e-02,4.930000007152557373e-02,3.900000080466270447e-02,9.640000015497207642e-02,8.420000225305557251e-02,4.470000043511390686e-02,6.700000166893005371e-02,5.050000175833702087e-02,5.779999867081642151e-02,4.780000075697898865e-02,3.999999910593032837e-02,3.530000150203704834e-02,1.041999980807304382e-01,8.990000188350677490e-02,7.869999855756759644e-02,6.230000033974647522e-02,1.568000018596649170e-01,3.160000145435333252e-01,2.960000038146972656e-01,3.039999902248382568e-01,3.260000050067901611e-01,3.406000137329101562e-01,3.240000009536743164e-01,3.030000030994415283e-01,1.620000004768371582e-01,6.769999861717224121e-02,6.449999660253524780e-02,4.160000011324882507e-02,2.940000034868717194e-02,3.860000148415565491e-02,3.720000013709068298e-02,4.270000010728836060e-02,6.570000201463699341e-02,9.529999643564224243e-02,7.259999960660934448e-02,8.100000023841857910e-02,8.460000157356262207e-02,8.460000157356262207e-02,8.460000157356262207e-02,8.460000157356262207e-02,8.460000157356262207e-02,8.460000157356262207e-02,8.460000157356262207e-02,8.460000157356262207e-02,8.460000157356262207e-02,2.980000078678131104e-01,2.989999949932098389e-01,3.129999935626983643e-01,3.260000050067901611e-01,3.240000009536743164e-01,3.230000138282775879e-01,3.339999914169311523e-01,3.359999954700469971e-01,3.359999954700469971e-01,3.330000042915344238e-01,3.346999883651733398e-01,3.160000145435333252e-01,8.780000358819961548e-02,1.259000003337860107e-01,4.069999977946281433e-02,3.940000012516975403e-02,4.600000008940696716e-02,6.199999898672103882e-02,7.450000196695327759e-02,4.760000109672546387e-02,6.639999896287918091e-02,7.580000162124633789e-02,8.309999853372573853e-02,7.729999721050262451e-02,7.440000027418136597e-02,1.147999987006187439e-01,1.516000032424926758e-01,1.438000053167343140e-01,1.350000053644180298e-01,1.482000052928924561e-01,1.186999976634979248e-01,1.081999987363815308e-01,7.720000296831130981e-02
