X,Y,V
1,1,0.0406000018119812
2,1,0.029500000178813934
3,1,0.04340000078082085
4,1,0.05480000004172325
5,1,0.05640000104904175
6,1,0.09200000017881393
7,1,0.059300001710653305
8,1,0.06459999829530716
9,1,0.06369999796152115
10,1,0.0714000016450882
11,1,0.06109999865293503
12,1,0.04899999871850014
13,1,0.04619999974966049
14,1,0.05299999937415123
15,1,0.07479999959468842
16,1,0.052400000393390656
17,1,0.04190000146627426
18,1,0.05900000035762787
19,1,0.05350000038743019
20,1,0.045499999076128006
21,1,0.06939999759197235
22,1,0.06750000268220901
23,1,0.10080000013113022
24,1,0.3240000009536743
25,1,0.3269999921321869
26,1,0.32499998807907104
27,1,0.335999995470047
28,1,0.33399999141693115
29,1,0.3269999921321869
30,1,0.32100000977516174
31,1,0.32100000977516174
32,1,0.14219999313354492
33,1,0.04690000042319298
34,1,0.04410000145435333
35,1,0.04190000146627426
36,1,0.3050000071525574
37,1,0.30799999833106995
38,1,0.29499998688697815
39,1,0.29030001163482666
40,1,0.28999999165534973
41,1,0.29899999499320984
42,1,0.08020000159740448
43,1,0.07829999923706055
44,1,0.07530000060796738
45,1,0.05380000174045563
46,1,0.044599998742341995
47,1,0.04529999941587448
48,1,0.02590000070631504
49,1,0.046799998730421066
50,1,0.05510000139474869
51,1,0.051100000739097595
52,1,0.045099999755620956
53,1,0.030700000002980232
54,1,0.046799998730421066
55,1,0.03400000184774399
56,1,0.03999999910593033
57,1,0.03739999979734421
58,1,0.03750000149011612
59,1,0.03759999945759773
60,1,0.06800000369548798
61,1,0.06790000200271606
62,1,0.05640000104904175
63,1,0.07680000364780426
64,1,0.07819999754428864
65,1,0.0632999986410141
66,1,0.08209999650716782
67,1,0.11540000140666962
68,1,0.1216999962925911
69,1,0.07930000126361847
70,1,0.06939999759197235
71,1,0.08330000191926956
72,1,0.11209999769926071
73,1,0.12290000170469284
74,1,0.15289999544620514
75,1,0.11949999630451202
76,1,0.19499999284744263
77,1,0.11670000106096268
78,1,0.13420000672340393
79,1,0.13519999384880066
80,1,0.07450000196695328
81,1,0.08219999819993973
82,1,0.049800001084804535
83,1,0.04859999939799309
84,1,0.05310000106692314
85,1,0.0706000030040741
86,1,0.04910000041127205
87,1,0.07980000227689743
88,1,0.06159999966621399
89,1,0.04410000145435333
90,1,0.026900000870227814
91,1,0.04039999842643738
92,1,0.045099999755620956
93,1,0.06679999828338623
94,1,0.024000000208616257
95,1,0.03539999946951866
96,1,0.0348999984562397
97,1,0.03550000116229057
98,1,0.02879999950528145
99,1,0.04050000011920929
100,1,0.04050000011920929
1,2,0.050599999725818634
2,2,0.03849999979138374
3,2,0.034699998795986176
4,2,0.05719999969005585
5,2,0.04309999942779541
6,2,0.08209999650716782
7,2,0.06780000030994415
8,2,0.07069999724626541
9,2,0.07750000059604645
10,2,0.10570000112056732
11,2,0.09539999812841415
12,2,0.055399999022483826
13,2,0.06549999862909317
14,2,0.07440000027418137
15,2,0.08129999786615372
16,2,0.053599998354911804
17,2,0.05090000107884407
18,2,0.0828000009059906
19,2,0.08739999681711197
20,2,0.05169999971985817
21,2,0.07050000131130219
22,2,0.09539999812841415
23,2,0.3109999895095825
24,2,0.3269999921321869
25,2,0.328000009059906
26,2,0.3140000104904175
27,2,0.3330000042915344
28,2,0.3310000002384186
29,2,0.3231000006198883
30,2,0.3160000145435333
31,2,0.32100000977516174
32,2,0.1746000051498413
33,2,0.07829999923706055
34,2,0.06589999794960022
35,2,0.32199999690055847
36,2,0.3070000112056732
37,2,0.3070000112056732
38,2,0.3059999942779541
39,2,0.28600001335144043
40,2,0.28600001335144043
41,2,0.04879999905824661
42,2,0.06710000336170197
43,2,0.08309999853372574
44,2,0.07750000059604645
45,2,0.06379999965429306
46,2,0.04259999841451645
47,2,0.04529999941587448
48,2,0.060600001364946365
49,2,0.04439999908208847
50,2,0.05779999867081642
51,2,0.07100000232458115
52,2,0.053599998354911804
53,2,0.0414000004529953
54,2,0.03590000048279762
55,2,0.043299999088048935
56,2,0.03280000016093254
57,2,0.03200000151991844
58,2,0.039500001817941666
59,2,0.03269999846816063
60,2,0.045099999755620956
61,2,0.03959999978542328
62,2,0.039900001138448715
63,2,0.04490000009536743
64,2,0.04610000178217888
65,2,0.07050000131130219
66,2,0.08410000056028366
67,2,0.10130000114440918
68,2,0.13259999454021454
69,2,0.11259999871253967
70,2,0.1143999993801117
71,2,0.09319999814033508
72,2,0.09510000050067902
73,2,0.17059999704360962
74,2,0.14800000190734863
75,2,0.18449999392032623
76,2,0.163100004196167
77,2,0.20440000295639038
78,2,0.2168000042438507
79,2,0.1535000056028366
80,2,0.0820000022649765
81,2,0.08389999717473984
82,2,0.05900000035762787
83,2,0.038600001484155655
84,2,0.06840000301599503
85,2,0.07599999755620956
86,2,0.0494999997317791
87,2,0.06390000134706497
88,2,0.061900001019239426
89,2,0.041600000113248825
90,2,0.035599999129772186
91,2,0.032999999821186066
92,2,0.044599998742341995
93,2,0.02979999966919422
94,2,0.03750000149011612
95,2,0.06629999727010727
96,2,0.038100000470876694
97,2,0.052400000393390656
98,2,0.05079999938607216
99,2,0.05660000070929527
100,2,0.061500001698732376
1,3,0.03999999910593033
2,3,0.05380000174045563
3,3,0.031700000166893005
4,3,0.04340000078082085
5,3,0.04910000041127205
6,3,0.0828000009059906
7,3,0.04769999906420708
8,3,0.04580000042915344
9,3,0.0625
10,3,0.06669999659061432
11,3,0.08640000224113464
12,3,0.07119999825954437
13,3,0.0778999999165535
14,3,0.06790000200271606
15,3,0.0674000009894371
16,3,0.051500000059604645
17,3,0.0957999974489212
18,3,0.10570000112056732
19,3,0.09889999777078629
20,3,0.08160000294446945
21,3,0.09040000289678574
22,3,0.15299999713897705
23,3,0.12780000269412994
24,3,0.3179999887943268
25,3,0.328000009059906
26,3,0.32199999690055847
27,3,0.3240000009536743
28,3,0.32499998807907104
29,3,0.3100000023841858
30,3,0.3109999895095825
31,3,0.3050000071525574
32,3,0.15299999713897705
33,3,0.05079999938607216
34,3,0.3089999854564667
35,3,0.3269999921321869
36,3,0.3190000057220459
37,3,0.31299999356269836
38,3,0.3019999861717224
39,3,0.296999990940094
40,3,0.10170000046491623
41,3,0.04639999940991402
42,3,0.0843999981880188
43,3,0.10400000214576721
44,3,0.0860000029206276
45,3,0.053700000047683716
46,3,0.03359999880194664
47,3,0.029999999329447746
48,3,0.04670000076293945
49,3,0.026399999856948853
50,3,0.031099999323487282
51,3,0.05420000106096268
52,3,0.05090000107884407
53,3,0.05000000074505806
54,3,0.03240000084042549
55,3,0.04500000178813934
56,3,0.0406000018119812
57,3,0.04309999942779541
58,3,0.039900001138448715
59,3,0.046300001442432404
60,3,0.03669999912381172
61,3,0.03959999978542328
62,3,0.05220000073313713
63,3,0.03920000046491623
64,3,0.03700000047683716
65,3,0.05649999901652336
66,3,0.04619999974966049
67,3,0.04500000178813934
68,3,0.09269999712705612
69,3,0.11209999769926071
70,3,0.11190000176429749
71,3,0.12210000306367874
72,3,0.13920000195503235
73,3,0.20080000162124634
74,3,0.19349999725818634
75,3,0.20720000565052032
76,3,0.16820000112056732
77,3,0.21690000593662262
78,3,0.1509999930858612
79,3,0.09700000286102295
80,3,0.0658000037074089
81,3,0.05609999969601631
82,3,0.04780000075697899
83,3,0.046300001442432404
84,3,0.07660000026226044
85,3,0.0746999979019165
86,3,0.05000000074505806
87,3,0.05510000139474869
88,3,0.042899999767541885
89,3,0.03269999846816063
90,3,0.03970000147819519
91,3,0.039799999445676804
92,3,0.031099999323487282
93,3,0.024900000542402267
94,3,0.029999999329447746
95,3,0.07339999824762344
96,3,0.057999998331069946
97,3,0.04500000178813934
98,3,0.08100000023841858
99,3,0.08579999953508377
100,3,0.06350000202655792
1,4,0.028200000524520874
2,4,0.029400000348687172
3,4,0.05000000074505806
4,4,0.04919999837875366
5,4,0.06289999932050705
6,4,0.04580000042915344
7,4,0.044199999421834946
8,4,0.02930000051856041
9,4,0.046799998730421066
10,4,0.050700001418590546
11,4,0.0706000030040741
12,4,0.11490000039339066
13,4,0.09120000153779984
14,4,0.13359999656677246
15,4,0.10859999805688858
16,4,0.08590000122785568
17,4,0.1354999989271164
18,4,0.12600000202655792
19,4,0.09989999979734421
20,4,0.09220000356435776
21,4,0.05950000137090683
22,4,0.09189999848604202
23,4,0.1565999984741211
24,4,0.3149999976158142
25,4,0.323199987411499
26,4,0.31200000643730164
27,4,0.31200000643730164
28,4,0.31700000166893005
29,4,0.3089999854564667
30,4,0.32359999418258667
31,4,0.3269999921321869
32,4,0.1737000048160553
33,4,0.30000001192092896
34,4,0.30399999022483826
35,4,0.3160000145435333
36,4,0.31700000166893005
37,4,0.32100000977516174
38,4,0.3009999990463257
39,4,0.08370000123977661
40,4,0.04390000179409981
41,4,0.05849999934434891
42,4,0.05640000104904175
43,4,0.09539999812841415
44,4,0.0957999974489212
45,4,0.05719999969005585
46,4,0.04879999905824661
47,4,0.031599998474121094
48,4,0.03720000013709068
49,4,0.02250000089406967
50,4,0.02889999933540821
51,4,0.03269999846816063
52,4,0.05249999836087227
53,4,0.06419999897480011
54,4,0.04919999837875366
55,4,0.049400001764297485
56,4,0.06019999831914902
57,4,0.037700001150369644
58,4,0.04820000007748604
59,4,0.035999998450279236
60,4,0.024000000208616257
61,4,0.029100000858306885
62,4,0.033900000154972076
63,4,0.03240000084042549
64,4,0.022099999710917473
65,4,0.03220000118017197
66,4,0.03819999843835831
67,4,0.02710000053048134
68,4,0.06610000133514404
69,4,0.09969999641180038
70,4,0.11699999868869781
71,4,0.15279999375343323
72,4,0.2152000069618225
73,4,0.20739999413490295
74,4,0.19349999725818634
75,4,0.17080000042915344
76,4,0.15700000524520874
77,4,0.1762000024318695
78,4,0.10450000315904617
79,4,0.08009999990463257
80,4,0.061900001019239426
81,4,0.04670000076293945
82,4,0.058800000697374344
83,4,0.048700001090765
84,4,0.0414000004529953
85,4,0.0575999990105629
86,4,0.050200000405311584
87,4,0.04610000178217888
88,4,0.04780000075697899
89,4,0.05810000002384186
90,4,0.04179999977350235
91,4,0.05209999904036522
92,4,0.027699999511241913
93,4,0.02250000089406967
94,4,0.030400000512599945
95,4,0.05310000106692314
96,4,0.03550000116229057
97,4,0.054499998688697815
98,4,0.0754999965429306
99,4,0.07639999687671661
100,4,0.08630000054836273
1,5,0.03889999911189079
2,5,0.03539999946951866
3,5,0.03959999978542328
4,5,0.03359999880194664
5,5,0.07020000368356705
6,5,0.0364999994635582
7,5,0.043699998408555984
8,5,0.0348999984562397
9,5,0.032600000500679016
10,5,0.043699998408555984
11,5,0.10180000215768814
12,5,0.09470000118017197
13,5,0.0851999968290329
14,5,0.1665000021457672
15,5,0.10209999978542328
16,5,0.07729999721050262
17,5,0.09239999949932098
18,5,0.10209999978542328
19,5,0.09309999644756317
20,5,0.13369999825954437
21,5,0.07850000262260437
22,5,0.09539999812841415
23,5,0.1356000006198883
24,5,0.3140000104904175
25,5,0.3160000145435333
26,5,0.31299999356269836
27,5,0.30970001220703125
28,5,0.3059999942779541
29,5,0.3149999976158142
30,5,0.31299999356269836
31,5,0.3089999854564667
32,5,0.30300000309944153
33,5,0.3009999990463257
34,5,0.30000001192092896
35,5,0.3100000023841858
36,5,0.328000009059906
37,5,0.3190000057220459
38,5,0.11069999635219574
39,5,0.03840000182390213
40,5,0.040800001472234726
41,5,0.05559999868273735
42,5,0.06040000170469284
43,5,0.061900001019239426
44,5,0.07109999656677246
45,5,0.04650000110268593
46,5,0.04879999905824661
47,5,0.03150000050663948
48,5,0.031300000846385956
49,5,0.019999999552965164
50,5,0.027400000020861626
51,5,0.033900000154972076
52,5,0.06239999830722809
53,5,0.06030000001192093
54,5,0.07500000298023224
55,5,0.07020000368356705
56,5,0.04800000041723251
57,5,0.06159999966621399
58,5,0.029500000178813934
59,5,0.03280000016093254
60,5,0.0348999984562397
61,5,0.033399999141693115
62,5,0.02319999970495701
63,5,0.02889999933540821
64,5,0.028200000524520874
65,5,0.04309999942779541
66,5,0.0333000011742115
67,5,0.05050000175833702
68,5,0.0697999969124794
69,5,0.08420000225305557
70,5,0.12790000438690186
71,5,0.12080000340938568
72,5,0.1378999948501587
73,5,0.2134999930858612
74,5,0.1793999969959259
75,5,0.18690000474452972
76,5,0.15639999508857727
77,5,0.1289999932050705
78,5,0.10639999806880951
79,5,0.05979999899864197
80,5,0.06440000236034393
81,5,0.04179999977350235
82,5,0.04259999841451645
83,5,0.05220000073313713
84,5,0.04820000007748604
85,5,0.04230000078678131
86,5,0.04479999840259552
87,5,0.05959999933838844
88,5,0.05139999836683273
89,5,0.04270000010728836
90,5,0.06800000369548798
91,5,0.04270000010728836
92,5,0.04699999839067459
93,5,0.039000000804662704
94,5,0.06279999762773514
95,5,0.08190000057220459
96,5,0.07129999995231628
97,5,0.07190000265836716
98,5,0.11590000241994858
99,5,0.12630000710487366
100,5,0.13680000603199005
1,6,0.0348999984562397
2,6,0.03579999879002571
3,6,0.05310000106692314
4,6,0.04270000010728836
5,6,0.03590000048279762
6,6,0.024900000542402267
7,6,0.03759999945759773
8,6,0.03220000118017197
9,6,0.02290000021457672
10,6,0.03840000182390213
11,6,0.07069999724626541
12,6,0.06549999862909317
13,6,0.0471000000834465
14,6,0.1062999963760376
15,6,0.10989999771118164
16,6,0.11479999870061874
17,6,0.09480000287294388
18,6,0.07400000095367432
19,6,0.08640000224113464
20,6,0.08910000324249268
21,6,0.07159999758005142
22,6,0.08739999681711197
23,6,0.1339000016450882
24,6,0.3070000112056732
25,6,0.3230000138282776
26,6,0.30799999833106995
27,6,0.3140000104904175
28,6,0.3100000023841858
29,6,0.3149999976158142
30,6,0.3050000071525574
31,6,0.3089999854564667
32,6,0.3100000023841858
33,6,0.17190000414848328
34,6,0.3009999990463257
35,6,0.3070000112056732
36,6,0.3140000104904175
37,6,0.31299999356269836
38,6,0.029899999499320984
39,6,0.02810000069439411
40,6,0.0357000008225441
41,6,0.05530000105500221
42,6,0.0649000033736229
43,6,0.07129999995231628
44,6,0.06390000134706497
45,6,0.05939999967813492
46,6,0.050200000405311584
47,6,0.03500000014901161
48,6,0.03319999948143959
49,6,0.04450000077486038
50,6,0.03550000116229057
51,6,0.03999999910593033
52,6,0.065700002014637
53,6,0.05260000005364418
54,6,0.03920000046491623
55,6,0.03269999846816063
56,6,0.03799999877810478
57,6,0.03629999980330467
58,6,0.03350000083446503
59,6,0.04439999908208847
60,6,0.03889999911189079
61,6,0.03359999880194664
62,6,0.0333000011742115
63,6,0.03480000048875809
64,6,0.03739999979734421
65,6,0.04340000078082085
66,6,0.03020000085234642
67,6,0.05270000174641609
68,6,0.09239999949932098
69,6,0.09700000286102295
70,6,0.10760000348091125
71,6,0.17659999430179596
72,6,0.09610000252723694
73,6,0.16009999811649323
74,6,0.19099999964237213
75,6,0.14239999651908875
76,6,0.11909999698400497
77,6,0.08219999819993973
78,6,0.053599998354911804
79,6,0.04740000143647194
80,6,0.06340000033378601
81,6,0.051600001752376556
82,6,0.09669999778270721
83,6,0.07479999959468842
84,6,0.08799999952316284
85,6,0.10029999911785126
86,6,0.10450000315904617
87,6,0.0494999997317791
88,6,0.06449999660253525
89,6,0.052400000393390656
90,6,0.057999998331069946
91,6,0.05559999868273735
92,6,0.031599998474121094
93,6,0.0348999984562397
94,6,0.05920000001788139
95,6,0.10559999942779541
96,6,0.12600000202655792
97,6,0.1316000074148178
98,6,0.14149999618530273
99,6,0.181099995970726
100,6,0.20190000534057617
1,7,0.03519999980926514
2,7,0.040699999779462814
3,7,0.04780000075697899
4,7,0.03150000050663948
5,7,0.03020000085234642
6,7,0.03720000013709068
7,7,0.041099999099969864
8,7,0.03240000084042549
9,7,0.0340999998152256
10,7,0.03269999846816063
11,7,0.03709999844431877
12,7,0.048500001430511475
13,7,0.07029999792575836
14,7,0.06159999966621399
15,7,0.12139999866485596
16,7,0.1145000010728836
17,7,0.06870000064373016
18,7,0.04690000042319298
19,7,0.04569999873638153
20,7,0.05469999834895134
21,7,0.1185000017285347
22,7,0.09700000286102295
23,7,0.10999999940395355
24,7,0.06120000034570694
25,7,0.3269999921321869
26,7,0.3100000023841858
27,7,0.29499998688697815
28,7,0.2980000078678131
29,7,0.32199999690055847
30,7,0.3100000023841858
31,7,0.32199999690055847
32,7,0.3059999942779541
33,7,0.16380000114440918
34,7,0.30300000309944153
35,7,0.3009999990463257
36,7,0.3089999854564667
37,7,0.04129999876022339
38,7,0.02889999933540821
39,7,0.03669999912381172
40,7,0.04899999871850014
41,7,0.07410000264644623
42,7,0.07569999992847443
43,7,0.04699999839067459
44,7,0.07569999992847443
45,7,0.05119999870657921
46,7,0.05869999900460243
47,7,0.0414000004529953
48,7,0.02889999933540821
49,7,0.04560000076889992
50,7,0.061500001698732376
51,7,0.045499999076128006
52,7,0.06539999693632126
53,7,0.040800001472234726
54,7,0.04129999876022339
55,7,0.042500000447034836
56,7,0.02979999966919422
57,7,0.03440000116825104
58,7,0.030700000002980232
59,7,0.02590000070631504
60,7,0.02710000053048134
61,7,0.043699998408555984
62,7,0.03449999913573265
63,7,0.02800000086426735
64,7,0.05790000036358833
65,7,0.06419999897480011
66,7,0.06909999996423721
67,7,0.07339999824762344
68,7,0.10719999670982361
69,7,0.11110000312328339
70,7,0.11710000038146973
71,7,0.15399999916553497
72,7,0.125
73,7,0.09679999947547913
74,7,0.22769999504089355
75,7,0.2199999988079071
76,7,0.14079999923706055
77,7,0.0835999995470047
78,7,0.11249999701976776
79,7,0.03550000116229057
80,7,0.05900000035762787
81,7,0.0658000037074089
82,7,0.07079999893903732
83,7,0.09950000047683716
84,7,0.0729999989271164
85,7,0.04830000177025795
86,7,0.061000000685453415
87,7,0.03819999843835831
88,7,0.09070000052452087
89,7,0.061400000005960464
90,7,0.09000000357627869
91,7,0.05299999937415123
92,7,0.06939999759197235
93,7,0.13220000267028809
94,7,0.07150000333786011
95,7,0.10459999740123749
96,7,0.14869999885559082
97,7,0.11490000039339066
98,7,0.20819999277591705
99,7,0.18250000476837158
100,7,0.18219999969005585
1,8,0.022299999371170998
2,8,0.0333000011742115
3,8,0.03849999979138374
4,8,0.032600000500679016
5,8,0.016599999740719795
6,8,0.02800000086426735
7,8,0.05609999969601631
8,8,0.03720000013709068
9,8,0.06300000101327896
10,8,0.05570000037550926
11,8,0.09070000052452087
12,8,0.04569999873638153
13,8,0.059300001710653305
14,8,0.06480000168085098
15,8,0.08820000290870667
16,8,0.07620000094175339
17,8,0.05169999971985817
18,8,0.04749999940395355
19,8,0.09279999881982803
20,8,0.06449999660253525
21,8,0.05689999833703041
22,8,0.08089999854564667
23,8,0.07270000129938126
24,8,0.015599999576807022
25,8,0.3089999854564667
26,8,0.30300000309944153
27,8,0.2930000126361847
28,8,0.30000001192092896
29,8,0.32499998807907104
30,8,0.3050000071525574
31,8,0.3240000009536743
32,8,0.3100000023841858
33,8,0.16200000047683716
34,8,0.3070000112056732
35,8,0.3059999942779541
36,8,0.02710000053048134
37,8,0.033399999141693115
38,8,0.035999998450279236
39,8,0.04280000180006027
40,8,0.07370000332593918
41,8,0.10350000113248825
42,8,0.0731000006198883
43,8,0.060499999672174454
44,8,0.06459999829530716
45,8,0.07580000162124634
46,8,0.06970000267028809
47,8,0.029100000858306885
48,8,0.03189999982714653
49,8,0.04349999874830246
50,8,0.055399999022483826
51,8,0.05139999836683273
52,8,0.05460000038146973
53,8,0.031700000166893005
54,8,0.035999998450279236
55,8,0.042100001126527786
56,8,0.028599999845027924
57,8,0.05730000138282776
58,8,0.030500000342726707
59,8,0.019099999219179153
60,8,0.017100000753998756
61,8,0.019099999219179153
62,8,0.036400001496076584
63,8,0.045499999076128006
64,8,0.04039999842643738
65,8,0.040699999779462814
66,8,0.05889999866485596
67,8,0.06790000200271606
68,8,0.09290000051259995
69,8,0.07609999924898148
70,8,0.11289999634027481
71,8,0.09260000288486481
72,8,0.09669999778270721
73,8,0.1462000012397766
74,8,0.19660000503063202
75,8,0.17249999940395355
76,8,0.17059999704360962
77,8,0.14589999616146088
78,8,0.08590000122785568
79,8,0.057500001043081284
80,8,0.06480000168085098
81,8,0.05660000070929527
82,8,0.09160000085830688
83,8,0.08879999816417694
84,8,0.06769999861717224
85,8,0.09390000253915787
86,8,0.10350000113248825
87,8,0.046799998730421066
88,8,0.08980000019073486
89,8,0.10540000349283218
90,8,0.07150000333786011
91,8,0.051600001752376556
92,8,0.08889999985694885
93,8,0.1289999932050705
94,8,0.13500000536441803
95,8,0.16779999434947968
96,8,0.16660000383853912
97,8,0.12790000438690186
98,8,0.19349999725818634
99,8,0.22269999980926514
100,8,0.21320000290870667
1,9,0.02710000053048134
2,9,0.025499999523162842
3,9,0.045899998396635056
4,9,0.025499999523162842
5,9,0.032600000500679016
6,9,0.04800000041723251
7,9,0.08269999921321869
8,9,0.045899998396635056
9,9,0.06859999895095825
10,9,0.07400000095367432
11,9,0.052799999713897705
12,9,0.07249999791383743
13,9,0.05620000138878822
14,9,0.06419999897480011
15,9,0.06759999692440033
16,9,0.10180000215768814
17,9,0.09989999979734421
18,9,0.07000000029802322
19,9,0.09920000284910202
20,9,0.09009999781847
21,9,0.09189999848604202
22,9,0.08389999717473984
23,9,0.07959999889135361
24,9,0.018799999728798866
25,9,0.3149999976158142
26,9,0.30399999022483826
27,9,0.296999990940094
28,9,0.30799999833106995
29,9,0.3269999921321869
30,9,0.31299999356269836
31,9,0.31299999356269836
32,9,0.3269999921321869
33,9,0.1737000048160553
34,9,0.3009999990463257
35,9,0.035999998450279236
36,9,0.03759999945759773
37,9,0.05559999868273735
38,9,0.04039999842643738
39,9,0.03909999877214432
40,9,0.05090000107884407
41,9,0.06419999897480011
42,9,0.07159999758005142
43,9,0.07900000363588333
44,9,0.09749999642372131
45,9,0.09099999815225601
46,9,0.0560000017285347
47,9,0.06560000032186508
48,9,0.03539999946951866
49,9,0.019999999552965164
50,9,0.028599999845027924
51,9,0.04149999842047691
52,9,0.04259999841451645
53,9,0.03400000184774399
54,9,0.035599999129772186
55,9,0.022099999710917473
56,9,0.03449999913573265
57,9,0.02710000053048134
58,9,0.024800000712275505
59,9,0.020999999716877937
60,9,0.010400000028312206
61,9,0.02290000021457672
62,9,0.04129999876022339
63,9,0.03189999982714653
64,9,0.03460000082850456
65,9,0.04170000180602074
66,9,0.051100000739097595
67,9,0.0608999989926815
68,9,0.06750000268220901
69,9,0.058400001376867294
70,9,0.06750000268220901
71,9,0.06610000133514404
72,9,0.06759999692440033
73,9,0.1062999963760376
74,9,0.19030000269412994
75,9,0.17010000348091125
76,9,0.14640000462532043
77,9,0.10000000149011612
78,9,0.11079999804496765
79,9,0.07100000232458115
80,9,0.07959999889135361
81,9,0.04800000041723251
82,9,0.0617000013589859
83,9,0.041600000113248825
84,9,0.0551999993622303
85,9,0.08500000089406967
86,9,0.06769999861717224
87,9,0.08290000259876251
88,9,0.1006999984383583
89,9,0.09179999679327011
90,9,0.09290000051259995
91,9,0.08609999716281891
92,9,0.09510000050067902
93,9,0.12809999287128448
94,9,0.12330000102519989
95,9,0.16429999470710754
96,9,0.1378999948501587
97,9,0.2029000073671341
98,9,0.17440000176429749
99,9,0.2214999943971634
100,9,0.16189999878406525
1,10,0.035100001841783524
2,10,0.018400000408291817
3,10,0.0284000001847744
4,10,0.04729999974370003
5,10,0.047600001096725464
6,10,0.04820000007748604
7,10,0.09200000017881393
8,10,0.07519999891519547
9,10,0.12870000302791595
10,10,0.06520000100135803
11,10,0.06340000033378601
12,10,0.044599998742341995
13,10,0.045899998396635056
14,10,0.0333000011742115
15,10,0.04280000180006027
16,10,0.05350000038743019
17,10,0.05050000175833702
18,10,0.05909999832510948
19,10,0.052299998700618744
20,10,0.08810000121593475
21,10,0.08669999986886978
22,10,0.08649999648332596
23,10,0.0714000016450882
24,10,0.10140000283718109
25,10,0.30799999833106995
26,10,0.2939999997615814
27,10,0.29899999499320984
28,10,0.31700000166893005
29,10,0.3059999942779541
30,10,0.3019999861717224
31,10,0.30399999022483826
32,10,0.3140000104904175
33,10,0.3149999976158142
34,10,0.15569999814033508
35,10,0.037300001829862595
36,10,0.05290000140666962
37,10,0.03799999877810478
38,10,0.028200000524520874
39,10,0.02979999966919422
40,10,0.052400000393390656
41,10,0.04490000009536743
42,10,0.050599999725818634
43,10,0.05939999967813492
44,10,0.06610000133514404
45,10,0.050999999046325684
46,10,0.0340999998152256
47,10,0.0142000000923872
48,10,0.01860000006854534
49,10,0.01269999984651804
50,10,0.02019999921321869
51,10,0.0272000003606081
52,10,0.0272000003606081
53,10,0.021299999207258224
54,10,0.03449999913573265
55,10,0.0272000003606081
56,10,0.019700000062584877
57,10,0.020899999886751175
58,10,0.01860000006854534
59,10,0.017999999225139618
60,10,0.019099999219179153
61,10,0.04439999908208847
62,10,0.043699998408555984
63,10,0.04879999905824661
64,10,0.028200000524520874
65,10,0.04639999940991402
66,10,0.049800001084804535
67,10,0.05050000175833702
68,10,0.05559999868273735
69,10,0.04050000011920929
70,10,0.06260000169277191
71,10,0.06480000168085098
72,10,0.06129999831318855
73,10,0.09520000219345093
74,10,0.15690000355243683
75,10,0.16930000483989716
76,10,0.13490000367164612
77,10,0.10970000177621841
78,10,0.11140000075101852
79,10,0.11620000004768372
80,10,0.10440000146627426
81,10,0.09279999881982803
82,10,0.1446000039577484
83,10,0.13819999992847443
84,10,0.12319999933242798
85,10,0.12600000202655792
86,10,0.14219999313354492
87,10,0.18219999969005585
88,10,0.18209999799728394
89,10,0.10729999840259552
90,10,0.11869999766349792
91,10,0.13819999992847443
92,10,0.10949999839067459
93,10,0.13819999992847443
94,10,0.09809999912977219
95,10,0.09160000085830688
96,10,0.16769999265670776
97,10,0.1363999992609024
98,10,0.14219999313354492
99,10,0.13670000433921814
100,10,0.10570000112056732
1,11,0.033900000154972076
2,11,0.03660000115633011
3,11,0.041200000792741776
4,11,0.04170000180602074
5,11,0.06260000169277191
6,11,0.0560000017285347
7,11,0.0828000009059906
8,11,0.09059999883174896
9,11,0.05889999866485596
10,11,0.06289999932050705
11,11,0.05700000002980232
12,11,0.05420000106096268
13,11,0.050700001418590546
14,11,0.03539999946951866
15,11,0.036400001496076584
16,11,0.020500000566244125
17,11,0.03779999911785126
18,11,0.05939999967813492
19,11,0.06759999692440033
20,11,0.07209999859333038
21,11,0.07129999995231628
22,11,0.11180000007152557
23,11,0.10320000350475311
24,11,0.09799999743700027
25,11,0.3019999861717224
26,11,0.2980000078678131
27,11,0.296999990940094
28,11,0.3070000112056732
29,11,0.30399999022483826
30,11,0.29899999499320984
31,11,0.3059999942779541
32,11,0.32499998807907104
33,11,0.3089999854564667
34,11,0.08640000224113464
35,11,0.06199999898672104
36,11,0.052000001072883606
37,11,0.031199999153614044
38,11,0.028300000354647636
39,11,0.026599999517202377
40,11,0.052000001072883606
41,11,0.0551999993622303
42,11,0.04129999876022339
43,11,0.061400000005960464
44,11,0.04809999838471413
45,11,0.039900001138448715
46,11,0.02800000086426735
47,11,0.029999999329447746
48,11,0.017100000753998756
49,11,0.017400000244379044
50,11,0.022099999710917473
51,11,0.019700000062584877
52,11,0.01600000075995922
53,11,0.020600000396370888
54,11,0.03920000046491623
55,11,0.02710000053048134
56,11,0.024299999698996544
57,11,0.01269999984651804
58,11,0.0142000000923872
59,11,0.014800000004470348
60,11,0.013299999758601189
61,11,0.0333000011742115
62,11,0.03350000083446503
63,11,0.0364999994635582
64,11,0.032999999821186066
65,11,0.05640000104904175
66,11,0.055799998342990875
67,11,0.05480000004172325
68,11,0.08910000324249268
69,11,0.042100001126527786
70,11,0.04919999837875366
71,11,0.10239999741315842
72,11,0.10980000346899033
73,11,0.18799999356269836
74,11,0.11330000311136246
75,11,0.15719999372959137
76,11,0.16769999265670776
77,11,0.11890000104904175
78,11,0.09470000118017197
79,11,0.12309999763965607
80,11,0.18070000410079956
81,11,0.16760000586509705
82,11,0.10440000146627426
83,11,0.16979999840259552
84,11,0.15459999442100525
85,11,0.06459999829530716
86,11,0.15790000557899475
87,11,0.19349999725818634
88,11,0.17239999771118164
89,11,0.12280000001192093
90,11,0.14730000495910645
91,11,0.14949999749660492
92,11,0.12349999696016312
93,11,0.0731000006198883
94,11,0.06949999928474426
95,11,0.07930000126361847
96,11,0.0786999985575676
97,11,0.14300000667572021
98,11,0.08070000261068344
99,11,0.10279999673366547
100,11,0.1071000024676323
1,12,0.029200000688433647
2,12,0.042100001126527786
3,12,0.041099999099969864
4,12,0.06120000034570694
5,12,0.05640000104904175
6,12,0.05959999933838844
7,12,0.0575999990105629
8,12,0.07670000195503235
9,12,0.03660000115633011
10,12,0.03779999911785126
11,12,0.04010000079870224
12,12,0.08389999717473984
13,12,0.04349999874830246
14,12,0.04540000110864639
15,12,0.03840000182390213
16,12,0.04270000010728836
17,12,0.030799999833106995
18,12,0.07930000126361847
19,12,0.1031000018119812
20,12,0.12309999763965607
21,12,0.09030000120401382
22,12,0.14149999618530273
23,12,0.10289999842643738
24,12,0.09679999947547913
25,12,0.02250000089406967
26,12,0.3160000145435333
27,12,0.28700000047683716
28,12,0.3059999942779541
29,12,0.29499998688697815
30,12,0.30000001192092896
31,12,0.3070000112056732
32,12,0.3050000071525574
33,12,0.31200000643730164
34,12,0.30799999833106995
35,12,0.17010000348091125
36,12,0.06840000301599503
37,12,0.05139999836683273
38,12,0.028699999675154686
39,12,0.03449999913573265
40,12,0.05169999971985817
41,12,0.049300000071525574
42,12,0.029200000688433647
43,12,0.0471000000834465
44,12,0.0575999990105629
45,12,0.037300001829862595
46,12,0.02850000001490116
47,12,0.04619999974966049
48,12,0.027799999341368675
49,12,0.020600000396370888
50,12,0.01510000042617321
51,12,0.025599999353289604
52,12,0.020999999716877937
53,12,0.025299999862909317
54,12,0.03359999880194664
55,12,0.03629999980330467
56,12,0.031700000166893005
57,12,0.03420000150799751
58,12,0.019099999219179153
59,12,0.013500000350177288
60,12,0.01549999974668026
61,12,0.038600001484155655
62,12,0.0348999984562397
63,12,0.05590000003576279
64,12,0.04960000142455101
65,12,0.06700000166893005
66,12,0.08479999750852585
67,12,0.06870000064373016
68,12,0.07540000230073929
69,12,0.058800000697374344
70,12,0.06769999861717224
71,12,0.09910000115633011
72,12,0.11969999969005585
73,12,0.17630000412464142
74,12,0.13670000433921814
75,12,0.1477999985218048
76,12,0.09740000218153
77,12,0.08749999850988388
78,12,0.12150000035762787
79,12,0.1273999959230423
80,12,0.15530000627040863
81,12,0.13019999861717224
82,12,0.19020000100135803
83,12,0.16459999978542328
84,12,0.22630000114440918
85,12,0.12290000170469284
86,12,0.13860000669956207
87,12,0.15790000557899475
88,12,0.15940000116825104
89,12,0.1679999977350235
90,12,0.19059999287128448
91,12,0.12639999389648438
92,12,0.11490000039339066
93,12,0.06430000066757202
94,12,0.0763000026345253
95,12,0.045499999076128006
96,12,0.05979999899864197
97,12,0.057500001043081284
98,12,0.0689999982714653
99,12,0.07819999754428864
100,12,0.07569999992847443
1,13,0.07069999724626541
2,13,0.041099999099969864
3,13,0.039900001138448715
4,13,0.07400000095367432
5,13,0.06870000064373016
6,13,0.06610000133514404
7,13,0.05620000138878822
8,13,0.04910000041127205
9,13,0.051899999380111694
10,13,0.04960000142455101
11,13,0.07000000029802322
12,13,0.060100000351667404
13,13,0.07190000265836716
14,13,0.066600002348423
15,13,0.06809999793767929
16,13,0.08560000360012054
17,13,0.051899999380111694
18,13,0.09769999980926514
19,13,0.17749999463558197
20,13,0.1152999997138977
21,13,0.08309999853372574
22,13,0.13199999928474426
23,13,0.0860000029206276
24,13,0.08060000091791153
25,13,0.07109999656677246
26,13,0.07829999923706055
27,13,0.30300000309944153
28,13,0.3059999942779541
29,13,0.29600000381469727
30,13,0.28700000047683716
31,13,0.29499998688697815
32,13,0.28999999165534973
33,13,0.30000001192092896
34,13,0.2939999997615814
35,13,0.3019999861717224
36,13,0.1565999984741211
37,13,0.061400000005960464
38,13,0.048700001090765
39,13,0.05380000174045563
40,13,0.08609999716281891
41,13,0.057100001722574234
42,13,0.04659999907016754
43,13,0.03400000184774399
44,13,0.08609999716281891
45,13,0.057100001722574234
46,13,0.04910000041127205
47,13,0.04439999908208847
48,13,0.03020000085234642
49,13,0.024900000542402267
50,13,0.012000000104308128
51,13,0.020999999716877937
52,13,0.023800000548362732
53,13,0.031099999323487282
54,13,0.04340000078082085
55,13,0.045499999076128006
56,13,0.03139999881386757
57,13,0.019600000232458115
58,13,0.024700000882148743
59,13,0.020099999383091927
60,13,0.02710000053048134
61,13,0.03970000147819519
62,13,0.04089999943971634
63,13,0.05820000171661377
64,13,0.08739999681711197
65,13,0.08259999752044678
66,13,0.049800001084804535
67,13,0.054999999701976776
68,13,0.06360000371932983
69,13,0.0706000030040741
70,13,0.0625
71,13,0.08640000224113464
72,13,0.11969999969005585
73,13,0.20250000059604645
74,13,0.12880000472068787
75,13,0.13040000200271606
76,13,0.06270000338554382
77,13,0.08340000361204147
78,13,0.11999999731779099
79,13,0.16110000014305115
80,13,0.17069999873638153
81,13,0.16680000722408295
82,13,0.164000004529953
83,13,0.18860000371932983
84,13,0.17339999973773956
85,13,0.15129999816417694
86,13,0.23420000076293945
87,13,0.1762000024318695
88,13,0.21040000021457672
89,13,0.18410000205039978
90,13,0.11980000138282776
91,13,0.1535000056028366
92,13,0.18000000715255737
93,13,0.11630000174045563
94,13,0.12380000203847885
95,13,0.051100000739097595
96,13,0.05660000070929527
97,13,0.06520000100135803
98,13,0.050700001418590546
99,13,0.05869999900460243
100,13,0.06949999928474426
1,14,0.0414000004529953
2,14,0.04820000007748604
3,14,0.03400000184774399
4,14,0.042899999767541885
5,14,0.04280000180006027
6,14,0.05959999933838844
7,14,0.05770000070333481
8,14,0.04600000008940697
9,14,0.093299999833107
10,14,0.08590000122785568
11,14,0.05310000106692314
12,14,0.07819999754428864
13,14,0.046799998730421066
14,14,0.05590000003576279
15,14,0.09210000187158585
16,14,0.093299999833107
17,14,0.0560000017285347
18,14,0.08250000327825546
19,14,0.11810000240802765
20,14,0.06880000233650208
21,14,0.0812000036239624
22,14,0.09860000014305115
23,14,0.06769999861717224
24,14,0.014100000262260437
25,14,0.28700000047683716
26,14,0.3050000071525574
27,14,0.0414000004529953
28,14,0.3019999861717224
29,14,0.2919999957084656
30,14,0.3050000071525574
31,14,0.2980000078678131
32,14,0.28999999165534973
33,14,0.2980000078678131
34,14,0.29499998688697815
35,14,0.3089999854564667
36,14,0.3140000104904175
37,14,0.06870000064373016
38,14,0.04450000077486038
39,14,0.05380000174045563
40,14,0.06809999793767929
41,14,0.07159999758005142
42,14,0.053199999034404755
43,14,0.03240000084042549
44,14,0.05040000006556511
45,14,0.07699999958276749
46,14,0.08699999749660492
47,14,0.057500001043081284
48,14,0.03660000115633011
49,14,0.029100000858306885
50,14,0.026200000196695328
51,14,0.03400000184774399
52,14,0.04010000079870224
53,14,0.03739999979734421
54,14,0.041099999099969864
55,14,0.05270000174641609
56,14,0.0421999990940094
57,14,0.027000000700354576
58,14,0.025299999862909317
59,14,0.0284000001847744
60,14,0.02710000053048134
61,14,0.0333000011742115
62,14,0.021700000390410423
63,14,0.048900000751018524
64,14,0.04479999840259552
65,14,0.04650000110268593
66,14,0.05260000005364418
67,14,0.04780000075697899
68,14,0.05040000006556511
69,14,0.05249999836087227
70,14,0.061400000005960464
71,14,0.032499998807907104
72,14,0.039000000804662704
73,14,0.10750000178813934
74,14,0.12839999794960022
75,14,0.12229999899864197
76,14,0.06679999828338623
77,14,0.07540000230073929
78,14,0.11710000038146973
79,14,0.17260000109672546
80,14,0.20430000126361847
81,14,0.1460999995470047
82,14,0.07760000228881836
83,14,0.181099995970726
84,14,0.18610000610351562
85,14,0.1728000044822693
86,14,0.12470000237226486
87,14,0.21649999916553497
88,14,0.1550000011920929
89,14,0.12430000305175781
90,14,0.09740000218153
91,14,0.19339999556541443
92,14,0.20090000331401825
93,14,0.13699999451637268
94,14,0.10939999669790268
95,14,0.054499998688697815
96,14,0.052400000393390656
97,14,0.06419999897480011
98,14,0.0478999987244606
99,14,0.035599999129772186
100,14,0.041099999099969864
1,15,0.0632999986410141
2,15,0.03700000047683716
3,15,0.03150000050663948
4,15,0.029999999329447746
5,15,0.04410000145435333
6,15,0.07039999961853027
7,15,0.07609999924898148
8,15,0.051500000059604645
9,15,0.06019999831914902
10,15,0.039500001817941666
11,15,0.04919999837875366
12,15,0.0544000007212162
13,15,0.0551999993622303
14,15,0.0771000012755394
15,15,0.09700000286102295
16,15,0.08259999752044678
17,15,0.07930000126361847
18,15,0.15449999272823334
19,15,0.09000000357627869
20,15,0.10899999737739563
21,15,0.09470000118017197
22,15,0.09459999948740005
23,15,0.017999999225139618
24,15,0.29600000381469727
25,15,0.3109999895095825
26,15,0.3089999854564667
27,15,0.04769999906420708
28,15,0.30799999833106995
29,15,0.29600000381469727
30,15,0.29100000858306885
31,15,0.2980000078678131
32,15,0.2980000078678131
33,15,0.3050000071525574
34,15,0.29899999499320984
35,15,0.3140000104904175
36,15,0.3070000112056732
37,15,0.15029999613761902
38,15,0.03420000150799751
39,15,0.059700001031160355
40,15,0.051500000059604645
41,15,0.06809999793767929
42,15,0.0820000022649765
43,15,0.07500000298023224
44,15,0.06560000032186508
45,15,0.0754999965429306
46,15,0.07240000367164612
47,15,0.07660000026226044
48,15,0.05570000037550926
49,15,0.049400001764297485
50,15,0.05270000174641609
51,15,0.04619999974966049
52,15,0.05050000175833702
53,15,0.07190000265836716
54,15,0.0560000017285347
55,15,0.07810000330209732
56,15,0.09210000187158585
57,15,0.06300000101327896
58,15,0.04879999905824661
59,15,0.04309999942779541
60,15,0.03189999982714653
61,15,0.03620000183582306
62,15,0.03799999877810478
63,15,0.0348999984562397
64,15,0.03550000116229057
65,15,0.04309999942779541
66,15,0.040699999779462814
67,15,0.03929999843239784
68,15,0.039900001138448715
69,15,0.04780000075697899
70,15,0.055399999022483826
71,15,0.03550000116229057
72,15,0.04439999908208847
73,15,0.1316000074148178
74,15,0.1582999974489212
75,15,0.13529999554157257
76,15,0.11490000039339066
77,15,0.09120000153779984
78,15,0.10989999771118164
79,15,0.1234000027179718
80,15,0.12290000170469284
81,15,0.07670000195503235
82,15,0.08169999718666077
83,15,0.10180000215768814
84,15,0.11540000140666962
85,15,0.16349999606609344
86,15,0.20319999754428864
87,15,0.1589999943971634
88,15,0.13079999387264252
89,15,0.10869999974966049
90,15,0.13920000195503235
91,15,0.2215999960899353
92,15,0.18140000104904175
93,15,0.16429999470710754
94,15,0.11670000106096268
95,15,0.12210000306367874
96,15,0.051100000739097595
97,15,0.03359999880194664
98,15,0.025299999862909317
99,15,0.02879999950528145
100,15,0.030400000512599945
1,16,0.06199999898672104
2,16,0.03709999844431877
3,16,0.04690000042319298
4,16,0.041999999433755875
5,16,0.07590000331401825
6,16,0.09570000320672989
7,16,0.07779999822378159
8,16,0.04619999974966049
9,16,0.04529999941587448
10,16,0.0430000014603138
11,16,0.04179999977350235
12,16,0.04610000178217888
13,16,0.05480000004172325
14,16,0.06199999898672104
15,16,0.11150000244379044
16,16,0.0860000029206276
17,16,0.12710000574588776
18,16,0.10260000079870224
19,16,0.0763000026345253
20,16,0.1143999993801117
21,16,0.0869000032544136
22,16,0.024299999698996544
23,16,0.29499998688697815
24,16,0.27300000190734863
25,16,0.28999999165534973
26,16,0.296999990940094
27,16,0.296999990940094
28,16,0.08730000257492065
29,16,0.296999990940094
30,16,0.28299999237060547
31,16,0.3050000071525574
32,16,0.29899999499320984
33,16,0.30799999833106995
34,16,0.28299999237060547
35,16,0.296999990940094
36,16,0.30300000309944153
37,16,0.31700000166893005
38,16,0.0989999994635582
39,16,0.04919999837875366
40,16,0.06159999966621399
41,16,0.1120000034570694
42,16,0.07119999825954437
43,16,0.05270000174641609
44,16,0.058800000697374344
45,16,0.10300000011920929
46,16,0.15369999408721924
47,16,0.17080000042915344
48,16,0.08649999648332596
49,16,0.06710000336170197
50,16,0.04749999940395355
51,16,0.027899999171495438
52,16,0.03519999980926514
53,16,0.07150000333786011
54,16,0.0502999983727932
55,16,0.09449999779462814
56,16,0.06800000369548798
57,16,0.08100000023841858
58,16,0.07829999923706055
59,16,0.04699999839067459
60,16,0.04859999939799309
61,16,0.048500001430511475
62,16,0.028200000524520874
63,16,0.04540000110864639
64,16,0.029999999329447746
65,16,0.029100000858306885
66,16,0.06239999830722809
67,16,0.04490000009536743
68,16,0.04320000112056732
69,16,0.04410000145435333
70,16,0.04430000111460686
71,16,0.0738999992609024
72,16,0.09719999879598618
73,16,0.13910000026226044
74,16,0.1501999944448471
75,16,0.07259999960660934
76,16,0.13819999992847443
77,16,0.09080000221729279
78,16,0.09000000357627869
79,16,0.08980000019073486
80,16,0.07639999687671661
81,16,0.07039999961853027
82,16,0.11800000071525574
83,16,0.1664000004529953
84,16,0.1670999974012375
85,16,0.15889999270439148
86,16,0.2011999934911728
87,16,0.1550000011920929
88,16,0.16820000112056732
89,16,0.1460999995470047
90,16,0.13529999554157257
91,16,0.22300000488758087
92,16,0.20659999549388885
93,16,0.15360000729560852
94,16,0.15379999577999115
95,16,0.08839999884366989
96,16,0.043699998408555984
97,16,0.03999999910593033
98,16,0.03709999844431877
99,16,0.02370000071823597
100,16,0.0421999990940094
1,17,0.043800000101327896
2,17,0.06939999759197235
3,17,0.03880000114440918
4,17,0.04899999871850014
5,17,0.05429999902844429
6,17,0.07970000058412552
7,17,0.053300000727176666
8,17,0.03959999978542328
9,17,0.04500000178813934
10,17,0.04879999905824661
11,17,0.04610000178217888
12,17,0.06629999727010727
13,17,0.07100000232458115
14,17,0.041200000792741776
15,17,0.06019999831914902
16,17,0.07559999823570251
17,17,0.11909999698400497
18,17,0.06930000334978104
19,17,0.0957999974489212
20,17,0.09189999848604202
21,17,0.046799998730421066
22,17,0.30300000309944153
23,17,0.2939999997615814
24,17,0.28600001335144043
25,17,0.296999990940094
26,17,0.3050000071525574
27,17,0.30300000309944153
28,17,0.10329999774694443
29,17,0.1574999988079071
30,17,0.3009999990463257
31,17,0.28999999165534973
32,17,0.2980000078678131
33,17,0.29100000858306885
34,17,0.2750000059604645
35,17,0.3070000112056732
36,17,0.3050000071525574
37,17,0.3140000104904175
38,17,0.3199999928474426
39,17,0.3070000112056732
40,17,0.06030000001192093
41,17,0.09279999881982803
42,17,0.10980000346899033
43,17,0.06790000200271606
44,17,0.08229999989271164
45,17,0.10729999840259552
46,17,0.12380000203847885
47,17,0.14229999482631683
48,17,0.18469999730587006
49,17,0.10819999873638153
50,17,0.1396999955177307
51,17,0.07460000365972519
52,17,0.07559999823570251
53,17,0.08349999785423279
54,17,0.07880000025033951
55,17,0.08259999752044678
56,17,0.05090000107884407
57,17,0.09529999643564224
58,17,0.10740000009536743
59,17,0.0551999993622303
60,17,0.060499999672174454
61,17,0.026499999687075615
62,17,0.021700000390410423
63,17,0.04820000007748604
64,17,0.04830000177025795
65,17,0.06710000336170197
66,17,0.055799998342990875
67,17,0.04050000011920929
68,17,0.02250000089406967
69,17,0.025299999862909317
70,17,0.08079999685287476
71,17,0.09799999743700027
72,17,0.07429999858140945
73,17,0.1550000011920929
74,17,0.14409999549388885
75,17,0.16760000586509705
76,17,0.17560000717639923
77,17,0.11720000207424164
78,17,0.08399999886751175
79,17,0.12319999933242798
80,17,0.1468999981880188
81,17,0.11840000003576279
82,17,0.10090000182390213
83,17,0.17299999296665192
84,17,0.17260000109672546
85,17,0.15940000116825104
86,17,0.16169999539852142
87,17,0.17249999940395355
88,17,0.16290000081062317
89,17,0.1678999960422516
90,17,0.125900000333786
91,17,0.17630000412464142
92,17,0.11550000309944153
93,17,0.13369999825954437
94,17,0.093299999833107
95,17,0.05869999900460243
96,17,0.06379999965429306
97,17,0.0471000000834465
98,17,0.07109999656677246
99,17,0.039000000804662704
100,17,0.07280000299215317
1,18,0.05009999871253967
2,18,0.04450000077486038
3,18,0.05169999971985817
4,18,0.048700001090765
5,18,0.07079999893903732
6,18,0.07109999656677246
7,18,0.05339999869465828
8,18,0.058400001376867294
9,18,0.04190000146627426
10,18,0.06480000168085098
11,18,0.04800000041723251
12,18,0.04699999839067459
13,18,0.037300001829862595
14,18,0.041999999433755875
15,18,0.043800000101327896
16,18,0.05860000103712082
17,18,0.09849999845027924
18,18,0.07500000298023224
19,18,0.0471000000834465
20,18,0.12240000069141388
21,18,0.30000001192092896
22,18,0.30000001192092896
23,18,0.30300000309944153
24,18,0.28999999165534973
25,18,0.31299999356269836
26,18,0.3009999990463257
27,18,0.14579999446868896
28,18,0.08209999650716782
29,18,0.05310000106692314
30,18,0.30000001192092896
31,18,0.30000001192092896
32,18,0.29100000858306885
33,18,0.2809999883174896
34,18,0.2680000066757202
35,18,0.30399999022483826
36,18,0.30399999022483826
37,18,0.3019999861717224
38,18,0.3109999895095825
39,18,0.3160000145435333
40,18,0.3109999895095825
41,18,0.3089999854564667
42,18,0.05939999967813492
43,18,0.05249999836087227
44,18,0.09070000052452087
45,18,0.11270000040531158
46,18,0.11969999969005585
47,18,0.21950000524520874
48,18,0.12030000239610672
49,18,0.06129999831318855
50,18,0.09290000051259995
51,18,0.07419999688863754
52,18,0.10760000348091125
53,18,0.09629999846220016
54,18,0.09120000153779984
55,18,0.06400000303983688
56,18,0.058400001376867294
57,18,0.15240000188350677
58,18,0.1370999962091446
59,18,0.08799999952316284
60,18,0.08860000222921371
61,18,0.019899999722838402
62,18,0.022700000554323196
63,18,0.028200000524520874
64,18,0.02810000069439411
65,18,0.0414000004529953
66,18,0.04899999871850014
67,18,0.03420000150799751
68,18,0.02800000086426735
69,18,0.059300001710653305
70,18,0.060600001364946365
71,18,0.09929999709129333
72,18,0.10010000318288803
73,18,0.08389999717473984
74,18,0.1354999989271164
75,18,0.19009999930858612
76,18,0.1527000069618225
77,18,0.10130000114440918
78,18,0.13019999861717224
79,18,0.08100000023841858
80,18,0.12160000205039978
81,18,0.13079999387264252
82,18,0.11029999703168869
83,18,0.1266999989748001
84,18,0.14489999413490295
85,18,0.19629999995231628
86,18,0.21449999511241913
87,18,0.2134999930858612
88,18,0.19789999723434448
89,18,0.0925000011920929
90,18,0.16429999470710754
91,18,0.20229999721050262
92,18,0.15600000321865082
93,18,0.10920000076293945
94,18,0.11050000041723251
95,18,0.06239999830722809
96,18,0.04659999907016754
97,18,0.03420000150799751
98,18,0.053599998354911804
99,18,0.06199999898672104
100,18,0.07750000059604645
1,19,0.04149999842047691
2,19,0.054499998688697815
3,19,0.04230000078678131
4,19,0.04320000112056732
5,19,0.03880000114440918
6,19,0.026100000366568565
7,19,0.04560000076889992
8,19,0.07500000298023224
9,19,0.05739999935030937
10,19,0.0575999990105629
11,19,0.055799998342990875
12,19,0.04190000146627426
13,19,0.03310000151395798
14,19,0.03869999945163727
15,19,0.048900000751018524
16,19,0.03840000182390213
17,19,0.08619999885559082
18,19,0.06830000132322311
19,19,0.07919999957084656
20,19,0.30799999833106995
21,19,0.3140000104904175
22,19,0.29899999499320984
23,19,0.29899999499320984
24,19,0.2980000078678131
25,19,0.3100000023841858
26,19,0.28700000047683716
27,19,0.09560000151395798
28,19,0.0828000009059906
29,19,0.061900001019239426
30,19,0.036400001496076584
31,19,0.13860000669956207
32,19,0.296999990940094
33,19,0.08550000190734863
34,19,0.2840000092983246
35,19,0.28999999165534973
36,19,0.30399999022483826
37,19,0.3089999854564667
38,19,0.3100000023841858
39,19,0.3089999854564667
40,19,0.31700000166893005
41,19,0.3089999854564667
42,19,0.3050000071525574
43,19,0.3089999854564667
44,19,0.3089999854564667
45,19,0.1177000030875206
46,19,0.1599999964237213
47,19,0.16030000150203705
48,19,0.11400000005960464
49,19,0.09440000355243683
50,19,0.09749999642372131
51,19,0.06849999725818634
52,19,0.13989999890327454
53,19,0.17569999396800995
54,19,0.13529999554157257
55,19,0.1729000061750412
56,19,0.17980000376701355
57,19,0.22100000083446503
58,19,0.11289999634027481
59,19,0.08229999989271164
60,19,0.054999999701976776
61,19,0.03460000082850456
62,19,0.02969999983906746
63,19,0.022199999541044235
64,19,0.03359999880194664
65,19,0.04809999838471413
66,19,0.04569999873638153
67,19,0.04340000078082085
68,19,0.04540000110864639
69,19,0.07970000058412552
70,19,0.06129999831318855
71,19,0.05169999971985817
72,19,0.10980000346899033
73,19,0.15780000388622284
74,19,0.15029999613761902
75,19,0.17669999599456787
76,19,0.2281000018119812
77,19,0.14470000565052032
78,19,0.13860000669956207
79,19,0.10719999670982361
80,19,0.12060000002384186
81,19,0.08950000256299973
82,19,0.09619999676942825
83,19,0.1898999959230423
84,19,0.2046000063419342
85,19,0.2362000048160553
86,19,0.20499999821186066
87,19,0.22120000422000885
88,19,0.18970000743865967
89,19,0.1145000010728836
90,19,0.10429999977350235
91,19,0.09260000288486481
92,19,0.16009999811649323
93,19,0.09229999780654907
94,19,0.09830000251531601
95,19,0.05559999868273735
96,19,0.053199999034404755
97,19,0.057500001043081284
98,19,0.045899998396635056
99,19,0.052000001072883606
100,19,0.07959999889135361
1,20,0.07270000129938126
2,20,0.042899999767541885
3,20,0.05139999836683273
4,20,0.057999998331069946
5,20,0.03620000183582306
6,20,0.03970000147819519
7,20,0.05530000105500221
8,20,0.05090000107884407
9,20,0.05209999904036522
10,20,0.04830000177025795
11,20,0.05270000174641609
12,20,0.04580000042915344
13,20,0.03720000013709068
14,20,0.05299999937415123
15,20,0.04650000110268593
16,20,0.03550000116229057
17,20,0.060100000351667404
18,20,0.057100001722574234
19,20,0.11259999871253967
20,20,0.3190000057220459
21,20,0.3109999895095825
22,20,0.30000001192092896
23,20,0.3050000071525574
24,20,0.30000001192092896
25,20,0.3019999861717224
26,20,0.29899999499320984
27,20,0.050200000405311584
28,20,0.09189999848604202
29,20,0.06279999762773514
30,20,0.03200000151991844
31,20,0.047600001096725464
32,20,0.06710000336170197
33,20,0.05339999869465828
34,20,0.27900001406669617
35,20,0.2809999883174896
36,20,0.3009999990463257
37,20,0.3050000071525574
38,20,0.3089999854564667
39,20,0.31200000643730164
40,20,0.3140000104904175
41,20,0.3070000112056732
42,20,0.30399999022483826
43,20,0.3050000071525574
44,20,0.3190000057220459
45,20,0.33500000834465027
46,20,0.0414000004529953
47,20,0.16169999539852142
48,20,0.1460999995470047
49,20,0.09570000320672989
50,20,0.0771000012755394
51,20,0.08560000360012054
52,20,0.1670999974012375
53,20,0.19689999520778656
54,20,0.16449999809265137
55,20,0.1890999972820282
56,20,0.1128000020980835
57,20,0.22120000422000885
58,20,0.10270000249147415
59,20,0.09790000319480896
60,20,0.06210000067949295
61,20,0.04179999977350235
62,20,0.03229999914765358
63,20,0.03139999881386757
64,20,0.03959999978542328
65,20,0.05009999871253967
66,20,0.05310000106692314
67,20,0.0674000009894371
68,20,0.0494999997317791
69,20,0.05810000002384186
70,20,0.07150000333786011
71,20,0.06880000233650208
72,20,0.07989999651908875
73,20,0.1793999969959259
74,20,0.19269999861717224
75,20,0.1762000024318695
76,20,0.18930000066757202
77,20,0.22280000150203705
78,20,0.18000000715255737
79,20,0.1152999997138977
80,20,0.14970000088214874
81,20,0.11590000241994858
82,20,0.1046999990940094
83,20,0.08820000290870667
84,20,0.16290000081062317
85,20,0.17630000412464142
86,20,0.18850000202655792
87,20,0.18619999289512634
88,20,0.13729999959468842
89,20,0.1339000016450882
90,20,0.1177000030875206
91,20,0.11400000005960464
92,20,0.17059999704360962
93,20,0.10890000313520432
94,20,0.11500000208616257
95,20,0.05869999900460243
96,20,0.04170000180602074
97,20,0.05770000070333481
98,20,0.06549999862909317
99,20,0.065700002014637
100,20,0.061400000005960464
1,21,0.0478999987244606
2,21,0.028200000524520874
3,21,0.04100000113248825
4,21,0.04450000077486038
5,21,0.06589999794960022
6,21,0.04470000043511391
7,21,0.06289999932050705
8,21,0.03959999978542328
9,21,0.04010000079870224
10,21,0.059300001710653305
11,21,0.07519999891519547
12,21,0.04560000076889992
13,21,0.03970000147819519
14,21,0.056699998676776886
15,21,0.06710000336170197
16,21,0.06319999694824219
17,21,0.08529999852180481
18,21,0.11069999635219574
19,21,0.30799999833106995
20,21,0.32199999690055847
21,21,0.33399999141693115
22,21,0.31299999356269836
23,21,0.30000001192092896
24,21,0.3009999990463257
25,21,0.29899999499320984
26,21,0.10170000046491623
27,21,0.04690000042319298
28,21,0.049300000071525574
29,21,0.040699999779462814
30,21,0.0625
31,21,0.038100000470876694
32,21,0.06889999657869339
33,21,0.06319999694824219
34,21,0.05249999836087227
35,21,0.09539999812841415
36,21,0.29100000858306885
37,21,0.30000001192092896
38,21,0.31299999356269836
39,21,0.3109999895095825
40,21,0.3149999976158142
41,21,0.29899999499320984
42,21,0.289000004529953
43,21,0.31299999356269836
44,21,0.3230000138282776
45,21,0.335999995470047
46,21,0.34700000286102295
47,21,0.32899999618530273
48,21,0.335999995470047
49,21,0.12790000438690186
50,21,0.11869999766349792
51,21,0.10849999636411667
52,21,0.11270000040531158
53,21,0.1046999990940094
54,21,0.10589999705553055
55,21,0.10849999636411667
56,21,0.1704999953508377
57,21,0.227400004863739
58,21,0.21040000021457672
59,21,0.1932000070810318
60,21,0.11999999731779099
61,21,0.06360000371932983
62,21,0.0430000014603138
63,21,0.05420000106096268
64,21,0.09160000085830688
65,21,0.0860000029206276
66,21,0.07720000296831131
67,21,0.10819999873638153
68,21,0.10670000314712524
69,21,0.08640000224113464
70,21,0.0771000012755394
71,21,0.09009999781847
72,21,0.09019999951124191
73,21,0.09549999982118607
74,21,0.1324000060558319
75,21,0.16060000658035278
76,21,0.17059999704360962
77,21,0.20739999413490295
78,21,0.14249999821186066
79,21,0.15379999577999115
80,21,0.13660000264644623
81,21,0.09279999881982803
82,21,0.10180000215768814
83,21,0.07739999890327454
84,21,0.11999999731779099
85,21,0.125
86,21,0.13609999418258667
87,21,0.16779999434947968
88,21,0.12020000070333481
89,21,0.13840000331401825
90,21,0.1429000049829483
91,21,0.12080000340938568
92,21,0.11010000109672546
93,21,0.11550000309944153
94,21,0.08349999785423279
95,21,0.04639999940991402
96,21,0.05999999865889549
97,21,0.0763000026345253
98,21,0.05779999867081642
99,21,0.06970000267028809
100,21,0.08609999716281891
1,22,0.06239999830722809
2,22,0.051899999380111694
3,22,0.06289999932050705
4,22,0.06480000168085098
5,22,0.07930000126361847
6,22,0.06970000267028809
7,22,0.052000001072883606
8,22,0.04569999873638153
9,22,0.035999998450279236
10,22,0.051500000059604645
11,22,0.04960000142455101
12,22,0.049800001084804535
13,22,0.06270000338554382
14,22,0.09749999642372131
15,22,0.06880000233650208
16,22,0.07419999688863754
17,22,0.10289999842643738
18,22,0.10080000013113022
19,22,0.3149999976158142
20,22,0.3109999895095825
21,22,0.31200000643730164
22,22,0.29899999499320984
23,22,0.3050000071525574
24,22,0.296999990940094
25,22,0.28999999165534973
26,22,0.12240000069141388
27,22,0.061000000685453415
28,22,0.04560000076889992
29,22,0.03759999945759773
30,22,0.053300000727176666
31,22,0.05400000140070915
32,22,0.06239999830722809
33,22,0.06769999861717224
34,22,0.062199998646974564
35,22,0.10890000313520432
36,22,0.0608999989926815
37,22,0.05730000138282776
38,22,0.30300000309944153
39,22,0.3230000138282776
40,22,0.32499998807907104
41,22,0.3140000104904175
42,22,0.29339998960494995
43,22,0.296999990940094
44,22,0.3109999895095825
45,22,0.3230000138282776
46,22,0.328000009059906
47,22,0.328000009059906
48,22,0.34299999475479126
49,22,0.34700000286102295
50,22,0.3474000096321106
51,22,0.03959999978542328
52,22,0.13220000267028809
53,22,0.1225999966263771
54,22,0.11869999766349792
55,22,0.11029999703168869
56,22,0.18950000405311584
57,22,0.2395000010728836
58,22,0.19120000302791595
59,22,0.19349999725818634
60,22,0.16009999811649323
61,22,0.09319999814033508
62,22,0.09939999878406525
63,22,0.06549999862909317
64,22,0.06989999860525131
65,22,0.08829999715089798
66,22,0.09989999979734421
67,22,0.11509999632835388
68,22,0.06599999964237213
69,22,0.0697999969124794
70,22,0.08760000020265579
71,22,0.11140000075101852
72,22,0.12030000239610672
73,22,0.05590000003576279
74,22,0.06419999897480011
75,22,0.08950000256299973
76,22,0.15219999849796295
77,22,0.1307000070810318
78,22,0.08720000088214874
79,22,0.10719999670982361
80,22,0.15379999577999115
81,22,0.10779999941587448
82,22,0.13330000638961792
83,22,0.1655000001192093
84,22,0.13580000400543213
85,22,0.11710000038146973
86,22,0.16349999606609344
87,22,0.19599999487400055
88,22,0.1542000025510788
89,22,0.18019999563694
90,22,0.19120000302791595
91,22,0.17389999330043793
92,22,0.15489999949932098
93,22,0.13950000703334808
94,22,0.09459999948740005
95,22,0.05299999937415123
96,22,0.040699999779462814
97,22,0.06809999793767929
98,22,0.02810000069439411
99,22,0.04619999974966049
100,22,0.06960000097751617
1,23,0.14380000531673431
2,23,0.12210000306367874
3,23,0.08590000122785568
4,23,0.06480000168085098
5,23,0.08030000329017639
6,23,0.043699998408555984
7,23,0.0544000007212162
8,23,0.043299999088048935
9,23,0.02630000002682209
10,23,0.031700000166893005
11,23,0.03970000147819519
12,23,0.06719999760389328
13,23,0.09549999982118607
14,23,0.07739999890327454
15,23,0.08389999717473984
16,23,0.13210000097751617
17,23,0.14249999821186066
18,23,0.30799999833106995
19,23,0.328000009059906
20,23,0.30799999833106995
21,23,0.3009999990463257
22,23,0.29899999499320984
23,23,0.3019999861717224
24,23,0.3019999861717224
25,23,0.29600000381469727
26,23,0.07450000196695328
27,23,0.05660000070929527
28,23,0.08380000293254852
29,23,0.07530000060796738
30,23,0.08320000022649765
31,23,0.07940000295639038
32,23,0.05900000035762787
33,23,0.07460000365972519
34,23,0.0722000002861023
35,23,0.05530000105500221
36,23,0.04149999842047691
37,23,0.03929999843239784
38,23,0.039000000804662704
39,23,0.05299999937415123
40,23,0.07739999890327454
41,23,0.30300000309944153
42,23,0.29600000381469727
43,23,0.2980000078678131
44,23,0.3050000071525574
45,23,0.3149999976158142
46,23,0.3384000062942505
47,23,0.3269999921321869
48,23,0.32100000977516174
49,23,0.34200000762939453
50,23,0.34769999980926514
51,23,0.3465000092983246
52,23,0.3179999887943268
53,23,0.012600000016391277
54,23,0.09679999947547913
55,23,0.10350000113248825
56,23,0.16820000112056732
57,23,0.24449999630451202
58,23,0.22370000183582306
59,23,0.17739999294281006
60,23,0.13750000298023224
61,23,0.14219999313354492
62,23,0.10490000247955322
63,23,0.10170000046491623
64,23,0.07829999923706055
65,23,0.0868000015616417
66,23,0.1111999973654747
67,23,0.13910000026226044
68,23,0.1145000010728836
69,23,0.0940999984741211
70,23,0.08259999752044678
71,23,0.11569999903440475
72,23,0.10450000315904617
73,23,0.06889999657869339
74,23,0.10660000145435333
75,23,0.14470000565052032
76,23,0.11129999905824661
77,23,0.1800999939441681
78,23,0.12690000236034393
79,23,0.07859999686479568
80,23,0.09600000083446503
81,23,0.12080000340938568
82,23,0.18170000612735748
83,23,0.16110000014305115
84,23,0.1542000025510788
85,23,0.1527000069618225
86,23,0.18629999458789825
87,23,0.17479999363422394
88,23,0.1185000017285347
89,23,0.14470000565052032
90,23,0.19280000030994415
91,23,0.18449999392032623
92,23,0.11659999936819077
93,23,0.08190000057220459
94,23,0.0640999972820282
95,23,0.05779999867081642
96,23,0.049400001764297485
97,23,0.04820000007748604
98,23,0.04580000042915344
99,23,0.06440000236034393
100,23,0.05220000073313713
1,24,0.13609999418258667
2,24,0.1145000010728836
3,24,0.1160999983549118
4,24,0.07119999825954437
5,24,0.0689999982714653
6,24,0.029600000008940697
7,24,0.043800000101327896
8,24,0.03060000017285347
9,24,0.031599998474121094
10,24,0.03180000185966492
11,24,0.031599998474121094
12,24,0.03150000050663948
13,24,0.07169999927282333
14,24,0.0794999971985817
15,24,0.08739999681711197
16,24,0.16110000014305115
17,24,0.08820000290870667
18,24,0.3100000023841858
19,24,0.3230000138282776
20,24,0.328000009059906
21,24,0.3050000071525574
22,24,0.29600000381469727
23,24,0.2980000078678131
24,24,0.2939999997615814
25,24,0.12060000002384186
26,24,0.1446000039577484
27,24,0.05570000037550926
28,24,0.046799998730421066
29,24,0.08510000258684158
30,24,0.07689999788999557
31,24,0.06549999862909317
32,24,0.06589999794960022
33,24,0.07760000228881836
34,24,0.060600001364946365
35,24,0.043299999088048935
36,24,0.031199999153614044
37,24,0.03220000118017197
38,24,0.021900000050663948
39,24,0.04699999839067459
40,24,0.06120000034570694
41,24,0.041600000113248825
42,24,0.13680000603199005
43,24,0.3059999942779541
44,24,0.30000001192092896
45,24,0.3149999976158142
46,24,0.32899999618530273
47,24,0.3269999921321869
48,24,0.32499998807907104
49,24,0.335999995470047
50,24,0.33500000834465027
51,24,0.34599998593330383
52,24,0.3319999873638153
53,24,0.3409999907016754
54,24,0.32499998807907104
55,24,0.0754999965429306
56,24,0.19740000367164612
57,24,0.23489999771118164
58,24,0.20640000700950623
59,24,0.17990000545978546
60,24,0.15600000321865082
61,24,0.09309999644756317
62,24,0.11069999635219574
63,24,0.10840000212192535
64,24,0.09679999947547913
65,24,0.10779999941587448
66,24,0.09160000085830688
67,24,0.10419999808073044
68,24,0.08290000259876251
69,24,0.07349999994039536
70,24,0.10599999874830246
71,24,0.12380000203847885
72,24,0.1145000010728836
73,24,0.07370000332593918
74,24,0.11240000277757645
75,24,0.19429999589920044
76,24,0.13600000739097595
77,24,0.10859999805688858
78,24,0.10180000215768814
79,24,0.06849999725818634
80,24,0.149399995803833
81,24,0.21660000085830688
82,24,0.1712000072002411
83,24,0.22869999706745148
84,24,0.1956000030040741
85,24,0.18690000474452972
86,24,0.15199999511241913
87,24,0.1589999943971634
88,24,0.16779999434947968
89,24,0.12280000001192093
90,24,0.12319999933242798
91,24,0.10700000077486038
92,24,0.06480000168085098
93,24,0.08380000293254852
94,24,0.06800000369548798
95,24,0.06939999759197235
96,24,0.049800001084804535
97,24,0.045099999755620956
98,24,0.04540000110864639
99,24,0.04349999874830246
100,24,0.04540000110864639
1,25,0.08869999647140503
2,25,0.1120000034570694
3,25,0.10859999805688858
4,25,0.0723000019788742
5,25,0.06340000033378601
6,25,0.020099999383091927
7,25,0.03590000048279762
8,25,0.039000000804662704
9,25,0.024000000208616257
10,25,0.03180000185966492
11,25,0.02850000001490116
12,25,0.0340999998152256
13,25,0.05169999971985817
14,25,0.06199999898672104
15,25,0.10350000113248825
16,25,0.1899999976158142
17,25,0.14309999346733093
18,25,0.3050000071525574
19,25,0.328000009059906
20,25,0.32100000977516174
21,25,0.3140000104904175
22,25,0.30300000309944153
23,25,0.3019999861717224
24,25,0.3059999942779541
25,25,0.3109999895095825
26,25,0.09099999815225601
27,25,0.08839999884366989
28,25,0.06960000097751617
29,25,0.06909999996423721
30,25,0.05999999865889549
31,25,0.056299999356269836
32,25,0.04129999876022339
33,25,0.04280000180006027
34,25,0.04089999943971634
35,25,0.0340999998152256
36,25,0.030799999833106995
37,25,0.0203000009059906
38,25,0.017899999395012856
39,25,0.02979999966919422
40,25,0.026599999517202377
41,25,0.050999999046325684
42,25,0.07450000196695328
43,25,0.044599998742341995
44,25,0.07559999823570251
45,25,0.0934000015258789
46,25,0.32600000500679016
47,25,0.33500000834465027
48,25,0.33399999141693115
49,25,0.335999995470047
50,25,0.32499998807907104
51,25,0.34540000557899475
52,25,0.3330000042915344
53,25,0.328000009059906
54,25,0.3269999921321869
55,25,0.3330000042915344
56,25,0.34200000762939453
57,25,0.2004999965429306
58,25,0.1720999926328659
59,25,0.10019999742507935
60,25,0.12559999525547028
61,25,0.1014999970793724
62,25,0.11840000003576279
63,25,0.09390000253915787
64,25,0.06989999860525131
65,25,0.10189999639987946
66,25,0.09849999845027924
67,25,0.13519999384880066
68,25,0.10899999737739563
69,25,0.10700000077486038
70,25,0.0706000030040741
71,25,0.1582999974489212
72,25,0.08449999988079071
73,25,0.08470000326633453
74,25,0.17550000548362732
75,25,0.19769999384880066
76,25,0.11129999905824661
77,25,0.06560000032186508
78,25,0.0723000019788742
79,25,0.05299999937415123
80,25,0.13089999556541443
81,25,0.14659999310970306
82,25,0.14970000088214874
83,25,0.1436000019311905
84,25,0.18119999766349792
85,25,0.13609999418258667
86,25,0.17139999568462372
87,25,0.11089999973773956
88,25,0.15039999783039093
89,25,0.11559999734163284
90,25,0.094200000166893
91,25,0.093299999833107
92,25,0.07500000298023224
93,25,0.1031000018119812
94,25,0.057500001043081284
95,25,0.0575999990105629
96,25,0.04580000042915344
97,25,0.03460000082850456
98,25,0.041600000113248825
99,25,0.07329999655485153
100,25,0.05380000174045563
1,26,0.06260000169277191
2,26,0.08760000020265579
3,26,0.0697999969124794
4,26,0.07129999995231628
5,26,0.0430000014603138
6,26,0.04270000010728836
7,26,0.04050000011920929
8,26,0.03420000150799751
9,26,0.038100000470876694
10,26,0.02630000002682209
11,26,0.03240000084042549
12,26,0.03539999946951866
13,26,0.04830000177025795
14,26,0.043299999088048935
15,26,0.10010000318288803
16,26,0.1273999959230423
17,26,0.3240000009536743
18,26,0.30799999833106995
19,26,0.3269999921321869
20,26,0.32199999690055847
21,26,0.3070000112056732
22,26,0.3059999942779541
23,26,0.3050000071525574
24,26,0.32600000500679016
25,26,0.31700000166893005
26,26,0.1574999988079071
27,26,0.09910000115633011
28,26,0.09629999846220016
29,26,0.07760000228881836
30,26,0.05429999902844429
31,26,0.037300001829862595
32,26,0.02879999950528145
33,26,0.038100000470876694
34,26,0.04699999839067459
35,26,0.03449999913573265
36,26,0.02500000037252903
37,26,0.025499999523162842
38,26,0.02590000070631504
39,26,0.026100000366568565
40,26,0.033799998462200165
41,26,0.06019999831914902
42,26,0.05090000107884407
43,26,0.060600001364946365
44,26,0.08950000256299973
45,26,0.0544000007212162
46,26,0.03150000050663948
47,26,0.34380000829696655
48,26,0.33500000834465027
49,26,0.3336000144481659
50,26,0.3149999976158142
51,26,0.32899999618530273
52,26,0.3449999988079071
53,26,0.3400000035762787
54,26,0.3359000086784363
55,26,0.3330000042915344
56,26,0.34200000762939453
57,26,0.3400000035762787
58,26,0.3529999852180481
59,26,0.07109999656677246
60,26,0.08110000193119049
61,26,0.10700000077486038
62,26,0.0729999989271164
63,26,0.05640000104904175
64,26,0.08150000125169754
65,26,0.16110000014305115
66,26,0.1868000030517578
67,26,0.13369999825954437
68,26,0.09769999980926514
69,26,0.1454000025987625
70,26,0.15680000185966492
71,26,0.09740000218153
72,26,0.12729999423027039
73,26,0.16290000081062317
74,26,0.1941000074148178
75,26,0.20190000534057617
76,26,0.11429999768733978
77,26,0.05979999899864197
78,26,0.052000001072883606
79,26,0.09149999916553497
80,26,0.13529999554157257
81,26,0.19629999995231628
82,26,0.17430000007152557
83,26,0.15889999270439148
84,26,0.19359999895095825
85,26,0.13199999928474426
86,26,0.22139999270439148
87,26,0.19699999690055847
88,26,0.1459999978542328
89,26,0.156700000166893
90,26,0.08910000324249268
91,26,0.1046999990940094
92,26,0.06430000066757202
93,26,0.0794999971985817
94,26,0.048900000751018524
95,26,0.038600001484155655
96,26,0.035599999129772186
97,26,0.029400000348687172
98,26,0.05909999832510948
99,26,0.07880000025033951
100,26,0.07190000265836716
1,27,0.09560000151395798
2,27,0.06480000168085098
3,27,0.05979999899864197
4,27,0.15479999780654907
5,27,0.11800000071525574
6,27,0.061400000005960464
7,27,0.03370000049471855
8,27,0.045899998396635056
9,27,0.04699999839067459
10,27,0.043699998408555984
11,27,0.03180000185966492
12,27,0.02319999970495701
13,27,0.04740000143647194
14,27,0.05810000002384186
15,27,0.10289999842643738
16,27,0.09359999746084213
17,27,0.3179999887943268
18,27,0.3100000023841858
19,27,0.3240000009536743
20,27,0.3330000042915344
21,27,0.3149999976158142
22,27,0.30550000071525574
23,27,0.3172000050544739
24,27,0.3240000009536743
25,27,0.32120001316070557
26,27,0.3050000071525574
27,27,0.16830000281333923
28,27,0.07090000063180923
29,27,0.04780000075697899
30,27,0.026200000196695328
31,27,0.028300000354647636
32,27,0.037700001150369644
33,27,0.07000000029802322
34,27,0.04919999837875366
35,27,0.031599998474121094
36,27,0.03550000116229057
37,27,0.021800000220537186
38,27,0.03790000081062317
39,27,0.048700001090765
40,27,0.05350000038743019
41,27,0.06729999929666519
42,27,0.05460000038146973
43,27,0.04879999905824661
44,27,0.061900001019239426
45,27,0.06369999796152115
46,27,0.0738999992609024
47,27,0.08709999918937683
48,27,0.017100000753998756
49,27,0.3449999988079071
50,27,0.3231000006198883
51,27,0.3330000042915344
52,27,0.335999995470047
53,27,0.3472000062465668
54,27,0.3418999910354614
55,27,0.3449999988079071
56,27,0.3379000127315521
57,27,0.31700000166893005
58,27,0.328000009059906
59,27,0.33500000834465027
60,27,0.05220000073313713
61,27,0.09459999948740005
62,27,0.08349999785423279
63,27,0.05429999902844429
64,27,0.10249999910593033
65,27,0.16019999980926514
66,27,0.19220000505447388
67,27,0.20669999718666077
68,27,0.11159999668598175
69,27,0.09839999675750732
70,27,0.11339999735355377
71,27,0.14869999885559082
72,27,0.12700000405311584
73,27,0.20069999992847443
74,27,0.12219999730587006
75,27,0.08839999884366989
76,27,0.11909999698400497
77,27,0.07410000264644623
78,27,0.06419999897480011
79,27,0.09279999881982803
80,27,0.15800000727176666
81,27,0.10649999976158142
82,27,0.15780000388622284
83,27,0.10700000077486038
84,27,0.13330000638961792
85,27,0.10540000349283218
86,27,0.10570000112056732
87,27,0.17100000381469727
88,27,0.17479999363422394
89,27,0.15289999544620514
90,27,0.0658000037074089
91,27,0.06620000302791595
92,27,0.053599998354911804
93,27,0.05530000105500221
94,27,0.050599999725818634
95,27,0.035100001841783524
96,27,0.03539999946951866
97,27,0.032499998807907104
98,27,0.039900001138448715
99,27,0.07000000029802322
100,27,0.06040000170469284
1,28,0.09030000120401382
2,28,0.08839999884366989
3,28,0.07500000298023224
4,28,0.08839999884366989
5,28,0.05609999969601631
6,28,0.05590000003576279
7,28,0.044599998742341995
8,28,0.03440000116825104
9,28,0.030300000682473183
10,28,0.03759999945759773
11,28,0.03970000147819519
12,28,0.061500001698732376
13,28,0.042899999767541885
14,28,0.06809999793767929
15,28,0.066600002348423
16,28,0.15760000050067902
17,28,0.328000009059906
18,28,0.3050000071525574
19,28,0.3070000112056732
20,28,0.3240000009536743
21,28,0.32199999690055847
22,28,0.3149999976158142
23,28,0.3050000071525574
24,28,0.3140000104904175
25,28,0.30799999833106995
26,28,0.29899999499320984
27,28,0.3160000145435333
28,28,0.1565999984741211
29,28,0.04839999973773956
30,28,0.04520000144839287
31,28,0.042899999767541885
32,28,0.039000000804662704
33,28,0.05350000038743019
34,28,0.050200000405311584
35,28,0.027400000020861626
36,28,0.02449999935925007
37,28,0.026100000366568565
38,28,0.042899999767541885
39,28,0.05469999834895134
40,28,0.057500001043081284
41,28,0.06729999929666519
42,28,0.05939999967813492
43,28,0.08150000125169754
44,28,0.0689999982714653
45,28,0.03779999911785126
46,28,0.06949999928474426
47,28,0.06030000001192093
48,28,0.03819999843835831
49,28,0.049800001084804535
50,28,0.0414000004529953
51,28,0.328900009393692
52,28,0.3269999921321869
53,28,0.335999995470047
54,28,0.34200000762939453
55,28,0.3361999988555908
56,28,0.33219999074935913
57,28,0.33399999141693115
58,28,0.328000009059906
59,28,0.3366999924182892
60,28,0.3240000009536743
61,28,0.32199999690055847
62,28,0.05979999899864197
63,28,0.06430000066757202
64,28,0.07440000027418137
65,28,0.09260000288486481
66,28,0.14350000023841858
67,28,0.13809999823570251
68,28,0.14219999313354492
69,28,0.125
70,28,0.07890000194311142
71,28,0.08259999752044678
72,28,0.13369999825954437
73,28,0.15889999270439148
74,28,0.09989999979734421
75,28,0.093299999833107
76,28,0.08789999783039093
77,28,0.10980000346899033
78,28,0.07519999891519547
79,28,0.11860000342130661
80,28,0.11810000240802765
81,28,0.07890000194311142
82,28,0.11980000138282776
83,28,0.09910000115633011
84,28,0.11980000138282776
85,28,0.12470000237226486
86,28,0.12389999628067017
87,28,0.1467999964952469
88,28,0.1770000010728836
89,28,0.12210000306367874
90,28,0.0957999974489212
91,28,0.07519999891519547
92,28,0.05640000104904175
93,28,0.029899999499320984
94,28,0.046300001442432404
95,28,0.051600001752376556
96,28,0.05820000171661377
97,28,0.05999999865889549
98,28,0.03739999979734421
99,28,0.03739999979734421
100,28,0.03539999946951866
1,29,0.0771000012755394
2,29,0.09390000253915787
3,29,0.06679999828338623
4,29,0.0632999986410141
5,29,0.033900000154972076
6,29,0.032499998807907104
7,29,0.0430000014603138
8,29,0.0471000000834465
9,29,0.041600000113248825
10,29,0.02669999934732914
11,29,0.031300000846385956
12,29,0.02930000051856041
13,29,0.04699999839067459
14,29,0.05000000074505806
15,29,0.07479999959468842
16,29,0.07530000060796738
17,29,0.12240000069141388
18,29,0.3160000145435333
19,29,0.30799999833106995
20,29,0.3269999921321869
21,29,0.3199999928474426
22,29,0.3109999895095825
23,29,0.3140000104904175
24,29,0.3140000104904175
25,29,0.3070000112056732
26,29,0.3100000023841858
27,29,0.30799999833106995
28,29,0.3109999895095825
29,29,0.1728000044822693
30,29,0.037700001150369644
31,29,0.02669999934732914
32,29,0.04520000144839287
33,29,0.05530000105500221
34,29,0.044599998742341995
35,29,0.031199999153614044
36,29,0.03400000184774399
37,29,0.04320000112056732
38,29,0.04439999908208847
39,29,0.0632999986410141
40,29,0.06849999725818634
41,29,0.06780000030994415
42,29,0.04729999974370003
43,29,0.02889999933540821
44,29,0.04830000177025795
45,29,0.03720000013709068
46,29,0.04100000113248825
47,29,0.05460000038146973
48,29,0.040800001472234726
49,29,0.04270000010728836
50,29,0.024900000542402267
51,29,0.03869999945163727
52,29,0.03869999945163727
53,29,0.328000009059906
54,29,0.3330000042915344
55,29,0.33500000834465027
56,29,0.3366999924182892
57,29,0.32600000500679016
58,29,0.34700000286102295
59,29,0.33799999952316284
60,29,0.3449999988079071
61,29,0.3230000138282776
62,29,0.30799999833106995
63,29,0.09000000357627869
64,29,0.06610000133514404
65,29,0.0957999974489212
66,29,0.1509000062942505
67,29,0.13670000433921814
68,29,0.12880000472068787
69,29,0.13120000064373016
70,29,0.11959999799728394
71,29,0.10429999977350235
72,29,0.09260000288486481
73,29,0.09549999982118607
74,29,0.0860000029206276
75,29,0.07760000228881836
76,29,0.10480000078678131
77,29,0.08560000360012054
78,29,0.06930000334978104
79,29,0.07779999822378159
80,29,0.09880000352859497
81,29,0.10239999741315842
82,29,0.13109999895095825
83,29,0.11879999935626984
84,29,0.12309999763965607
85,29,0.11259999871253967
86,29,0.13169999420642853
87,29,0.1379999965429306
88,29,0.16050000488758087
89,29,0.1216999962925911
90,29,0.1251000016927719
91,29,0.07150000333786011
92,29,0.043800000101327896
93,29,0.02979999966919422
94,29,0.03269999846816063
95,29,0.04320000112056732
96,29,0.04670000076293945
97,29,0.042100001126527786
98,29,0.03370000049471855
99,29,0.024800000712275505
100,29,0.05400000140070915
1,30,0.06350000202655792
2,30,0.08389999717473984
3,30,0.08630000054836273
4,30,0.048900000751018524
5,30,0.05640000104904175
6,30,0.0786999985575676
7,30,0.06909999996423721
8,30,0.06560000032186508
9,30,0.04500000178813934
10,30,0.04560000076889992
11,30,0.03849999979138374
12,30,0.02889999933540821
13,30,0.06069999933242798
14,30,0.0640999972820282
15,30,0.06040000170469284
16,30,0.046799998730421066
17,30,0.07320000231266022
18,30,0.1889999955892563
19,30,0.3149999976158142
20,30,0.3269999921321869
21,30,0.3199999928474426
22,30,0.3149999976158142
23,30,0.3140000104904175
24,30,0.3190000057220459
25,30,0.32499998807907104
26,30,0.30799999833106995
27,30,0.3149999976158142
28,30,0.31299999356269836
29,30,0.3278999924659729
30,30,0.16380000114440918
31,30,0.03420000150799751
32,30,0.05169999971985817
33,30,0.051500000059604645
34,30,0.04450000077486038
35,30,0.045099999755620956
36,30,0.04600000008940697
37,30,0.048500001430511475
38,30,0.059700001031160355
39,30,0.08179999887943268
40,30,0.07020000368356705
41,30,0.05209999904036522
42,30,0.04569999873638153
43,30,0.027699999511241913
44,30,0.05139999836683273
45,30,0.07039999961853027
46,30,0.10350000113248825
47,30,0.08259999752044678
48,30,0.05050000175833702
49,30,0.04769999906420708
50,30,0.03460000082850456
51,30,0.05220000073313713
52,30,0.0471000000834465
53,30,0.06390000134706497
54,30,0.08550000190734863
55,30,0.3269999921321869
56,30,0.32499998807907104
57,30,0.3255999982357025
58,30,0.34299999475479126
59,30,0.33500000834465027
60,30,0.33500000834465027
61,30,0.3199999928474426
62,30,0.3140000104904175
63,30,0.3140000104904175
64,30,0.3100000023841858
65,30,0.0414000004529953
66,30,0.12080000340938568
67,30,0.14650000631809235
68,30,0.15410000085830688
69,30,0.12039999663829803
70,30,0.0908999964594841
71,30,0.06459999829530716
72,30,0.1501999944448471
73,30,0.09040000289678574
74,30,0.1468999981880188
75,30,0.1031000018119812
76,30,0.12160000205039978
77,30,0.10689999908208847
78,30,0.09309999644756317
79,30,0.05909999832510948
80,30,0.08100000023841858
81,30,0.07169999927282333
82,30,0.0771000012755394
83,30,0.17059999704360962
84,30,0.12060000002384186
85,30,0.1120000034570694
86,30,0.10649999976158142
87,30,0.09839999675750732
88,30,0.1145000010728836
89,30,0.1128000020980835
90,30,0.09319999814033508
91,30,0.07739999890327454
92,30,0.0632999986410141
93,30,0.03680000081658363
94,30,0.03590000048279762
95,30,0.035599999129772186
96,30,0.042100001126527786
97,30,0.048900000751018524
98,30,0.04800000041723251
99,30,0.04560000076889992
100,30,0.07599999755620956
1,31,0.0771000012755394
2,31,0.10599999874830246
3,31,0.0828000009059906
4,31,0.0868000015616417
5,31,0.05559999868273735
6,31,0.06610000133514404
7,31,0.08560000360012054
8,31,0.08160000294446945
9,31,0.0706000030040741
10,31,0.0706000030040741
11,31,0.04830000177025795
12,31,0.050999999046325684
13,31,0.04580000042915344
14,31,0.04780000075697899
15,31,0.06019999831914902
16,31,0.07959999889135361
17,31,0.09040000289678574
18,31,0.12030000239610672
19,31,0.16290000081062317
20,31,0.3230000138282776
21,31,0.328000009059906
22,31,0.32899999618530273
23,31,0.3190000057220459
24,31,0.3109999895095825
25,31,0.3109999895095825
26,31,0.3140000104904175
27,31,0.31700000166893005
28,31,0.3190000057220459
29,31,0.32199999690055847
30,31,0.31700000166893005
31,31,0.30300000309944153
32,31,0.05770000070333481
33,31,0.07959999889135361
34,31,0.06310000270605087
35,31,0.052400000393390656
36,31,0.055399999022483826
37,31,0.08380000293254852
38,31,0.08240000158548355
39,31,0.08269999921321869
40,31,0.05590000003576279
41,31,0.06350000202655792
42,31,0.03150000050663948
43,31,0.027499999850988388
44,31,0.03519999980926514
45,31,0.05119999870657921
46,31,0.0763000026345253
47,31,0.06449999660253525
48,31,0.07639999687671661
49,31,0.07069999724626541
50,31,0.08349999785423279
51,31,0.0658000037074089
52,31,0.06509999930858612
53,31,0.04749999940395355
54,31,0.04490000009536743
55,31,0.32199999690055847
56,31,0.32899999618530273
57,31,0.32499998807907104
58,31,0.32499998807907104
59,31,0.3240000009536743
60,31,0.3330000042915344
61,31,0.3240000009536743
62,31,0.3109999895095825
63,31,0.3179999887943268
64,31,0.3230000138282776
65,31,0.11339999735355377
66,31,0.12690000236034393
67,31,0.11620000004768372
68,31,0.1168999969959259
69,31,0.08760000020265579
70,31,0.05640000104904175
71,31,0.03629999980330467
72,31,0.0697999969124794
73,31,0.13019999861717224
74,31,0.09319999814033508
75,31,0.07509999722242355
76,31,0.09160000085830688
77,31,0.0414000004529953
78,31,0.07440000027418137
79,31,0.07249999791383743
80,31,0.07530000060796738
81,31,0.05889999866485596
82,31,0.09629999846220016
83,31,0.12729999423027039
84,31,0.10859999805688858
85,31,0.15160000324249268
86,31,0.08910000324249268
87,31,0.1462000012397766
88,31,0.13269999623298645
89,31,0.13169999420642853
90,31,0.07349999994039536
91,31,0.0869000032544136
92,31,0.047600001096725464
93,31,0.059300001710653305
94,31,0.03660000115633011
95,31,0.04560000076889992
96,31,0.031300000846385956
97,31,0.06360000371932983
98,31,0.052299998700618744
99,31,0.04500000178813934
100,31,0.042100001126527786
1,32,0.09440000355243683
2,32,0.08799999952316284
3,32,0.07119999825954437
4,32,0.06859999895095825
5,32,0.08049999922513962
6,32,0.10859999805688858
7,32,0.09790000319480896
8,32,0.10580000281333923
9,32,0.09030000120401382
10,32,0.04149999842047691
11,32,0.060100000351667404
12,32,0.03970000147819519
13,32,0.040300000458955765
14,32,0.033900000154972076
15,32,0.04320000112056732
16,32,0.07699999958276749
17,32,0.131400004029274
18,32,0.14329999685287476
19,32,0.15389999747276306
20,32,0.1565999984741211
21,32,0.31700000166893005
22,32,0.32600000500679016
23,32,0.3140000104904175
24,32,0.3140000104904175
25,32,0.3059000074863434
26,32,0.328000009059906
27,32,0.3043000102043152
28,32,0.31700000166893005
29,32,0.32199999690055847
30,32,0.3140000104904175
31,32,0.30399999022483826
32,32,0.13680000603199005
33,32,0.06419999897480011
34,32,0.11980000138282776
35,32,0.05950000137090683
36,32,0.03550000116229057
37,32,0.048500001430511475
38,32,0.05480000004172325
39,32,0.05009999871253967
40,32,0.03799999877810478
41,32,0.07079999893903732
42,32,0.042899999767541885
43,32,0.04360000044107437
44,32,0.04690000042319298
45,32,0.03929999843239784
46,32,0.07050000131130219
47,32,0.05810000002384186
48,32,0.10010000318288803
49,32,0.052000001072883606
50,32,0.09030000120401382
51,32,0.08299999684095383
52,32,0.04600000008940697
53,32,0.05009999871253967
54,32,0.0430000014603138
55,32,0.05310000106692314
56,32,0.15119999647140503
57,32,0.3240000009536743
58,32,0.3230000138282776
59,32,0.3240000009536743
60,32,0.335999995470047
61,32,0.3240000009536743
62,32,0.31299999356269836
63,32,0.31700000166893005
64,32,0.3140000104904175
65,32,0.3109999895095825
66,32,0.14669999480247498
67,32,0.11060000211000443
68,32,0.07339999824762344
69,32,0.09650000184774399
70,32,0.052799999713897705
71,32,0.04170000180602074
72,32,0.05119999870657921
73,32,0.10719999670982361
74,32,0.10740000009536743
75,32,0.08479999750852585
76,32,0.09749999642372131
77,32,0.05909999832510948
78,32,0.059300001710653305
79,32,0.05990000069141388
80,32,0.06759999692440033
81,32,0.09059999883174896
82,32,0.09939999878406525
83,32,0.1460999995470047
84,32,0.15610000491142273
85,32,0.1534000039100647
86,32,0.15489999949932098
87,32,0.22550000250339508
88,32,0.19429999589920044
89,32,0.0997999981045723
90,32,0.06589999794960022
91,32,0.057999998331069946
92,32,0.052400000393390656
93,32,0.06520000100135803
94,32,0.04699999839067459
95,32,0.039799999445676804
96,32,0.03539999946951866
97,32,0.03629999980330467
98,32,0.05389999970793724
99,32,0.04910000041127205
100,32,0.06210000067949295
1,33,0.048900000751018524
2,33,0.06759999692440033
3,33,0.05380000174045563
4,33,0.07050000131130219
5,33,0.09380000084638596
6,33,0.10040000081062317
7,33,0.0729999989271164
8,33,0.05139999836683273
9,33,0.06369999796152115
10,33,0.04600000008940697
11,33,0.044599998742341995
12,33,0.06319999694824219
13,33,0.0568000003695488
14,33,0.026200000196695328
15,33,0.04050000011920929
16,33,0.07280000299215317
17,33,0.10980000346899033
18,33,0.16120000183582306
19,33,0.09860000014305115
20,33,0.10350000113248825
21,33,0.15299999713897705
22,33,0.32499998807907104
23,33,0.3160000145435333
24,33,0.2980000078678131
25,33,0.3059999942779541
26,33,0.30799999833106995
27,33,0.3190000057220459
28,33,0.3230000138282776
29,33,0.3109999895095825
30,33,0.30799999833106995
31,33,0.29499998688697815
32,33,0.09629999846220016
33,33,0.08190000057220459
34,33,0.08839999884366989
35,33,0.08980000019073486
36,33,0.06129999831318855
37,33,0.05990000069141388
38,33,0.04610000178217888
39,33,0.040699999779462814
40,33,0.04479999840259552
41,33,0.05270000174641609
42,33,0.03959999978542328
43,33,0.05009999871253967
44,33,0.05260000005364418
45,33,0.07750000059604645
46,33,0.07090000063180923
47,33,0.06560000032186508
48,33,0.07670000195503235
49,33,0.061400000005960464
50,33,0.133200004696846
51,33,0.12280000001192093
52,33,0.07270000129938126
53,33,0.10450000315904617
54,33,0.05530000105500221
55,33,0.05310000106692314
56,33,0.15119999647140503
57,33,0.18000000715255737
58,33,0.3269999921321869
59,33,0.3140000104904175
60,33,0.32899999618530273
61,33,0.3230000138282776
62,33,0.3089999854564667
63,33,0.3100000023841858
64,33,0.3140000104904175
65,33,0.3070000112056732
66,33,0.149399995803833
67,33,0.057999998331069946
68,33,0.054999999701976776
69,33,0.03539999946951866
70,33,0.03909999877214432
71,33,0.0737999975681305
72,33,0.03739999979734421
73,33,0.05869999900460243
74,33,0.07270000129938126
75,33,0.09040000289678574
76,33,0.09539999812841415
77,33,0.0812000036239624
78,33,0.10130000114440918
79,33,0.09350000321865082
80,33,0.09290000051259995
81,33,0.1062999963760376
82,33,0.09719999879598618
83,33,0.12290000170469284
84,33,0.13169999420642853
85,33,0.15279999375343323
86,33,0.18700000643730164
87,33,0.21439999341964722
88,33,0.14069999754428864
89,33,0.08760000020265579
90,33,0.07460000365972519
91,33,0.06300000101327896
92,33,0.03449999913573265
93,33,0.05299999937415123
94,33,0.04839999973773956
95,33,0.06750000268220901
96,33,0.039799999445676804
97,33,0.03689999878406525
98,33,0.08229999989271164
99,33,0.06949999928474426
100,33,0.08940000087022781
1,34,0.04639999940991402
2,34,0.06769999861717224
3,34,0.05939999967813492
4,34,0.07370000332593918
5,34,0.09880000352859497
6,34,0.10540000349283218
7,34,0.04450000077486038
8,34,0.05730000138282776
9,34,0.05420000106096268
10,34,0.1005999967455864
11,34,0.08139999955892563
12,34,0.07349999994039536
13,34,0.05180000141263008
14,34,0.033799998462200165
15,34,0.02850000001490116
16,34,0.057999998331069946
17,34,0.09799999743700027
18,34,0.09049999713897705
19,34,0.07360000163316727
20,34,0.06530000269412994
21,34,0.04050000011920929
22,34,0.03779999911785126
23,34,0.29600000381469727
24,34,0.30300000309944153
25,34,0.28999999165534973
26,34,0.2980000078678131
27,34,0.30300000309944153
28,34,0.3149999976158142
29,34,0.3160000145435333
30,34,0.3059999942779541
31,34,0.30000001192092896
32,34,0.30300000309944153
33,34,0.16740000247955322
34,34,0.06159999966621399
35,34,0.09359999746084213
36,34,0.048900000751018524
37,34,0.07850000262260437
38,34,0.0658000037074089
39,34,0.050700001418590546
40,34,0.051100000739097595
41,34,0.06199999898672104
42,34,0.04580000042915344
43,34,0.04280000180006027
44,34,0.0575999990105629
45,34,0.052400000393390656
46,34,0.04490000009536743
47,34,0.06129999831318855
48,34,0.05770000070333481
49,34,0.05999999865889549
50,34,0.08179999887943268
51,34,0.11550000309944153
52,34,0.09730000048875809
53,34,0.08649999648332596
54,34,0.1542000025510788
55,34,0.06870000064373016
56,34,0.049800001084804535
57,34,0.131400004029274
58,34,0.3240000009536743
59,34,0.32499998807907104
60,34,0.328000009059906
61,34,0.32600000500679016
62,34,0.3089999854564667
63,34,0.3160000145435333
64,34,0.3140000104904175
65,34,0.29899999499320984
66,34,0.15029999613761902
67,34,0.03229999914765358
68,34,0.03849999979138374
69,34,0.06159999966621399
70,34,0.05389999970793724
71,34,0.06520000100135803
72,34,0.042100001126527786
73,34,0.07540000230073929
74,34,0.0754999965429306
75,34,0.07880000025033951
76,34,0.10840000212192535
77,34,0.131400004029274
78,34,0.12870000302791595
79,34,0.125
80,34,0.0738999992609024
81,34,0.17000000178813934
82,34,0.1501999944448471
83,34,0.12559999525547028
84,34,0.10599999874830246
85,34,0.1096000000834465
86,34,0.16689999401569366
87,34,0.21040000021457672
88,34,0.15880000591278076
89,34,0.14390000700950623
90,34,0.13699999451637268
91,34,0.05420000106096268
92,34,0.048900000751018524
93,34,0.05719999969005585
94,34,0.06480000168085098
95,34,0.04919999837875366
96,34,0.04780000075697899
97,34,0.02449999935925007
98,34,0.03799999877810478
99,34,0.053300000727176666
100,34,0.06129999831318855
1,35,0.026200000196695328
2,35,0.039900001138448715
3,35,0.05380000174045563
4,35,0.0868000015616417
5,35,0.12860000133514404
6,35,0.08990000188350677
7,35,0.07329999655485153
8,35,0.05860000103712082
9,35,0.06759999692440033
10,35,0.059700001031160355
11,35,0.04399999976158142
12,35,0.06520000100135803
13,35,0.052000001072883606
14,35,0.04749999940395355
15,35,0.039000000804662704
16,35,0.05429999902844429
17,35,0.08139999955892563
18,35,0.08089999854564667
19,35,0.09809999912977219
20,35,0.05139999836683273
21,35,0.052000001072883606
22,35,0.060100000351667404
23,35,0.15839999914169312
24,35,0.29600000381469727
25,35,0.2919999957084656
26,35,0.30399999022483826
27,35,0.30799999833106995
28,35,0.3199999928474426
29,35,0.3140000104904175
30,35,0.3160000145435333
31,35,0.3050000071525574
32,35,0.3009999990463257
33,35,0.29899999499320984
34,35,0.30399999022483826
35,35,0.07450000196695328
36,35,0.0723000019788742
37,35,0.08340000361204147
38,35,0.06260000169277191
39,35,0.061400000005960464
40,35,0.07540000230073929
41,35,0.054499998688697815
42,35,0.04960000142455101
43,35,0.04089999943971634
44,35,0.05119999870657921
45,35,0.06679999828338623
46,35,0.08980000019073486
47,35,0.09319999814033508
48,35,0.0551999993622303
49,35,0.05869999900460243
50,35,0.07100000232458115
51,35,0.05590000003576279
52,35,0.08420000225305557
53,35,0.08630000054836273
54,35,0.11909999698400497
55,35,0.11460000276565552
56,35,0.05909999832510948
57,35,0.04010000079870224
58,35,0.31200000643730164
59,35,0.3160000145435333
60,35,0.3240000009536743
61,35,0.3269999921321869
62,35,0.3199999928474426
63,35,0.3230000138282776
64,35,0.31700000166893005
65,35,0.3089999854564667
66,35,0.2980000078678131
67,35,0.025100000202655792
68,35,0.0414000004529953
69,35,0.04659999907016754
70,35,0.07540000230073929
71,35,0.07500000298023224
72,35,0.06019999831914902
73,35,0.07779999822378159
74,35,0.08709999918937683
75,35,0.08190000057220459
76,35,0.09030000120401382
77,35,0.12129999697208405
78,35,0.13670000433921814
79,35,0.14980000257492065
80,35,0.10040000081062317
81,35,0.20419999957084656
82,35,0.10779999941587448
83,35,0.0925000011920929
84,35,0.0997999981045723
85,35,0.1623000055551529
86,35,0.17139999568462372
87,35,0.15940000116825104
88,35,0.09099999815225601
89,35,0.09189999848604202
90,35,0.06120000034570694
91,35,0.07689999788999557
92,35,0.08699999749660492
93,35,0.05860000103712082
94,35,0.08449999988079071
95,35,0.06129999831318855
96,35,0.03830000013113022
97,35,0.06909999996423721
98,35,0.04749999940395355
99,35,0.036400001496076584
100,35,0.035599999129772186
1,36,0.04050000011920929
2,36,0.04259999841451645
3,36,0.06830000132322311
4,36,0.0723000019788742
5,36,0.05490000173449516
6,36,0.10220000147819519
7,36,0.06350000202655792
8,36,0.0877000018954277
9,36,0.06809999793767929
10,36,0.08240000158548355
11,36,0.08089999854564667
12,36,0.04670000076293945
13,36,0.05719999969005585
14,36,0.04839999973773956
15,36,0.06350000202655792
16,36,0.043699998408555984
17,36,0.05999999865889549
18,36,0.03200000151991844
19,36,0.035599999129772186
20,36,0.03180000185966492
21,36,0.043699998408555984
22,36,0.027799999341368675
23,36,0.16830000281333923
24,36,0.3019999861717224
25,36,0.29899999499320984
26,36,0.3019999861717224
27,36,0.30000001192092896
28,36,0.3109999895095825
29,36,0.3160000145435333
30,36,0.31299999356269836
31,36,0.3070000112056732
32,36,0.3100000023841858
33,36,0.2879999876022339
34,36,0.2809999883174896
35,36,0.28700000047683716
36,36,0.06840000301599503
37,36,0.05779999867081642
38,36,0.04450000077486038
39,36,0.05779999867081642
40,36,0.06790000200271606
41,36,0.061400000005960464
42,36,0.04800000041723251
43,36,0.08160000294446945
44,36,0.07249999791383743
45,36,0.05480000004172325
46,36,0.0754999965429306
47,36,0.06759999692440033
48,36,0.065700002014637
49,36,0.08540000021457672
50,36,0.10790000110864639
51,36,0.05209999904036522
52,36,0.06560000032186508
53,36,0.10010000318288803
54,36,0.10109999775886536
55,36,0.12160000205039978
56,36,0.08749999850988388
57,36,0.05139999836683273
58,36,0.11879999935626984
59,36,0.3330000042915344
60,36,0.32899999618530273
61,36,0.31700000166893005
62,36,0.3163999915122986
63,36,0.3109999895095825
64,36,0.3269999921321869
65,36,0.3041999936103821
66,36,0.13590000569820404
67,36,0.04690000042319298
68,36,0.05779999867081642
69,36,0.08030000329017639
70,36,0.0608999989926815
71,36,0.07559999823570251
72,36,0.04149999842047691
73,36,0.05490000173449516
74,36,0.08609999716281891
75,36,0.066600002348423
76,36,0.06499999761581421
77,36,0.06960000097751617
78,36,0.06560000032186508
79,36,0.1014999970793724
80,36,0.0877000018954277
81,36,0.10419999808073044
82,36,0.1080000028014183
83,36,0.0940999984741211
84,36,0.14710000157356262
85,36,0.10610000044107437
86,36,0.12280000001192093
87,36,0.09629999846220016
88,36,0.09380000084638596
89,36,0.08789999783039093
90,36,0.04780000075697899
91,36,0.05900000035762787
92,36,0.03819999843835831
93,36,0.06620000302791595
94,36,0.04500000178813934
95,36,0.040699999779462814
96,36,0.03539999946951866
97,36,0.040699999779462814
98,36,0.03920000046491623
99,36,0.02669999934732914
100,36,0.027899999171495438
1,37,0.03290000185370445
2,37,0.043299999088048935
3,37,0.07760000228881836
4,37,0.08259999752044678
5,37,0.11069999635219574
6,37,0.12030000239610672
7,37,0.10920000076293945
8,37,0.10350000113248825
9,37,0.08330000191926956
10,37,0.0754999965429306
11,37,0.0843999981880188
12,37,0.06239999830722809
13,37,0.05400000140070915
14,37,0.05730000138282776
15,37,0.04430000111460686
16,37,0.033799998462200165
17,37,0.0421999990940094
18,37,0.02319999970495701
19,37,0.033399999141693115
20,37,0.039799999445676804
21,37,0.027499999850988388
22,37,0.022600000724196434
23,37,0.02669999934732914
24,37,0.17100000381469727
25,37,0.28999999165534973
26,37,0.3109999895095825
27,37,0.29600000381469727
28,37,0.29600000381469727
29,37,0.3240000009536743
30,37,0.3190000057220459
31,37,0.3100000023841858
32,37,0.3278999924659729
33,37,0.3059999942779541
34,37,0.30300000309944153
35,37,0.28600001335144043
36,37,0.2849999964237213
37,37,0.29899999499320984
38,37,0.07320000231266022
39,37,0.04989999905228615
40,37,0.09210000187158585
41,37,0.07689999788999557
42,37,0.09319999814033508
43,37,0.09309999644756317
44,37,0.0723000019788742
45,37,0.06120000034570694
46,37,0.07569999992847443
47,37,0.07900000363588333
48,37,0.07240000367164612
49,37,0.09510000050067902
50,37,0.12129999697208405
51,37,0.06539999693632126
52,37,0.05139999836683273
53,37,0.07989999651908875
54,37,0.10350000113248825
55,37,0.0820000022649765
56,37,0.10289999842643738
57,37,0.15299999713897705
58,37,0.3160000145435333
59,37,0.33399999141693115
60,37,0.32600000500679016
61,37,0.328000009059906
62,37,0.3330000042915344
63,37,0.3109999895095825
64,37,0.32100000977516174
65,37,0.3070000112056732
66,37,0.04569999873638153
67,37,0.05550000071525574
68,37,0.06499999761581421
69,37,0.0869000032544136
70,37,0.08579999953508377
71,37,0.057999998331069946
72,37,0.052000001072883606
73,37,0.057500001043081284
74,37,0.05480000004172325
75,37,0.04670000076293945
76,37,0.06719999760389328
77,37,0.0640999972820282
78,37,0.07970000058412552
79,37,0.10019999742507935
80,37,0.10350000113248825
81,37,0.06909999996423721
82,37,0.07199999690055847
83,37,0.08609999716281891
84,37,0.09109999984502792
85,37,0.07800000160932541
86,37,0.08709999918937683
87,37,0.0723000019788742
88,37,0.06159999966621399
89,37,0.04699999839067459
90,37,0.06880000233650208
91,37,0.04690000042319298
92,37,0.03449999913573265
93,37,0.03959999978542328
94,37,0.03920000046491623
95,37,0.03480000048875809
96,37,0.04170000180602074
97,37,0.02879999950528145
98,37,0.03590000048279762
99,37,0.029600000008940697
100,37,0.03720000013709068
1,38,0.038600001484155655
2,38,0.04390000179409981
3,38,0.05079999938607216
4,38,0.06679999828338623
5,38,0.08699999749660492
6,38,0.066600002348423
7,38,0.06849999725818634
8,38,0.054999999701976776
9,38,0.10599999874830246
10,38,0.07169999927282333
11,38,0.10540000349283218
12,38,0.07779999822378159
13,38,0.07280000299215317
14,38,0.06199999898672104
15,38,0.03920000046491623
16,38,0.028300000354647636
17,38,0.029200000688433647
18,38,0.03700000047683716
19,38,0.03150000050663948
20,38,0.03819999843835831
21,38,0.02630000002682209
22,38,0.02850000001490116
23,38,0.022299999371170998
24,38,0.024800000712275505
25,38,0.29600000381469727
26,38,0.3089999854564667
27,38,0.31700000166893005
28,38,0.29899999499320984
29,38,0.3199999928474426
30,38,0.32899999618530273
31,38,0.3070000112056732
32,38,0.3199999928474426
33,38,0.3089999854564667
34,38,0.296999990940094
35,38,0.2879999876022339
36,38,0.29600000381469727
37,38,0.30000001192092896
38,38,0.11249999701976776
39,38,0.08910000324249268
40,38,0.09719999879598618
41,38,0.08240000158548355
42,38,0.11289999634027481
43,38,0.10329999774694443
44,38,0.08649999648332596
45,38,0.0568000003695488
46,38,0.06880000233650208
47,38,0.051899999380111694
48,38,0.12430000305175781
49,38,0.1671999990940094
50,38,0.14560000598430634
51,38,0.10279999673366547
52,38,0.11760000139474869
53,38,0.1014999970793724
54,38,0.056699998676776886
55,38,0.0754999965429306
56,38,0.06759999692440033
57,38,0.04520000144839287
58,38,0.3330000042915344
59,38,0.33799999952316284
60,38,0.31299999356269836
61,38,0.31200000643730164
62,38,0.3070000112056732
63,38,0.30000001192092896
64,38,0.3140000104904175
65,38,0.296999990940094
66,38,0.05040000006556511
67,38,0.059300001710653305
68,38,0.08980000019073486
69,38,0.08100000023841858
70,38,0.10769999772310257
71,38,0.06629999727010727
72,38,0.09860000014305115
73,38,0.08869999647140503
74,38,0.049800001084804535
75,38,0.07199999690055847
76,38,0.059700001031160355
77,38,0.05779999867081642
78,38,0.10740000009536743
79,38,0.12219999730587006
80,38,0.09269999712705612
81,38,0.1031000018119812
82,38,0.08470000326633453
83,38,0.11559999734163284
84,38,0.05310000106692314
85,38,0.05770000070333481
86,38,0.07689999788999557
87,38,0.0575999990105629
88,38,0.07199999690055847
89,38,0.049400001764297485
90,38,0.061799999326467514
91,38,0.049800001084804535
92,38,0.026399999856948853
93,38,0.02669999934732914
94,38,0.021299999207258224
95,38,0.024299999698996544
96,38,0.017999999225139618
97,38,0.03240000084042549
98,38,0.021700000390410423
99,38,0.0203000009059906
100,38,0.02280000038444996
1,39,0.06960000097751617
2,39,0.042100001126527786
3,39,0.04179999977350235
4,39,0.04230000078678131
5,39,0.06729999929666519
6,39,0.04500000178813934
7,39,0.04749999940395355
8,39,0.048900000751018524
9,39,0.06809999793767929
10,39,0.08389999717473984
11,39,0.10000000149011612
12,39,0.13410000503063202
13,39,0.10899999737739563
14,39,0.06629999727010727
15,39,0.04600000008940697
16,39,0.032999999821186066
17,39,0.025299999862909317
18,39,0.029100000858306885
19,39,0.026900000870227814
20,39,0.03790000081062317
21,39,0.029400000348687172
22,39,0.028699999675154686
23,39,0.033799998462200165
24,39,0.04170000180602074
25,39,0.03759999945759773
26,39,0.16380000114440918
27,39,0.32600000500679016
28,39,0.32100000977516174
29,39,0.3160000145435333
30,39,0.3240000009536743
31,39,0.3009999990463257
32,39,0.3240000009536743
33,39,0.3070000112056732
34,39,0.30399999022483826
35,39,0.2980000078678131
36,39,0.3019999861717224
37,39,0.3059999942779541
38,39,0.06509999930858612
39,39,0.11129999905824661
40,39,0.08139999955892563
41,39,0.08940000087022781
42,39,0.06729999929666519
43,39,0.14149999618530273
44,39,0.13330000638961792
45,39,0.11089999973773956
46,39,0.06920000165700912
47,39,0.08990000188350677
48,39,0.08980000019073486
49,39,0.13289999961853027
50,39,0.14159999787807465
51,39,0.10239999741315842
52,39,0.11909999698400497
53,39,0.1251000016927719
54,39,0.08389999717473984
55,39,0.06939999759197235
56,39,0.07440000027418137
57,39,0.1817999929189682
58,39,0.32499998807907104
59,39,0.33500000834465027
60,39,0.32600000500679016
61,39,0.31700000166893005
62,39,0.3050000071525574
63,39,0.3019999861717224
64,39,0.29899999499320984
65,39,0.09269999712705612
66,39,0.03970000147819519
67,39,0.050599999725818634
68,39,0.07079999893903732
69,39,0.11309999972581863
70,39,0.1324000060558319
71,39,0.08839999884366989
72,39,0.16099999845027924
73,39,0.0949999988079071
74,39,0.08030000329017639
75,39,0.05590000003576279
76,39,0.07410000264644623
77,39,0.10199999809265137
78,39,0.11760000139474869
79,39,0.09040000289678574
80,39,0.07419999688863754
81,39,0.06319999694824219
82,39,0.093299999833107
83,39,0.07259999960660934
84,39,0.05660000070929527
85,39,0.08500000089406967
86,39,0.04500000178813934
87,39,0.049800001084804535
88,39,0.04659999907016754
89,39,0.05389999970793724
90,39,0.04170000180602074
91,39,0.020800000056624413
92,39,0.02669999934732914
93,39,0.013299999758601189
94,39,0.012199999764561653
95,39,0.017999999225139618
96,39,0.020999999716877937
97,39,0.02250000089406967
98,39,0.02370000071823597
99,39,0.025699999183416367
100,39,0.018200000748038292
1,40,0.08510000258684158
2,40,0.05000000074505806
3,40,0.03869999945163727
4,40,0.05959999933838844
5,40,0.0544000007212162
6,40,0.040699999779462814
7,40,0.0471000000834465
8,40,0.05719999969005585
9,40,0.0658000037074089
10,40,0.10700000077486038
11,40,0.09910000115633011
12,40,0.08429999649524689
13,40,0.07100000232458115
14,40,0.08049999922513962
15,40,0.050599999725818634
16,40,0.03680000081658363
17,40,0.02250000089406967
18,40,0.021800000220537186
19,40,0.026900000870227814
20,40,0.04149999842047691
21,40,0.028699999675154686
22,40,0.039799999445676804
23,40,0.01860000006854534
24,40,0.026499999687075615
25,40,0.03400000184774399
26,40,0.045499999076128006
27,40,0.04749999940395355
28,40,0.13770000636577606
29,40,0.30799999833106995
30,40,0.3089999854564667
31,40,0.3140000104904175
32,40,0.328000009059906
33,40,0.29899999499320984
34,40,0.30399999022483826
35,40,0.3050000071525574
36,40,0.30000001192092896
37,40,0.3034000098705292
38,40,0.13410000503063202
39,40,0.10830000042915344
40,40,0.08250000327825546
41,40,0.07779999822378159
42,40,0.06589999794960022
43,40,0.1356000006198883
44,40,0.1444000005722046
45,40,0.12399999797344208
46,40,0.05739999935030937
47,40,0.11159999668598175
48,40,0.09210000187158585
49,40,0.10909999907016754
50,40,0.1264999955892563
51,40,0.14000000059604645
52,40,0.14710000157356262
53,40,0.10350000113248825
54,40,0.0731000006198883
55,40,0.07479999959468842
56,40,0.06889999657869339
57,40,0.35749998688697815
58,40,0.3310000002384186
59,40,0.3240000009536743
60,40,0.3269999921321869
61,40,0.31299999356269836
62,40,0.3050000071525574
63,40,0.3009999990463257
64,40,0.29100000858306885
65,40,0.04230000078678131
66,40,0.04500000178813934
67,40,0.05290000140666962
68,40,0.09229999780654907
69,40,0.15870000422000885
70,40,0.11869999766349792
71,40,0.1436000019311905
72,40,0.17980000376701355
73,40,0.10930000245571136
74,40,0.0478999987244606
75,40,0.03550000116229057
76,40,0.05380000174045563
77,40,0.06769999861717224
78,40,0.07450000196695328
79,40,0.09790000319480896
80,40,0.10869999974966049
81,40,0.0786999985575676
82,40,0.07129999995231628
83,40,0.07270000129938126
84,40,0.08250000327825546
85,40,0.04430000111460686
86,40,0.04740000143647194
87,40,0.05889999866485596
88,40,0.04100000113248825
89,40,0.03500000014901161
90,40,0.028200000524520874
91,40,0.02850000001490116
92,40,0.018699999898672104
93,40,0.016300000250339508
94,40,0.012199999764561653
95,40,0.01119999960064888
96,40,0.013799999840557575
97,40,0.02019999921321869
98,40,0.017100000753998756
99,40,0.009499999694526196
100,40,0.02370000071823597
1,41,0.05620000138878822
2,41,0.03799999877810478
3,41,0.04149999842047691
4,41,0.04340000078082085
5,41,0.0617000013589859
6,41,0.04050000011920929
7,41,0.07240000367164612
8,41,0.053599998354911804
9,41,0.050200000405311584
10,41,0.04360000044107437
11,41,0.053300000727176666
12,41,0.04050000011920929
13,41,0.05550000071525574
14,41,0.07540000230073929
15,41,0.06469999998807907
16,41,0.050700001418590546
17,41,0.05260000005364418
18,41,0.03420000150799751
19,41,0.028699999675154686
20,41,0.03720000013709068
21,41,0.025100000202655792
22,41,0.02250000089406967
23,41,0.02710000053048134
24,41,0.0421999990940094
25,41,0.05460000038146973
26,41,0.04349999874830246
27,41,0.04780000075697899
28,41,0.05090000107884407
29,41,0.3269999921321869
30,41,0.3230000138282776
31,41,0.3089999854564667
32,41,0.3149999976158142
33,41,0.3199999928474426
34,41,0.3179999887943268
35,41,0.2980000078678131
36,41,0.29100000858306885
37,41,0.30300000309944153
38,41,0.3109999895095825
39,41,0.11969999969005585
40,41,0.13050000369548798
41,41,0.05939999967813492
42,41,0.08669999986886978
43,41,0.10999999940395355
44,41,0.13600000739097595
45,41,0.11460000276565552
46,41,0.09679999947547913
47,41,0.13019999861717224
48,41,0.07739999890327454
49,41,0.09780000150203705
50,41,0.08950000256299973
51,41,0.11869999766349792
52,41,0.1542000025510788
53,41,0.1436000019311905
54,41,0.11309999972581863
55,41,0.07010000199079514
56,41,0.1574999988079071
57,41,0.3330000042915344
58,41,0.328000009059906
59,41,0.32600000500679016
60,41,0.3230000138282776
61,41,0.3009999990463257
62,41,0.30799999833106995
63,41,0.3009999990463257
64,41,0.07559999823570251
65,41,0.06239999830722809
66,41,0.04699999839067459
67,41,0.049300000071525574
68,41,0.0478999987244606
69,41,0.08990000188350677
70,41,0.1331000030040741
71,41,0.08860000222921371
72,41,0.09830000251531601
73,41,0.09040000289678574
74,41,0.07270000129938126
75,41,0.05389999970793724
76,41,0.06109999865293503
77,41,0.05350000038743019
78,41,0.07530000060796738
79,41,0.05999999865889549
80,41,0.0860000029206276
81,41,0.05869999900460243
82,41,0.057500001043081284
83,41,0.0794999971985817
84,41,0.11089999973773956
85,41,0.09830000251531601
86,41,0.04769999906420708
87,41,0.054999999701976776
88,41,0.045899998396635056
89,41,0.02449999935925007
90,41,0.015599999576807022
91,41,0.017100000753998756
92,41,0.017100000753998756
93,41,0.013799999840557575
94,41,0.011900000274181366
95,41,0.009700000286102295
96,41,0.009999999776482582
97,41,0.014100000262260437
98,41,0.015200000256299973
99,41,0.015699999406933784
100,41,0.01679999940097332
1,42,0.03669999912381172
2,42,0.046799998730421066
3,42,0.05079999938607216
4,42,0.04320000112056732
5,42,0.07100000232458115
6,42,0.051600001752376556
7,42,0.06589999794960022
8,42,0.049800001084804535
9,42,0.060600001364946365
10,42,0.05559999868273735
11,42,0.06909999996423721
12,42,0.03669999912381172
13,42,0.03319999948143959
14,42,0.04100000113248825
15,42,0.05310000106692314
16,42,0.024900000542402267
17,42,0.058400001376867294
18,42,0.039900001138448715
19,42,0.04050000011920929
20,42,0.038600001484155655
21,42,0.021900000050663948
22,42,0.030400000512599945
23,42,0.0357000008225441
24,42,0.029899999499320984
25,42,0.026100000366568565
26,42,0.051100000739097595
27,42,0.028599999845027924
28,42,0.03290000185370445
29,42,0.05480000004172325
30,42,0.3140000104904175
31,42,0.2939999997615814
32,42,0.3149999976158142
33,42,0.3070000112056732
34,42,0.3109999895095825
35,42,0.3050000071525574
36,42,0.2919999957084656
37,42,0.2879999876022339
38,42,0.30799999833106995
39,42,0.3050000071525574
40,42,0.11429999768733978
41,42,0.149399995803833
42,42,0.04899999871850014
43,42,0.08049999922513962
44,42,0.07980000227689743
45,42,0.12070000171661377
46,42,0.07959999889135361
47,42,0.05180000141263008
48,42,0.08150000125169754
49,42,0.08990000188350677
50,42,0.06599999964237213
51,42,0.07530000060796738
52,42,0.14650000631809235
53,42,0.11760000139474869
54,42,0.08129999786615372
55,42,0.10890000313520432
56,42,0.3269999921321869
57,42,0.3240000009536743
58,42,0.328000009059906
59,42,0.3199999928474426
60,42,0.3140000104904175
61,42,0.3009999990463257
62,42,0.3089999854564667
63,42,0.16110000014305115
64,42,0.07760000228881836
65,42,0.07699999958276749
66,42,0.052799999713897705
67,42,0.028200000524520874
68,42,0.023499999195337296
69,42,0.09009999781847
70,42,0.10450000315904617
71,42,0.13339999318122864
72,42,0.16120000183582306
73,42,0.15150000154972076
74,42,0.09309999644756317
75,42,0.0957999974489212
76,42,0.05609999969601631
77,42,0.05389999970793724
78,42,0.07270000129938126
79,42,0.052799999713897705
80,42,0.07249999791383743
81,42,0.04969999939203262
82,42,0.04450000077486038
83,42,0.05909999832510948
84,42,0.06459999829530716
85,42,0.03920000046491623
86,42,0.0421999990940094
87,42,0.04639999940991402
88,42,0.030700000002980232
89,42,0.022600000724196434
90,42,0.02370000071823597
91,42,0.023000000044703484
92,42,0.029899999499320984
93,42,0.01600000075995922
94,42,0.019700000062584877
95,42,0.01209999993443489
96,42,0.017100000753998756
97,42,0.021400000900030136
98,42,0.025299999862909317
99,42,0.028999999165534973
100,42,0.02250000089406967
1,43,0.039400000125169754
2,43,0.03869999945163727
3,43,0.04910000041127205
4,43,0.05180000141263008
5,43,0.06440000236034393
6,43,0.07270000129938126
7,43,0.04190000146627426
8,43,0.03929999843239784
9,43,0.050200000405311584
10,43,0.055799998342990875
11,43,0.06109999865293503
12,43,0.027699999511241913
13,43,0.025800000876188278
14,43,0.0364999994635582
15,43,0.03449999913573265
16,43,0.03550000116229057
17,43,0.050999999046325684
18,43,0.0364999994635582
19,43,0.0348999984562397
20,43,0.038100000470876694
21,43,0.02449999935925007
22,43,0.026900000870227814
23,43,0.037700001150369644
24,43,0.024299999698996544
25,43,0.01549999974668026
26,43,0.02969999983906746
27,43,0.0210999995470047
28,43,0.020999999716877937
29,43,0.17550000548362732
30,43,0.30799999833106995
31,43,0.3070000112056732
32,43,0.3140000104904175
33,43,0.31200000643730164
34,43,0.31310001015663147
35,43,0.29600000381469727
36,43,0.30000001192092896
37,43,0.27900001406669617
38,43,0.29499998688697815
39,43,0.3140000104904175
40,43,0.3089999854564667
41,43,0.3240000009536743
42,43,0.14399999380111694
43,43,0.07240000367164612
44,43,0.06939999759197235
45,43,0.07779999822378159
46,43,0.06480000168085098
47,43,0.08309999853372574
48,43,0.10559999942779541
49,43,0.11869999766349792
50,43,0.0568000003695488
51,43,0.1111999973654747
52,43,0.0982000008225441
53,43,0.08720000088214874
54,43,0.09560000151395798
55,43,0.11159999668598175
56,43,0.328000009059906
57,43,0.3199999928474426
58,43,0.3089999854564667
59,43,0.30399999022483826
60,43,0.3050000071525574
61,43,0.28999999165534973
62,43,0.14579999446868896
63,43,0.10040000081062317
64,43,0.09380000084638596
65,43,0.09449999779462814
66,43,0.051500000059604645
67,43,0.042399998754262924
68,43,0.0430000014603138
69,43,0.05169999971985817
70,43,0.08550000190734863
71,43,0.1088000014424324
72,43,0.09239999949932098
73,43,0.07810000330209732
74,43,0.09179999679327011
75,43,0.14350000023841858
76,43,0.07500000298023224
77,43,0.08380000293254852
78,43,0.07940000295639038
79,43,0.0640999972820282
80,43,0.06939999759197235
81,43,0.07649999856948853
82,43,0.0729999989271164
83,43,0.03819999843835831
84,43,0.049800001084804535
85,43,0.05420000106096268
86,43,0.05820000171661377
87,43,0.04780000075697899
88,43,0.027000000700354576
89,43,0.023399999365210533
90,43,0.01549999974668026
91,43,0.014000000432133675
92,43,0.02250000089406967
93,43,0.02590000070631504
94,43,0.01899999938905239
95,43,0.01769999973475933
96,43,0.019099999219179153
97,43,0.020500000566244125
98,43,0.024900000542402267
99,43,0.019700000062584877
100,43,0.028699999675154686
1,44,0.05640000104904175
2,44,0.04490000009536743
3,44,0.033399999141693115
4,44,0.03840000182390213
5,44,0.06289999932050705
6,44,0.10040000081062317
7,44,0.05990000069141388
8,44,0.041999999433755875
9,44,0.04039999842643738
10,44,0.0754999965429306
11,44,0.03709999844431877
12,44,0.03909999877214432
13,44,0.025499999523162842
14,44,0.030300000682473183
15,44,0.035599999129772186
16,44,0.03840000182390213
17,44,0.04270000010728836
18,44,0.027000000700354576
19,44,0.0430000014603138
20,44,0.032999999821186066
21,44,0.031099999323487282
22,44,0.035999998450279236
23,44,0.04259999841451645
24,44,0.025299999862909317
25,44,0.01549999974668026
26,44,0.01810000091791153
27,44,0.013199999928474426
28,44,0.013299999758601189
29,44,0.029899999499320984
30,44,0.17910000681877136
31,44,0.31200000643730164
32,44,0.29600000381469727
33,44,0.3109999895095825
34,44,0.3089999854564667
35,44,0.3009999990463257
36,44,0.3050000071525574
37,44,0.28999999165534973
38,44,0.296999990940094
39,44,0.29600000381469727
40,44,0.3089999854564667
41,44,0.31349998712539673
42,44,0.3269999921321869
43,44,0.3278000056743622
44,44,0.3240000009536743
45,44,0.08550000190734863
46,44,0.08839999884366989
47,44,0.10790000110864639
48,44,0.12549999356269836
49,44,0.1096000000834465
50,44,0.12430000305175781
51,44,0.09939999878406525
52,44,0.11249999701976776
53,44,0.10840000212192535
54,44,0.3269999921321869
55,44,0.3269999921321869
56,44,0.3330000042915344
57,44,0.3269999921321869
58,44,0.31700000166893005
59,44,0.3100000023841858
60,44,0.296999990940094
61,44,0.29899999499320984
62,44,0.14489999413490295
63,44,0.11659999936819077
64,44,0.06560000032186508
65,44,0.07680000364780426
66,44,0.05909999832510948
67,44,0.0568000003695488
68,44,0.07109999656677246
69,44,0.06689999997615814
70,44,0.11869999766349792
71,44,0.06620000302791595
72,44,0.07079999893903732
73,44,0.06499999761581421
74,44,0.07490000128746033
75,44,0.15389999747276306
76,44,0.15119999647140503
77,44,0.13030000030994415
78,44,0.09099999815225601
79,44,0.07000000029802322
80,44,0.07900000363588333
81,44,0.07670000195503235
82,44,0.05420000106096268
83,44,0.02449999935925007
84,44,0.06129999831318855
85,44,0.04690000042319298
86,44,0.05299999937415123
87,44,0.04800000041723251
88,44,0.02800000086426735
89,44,0.025100000202655792
90,44,0.01510000042617321
91,44,0.01549999974668026
92,44,0.019200000911951065
93,44,0.028999999165534973
94,44,0.020600000396370888
95,44,0.027499999850988388
96,44,0.018300000578165054
97,44,0.025699999183416367
98,44,0.021199999377131462
99,44,0.02419999986886978
100,44,0.02250000089406967
1,45,0.02449999935925007
2,45,0.04749999940395355
3,45,0.0471000000834465
4,45,0.05460000038146973
5,45,0.04560000076889992
6,45,0.0892999991774559
7,45,0.06520000100135803
8,45,0.041999999433755875
9,45,0.029500000178813934
10,45,0.10499999672174454
11,45,0.09390000253915787
12,45,0.07180000096559525
13,45,0.04740000143647194
14,45,0.032600000500679016
15,45,0.03680000081658363
16,45,0.04320000112056732
17,45,0.03799999877810478
18,45,0.04010000079870224
19,45,0.06790000200271606
20,45,0.04360000044107437
21,45,0.05779999867081642
22,45,0.05429999902844429
23,45,0.05829999968409538
24,45,0.031300000846385956
25,45,0.014100000262260437
26,45,0.008999999612569809
27,45,0.013500000350177288
28,45,0.020800000056624413
29,45,0.024700000882148743
30,45,0.03539999946951866
31,45,0.19979999959468842
32,45,0.29899999499320984
33,45,0.296999990940094
34,45,0.28999999165534973
35,45,0.29600000381469727
36,45,0.3070000112056732
37,45,0.2919999957084656
38,45,0.2980000078678131
39,45,0.3100000023841858
40,45,0.30399999022483826
41,45,0.31200000643730164
42,45,0.3199999928474426
43,45,0.3109999895095825
44,45,0.32499998807907104
45,45,0.16380000114440918
46,45,0.06129999831318855
47,45,0.08959999680519104
48,45,0.09610000252723694
49,45,0.08009999990463257
50,45,0.09179999679327011
51,45,0.05920000001788139
52,45,0.0714000016450882
53,45,0.3179999887943268
54,45,0.33500000834465027
55,45,0.3240000009536743
56,45,0.3230000138282776
57,45,0.32199999690055847
58,45,0.3070000112056732
59,45,0.3050000071525574
60,45,0.3059999942779541
61,45,0.10740000009536743
62,45,0.09070000052452087
63,45,0.12200000137090683
64,45,0.11219999939203262
65,45,0.08699999749660492
66,45,0.0754999965429306
67,45,0.06960000097751617
68,45,0.11800000071525574
69,45,0.09799999743700027
70,45,0.10419999808073044
71,45,0.08179999887943268
72,45,0.08209999650716782
73,45,0.10980000346899033
74,45,0.1696999967098236
75,45,0.1907999962568283
76,45,0.14339999854564667
77,45,0.11219999939203262
78,45,0.07289999723434448
79,45,0.06679999828338623
80,45,0.04749999940395355
81,45,0.06279999762773514
82,45,0.032499998807907104
83,45,0.03680000081658363
84,45,0.0632999986410141
85,45,0.05400000140070915
86,45,0.0794999971985817
87,45,0.0502999983727932
88,45,0.014299999922513962
89,45,0.019600000232458115
90,45,0.026599999517202377
91,45,0.022099999710917473
92,45,0.027499999850988388
93,45,0.04919999837875366
94,45,0.02590000070631504
95,45,0.02669999934732914
96,45,0.025200000032782555
97,45,0.017899999395012856
98,45,0.017899999395012856
99,45,0.017100000753998756
100,45,0.024700000882148743
1,46,0.029899999499320984
2,46,0.03449999913573265
3,46,0.03959999978542328
4,46,0.07209999859333038
5,46,0.0771000012755394
6,46,0.0794999971985817
7,46,0.06909999996423721
8,46,0.12210000306367874
9,46,0.09870000183582306
10,46,0.08420000225305557
11,46,0.06319999694824219
12,46,0.07209999859333038
13,46,0.053599998354911804
14,46,0.03189999982714653
15,46,0.051600001752376556
16,46,0.059300001710653305
17,46,0.054099999368190765
18,46,0.05270000174641609
19,46,0.06639999896287918
20,46,0.050999999046325684
21,46,0.05689999833703041
22,46,0.07699999958276749
23,46,0.0812000036239624
24,46,0.07289999723434448
25,46,0.0215000007301569
26,46,0.016599999740719795
27,46,0.029999999329447746
28,46,0.03779999911785126
29,46,0.020600000396370888
30,46,0.02850000001490116
31,46,0.04820000007748604
32,46,0.18629999458789825
33,46,0.1817999929189682
34,46,0.30300000309944153
35,46,0.29600000381469727
36,46,0.29499998688697815
37,46,0.30300000309944153
38,46,0.30000001192092896
39,46,0.2980000078678131
40,46,0.30300000309944153
41,46,0.3140000104904175
42,46,0.3140000104904175
43,46,0.3190000057220459
44,46,0.34200000762939453
45,46,0.13680000603199005
46,46,0.0778999999165535
47,46,0.03999999910593033
48,46,0.1216999962925911
49,46,0.06750000268220901
50,46,0.07720000296831131
51,46,0.0689999982714653
52,46,0.09000000357627869
53,46,0.3230000138282776
54,46,0.33399999141693115
55,46,0.3240000009536743
56,46,0.3409999907016754
57,46,0.328000009059906
58,46,0.3100000023841858
59,46,0.3009999990463257
60,46,0.133200004696846
61,46,0.11710000038146973
62,46,0.10980000346899033
63,46,0.12950000166893005
64,46,0.09849999845027924
65,46,0.0934000015258789
66,46,0.08910000324249268
67,46,0.08250000327825546
68,46,0.08669999986886978
69,46,0.12020000070333481
70,46,0.11900000274181366
71,46,0.08669999986886978
72,46,0.0723000019788742
73,46,0.13220000267028809
74,46,0.15839999914169312
75,46,0.15700000524520874
76,46,0.2273000031709671
77,46,0.13670000433921814
78,46,0.05169999971985817
79,46,0.0754999965429306
80,46,0.061900001019239426
81,46,0.0430000014603138
82,46,0.039400000125169754
83,46,0.03229999914765358
84,46,0.05559999868273735
85,46,0.061900001019239426
86,46,0.07180000096559525
87,46,0.03799999877810478
88,46,0.029600000008940697
89,46,0.03840000182390213
90,46,0.02290000021457672
91,46,0.030700000002980232
92,46,0.029500000178813934
93,46,0.043699998408555984
94,46,0.029500000178813934
95,46,0.025699999183416367
96,46,0.018300000578165054
97,46,0.01600000075995922
98,46,0.013199999928474426
99,46,0.0203000009059906
100,46,0.02800000086426735
1,47,0.045099999755620956
2,47,0.023499999195337296
3,47,0.04399999976158142
4,47,0.0754999965429306
5,47,0.04520000144839287
6,47,0.0575999990105629
7,47,0.05689999833703041
8,47,0.09730000048875809
9,47,0.10819999873638153
10,47,0.11710000038146973
11,47,0.05860000103712082
12,47,0.06019999831914902
13,47,0.02449999935925007
14,47,0.05209999904036522
15,47,0.053700000047683716
16,47,0.05180000141263008
17,47,0.054099999368190765
18,47,0.061900001019239426
19,47,0.07100000232458115
20,47,0.0471000000834465
21,47,0.07980000227689743
22,47,0.08030000329017639
23,47,0.06430000066757202
24,47,0.0851999968290329
25,47,0.03889999911189079
26,47,0.02500000037252903
27,47,0.026200000196695328
28,47,0.0284000001847744
29,47,0.0284000001847744
30,47,0.03449999913573265
31,47,0.03550000116229057
32,47,0.06769999861717224
33,47,0.09269999712705612
34,47,0.051899999380111694
35,47,0.296999990940094
36,47,0.30399999022483826
37,47,0.29899999499320984
38,47,0.2980000078678131
39,47,0.3019999861717224
40,47,0.3089999854564667
41,47,0.30799999833106995
42,47,0.3109999895095825
43,47,0.30799999833106995
44,47,0.328000009059906
45,47,0.3269999921321869
46,47,0.1746000051498413
47,47,0.048700001090765
48,47,0.07800000160932541
49,47,0.07320000231266022
50,47,0.05620000138878822
51,47,0.10440000146627426
52,47,0.33500000834465027
53,47,0.3319999873638153
54,47,0.34200000762939453
55,47,0.3199999928474426
56,47,0.3160000145435333
57,47,0.3190000057220459
58,47,0.3160000145435333
59,47,0.12290000170469284
60,47,0.16060000658035278
61,47,0.10899999737739563
62,47,0.09000000357627869
63,47,0.07760000228881836
64,47,0.10540000349283218
65,47,0.07760000228881836
66,47,0.08739999681711197
67,47,0.06800000369548798
68,47,0.10189999639987946
69,47,0.07620000094175339
70,47,0.11309999972581863
71,47,0.10090000182390213
72,47,0.12349999696016312
73,47,0.1111999973654747
74,47,0.11010000109672546
75,47,0.10289999842643738
76,47,0.12319999933242798
77,47,0.19660000503063202
78,47,0.11860000342130661
79,47,0.07460000365972519
80,47,0.0406000018119812
81,47,0.02590000070631504
82,47,0.03150000050663948
83,47,0.07689999788999557
84,47,0.11739999800920486
85,47,0.061000000685453415
86,47,0.08780000358819962
87,47,0.09350000321865082
88,47,0.0575999990105629
89,47,0.059300001710653305
90,47,0.058400001376867294
91,47,0.05719999969005585
92,47,0.06159999966621399
93,47,0.029100000858306885
94,47,0.03669999912381172
95,47,0.033799998462200165
96,47,0.026100000366568565
97,47,0.022700000554323196
98,47,0.02850000001490116
99,47,0.01899999938905239
100,47,0.019500000402331352
1,48,0.01730000041425228
2,48,0.03099999949336052
3,48,0.0348999984562397
4,48,0.041099999099969864
5,48,0.04349999874830246
6,48,0.0560000017285347
7,48,0.059700001031160355
8,48,0.09200000017881393
9,48,0.09019999951124191
10,48,0.08649999648332596
11,48,0.0421999990940094
12,48,0.031300000846385956
13,48,0.024900000542402267
14,48,0.027499999850988388
15,48,0.03060000017285347
16,48,0.03460000082850456
17,48,0.031199999153614044
18,48,0.051100000739097595
19,48,0.06689999997615814
20,48,0.04699999839067459
21,48,0.061900001019239426
22,48,0.07490000128746033
23,48,0.06289999932050705
24,48,0.05920000001788139
25,48,0.03139999881386757
26,48,0.025499999523162842
27,48,0.021900000050663948
28,48,0.022099999710917473
29,48,0.03889999911189079
30,48,0.030799999833106995
31,48,0.052799999713897705
32,48,0.07450000196695328
33,48,0.05400000140070915
34,48,0.03739999979734421
35,48,0.035599999129772186
36,48,0.1898999959230423
37,48,0.29499998688697815
38,48,0.29600000381469727
39,48,0.296999990940094
40,48,0.3050000071525574
41,48,0.31299999356269836
42,48,0.296999990940094
43,48,0.3059999942779541
44,48,0.3181999921798706
45,48,0.3230000138282776
46,48,0.328000009059906
47,48,0.03700000047683716
48,48,0.07689999788999557
49,48,0.07450000196695328
50,48,0.13680000603199005
51,48,0.32199999690055847
52,48,0.3269999921321869
53,48,0.335999995470047
54,48,0.34299999475479126
55,48,0.3230000138282776
56,48,0.3100000023841858
57,48,0.31200000643730164
58,48,0.14790000021457672
59,48,0.12530000507831573
60,48,0.1136000007390976
61,48,0.08950000256299973
62,48,0.10970000177621841
63,48,0.09769999980926514
64,48,0.05620000138878822
65,48,0.08649999648332596
66,48,0.07599999755620956
67,48,0.05550000071525574
68,48,0.0681999996304512
69,48,0.0917000025510788
70,48,0.10890000313520432
71,48,0.0892999991774559
72,48,0.08470000326633453
73,48,0.10520000010728836
74,48,0.10440000146627426
75,48,0.12919999659061432
76,48,0.09279999881982803
77,48,0.1454000025987625
78,48,0.1388999968767166
79,48,0.08030000329017639
80,48,0.05169999971985817
81,48,0.03819999843835831
82,48,0.05469999834895134
83,48,0.052799999713897705
84,48,0.09600000083446503
85,48,0.09290000051259995
86,48,0.09589999914169312
87,48,0.09510000050067902
88,48,0.09030000120401382
89,48,0.10270000249147415
90,48,0.0658000037074089
91,48,0.11840000003576279
92,48,0.052799999713897705
93,48,0.03920000046491623
94,48,0.0892999991774559
95,48,0.07639999687671661
96,48,0.05550000071525574
97,48,0.02630000002682209
98,48,0.0406000018119812
99,48,0.011900000274181366
100,48,0.01510000042617321
1,49,0.023499999195337296
2,49,0.030899999663233757
3,49,0.025499999523162842
4,49,0.043800000101327896
5,49,0.03929999843239784
6,49,0.04740000143647194
7,49,0.041200000792741776
8,49,0.04749999940395355
9,49,0.061900001019239426
10,49,0.06889999657869339
11,49,0.04039999842643738
12,49,0.027499999850988388
13,49,0.04010000079870224
14,49,0.02500000037252903
15,49,0.03750000149011612
16,49,0.06260000169277191
17,49,0.03460000082850456
18,49,0.05290000140666962
19,49,0.05959999933838844
20,49,0.05480000004172325
21,49,0.039799999445676804
22,49,0.08869999647140503
23,49,0.057500001043081284
24,49,0.05090000107884407
25,49,0.027799999341368675
26,49,0.03020000085234642
27,49,0.03519999980926514
28,49,0.035999998450279236
29,49,0.0406000018119812
30,49,0.050700001418590546
31,49,0.0940999984741211
32,49,0.08240000158548355
33,49,0.039900001138448715
34,49,0.030700000002980232
35,49,0.021199999377131462
36,49,0.20970000326633453
37,49,0.3009999990463257
38,49,0.2809999883174896
39,49,0.30000001192092896
40,49,0.3009999990463257
41,49,0.3059999942779541
42,49,0.28999999165534973
43,49,0.29600000381469727
44,49,0.3070000112056732
45,49,0.3140000104904175
46,49,0.3199999928474426
47,49,0.1665000021457672
48,49,0.05119999870657921
49,49,0.05779999867081642
50,49,0.32899999618530273
51,49,0.31700000166893005
52,49,0.31200000643730164
53,49,0.3240000009536743
54,49,0.35100001096725464
55,49,0.31700000166893005
56,49,0.3050000071525574
57,49,0.06390000134706497
58,49,0.10249999910593033
59,49,0.11400000005960464
60,49,0.1290999948978424
61,49,0.12559999525547028
62,49,0.07930000126361847
63,49,0.09350000321865082
64,49,0.04610000178217888
65,49,0.09769999980926514
66,49,0.06400000303983688
67,49,0.06279999762773514
68,49,0.04809999838471413
69,49,0.048700001090765
70,49,0.06780000030994415
71,49,0.1054999977350235
72,49,0.10570000112056732
73,49,0.10289999842643738
74,49,0.07410000264644623
75,49,0.09019999951124191
76,49,0.0681999996304512
77,49,0.10989999771118164
78,49,0.11020000278949738
79,49,0.07079999893903732
80,49,0.04859999939799309
81,49,0.03799999877810478
82,49,0.06920000165700912
83,49,0.08540000021457672
84,49,0.10890000313520432
85,49,0.1168999969959259
86,49,0.17560000717639923
87,49,0.11860000342130661
88,49,0.11580000072717667
89,49,0.10180000215768814
90,49,0.093299999833107
91,49,0.10490000247955322
92,49,0.0640999972820282
93,49,0.045099999755620956
94,49,0.06939999759197235
95,49,0.05119999870657921
96,49,0.0560000017285347
97,49,0.021400000900030136
98,49,0.03849999979138374
99,49,0.024000000208616257
100,49,0.024800000712275505
1,50,0.020999999716877937
2,50,0.028599999845027924
3,50,0.02250000089406967
4,50,0.03009999915957451
5,50,0.03920000046491623
6,50,0.04320000112056732
7,50,0.03269999846816063
8,50,0.054499998688697815
9,50,0.04529999941587448
10,50,0.04879999905824661
11,50,0.03319999948143959
12,50,0.0348999984562397
13,50,0.026100000366568565
14,50,0.02710000053048134
15,50,0.06480000168085098
16,50,0.07000000029802322
17,50,0.09099999815225601
18,50,0.07429999858140945
19,50,0.05869999900460243
20,50,0.052400000393390656
21,50,0.04450000077486038
22,50,0.08760000020265579
23,50,0.0640999972820282
24,50,0.049800001084804535
25,50,0.040699999779462814
26,50,0.029500000178813934
27,50,0.05290000140666962
28,50,0.052000001072883606
29,50,0.040800001472234726
30,50,0.05290000140666962
31,50,0.07360000163316727
32,50,0.08889999985694885
33,50,0.03189999982714653
34,50,0.021800000220537186
35,50,0.016200000420212746
36,50,0.013299999758601189
37,50,0.27799999713897705
38,50,0.289000004529953
39,50,0.3009999990463257
40,50,0.296999990940094
41,50,0.29100000858306885
42,50,0.30000001192092896
43,50,0.28700000047683716
44,50,0.30000001192092896
45,50,0.3140000104904175
46,50,0.32899999618530273
47,50,0.16920000314712524
48,50,0.04089999943971634
49,50,0.16740000247955322
50,50,0.3269999921321869
51,50,0.3149999976158142
52,50,0.3199999928474426
53,50,0.328000009059906
54,50,0.3409999907016754
55,50,0.328000009059906
56,50,0.30799999833106995
57,50,0.09160000085830688
58,50,0.1289999932050705
59,50,0.10719999670982361
60,50,0.10499999672174454
61,50,0.09880000352859497
62,50,0.08079999685287476
63,50,0.04560000076889992
64,50,0.04179999977350235
65,50,0.07750000059604645
66,50,0.0502999983727932
67,50,0.05090000107884407
68,50,0.04619999974966049
69,50,0.04259999841451645
70,50,0.08609999716281891
71,50,0.15449999272823334
72,50,0.10649999976158142
73,50,0.10119999945163727
74,50,0.10719999670982361
75,50,0.13819999992847443
76,50,0.16099999845027924
77,50,0.13109999895095825
78,50,0.07329999655485153
79,50,0.057100001722574234
80,50,0.05990000069141388
81,50,0.06870000064373016
82,50,0.0706000030040741
83,50,0.0689999982714653
84,50,0.1664000004529953
85,50,0.13930000364780426
86,50,0.17339999973773956
87,50,0.14970000088214874
88,50,0.13019999861717224
89,50,0.1160999983549118
90,50,0.10480000078678131
91,50,0.08510000258684158
92,50,0.09179999679327011
93,50,0.07689999788999557
94,50,0.05429999902844429
95,50,0.06129999831318855
96,50,0.06260000169277191
97,50,0.04529999941587448
98,50,0.04019999876618385
99,50,0.019700000062584877
100,50,0.02969999983906746
1,51,0.023499999195337296
2,51,0.020400000736117363
3,51,0.019600000232458115
4,51,0.03319999948143959
5,51,0.04989999905228615
6,51,0.04749999940395355
7,51,0.04910000041127205
8,51,0.048700001090765
9,51,0.04360000044107437
10,51,0.03480000048875809
11,51,0.025100000202655792
12,51,0.0333000011742115
13,51,0.0502999983727932
14,51,0.06769999861717224
15,51,0.06120000034570694
16,51,0.08380000293254852
17,51,0.07209999859333038
18,51,0.06889999657869339
19,51,0.07410000264644623
20,51,0.07329999655485153
21,51,0.07810000330209732
22,51,0.09390000253915787
23,51,0.05490000173449516
24,51,0.061400000005960464
25,51,0.05260000005364418
26,51,0.03779999911785126
27,51,0.07000000029802322
28,51,0.05869999900460243
29,51,0.0406000018119812
30,51,0.05779999867081642
31,51,0.06109999865293503
32,51,0.09210000187158585
33,51,0.04780000075697899
34,51,0.02419999986886978
35,51,0.031199999153614044
36,51,0.01679999940097332
37,51,0.017100000753998756
38,51,0.2809999883174896
39,51,0.28999999165534973
40,51,0.29600000381469727
41,51,0.31700000166893005
42,51,0.3034000098705292
43,51,0.2980000078678131
44,51,0.30000001192092896
45,51,0.31200000643730164
46,51,0.3140000104904175
47,51,0.3089999854564667
48,51,0.1656000018119812
49,51,0.3240000009536743
50,51,0.3160000145435333
51,51,0.3240000009536743
52,51,0.328000009059906
53,51,0.3474999964237213
54,51,0.32499998807907104
55,51,0.328000009059906
56,51,0.12330000102519989
57,51,0.0982000008225441
58,51,0.07649999856948853
59,51,0.10249999910593033
60,51,0.09380000084638596
61,51,0.09210000187158585
62,51,0.05810000002384186
63,51,0.06880000233650208
64,51,0.03440000116825104
65,51,0.052799999713897705
66,51,0.05050000175833702
67,51,0.0689999982714653
68,51,0.07739999890327454
69,51,0.09359999746084213
70,51,0.09679999947547913
71,51,0.13439999520778656
72,51,0.09669999778270721
73,51,0.11580000072717667
74,51,0.1624000072479248
75,51,0.07760000228881836
76,51,0.11789999902248383
77,51,0.08139999955892563
78,51,0.05990000069141388
79,51,0.08669999986886978
80,51,0.08139999955892563
81,51,0.10159999877214432
82,51,0.08500000089406967
83,51,0.09839999675750732
84,51,0.13339999318122864
85,51,0.1606999933719635
86,51,0.16200000047683716
87,51,0.16779999434947968
88,51,0.1468999981880188
89,51,0.14429999887943268
90,51,0.09070000052452087
91,51,0.09560000151395798
92,51,0.12710000574588776
93,51,0.0908999964594841
94,51,0.0989999994635582
95,51,0.08910000324249268
96,51,0.06350000202655792
97,51,0.0869000032544136
98,51,0.06620000302791595
99,51,0.029600000008940697
100,51,0.02810000069439411
1,52,0.02669999934732914
2,52,0.020400000736117363
3,52,0.027699999511241913
4,52,0.03519999980926514
5,52,0.03240000084042549
6,52,0.06520000100135803
7,52,0.057100001722574234
8,52,0.0357000008225441
9,52,0.05260000005364418
10,52,0.046799998730421066
11,52,0.03189999982714653
12,52,0.03680000081658363
13,52,0.02810000069439411
14,52,0.06239999830722809
15,52,0.07329999655485153
16,52,0.0737999975681305
17,52,0.07069999724626541
18,52,0.09449999779462814
19,52,0.06270000338554382
20,52,0.06430000066757202
21,52,0.07599999755620956
22,52,0.08330000191926956
23,52,0.07660000026226044
24,52,0.04479999840259552
25,52,0.045899998396635056
26,52,0.06939999759197235
27,52,0.06549999862909317
28,52,0.0738999992609024
29,52,0.07190000265836716
30,52,0.05660000070929527
31,52,0.06369999796152115
32,52,0.0421999990940094
33,52,0.04769999906420708
34,52,0.03799999877810478
35,52,0.027699999511241913
36,52,0.03220000118017197
37,52,0.02630000002682209
38,52,0.0989999994635582
39,52,0.296999990940094
40,52,0.3050000071525574
41,52,0.3140000104904175
42,52,0.3089999854564667
43,52,0.301800012588501
44,52,0.29600000381469727
45,52,0.3199999928474426
46,52,0.30000001192092896
47,52,0.14579999446868896
48,52,0.31200000643730164
49,52,0.3149999976158142
50,52,0.3140000104904175
51,52,0.3089999854564667
52,52,0.32199999690055847
53,52,0.3506999909877777
54,52,0.328000009059906
55,52,0.07649999856948853
56,52,0.09889999777078629
57,52,0.09950000047683716
58,52,0.061400000005960464
59,52,0.059300001710653305
60,52,0.0340999998152256
61,52,0.04309999942779541
62,52,0.043800000101327896
63,52,0.04190000146627426
64,52,0.04520000144839287
65,52,0.057999998331069946
66,52,0.04520000144839287
67,52,0.05350000038743019
68,52,0.07349999994039536
69,52,0.0746999979019165
70,52,0.1014999970793724
71,52,0.12319999933242798
72,52,0.09759999811649323
73,52,0.05260000005364418
74,52,0.08540000021457672
75,52,0.07400000095367432
76,52,0.09099999815225601
77,52,0.08839999884366989
78,52,0.10689999908208847
79,52,0.1031000018119812
80,52,0.07819999754428864
81,52,0.08179999887943268
82,52,0.11620000004768372
83,52,0.15569999814033508
84,52,0.14489999413490295
85,52,0.14350000023841858
86,52,0.1534000039100647
87,52,0.19020000100135803
88,52,0.15800000727176666
89,52,0.11720000207424164
90,52,0.10440000146627426
91,52,0.0794999971985817
92,52,0.10769999772310257
93,52,0.11249999701976776
94,52,0.08250000327825546
95,52,0.1225999966263771
96,52,0.12319999933242798
97,52,0.05339999869465828
98,52,0.07519999891519547
99,52,0.04749999940395355
100,52,0.037300001829862595
1,53,0.04439999908208847
2,53,0.03200000151991844
3,53,0.03959999978542328
4,53,0.03539999946951866
5,53,0.051600001752376556
6,53,0.049800001084804535
7,53,0.06780000030994415
8,53,0.04619999974966049
9,53,0.08240000158548355
10,53,0.057999998331069946
11,53,0.04470000043511391
12,53,0.038600001484155655
13,53,0.04800000041723251
14,53,0.08309999853372574
15,53,0.08389999717473984
16,53,0.06379999965429306
17,53,0.06679999828338623
18,53,0.054999999701976776
19,53,0.06800000369548798
20,53,0.05249999836087227
21,53,0.05620000138878822
22,53,0.03959999978542328
23,53,0.05959999933838844
24,53,0.0406000018119812
25,53,0.05050000175833702
26,53,0.03519999980926514
27,53,0.04809999838471413
28,53,0.045099999755620956
29,53,0.04699999839067459
30,53,0.08489999920129776
31,53,0.08250000327825546
32,53,0.07240000367164612
33,53,0.035100001841783524
34,53,0.048500001430511475
35,53,0.04749999940395355
36,53,0.03139999881386757
37,53,0.03799999877810478
38,53,0.11209999769926071
39,53,0.30399999022483826
40,53,0.30300000309944153
41,53,0.3019999861717224
42,53,0.3100000023841858
43,53,0.30300000309944153
44,53,0.29600000381469727
45,53,0.32499998807907104
46,53,0.30300000309944153
47,53,0.3050000071525574
48,53,0.3050000071525574
49,53,0.3089999854564667
50,53,0.3059999942779541
51,53,0.31299999356269836
52,53,0.3269999921321869
53,53,0.335999995470047
54,53,0.3199999928474426
55,53,0.12870000302791595
56,53,0.08399999886751175
57,53,0.06930000334978104
58,53,0.04749999940395355
59,53,0.051100000739097595
60,53,0.031700000166893005
61,53,0.041600000113248825
62,53,0.0471000000834465
63,53,0.04360000044107437
64,53,0.039900001138448715
65,53,0.08250000327825546
66,53,0.0803999975323677
67,53,0.0658000037074089
68,53,0.08449999988079071
69,53,0.06759999692440033
70,53,0.10639999806880951
71,53,0.07850000262260437
72,53,0.08290000259876251
73,53,0.07699999958276749
74,53,0.07900000363588333
75,53,0.08579999953508377
76,53,0.11249999701976776
77,53,0.07739999890327454
78,53,0.055399999022483826
79,53,0.0892999991774559
80,53,0.07930000126361847
81,53,0.11630000174045563
82,53,0.09759999811649323
83,53,0.14970000088214874
84,53,0.17059999704360962
85,53,0.09679999947547913
86,53,0.12489999830722809
87,53,0.11490000039339066
88,53,0.13220000267028809
89,53,0.1949000060558319
90,53,0.13860000669956207
91,53,0.10260000079870224
92,53,0.07699999958276749
93,53,0.06800000369548798
94,53,0.08749999850988388
95,53,0.14970000088214874
96,53,0.08489999920129776
97,53,0.07760000228881836
98,53,0.0502999983727932
99,53,0.04170000180602074
100,53,0.029100000858306885
1,54,0.035999998450279236
2,54,0.08030000329017639
3,54,0.06109999865293503
4,54,0.04899999871850014
5,54,0.08510000258684158
6,54,0.08479999750852585
7,54,0.08259999752044678
8,54,0.08669999986886978
9,54,0.049300000071525574
10,54,0.048900000751018524
11,54,0.06909999996423721
12,54,0.08299999684095383
13,54,0.0625
14,54,0.12309999763965607
15,54,0.11219999939203262
16,54,0.09019999951124191
17,54,0.09229999780654907
18,54,0.06790000200271606
19,54,0.0812000036239624
20,54,0.05310000106692314
21,54,0.05000000074505806
22,54,0.04780000075697899
23,54,0.037300001829862595
24,54,0.03280000016093254
25,54,0.04010000079870224
26,54,0.03869999945163727
27,54,0.03449999913573265
28,54,0.04569999873638153
29,54,0.06120000034570694
30,54,0.07819999754428864
31,54,0.04659999907016754
32,54,0.08229999989271164
33,54,0.03689999878406525
34,54,0.04670000076293945
35,54,0.03709999844431877
36,54,0.059300001710653305
37,54,0.04019999876618385
38,54,0.03880000114440918
39,54,0.15389999747276306
40,54,0.3089999854564667
41,54,0.3059999942779541
42,54,0.3019999861717224
43,54,0.29100000858306885
44,54,0.30000001192092896
45,54,0.30799999833106995
46,54,0.08009999990463257
47,54,0.29899999499320984
48,54,0.31299999356269836
49,54,0.30799999833106995
50,54,0.31299999356269836
51,54,0.28839999437332153
52,54,0.30399999022483826
53,54,0.32010000944137573
54,54,0.10530000180006027
55,54,0.10530000180006027
56,54,0.06939999759197235
57,54,0.039900001138448715
58,54,0.045499999076128006
59,54,0.04699999839067459
60,54,0.044599998742341995
61,54,0.0210999995470047
62,54,0.025499999523162842
63,54,0.024700000882148743
64,54,0.04309999942779541
65,54,0.06109999865293503
66,54,0.04439999908208847
67,54,0.04039999842643738
68,54,0.05079999938607216
69,54,0.09839999675750732
70,54,0.10909999907016754
71,54,0.10289999842643738
72,54,0.07180000096559525
73,54,0.07850000262260437
74,54,0.06599999964237213
75,54,0.0820000022649765
76,54,0.08869999647140503
77,54,0.06809999793767929
78,54,0.06629999727010727
79,54,0.049300000071525574
80,54,0.04170000180602074
81,54,0.07339999824762344
82,54,0.06539999693632126
83,54,0.08179999887943268
84,54,0.07419999688863754
85,54,0.07620000094175339
86,54,0.06379999965429306
87,54,0.059300001710653305
88,54,0.07479999959468842
89,54,0.09269999712705612
90,54,0.0851999968290329
91,54,0.1088000014424324
92,54,0.07450000196695328
93,54,0.04580000042915344
94,54,0.08349999785423279
95,54,0.11599999666213989
96,54,0.07699999958276749
97,54,0.06120000034570694
98,54,0.05950000137090683
99,54,0.0348999984562397
100,54,0.043299999088048935
1,55,0.07249999791383743
2,55,0.07000000029802322
3,55,0.10130000114440918
4,55,0.10329999774694443
5,55,0.06769999861717224
6,55,0.08399999886751175
7,55,0.07800000160932541
8,55,0.0560000017285347
9,55,0.07660000026226044
10,55,0.07649999856948853
11,55,0.10480000078678131
12,55,0.07329999655485153
13,55,0.09589999914169312
14,55,0.09570000320672989
15,55,0.1664000004529953
16,55,0.15199999511241913
17,55,0.08380000293254852
18,55,0.07779999822378159
19,55,0.0820000022649765
20,55,0.11069999635219574
21,55,0.07180000096559525
22,55,0.029500000178813934
23,55,0.04650000110268593
24,55,0.04430000111460686
25,55,0.04439999908208847
26,55,0.040699999779462814
27,55,0.026200000196695328
28,55,0.023399999365210533
29,55,0.027300000190734863
30,55,0.033399999141693115
31,55,0.039900001138448715
32,55,0.066600002348423
33,55,0.06310000270605087
34,55,0.06350000202655792
35,55,0.0544000007212162
36,55,0.08129999786615372
37,55,0.0778999999165535
38,55,0.04910000041127205
39,55,0.0575999990105629
40,55,0.05290000140666962
41,55,0.15929999947547913
42,55,0.28700000047683716
43,55,0.2939999997615814
44,55,0.2919999957084656
45,55,0.296999990940094
46,55,0.3070000112056732
47,55,0.2980000078678131
48,55,0.3100000023841858
49,55,0.30799999833106995
50,55,0.30300000309944153
51,55,0.3009999990463257
52,55,0.30300000309944153
53,55,0.3269999921321869
54,55,0.13860000669956207
55,55,0.32499998807907104
56,55,0.3140000104904175
57,55,0.3100000023841858
58,55,0.03200000151991844
59,55,0.08820000290870667
60,55,0.03400000184774399
61,55,0.016200000420212746
62,55,0.026900000870227814
63,55,0.02800000086426735
64,55,0.025299999862909317
65,55,0.03869999945163727
66,55,0.032099999487400055
67,55,0.05550000071525574
68,55,0.052799999713897705
69,55,0.10769999772310257
70,55,0.14149999618530273
71,55,0.14499999582767487
72,55,0.1014999970793724
73,55,0.07209999859333038
74,55,0.06210000067949295
75,55,0.07980000227689743
76,55,0.06679999828338623
77,55,0.0697999969124794
78,55,0.05249999836087227
79,55,0.06560000032186508
80,55,0.06809999793767929
81,55,0.08980000019073486
82,55,0.06930000334978104
83,55,0.06430000066757202
84,55,0.06909999996423721
85,55,0.10090000182390213
86,55,0.0471000000834465
87,55,0.11909999698400497
88,55,0.08630000054836273
89,55,0.07050000131130219
90,55,0.08540000021457672
91,55,0.10140000283718109
92,55,0.09189999848604202
93,55,0.06520000100135803
94,55,0.07670000195503235
95,55,0.1023000031709671
96,55,0.07609999924898148
97,55,0.06589999794960022
98,55,0.06639999896287918
99,55,0.047600001096725464
100,55,0.04820000007748604
1,56,0.05959999933838844
2,56,0.11810000240802765
3,56,0.12839999794960022
4,56,0.11670000106096268
5,56,0.13689999282360077
6,56,0.10459999740123749
7,56,0.1080000028014183
8,56,0.094200000166893
9,56,0.09049999713897705
10,56,0.11219999939203262
11,56,0.09120000153779984
12,56,0.06669999659061432
13,56,0.0763000026345253
14,56,0.12060000002384186
15,56,0.211899995803833
16,56,0.18250000476837158
17,56,0.15389999747276306
18,56,0.08429999649524689
19,56,0.08030000329017639
20,56,0.12210000306367874
21,56,0.05290000140666962
22,56,0.06960000097751617
23,56,0.038600001484155655
24,56,0.041099999099969864
25,56,0.027499999850988388
26,56,0.039000000804662704
27,56,0.03440000116825104
28,56,0.03889999911189079
29,56,0.037700001150369644
30,56,0.030899999663233757
31,56,0.03799999877810478
32,56,0.05460000038146973
33,56,0.04529999941587448
34,56,0.0820000022649765
35,56,0.05389999970793724
36,56,0.09929999709129333
37,56,0.0812000036239624
38,56,0.07519999891519547
39,56,0.054499998688697815
40,56,0.040300000458955765
41,56,0.03849999979138374
42,56,0.05739999935030937
43,56,0.14579999446868896
44,56,0.29100000858306885
45,56,0.10620000213384628
46,56,0.30300000309944153
47,56,0.30799999833106995
48,56,0.3070000112056732
49,56,0.3179999887943268
50,56,0.3199999928474426
51,56,0.29600000381469727
52,56,0.30000001192092896
53,56,0.1071000024676323
54,56,0.3269999921321869
55,56,0.30799999833106995
56,56,0.31290000677108765
57,56,0.29899999499320984
58,56,0.29899999499320984
59,56,0.2980000078678131
60,56,0.11069999635219574
61,56,0.2809999883174896
62,56,0.2720000147819519
63,56,0.1404000073671341
64,56,0.019700000062584877
65,56,0.11789999902248383
66,56,0.02459999918937683
67,56,0.038100000470876694
68,56,0.08089999854564667
69,56,0.11840000003576279
70,56,0.1768999993801117
71,56,0.10140000283718109
72,56,0.15410000085830688
73,56,0.10499999672174454
74,56,0.06830000132322311
75,56,0.08839999884366989
76,56,0.08209999650716782
77,56,0.06270000338554382
78,56,0.09210000187158585
79,56,0.09290000051259995
80,56,0.12070000171661377
81,56,0.08139999955892563
82,56,0.09700000286102295
83,56,0.08900000154972076
84,56,0.06970000267028809
85,56,0.1111999973654747
86,56,0.07020000368356705
87,56,0.08749999850988388
88,56,0.05920000001788139
89,56,0.08420000225305557
90,56,0.09390000253915787
91,56,0.10000000149011612
92,56,0.11190000176429749
93,56,0.06769999861717224
94,56,0.06870000064373016
95,56,0.07479999959468842
96,56,0.06019999831914902
97,56,0.07169999927282333
98,56,0.05810000002384186
99,56,0.04619999974966049
100,56,0.05090000107884407
1,57,0.08349999785423279
2,57,0.16009999811649323
3,57,0.10740000009536743
4,57,0.15760000050067902
5,57,0.10029999911785126
6,57,0.07320000231266022
7,57,0.08030000329017639
8,57,0.08649999648332596
9,57,0.06849999725818634
10,57,0.08389999717473984
11,57,0.07739999890327454
12,57,0.06589999794960022
13,57,0.08919999748468399
14,57,0.14900000393390656
15,57,0.18310000002384186
16,57,0.14219999313354492
17,57,0.10580000281333923
18,57,0.07159999758005142
19,57,0.13230000436306
20,57,0.0966000035405159
21,57,0.07739999890327454
22,57,0.07729999721050262
23,57,0.08560000360012054
24,57,0.07050000131130219
25,57,0.04580000042915344
26,57,0.05220000073313713
27,57,0.031199999153614044
28,57,0.03840000182390213
29,57,0.07689999788999557
30,57,0.049300000071525574
31,57,0.04919999837875366
32,57,0.040699999779462814
33,57,0.03539999946951866
34,57,0.04390000179409981
35,57,0.05050000175833702
36,57,0.07970000058412552
37,57,0.10350000113248825
38,57,0.10589999705553055
39,57,0.04989999905228615
40,57,0.07460000365972519
41,57,0.08389999717473984
42,57,0.07509999722242355
43,57,0.04410000145435333
44,57,0.04989999905228615
45,57,0.29899999499320984
46,57,0.296999990940094
47,57,0.2980000078678131
48,57,0.29600000381469727
49,57,0.3019999861717224
50,57,0.29899999499320984
51,57,0.3070000112056732
52,57,0.3059999942779541
53,57,0.07919999957084656
54,57,0.3160000145435333
55,57,0.31299999356269836
56,57,0.3230000138282776
57,57,0.29899999499320984
58,57,0.28299999237060547
59,57,0.3009999990463257
60,57,0.2809999883174896
61,57,0.2840000092983246
62,57,0.2685999870300293
63,57,0.2759999930858612
64,57,0.27799999713897705
65,57,0.2720000147819519
66,57,0.26899999380111694
67,57,0.17550000548362732
68,57,0.17100000381469727
69,57,0.12039999663829803
70,57,0.1216999962925911
71,57,0.1054999977350235
72,57,0.22280000150203705
73,57,0.14309999346733093
74,57,0.0917000025510788
75,57,0.10249999910593033
76,57,0.07810000330209732
77,57,0.0689999982714653
78,57,0.04740000143647194
79,57,0.07129999995231628
80,57,0.07199999690055847
81,57,0.1062999963760376
82,57,0.09210000187158585
83,57,0.06939999759197235
84,57,0.06199999898672104
85,57,0.0723000019788742
86,57,0.08919999748468399
87,57,0.1006999984383583
88,57,0.05660000070929527
89,57,0.12520000338554382
90,57,0.12020000070333481
91,57,0.1014999970793724
92,57,0.05460000038146973
93,57,0.059300001710653305
94,57,0.08479999750852585
95,57,0.07079999893903732
96,57,0.05429999902844429
97,57,0.08730000257492065
98,57,0.08789999783039093
99,57,0.08030000329017639
100,57,0.06629999727010727
1,58,0.10849999636411667
2,58,0.09629999846220016
3,58,0.08470000326633453
4,58,0.08219999819993973
5,58,0.07360000163316727
6,58,0.1039000004529953
7,58,0.06279999762773514
8,58,0.07450000196695328
9,58,0.05040000006556511
10,58,0.0868000015616417
11,58,0.04699999839067459
12,58,0.06700000166893005
13,58,0.08479999750852585
14,58,0.18889999389648438
15,58,0.14640000462532043
16,58,0.09529999643564224
17,58,0.15940000116825104
18,58,0.1290999948978424
19,58,0.15299999713897705
20,58,0.13830000162124634
21,58,0.1200999990105629
22,58,0.09969999641180038
23,58,0.07760000228881836
24,58,0.05590000003576279
25,58,0.05389999970793724
26,58,0.044599998742341995
27,58,0.03519999980926514
28,58,0.025699999183416367
29,58,0.031599998474121094
30,58,0.04190000146627426
31,58,0.03819999843835831
32,58,0.031300000846385956
33,58,0.027899999171495438
34,58,0.029899999499320984
35,58,0.03460000082850456
36,58,0.05979999899864197
37,58,0.0892999991774559
38,58,0.06560000032186508
39,58,0.05889999866485596
40,58,0.11050000041723251
41,58,0.1842000037431717
42,58,0.1014999970793724
43,58,0.09380000084638596
44,58,0.13770000636577606
45,58,0.3070000112056732
46,58,0.3059999942779541
47,58,0.296999990940094
48,58,0.2809999883174896
49,58,0.2980000078678131
50,58,0.29100000858306885
51,58,0.2879999876022339
52,58,0.061000000685453415
53,58,0.3050000071525574
54,58,0.2980000078678131
55,58,0.29600000381469727
56,58,0.30000001192092896
57,58,0.2669999897480011
58,58,0.29100000858306885
59,58,0.29100000858306885
60,58,0.27900001406669617
61,58,0.2720000147819519
62,58,0.27799999713897705
63,58,0.27399998903274536
64,58,0.2809999883174896
65,58,0.27300000190734863
66,58,0.27399998903274536
67,58,0.28600001335144043
68,58,0.28299999237060547
69,58,0.16920000314712524
70,58,0.19349999725818634
71,58,0.15109999477863312
72,58,0.20999999344348907
73,58,0.2160000056028366
74,58,0.15289999544620514
75,58,0.08839999884366989
76,58,0.08609999716281891
77,58,0.055799998342990875
78,58,0.041099999099969864
79,58,0.052400000393390656
80,58,0.0738999992609024
81,58,0.058800000697374344
82,58,0.06800000369548798
83,58,0.05090000107884407
84,58,0.04450000077486038
85,58,0.059700001031160355
86,58,0.053599998354911804
87,58,0.07249999791383743
88,58,0.09600000083446503
89,58,0.09279999881982803
90,58,0.09549999982118607
91,58,0.09210000187158585
92,58,0.09030000120401382
93,58,0.06129999831318855
94,58,0.05079999938607216
95,58,0.05979999899864197
96,58,0.06909999996423721
97,58,0.08389999717473984
98,58,0.0771000012755394
99,58,0.08470000326633453
100,58,0.07129999995231628
1,59,0.060100000351667404
2,59,0.14149999618530273
3,59,0.07159999758005142
4,59,0.0560000017285347
5,59,0.05290000140666962
6,59,0.049800001084804535
7,59,0.05900000035762787
8,59,0.07859999686479568
9,59,0.042399998754262924
10,59,0.029100000858306885
11,59,0.04830000177025795
12,59,0.07999999821186066
13,59,0.07670000195503235
14,59,0.17239999771118164
15,59,0.19820000231266022
16,59,0.15479999780654907
17,59,0.14000000059604645
18,59,0.11670000106096268
19,59,0.09549999982118607
20,59,0.10239999741315842
21,59,0.10360000282526016
22,59,0.10890000313520432
23,59,0.06379999965429306
24,59,0.05550000071525574
25,59,0.07739999890327454
26,59,0.03759999945759773
27,59,0.02449999935925007
28,59,0.018200000748038292
29,59,0.02669999934732914
30,59,0.037700001150369644
31,59,0.04690000042319298
32,59,0.035599999129772186
33,59,0.025200000032782555
34,59,0.03189999982714653
35,59,0.03530000150203705
36,59,0.1039000004529953
37,59,0.12080000340938568
38,59,0.061400000005960464
39,59,0.061900001019239426
40,59,0.08590000122785568
41,59,0.08089999854564667
42,59,0.10729999840259552
43,59,0.0892999991774559
44,59,0.28999999165534973
45,59,0.2849999964237213
46,59,0.296999990940094
47,59,0.30000001192092896
48,59,0.2759999930858612
49,59,0.2930000126361847
50,59,0.3019999861717224
51,59,0.2930000126361847
52,59,0.2919999957084656
53,59,0.29100000858306885
54,59,0.30000001192092896
55,59,0.29600000381469727
56,59,0.2939999997615814
57,59,0.2800000011920929
58,59,0.28299999237060547
59,59,0.29600000381469727
60,59,0.28600001335144043
61,59,0.28999999165534973
62,59,0.28299999237060547
63,59,0.2630000114440918
64,59,0.27799999713897705
65,59,0.2770000100135803
66,59,0.25600001215934753
67,59,0.27799999713897705
68,59,0.2750000059604645
69,59,0.2849999964237213
70,59,0.3070000112056732
71,59,0.17550000548362732
72,59,0.15479999780654907
73,59,0.16189999878406525
74,59,0.09380000084638596
75,59,0.08919999748468399
76,59,0.0885000005364418
77,59,0.04619999974966049
78,59,0.04969999939203262
79,59,0.04600000008940697
80,59,0.04800000041723251
81,59,0.09399999678134918
82,59,0.09780000150203705
83,59,0.04899999871850014
84,59,0.041999999433755875
85,59,0.051600001752376556
86,59,0.07699999958276749
87,59,0.08150000125169754
88,59,0.06639999896287918
89,59,0.08110000193119049
90,59,0.07649999856948853
91,59,0.06780000030994415
92,59,0.04690000042319298
93,59,0.043699998408555984
94,59,0.10909999907016754
95,59,0.093299999833107
96,59,0.09300000220537186
97,59,0.11909999698400497
98,59,0.07559999823570251
99,59,0.06199999898672104
100,59,0.0885000005364418
1,60,0.05909999832510948
2,60,0.12849999964237213
3,60,0.062300000339746475
4,60,0.03550000116229057
5,60,0.055799998342990875
6,60,0.04149999842047691
7,60,0.05779999867081642
8,60,0.05620000138878822
9,60,0.033900000154972076
10,60,0.025200000032782555
11,60,0.02250000089406967
12,60,0.050999999046325684
13,60,0.061500001698732376
14,60,0.10570000112056732
15,60,0.1054999977350235
16,60,0.1396999955177307
17,60,0.09030000120401382
18,60,0.09570000320672989
19,60,0.0729999989271164
20,60,0.06859999895095825
21,60,0.10450000315904617
22,60,0.08980000019073486
23,60,0.06360000371932983
24,60,0.04390000179409981
25,60,0.038600001484155655
26,60,0.027899999171495438
27,60,0.04569999873638153
28,60,0.023800000548362732
29,60,0.04740000143647194
30,60,0.040800001472234726
31,60,0.044599998742341995
32,60,0.02810000069439411
33,60,0.02810000069439411
34,60,0.048900000751018524
35,60,0.039500001817941666
36,60,0.07760000228881836
37,60,0.06939999759197235
38,60,0.11630000174045563
39,60,0.1404000073671341
40,60,0.10209999978542328
41,60,0.08739999681711197
42,60,0.08829999715089798
43,60,0.05770000070333481
44,60,0.1412999927997589
45,60,0.2809999883174896
46,60,0.28999999165534973
47,60,0.28999999165534973
48,60,0.28299999237060547
49,60,0.28700000047683716
50,60,0.29899999499320984
51,60,0.2930000126361847
52,60,0.16920000314712524
53,60,0.06539999693632126
54,60,0.04910000041127205
55,60,0.05770000070333481
56,60,0.15389999747276306
57,60,0.2759999930858612
58,60,0.19169999659061432
59,60,0.29100000858306885
60,60,0.27799999713897705
61,60,0.28999999165534973
62,60,0.2800000011920929
63,60,0.26899999380111694
64,60,0.27900001406669617
65,60,0.2680000066757202
66,60,0.2680000066757202
67,60,0.2800000011920929
68,60,0.28299999237060547
69,60,0.30000001192092896
70,60,0.28999999165534973
71,60,0.2980000078678131
72,60,0.17640000581741333
73,60,0.17000000178813934
74,60,0.11460000276565552
75,60,0.10000000149011612
76,60,0.08100000023841858
77,60,0.07190000265836716
78,60,0.05779999867081642
79,60,0.05719999969005585
80,60,0.048500001430511475
81,60,0.09260000288486481
82,60,0.06279999762773514
83,60,0.04859999939799309
84,60,0.02879999950528145
85,60,0.03739999979734421
86,60,0.0868000015616417
87,60,0.10000000149011612
88,60,0.043800000101327896
89,60,0.07850000262260437
90,60,0.03420000150799751
91,60,0.04839999973773956
92,60,0.04470000043511391
93,60,0.055399999022483826
94,60,0.09399999678134918
95,60,0.12229999899864197
96,60,0.12470000237226486
97,60,0.1324000060558319
98,60,0.09260000288486481
99,60,0.08739999681711197
100,60,0.08209999650716782
1,61,0.06780000030994415
2,61,0.05590000003576279
3,61,0.06930000334978104
4,61,0.04919999837875366
5,61,0.06120000034570694
6,61,0.05260000005364418
7,61,0.03779999911785126
8,61,0.02070000022649765
9,61,0.024800000712275505
10,61,0.0284000001847744
11,61,0.021400000900030136
12,61,0.06419999897480011
13,61,0.09549999982118607
14,61,0.08250000327825546
15,61,0.11100000143051147
16,61,0.09070000052452087
17,61,0.11240000277757645
18,61,0.11219999939203262
19,61,0.10930000245571136
20,61,0.09870000183582306
21,61,0.08240000158548355
22,61,0.11020000278949738
23,61,0.10000000149011612
24,61,0.07479999959468842
25,61,0.06769999861717224
26,61,0.043800000101327896
27,61,0.07500000298023224
28,61,0.03370000049471855
29,61,0.044599998742341995
30,61,0.03590000048279762
31,61,0.03759999945759773
32,61,0.03970000147819519
33,61,0.03970000147819519
34,61,0.06279999762773514
35,61,0.06419999897480011
36,61,0.0982000008225441
37,61,0.11060000211000443
38,61,0.07460000365972519
39,61,0.09130000323057175
40,61,0.09589999914169312
41,61,0.08380000293254852
42,61,0.07540000230073929
43,61,0.08190000057220459
44,61,0.2759999930858612
45,61,0.28200000524520874
46,61,0.28299999237060547
47,61,0.260699987411499
48,61,0.2770000100135803
49,61,0.28200000524520874
50,61,0.2879999876022339
51,61,0.28299999237060547
52,61,0.12960000336170197
53,61,0.13680000603199005
54,61,0.048700001090765
55,61,0.05090000107884407
56,61,0.06279999762773514
57,61,0.0697999969124794
58,61,0.06360000371932983
59,61,0.1728000044822693
60,61,0.18000000715255737
61,61,0.30000001192092896
62,61,0.2750000059604645
63,61,0.27399998903274536
64,61,0.26499998569488525
65,61,0.28600001335144043
66,61,0.28999999165534973
67,61,0.2849999964237213
68,61,0.28999999165534973
69,61,0.2849999964237213
70,61,0.2939999997615814
71,61,0.289000004529953
72,61,0.30799999833106995
73,61,0.13379999995231628
74,61,0.11720000207424164
75,61,0.09809999912977219
76,61,0.09969999641180038
77,61,0.08399999886751175
78,61,0.0771000012755394
79,61,0.061000000685453415
80,61,0.050200000405311584
81,61,0.07079999893903732
82,61,0.05209999904036522
83,61,0.05979999899864197
84,61,0.03959999978542328
85,61,0.04430000111460686
86,61,0.039799999445676804
87,61,0.049300000071525574
88,61,0.03750000149011612
89,61,0.052000001072883606
90,61,0.06040000170469284
91,61,0.08669999986886978
92,61,0.05950000137090683
93,61,0.06159999966621399
94,61,0.09809999912977219
95,61,0.10939999669790268
96,61,0.22849999368190765
97,61,0.21199999749660492
98,61,0.13490000367164612
99,61,0.11699999868869781
100,61,0.08910000324249268
1,62,0.06800000369548798
2,62,0.050200000405311584
3,62,0.06669999659061432
4,62,0.07880000025033951
5,62,0.06289999932050705
6,62,0.04490000009536743
7,62,0.030799999833106995
8,62,0.03269999846816063
9,62,0.027000000700354576
10,62,0.028200000524520874
11,62,0.042399998754262924
12,62,0.059300001710653305
13,62,0.07519999891519547
14,62,0.0860000029206276
15,62,0.12540000677108765
16,62,0.13989999890327454
17,62,0.15880000591278076
18,62,0.12790000438690186
19,62,0.10339999943971634
20,62,0.15839999914169312
21,62,0.0989999994635582
22,62,0.09740000218153
23,62,0.06560000032186508
24,62,0.11490000039339066
25,62,0.04910000041127205
26,62,0.07370000332593918
27,62,0.07100000232458115
28,62,0.07000000029802322
29,62,0.05350000038743019
30,62,0.04690000042319298
31,62,0.03750000149011612
32,62,0.04230000078678131
33,62,0.042899999767541885
34,62,0.05730000138282776
35,62,0.09279999881982803
36,62,0.12269999831914902
37,62,0.1459999978542328
38,62,0.14399999380111694
39,62,0.18080000579357147
40,62,0.13729999959468842
41,62,0.15629999339580536
42,62,0.18490000069141388
43,62,0.05849999934434891
44,62,0.27799999713897705
45,62,0.2770000100135803
46,62,0.26499998569488525
47,62,0.2750000059604645
48,62,0.2809999883174896
49,62,0.28700000047683716
50,62,0.28700000047683716
51,62,0.29499998688697815
52,62,0.2770000100135803
53,62,0.11249999701976776
54,62,0.059700001031160355
55,62,0.06809999793767929
56,62,0.07029999792575836
57,62,0.08139999955892563
58,62,0.07559999823570251
59,62,0.060600001364946365
60,62,0.05119999870657921
61,62,0.043299999088048935
62,62,0.14669999480247498
63,62,0.27900001406669617
64,62,0.2669999897480011
65,62,0.27300000190734863
66,62,0.27799999713897705
67,62,0.27399998903274536
68,62,0.2849999964237213
69,62,0.28299999237060547
70,62,0.29499998688697815
71,62,0.2939999997615814
72,62,0.3070000112056732
73,62,0.18809999525547028
74,62,0.0746999979019165
75,62,0.11909999698400497
76,62,0.08990000188350677
77,62,0.08540000021457672
78,62,0.09099999815225601
79,62,0.08070000261068344
80,62,0.05050000175833702
81,62,0.049400001764297485
82,62,0.03400000184774399
83,62,0.050999999046325684
84,62,0.061799999326467514
85,62,0.023499999195337296
86,62,0.035599999129772186
87,62,0.049300000071525574
88,62,0.03849999979138374
89,62,0.055399999022483826
90,62,0.08990000188350677
91,62,0.10220000147819519
92,62,0.0892999991774559
93,62,0.05999999865889549
94,62,0.10719999670982361
95,62,0.18019999563694
96,62,0.2290000021457672
97,62,0.24609999358654022
98,62,0.14380000531673431
99,62,0.12919999659061432
100,62,0.14239999651908875
1,63,0.05959999933838844
2,63,0.04560000076889992
3,63,0.05909999832510948
4,63,0.041600000113248825
5,63,0.04320000112056732
6,63,0.042399998754262924
7,63,0.05009999871253967
8,63,0.04179999977350235
9,63,0.021800000220537186
10,63,0.03799999877810478
11,63,0.05590000003576279
12,63,0.04969999939203262
13,63,0.06270000338554382
14,63,0.09480000287294388
15,63,0.09629999846220016
16,63,0.10320000350475311
17,63,0.10000000149011612
18,63,0.12319999933242798
19,63,0.11729999631643295
20,63,0.17389999330043793
21,63,0.11089999973773956
22,63,0.10670000314712524
23,63,0.07680000364780426
24,63,0.093299999833107
25,63,0.07569999992847443
26,63,0.057999998331069946
27,63,0.051100000739097595
28,63,0.05040000006556511
29,63,0.08500000089406967
30,63,0.04179999977350235
31,63,0.049800001084804535
32,63,0.053199999034404755
33,63,0.06759999692440033
34,63,0.08500000089406967
35,63,0.11599999666213989
36,63,0.19120000302791595
37,63,0.20190000534057617
38,63,0.1597999930381775
39,63,0.1770000010728836
40,63,0.16429999470710754
41,63,0.19820000231266022
42,63,0.21170000731945038
43,63,0.19140000641345978
44,63,0.19140000641345978
45,63,0.24400000274181366
46,63,0.2770000100135803
47,63,0.2720000147819519
48,63,0.2680000066757202
49,63,0.28600001335144043
50,63,0.2849999964237213
51,63,0.2980000078678131
52,63,0.2849999964237213
53,63,0.08009999990463257
54,63,0.07249999791383743
55,63,0.054099999368190765
56,63,0.052400000393390656
57,63,0.05009999871253967
58,63,0.08389999717473984
59,63,0.06260000169277191
60,63,0.04989999905228615
61,63,0.05139999836683273
62,63,0.05209999904036522
63,63,0.17550000548362732
64,63,0.2669999897480011
65,63,0.2720000147819519
66,63,0.2770000100135803
67,63,0.2849999964237213
68,63,0.29600000381469727
69,63,0.28700000047683716
70,63,0.28700000047683716
71,63,0.28700000047683716
72,63,0.29600000381469727
73,63,0.18629999458789825
74,63,0.07680000364780426
75,63,0.0885000005364418
76,63,0.07509999722242355
77,63,0.15800000727176666
78,63,0.08250000327825546
79,63,0.07530000060796738
80,63,0.04740000143647194
81,63,0.04830000177025795
82,63,0.059300001710653305
83,63,0.04390000179409981
84,63,0.05979999899864197
85,63,0.02969999983906746
86,63,0.03060000017285347
87,63,0.04769999906420708
88,63,0.039500001817941666
89,63,0.07750000059604645
90,63,0.09319999814033508
91,63,0.15760000050067902
92,63,0.11479999870061874
93,63,0.10270000249147415
94,63,0.08919999748468399
95,63,0.12890000641345978
96,63,0.181099995970726
97,63,0.21639999747276306
98,63,0.1670999974012375
99,63,0.11909999698400497
100,63,0.1145000010728836
1,64,0.1014999970793724
2,64,0.04899999871850014
3,64,0.04839999973773956
4,64,0.04050000011920929
5,64,0.02850000001490116
6,64,0.03420000150799751
7,64,0.03830000013113022
8,64,0.039799999445676804
9,64,0.03959999978542328
10,64,0.039500001817941666
11,64,0.04349999874830246
12,64,0.027000000700354576
13,64,0.050700001418590546
14,64,0.08389999717473984
15,64,0.08309999853372574
16,64,0.05660000070929527
17,64,0.0674000009894371
18,64,0.08079999685287476
19,64,0.10199999809265137
20,64,0.1289999932050705
21,64,0.10130000114440918
22,64,0.1281999945640564
23,64,0.125
24,64,0.09319999814033508
25,64,0.043800000101327896
26,64,0.058800000697374344
27,64,0.06430000066757202
28,64,0.0737999975681305
29,64,0.10180000215768814
30,64,0.08730000257492065
31,64,0.08100000023841858
32,64,0.07440000027418137
33,64,0.10670000314712524
34,64,0.16179999709129333
35,64,0.12389999628067017
36,64,0.20440000295639038
37,64,0.24809999763965607
38,64,0.23430000245571136
39,64,0.23430000245571136
40,64,0.23430000245571136
41,64,0.23430000245571136
42,64,0.18930000066757202
43,64,0.18930000066757202
44,64,0.18930000066757202
45,64,0.18930000066757202
46,64,0.2669999897480011
47,64,0.257999986410141
48,64,0.2630000114440918
49,64,0.2630000114440918
50,64,0.27799999713897705
51,64,0.2939999997615814
52,64,0.2720000147819519
53,64,0.2849999964237213
54,64,0.05180000141263008
55,64,0.044599998742341995
56,64,0.04899999871850014
57,64,0.04569999873638153
58,64,0.052799999713897705
59,64,0.06019999831914902
60,64,0.03620000183582306
61,64,0.02889999933540821
62,64,0.0625
63,64,0.16200000047683716
64,64,0.296999990940094
65,64,0.28999999165534973
66,64,0.2750000059604645
67,64,0.27300000190734863
68,64,0.2750000059604645
69,64,0.28700000047683716
70,64,0.29499998688697815
71,64,0.2849999964237213
72,64,0.2720000147819519
73,64,0.18000000715255737
74,64,0.03849999979138374
75,64,0.060600001364946365
76,64,0.0658000037074089
77,64,0.08860000222921371
78,64,0.09790000319480896
79,64,0.09229999780654907
80,64,0.04560000076889992
81,64,0.02710000053048134
82,64,0.04170000180602074
83,64,0.04859999939799309
84,64,0.052400000393390656
85,64,0.027400000020861626
86,64,0.024900000542402267
87,64,0.030400000512599945
88,64,0.03849999979138374
89,64,0.0681999996304512
90,64,0.07680000364780426
91,64,0.13079999387264252
92,64,0.10249999910593033
93,64,0.09430000185966492
94,64,0.13410000503063202
95,64,0.17900000512599945
96,64,0.17430000007152557
97,64,0.17749999463558197
98,64,0.21660000085830688
99,64,0.08709999918937683
100,64,0.06440000236034393
1,65,0.05790000036358833
2,65,0.042399998754262924
3,65,0.040300000458955765
4,65,0.05959999933838844
5,65,0.039400000125169754
6,65,0.033799998462200165
7,65,0.03970000147819519
8,65,0.0729999989271164
9,65,0.06350000202655792
10,65,0.10119999945163727
11,65,0.07829999923706055
12,65,0.03500000014901161
13,65,0.05480000004172325
14,65,0.07519999891519547
15,65,0.1387999951839447
16,65,0.06120000034570694
17,65,0.07739999890327454
18,65,0.09769999980926514
19,65,0.16369999945163727
20,65,0.13359999656677246
21,65,0.09629999846220016
22,65,0.09549999982118607
23,65,0.1678999960422516
24,65,0.13490000367164612
25,65,0.08649999648332596
26,65,0.05490000173449516
27,65,0.08529999852180481
28,65,0.0689999982714653
29,65,0.15299999713897705
30,65,0.06909999996423721
31,65,0.0681999996304512
32,65,0.07020000368356705
33,65,0.06279999762773514
34,65,0.15700000524520874
35,65,0.11580000072717667
36,65,0.13019999861717224
37,65,0.22949999570846558
38,65,0.24539999663829803
39,65,0.21199999749660492
40,65,0.21199999749660492
41,65,0.21199999749660492
42,65,0.21199999749660492
43,65,0.21199999749660492
44,65,0.21199999749660492
45,65,0.21199999749660492
46,65,0.2329999953508377
47,65,0.26100000739097595
48,65,0.25200000405311584
49,65,0.25699999928474426
50,65,0.2720000147819519
51,65,0.28999999165534973
52,65,0.28999999165534973
53,65,0.28700000047683716
54,65,0.05959999933838844
55,65,0.04170000180602074
56,65,0.044599998742341995
57,65,0.03669999912381172
58,65,0.05389999970793724
59,65,0.04989999905228615
60,65,0.02500000037252903
61,65,0.0210999995470047
62,65,0.02979999966919422
63,65,0.061000000685453415
64,65,0.16380000114440918
65,65,0.289000004529953
66,65,0.27399998903274536
67,65,0.2800000011920929
68,65,0.2709999978542328
69,65,0.3109999895095825
70,65,0.30799999833106995
71,65,0.29600000381469727
72,65,0.2980000078678131
73,65,0.16830000281333923
74,65,0.03779999911785126
75,65,0.04780000075697899
76,65,0.04500000178813934
77,65,0.06870000064373016
78,65,0.08980000019073486
79,65,0.09589999914169312
80,65,0.07010000199079514
81,65,0.04089999943971634
82,65,0.03629999980330467
83,65,0.044599998742341995
84,65,0.0640999972820282
85,65,0.04569999873638153
86,65,0.04349999874830246
87,65,0.05000000074505806
88,65,0.1096000000834465
89,65,0.11969999969005585
90,65,0.1996999979019165
91,65,0.1664000004529953
92,65,0.2046000063419342
93,65,0.23489999771118164
94,65,0.2295999974012375
95,65,0.2175000011920929
96,65,0.20559999346733093
97,65,0.22210000455379486
98,65,0.13019999861717224
99,65,0.05950000137090683
100,65,0.04809999838471413
1,66,0.03240000084042549
2,66,0.015799999237060547
3,66,0.020800000056624413
4,66,0.04280000180006027
5,66,0.02969999983906746
6,66,0.0414000004529953
7,66,0.05350000038743019
8,66,0.08990000188350677
9,66,0.06120000034570694
10,66,0.06679999828338623
11,66,0.12280000001192093
12,66,0.054099999368190765
13,66,0.06400000303983688
14,66,0.07639999687671661
15,66,0.10849999636411667
16,66,0.06419999897480011
17,66,0.0877000018954277
18,66,0.06279999762773514
19,66,0.1006999984383583
20,66,0.0608999989926815
21,66,0.049400001764297485
22,66,0.06769999861717224
23,66,0.1128000020980835
24,66,0.1120000034570694
25,66,0.04960000142455101
26,66,0.04670000076293945
27,66,0.0722000002861023
28,66,0.08269999921321869
29,66,0.10320000350475311
30,66,0.06109999865293503
31,66,0.035999998450279236
32,66,0.06960000097751617
33,66,0.10769999772310257
34,66,0.17640000581741333
35,66,0.08860000222921371
36,66,0.11949999630451202
37,66,0.11159999668598175
38,66,0.12520000338554382
39,66,0.12520000338554382
40,66,0.12520000338554382
41,66,0.12520000338554382
42,66,0.12520000338554382
43,66,0.12520000338554382
44,66,0.12520000338554382
45,66,0.12520000338554382
46,66,0.2619999945163727
47,66,0.22300000488758087
48,66,0.24799999594688416
49,66,0.2720000147819519
50,66,0.2759999930858612
51,66,0.29899999499320984
52,66,0.29600000381469727
53,66,0.28600001335144043
54,66,0.15389999747276306
55,66,0.06549999862909317
56,66,0.06520000100135803
57,66,0.05119999870657921
58,66,0.03139999881386757
59,66,0.026000000536441803
60,66,0.031300000846385956
61,66,0.05050000175833702
62,66,0.038600001484155655
63,66,0.03929999843239784
64,66,0.15209999680519104
65,66,0.2919999957084656
66,66,0.2759999930858612
67,66,0.28299999237060547
68,66,0.2720000147819519
69,66,0.2930000126361847
70,66,0.3100000023841858
71,66,0.3019999861717224
72,66,0.2919999957084656
73,66,0.057100001722574234
74,66,0.06509999930858612
75,66,0.059300001710653305
76,66,0.05429999902844429
77,66,0.04780000075697899
78,66,0.06480000168085098
79,66,0.06129999831318855
80,66,0.060600001364946365
81,66,0.056299999356269836
82,66,0.050700001418590546
83,66,0.051899999380111694
84,66,0.05460000038146973
85,66,0.04670000076293945
86,66,0.06260000169277191
87,66,0.07349999994039536
88,66,0.07779999822378159
89,66,0.11410000175237656
90,66,0.21780000627040863
91,66,0.24889999628067017
92,66,0.22059999406337738
93,66,0.21639999747276306
94,66,0.22380000352859497
95,66,0.22259999811649323
96,66,0.14839999377727509
97,66,0.10840000212192535
98,66,0.07410000264644623
99,66,0.03530000150203705
100,66,0.03750000149011612
1,67,0.019899999722838402
2,67,0.032499998807907104
3,67,0.026900000870227814
4,67,0.026799999177455902
5,67,0.018200000748038292
6,67,0.030700000002980232
7,67,0.038600001484155655
8,67,0.06260000169277191
9,67,0.07180000096559525
10,67,0.07039999961853027
11,67,0.07540000230073929
12,67,0.08330000191926956
13,67,0.07599999755620956
14,67,0.04569999873638153
15,67,0.044599998742341995
16,67,0.0723000019788742
17,67,0.057999998331069946
18,67,0.05559999868273735
19,67,0.05169999971985817
20,67,0.08240000158548355
21,67,0.037300001829862595
22,67,0.0820000022649765
23,67,0.0989999994635582
24,67,0.062300000339746475
25,67,0.03310000151395798
26,67,0.04610000178217888
27,67,0.0723000019788742
28,67,0.0674000009894371
29,67,0.06459999829530716
30,67,0.04839999973773956
31,67,0.04670000076293945
32,67,0.048500001430511475
33,67,0.09049999713897705
34,67,0.1445000022649765
35,67,0.10289999842643738
36,67,0.07360000163316727
37,67,0.1120000034570694
38,67,0.09120000153779984
39,67,0.09120000153779984
40,67,0.09120000153779984
41,67,0.09120000153779984
42,67,0.09120000153779984
43,67,0.09120000153779984
44,67,0.09120000153779984
45,67,0.09120000153779984
46,67,0.2840000092983246
47,67,0.2619999945163727
48,67,0.26499998569488525
49,67,0.23000000417232513
50,67,0.27300000190734863
51,67,0.29100000858306885
52,67,0.28700000047683716
53,67,0.289000004529953
54,67,0.15209999680519104
55,67,0.07999999821186066
56,67,0.0364999994635582
57,67,0.038100000470876694
58,67,0.022199999541044235
59,67,0.024399999529123306
60,67,0.02280000038444996
61,67,0.03269999846816063
62,67,0.039799999445676804
63,67,0.03819999843835831
64,67,0.1080000028014183
65,67,0.28299999237060547
66,67,0.27399998903274536
67,67,0.2770000100135803
68,67,0.28600001335144043
69,67,0.3009999990463257
70,67,0.3019999861717224
71,67,0.3070000112056732
72,67,0.05000000074505806
73,67,0.09780000150203705
74,67,0.07620000094175339
75,67,0.10339999943971634
76,67,0.0722000002861023
77,67,0.05429999902844429
78,67,0.06870000064373016
79,67,0.05350000038743019
80,67,0.06109999865293503
81,67,0.061799999326467514
82,67,0.052000001072883606
83,67,0.04580000042915344
84,67,0.05480000004172325
85,67,0.06689999997615814
86,67,0.07450000196695328
87,67,0.04989999905228615
88,67,0.11129999905824661
89,67,0.14589999616146088
90,67,0.18019999563694
91,67,0.18619999289512634
92,67,0.17980000376701355
93,67,0.15760000050067902
94,67,0.18219999969005585
95,67,0.17030000686645508
96,67,0.1145000010728836
97,67,0.10610000044107437
98,67,0.05180000141263008
99,67,0.04729999974370003
100,67,0.04699999839067459
1,68,0.015200000256299973
2,68,0.021199999377131462
3,68,0.021400000900030136
4,68,0.024700000882148743
5,68,0.02250000089406967
6,68,0.026900000870227814
7,68,0.04969999939203262
8,68,0.06669999659061432
9,68,0.08810000121593475
10,68,0.07660000026226044
11,68,0.0949999988079071
12,68,0.06719999760389328
13,68,0.07119999825954437
14,68,0.08389999717473984
15,68,0.11469999700784683
16,68,0.06960000097751617
17,68,0.05460000038146973
18,68,0.03819999843835831
19,68,0.0575999990105629
20,68,0.061500001698732376
21,68,0.04670000076293945
22,68,0.05590000003576279
23,68,0.060600001364946365
24,68,0.0430000014603138
25,68,0.03180000185966492
26,68,0.045099999755620956
27,68,0.07199999690055847
28,68,0.05620000138878822
29,68,0.05810000002384186
30,68,0.03220000118017197
31,68,0.03689999878406525
32,68,0.0430000014603138
33,68,0.07779999822378159
34,68,0.1679999977350235
35,68,0.1517000049352646
36,68,0.10559999942779541
37,68,0.15379999577999115
38,68,0.1454000025987625
39,68,0.1454000025987625
40,68,0.1454000025987625
41,68,0.1454000025987625
42,68,0.1454000025987625
43,68,0.1454000025987625
44,68,0.1454000025987625
45,68,0.1454000025987625
46,68,0.27799999713897705
47,68,0.2759999930858612
48,68,0.2680000066757202
49,68,0.2750000059604645
50,68,0.27799999713897705
51,68,0.2800000011920929
52,68,0.2694999873638153
53,68,0.27799999713897705
54,68,0.18809999525547028
55,68,0.03970000147819519
56,68,0.03759999945759773
57,68,0.030500000342726707
58,68,0.019300000742077827
59,68,0.029100000858306885
60,68,0.019700000062584877
61,68,0.02160000056028366
62,68,0.03849999979138374
63,68,0.03909999877214432
64,68,0.28700000047683716
65,68,0.2759999930858612
66,68,0.2759999930858612
67,68,0.28999999165534973
68,68,0.27300000190734863
69,68,0.2939999997615814
70,68,0.32179999351501465
71,68,0.16920000314712524
72,68,0.05869999900460243
73,68,0.08910000324249268
74,68,0.07819999754428864
75,68,0.09000000357627869
76,68,0.0617000013589859
77,68,0.0794999971985817
78,68,0.07209999859333038
79,68,0.10289999842643738
80,68,0.07460000365972519
81,68,0.08179999887943268
82,68,0.06480000168085098
83,68,0.0778999999165535
84,68,0.09749999642372131
85,68,0.08500000089406967
86,68,0.0640999972820282
87,68,0.05290000140666962
88,68,0.16329999268054962
89,68,0.13439999520778656
90,68,0.14219999313354492
91,68,0.19519999623298645
92,68,0.18690000474452972
93,68,0.16269999742507935
94,68,0.17030000686645508
95,68,0.12849999964237213
96,68,0.09260000288486481
97,68,0.0763000026345253
98,68,0.05590000003576279
99,68,0.04910000041127205
100,68,0.04520000144839287
1,69,0.016300000250339508
2,69,0.024299999698996544
3,69,0.021800000220537186
4,69,0.02280000038444996
5,69,0.022600000724196434
6,69,0.02889999933540821
7,69,0.029899999499320984
8,69,0.051899999380111694
9,69,0.06469999998807907
10,69,0.05730000138282776
11,69,0.11590000241994858
12,69,0.05779999867081642
13,69,0.10170000046491623
14,69,0.10090000182390213
15,69,0.10930000245571136
16,69,0.09030000120401382
17,69,0.041600000113248825
18,69,0.03229999914765358
19,69,0.051500000059604645
20,69,0.0731000006198883
21,69,0.0812000036239624
22,69,0.0803999975323677
23,69,0.051500000059604645
24,69,0.05079999938607216
25,69,0.05939999967813492
26,69,0.05290000140666962
27,69,0.07000000029802322
28,69,0.07150000333786011
29,69,0.09059999883174896
30,69,0.030700000002980232
31,69,0.032600000500679016
32,69,0.04190000146627426
33,69,0.09669999778270721
34,69,0.14110000431537628
35,69,0.12530000507831573
36,69,0.15690000355243683
37,69,0.16590000689029694
38,69,0.16590000689029694
39,69,0.22470000386238098
40,69,0.22470000386238098
41,69,0.22470000386238098
42,69,0.22470000386238098
43,69,0.22470000386238098
44,69,0.22470000386238098
45,69,0.22470000386238098
46,69,0.22470000386238098
47,69,0.2709999978542328
48,69,0.2680000066757202
49,69,0.28200000524520874
50,69,0.2680000066757202
51,69,0.2711000144481659
52,69,0.26499998569488525
53,69,0.28200000524520874
54,69,0.2802000045776367
55,69,0.05299999937415123
56,69,0.02800000086426735
57,69,0.026200000196695328
58,69,0.023499999195337296
59,69,0.02669999934732914
60,69,0.026499999687075615
61,69,0.01860000006854534
62,69,0.019899999722838402
63,69,0.030300000682473183
64,69,0.28200000524520874
65,69,0.27399998903274536
66,69,0.28700000047683716
67,69,0.28600001335144043
68,69,0.29100000858306885
69,69,0.28600001335144043
70,69,0.31200000643730164
71,69,0.09239999949932098
72,69,0.07400000095367432
73,69,0.08649999648332596
74,69,0.0843999981880188
75,69,0.06549999862909317
76,69,0.0640999972820282
77,69,0.07150000333786011
78,69,0.09350000321865082
79,69,0.12070000171661377
80,69,0.13729999959468842
81,69,0.09629999846220016
82,69,0.1039000004529953
83,69,0.07000000029802322
84,69,0.08089999854564667
85,69,0.048500001430511475
86,69,0.07760000228881836
87,69,0.06970000267028809
88,69,0.10639999806880951
89,69,0.1582999974489212
90,69,0.16930000483989716
91,69,0.13359999656677246
92,69,0.15070000290870667
93,69,0.12280000001192093
94,69,0.10559999942779541
95,69,0.12489999830722809
96,69,0.07699999958276749
97,69,0.08349999785423279
98,69,0.04910000041127205
99,69,0.04969999939203262
100,69,0.05209999904036522
1,70,0.018799999728798866
2,70,0.01759999990463257
3,70,0.02410000003874302
4,70,0.021900000050663948
5,70,0.017100000753998756
6,70,0.01679999940097332
7,70,0.024900000542402267
8,70,0.03460000082850456
9,70,0.04919999837875366
10,70,0.06539999693632126
11,70,0.06859999895095825
12,70,0.06700000166893005
13,70,0.05310000106692314
14,70,0.0568000003695488
15,70,0.05640000104904175
16,70,0.061400000005960464
17,70,0.04560000076889992
18,70,0.031300000846385956
19,70,0.048500001430511475
20,70,0.04699999839067459
21,70,0.051500000059604645
22,70,0.052400000393390656
23,70,0.04899999871850014
24,70,0.05130000039935112
25,70,0.05169999971985817
26,70,0.07699999958276749
27,70,0.07569999992847443
28,70,0.07429999858140945
29,70,0.060600001364946365
30,70,0.03849999979138374
31,70,0.04500000178813934
32,70,0.061799999326467514
33,70,0.08529999852180481
34,70,0.08980000019073486
35,70,0.12610000371932983
36,70,0.11720000207424164
37,70,0.17080000042915344
38,70,0.20430000126361847
39,70,0.24269999563694
40,70,0.24269999563694
41,70,0.24269999563694
42,70,0.24269999563694
43,70,0.24269999563694
44,70,0.24269999563694
45,70,0.24269999563694
46,70,0.24269999563694
47,70,0.2759999930858612
48,70,0.2630000114440918
49,70,0.2849999964237213
50,70,0.28299999237060547
51,70,0.26600000262260437
52,70,0.2029999941587448
53,70,0.26499998569488525
54,70,0.26499998569488525
55,70,0.17100000381469727
56,70,0.04639999940991402
57,70,0.021900000050663948
58,70,0.01759999990463257
59,70,0.015399999916553497
60,70,0.017000000923871994
61,70,0.016200000420212746
62,70,0.019600000232458115
63,70,0.16920000314712524
64,70,0.29499998688697815
65,70,0.296999990940094
66,70,0.289000004529953
67,70,0.2809999883174896
68,70,0.28700000047683716
69,70,0.28999999165534973
70,70,0.06949999928474426
71,70,0.08309999853372574
72,70,0.06769999861717224
73,70,0.1062999963760376
74,70,0.10010000318288803
75,70,0.08070000261068344
76,70,0.054099999368190765
77,70,0.05900000035762787
78,70,0.13860000669956207
79,70,0.07150000333786011
80,70,0.10830000042915344
81,70,0.10379999876022339
82,70,0.0885000005364418
83,70,0.13449999690055847
84,70,0.133200004696846
85,70,0.08980000019073486
86,70,0.07829999923706055
87,70,0.10869999974966049
88,70,0.10499999672174454
89,70,0.12370000034570694
90,70,0.1387999951839447
91,70,0.18970000743865967
92,70,0.16300000250339508
93,70,0.19089999794960022
94,70,0.12690000236034393
95,70,0.18330000340938568
96,70,0.12530000507831573
97,70,0.09000000357627869
98,70,0.043699998408555984
99,70,0.05310000106692314
100,70,0.05849999934434891
1,71,0.039400000125169754
2,71,0.02889999933540821
3,71,0.020099999383091927
4,71,0.015599999576807022
5,71,0.01810000091791153
6,71,0.02160000056028366
7,71,0.03020000085234642
8,71,0.02419999986886978
9,71,0.03350000083446503
10,71,0.03739999979734421
11,71,0.08160000294446945
12,71,0.066600002348423
13,71,0.05620000138878822
14,71,0.057999998331069946
15,71,0.025100000202655792
16,71,0.03849999979138374
17,71,0.050999999046325684
18,71,0.053300000727176666
19,71,0.04740000143647194
20,71,0.04540000110864639
21,71,0.05590000003576279
22,71,0.0575999990105629
23,71,0.05999999865889549
24,71,0.06360000371932983
25,71,0.07840000092983246
26,71,0.0828000009059906
27,71,0.07169999927282333
28,71,0.0658000037074089
29,71,0.05829999968409538
30,71,0.03689999878406525
31,71,0.043800000101327896
32,71,0.0414000004529953
33,71,0.07540000230073929
34,71,0.1460999995470047
35,71,0.15790000557899475
36,71,0.17030000686645508
37,71,0.17260000109672546
38,71,0.17980000376701355
39,71,0.24050000309944153
40,71,0.24050000309944153
41,71,0.24050000309944153
42,71,0.24050000309944153
43,71,0.24050000309944153
44,71,0.24050000309944153
45,71,0.24050000309944153
46,71,0.11969999969005585
47,71,0.2669999897480011
48,71,0.2809999883174896
49,71,0.2750000059604645
50,71,0.27900001406669617
51,71,0.27000001072883606
52,71,0.2199999988079071
53,71,0.2531000077724457
54,71,0.2639999985694885
55,71,0.17010000348091125
56,71,0.048900000751018524
57,71,0.027899999171495438
58,71,0.03220000118017197
59,71,0.02759999968111515
60,71,0.02160000056028366
61,71,0.01810000091791153
62,71,0.2750000059604645
63,71,0.29100000858306885
64,71,0.28600001335144043
65,71,0.2840000092983246
66,71,0.2879999876022339
67,71,0.2809999883174896
68,71,0.30799999833106995
69,71,0.06669999659061432
70,71,0.06419999897480011
71,71,0.08410000056028366
72,71,0.1137000024318695
73,71,0.07440000027418137
74,71,0.06949999928474426
75,71,0.06629999727010727
76,71,0.04349999874830246
77,71,0.043800000101327896
78,71,0.15219999849796295
79,71,0.13199999928474426
80,71,0.0820000022649765
81,71,0.13379999995231628
82,71,0.0877000018954277
83,71,0.0966000035405159
84,71,0.062300000339746475
85,71,0.07500000298023224
86,71,0.10429999977350235
87,71,0.1712000072002411
88,71,0.1656000018119812
89,71,0.12919999659061432
90,71,0.1459999978542328
91,71,0.14090000092983246
92,71,0.11760000139474869
93,71,0.18070000410079956
94,71,0.16359999775886536
95,71,0.16740000247955322
96,71,0.149399995803833
97,71,0.15790000557899475
98,71,0.08060000091791153
99,71,0.06469999998807907
100,71,0.07479999959468842
1,72,0.06270000338554382
2,72,0.022299999371170998
3,72,0.013799999840557575
4,72,0.021400000900030136
5,72,0.01489999983459711
6,72,0.0142000000923872
7,72,0.02539999969303608
8,72,0.02810000069439411
9,72,0.024000000208616257
10,72,0.04809999838471413
11,72,0.06830000132322311
12,72,0.05270000174641609
13,72,0.06199999898672104
14,72,0.07699999958276749
15,72,0.03750000149011612
16,72,0.025299999862909317
17,72,0.01489999983459711
18,72,0.0203000009059906
19,72,0.03519999980926514
20,72,0.039400000125169754
21,72,0.052000001072883606
22,72,0.056699998676776886
23,72,0.0754999965429306
24,72,0.05959999933838844
25,72,0.09529999643564224
26,72,0.10660000145435333
27,72,0.09239999949932098
28,72,0.06159999966621399
29,72,0.05640000104904175
30,72,0.025299999862909317
31,72,0.029400000348687172
32,72,0.05139999836683273
33,72,0.09610000252723694
34,72,0.16910000145435333
35,72,0.15719999372959137
36,72,0.15029999613761902
37,72,0.19789999723434448
38,72,0.2379000037908554
39,72,0.2402999997138977
40,72,0.23810000717639923
41,72,0.24629999697208405
42,72,0.16429999470710754
43,72,0.16429999470710754
44,72,0.16429999470710754
45,72,0.16429999470710754
46,72,0.149399995803833
47,72,0.26100000739097595
48,72,0.27799999713897705
49,72,0.2709999978542328
50,72,0.28299999237060547
51,72,0.2800000011920929
52,72,0.27000001072883606
53,72,0.24699999392032623
54,72,0.2540000081062317
55,72,0.17910000681877136
56,72,0.04830000177025795
57,72,0.03290000185370445
58,72,0.038100000470876694
59,72,0.03799999877810478
60,72,0.04149999842047691
61,72,0.026599999517202377
62,72,0.2750000059604645
63,72,0.28299999237060547
64,72,0.2800000011920929
65,72,0.2759999930858612
66,72,0.2759999930858612
67,72,0.29319998621940613
68,72,0.19169999659061432
69,72,0.07440000027418137
70,72,0.06780000030994415
71,72,0.08389999717473984
72,72,0.04670000076293945
73,72,0.055799998342990875
74,72,0.0471000000834465
75,72,0.05810000002384186
76,72,0.031700000166893005
77,72,0.049800001084804535
78,72,0.11620000004768372
79,72,0.11670000106096268
80,72,0.10649999976158142
81,72,0.17100000381469727
82,72,0.1177000030875206
83,72,0.12280000001192093
84,72,0.10480000078678131
85,72,0.09290000051259995
86,72,0.10499999672174454
87,72,0.10429999977350235
88,72,0.13609999418258667
89,72,0.15459999442100525
90,72,0.14749999344348907
91,72,0.18799999356269836
92,72,0.15000000596046448
93,72,0.12530000507831573
94,72,0.16619999706745148
95,72,0.13019999861717224
96,72,0.1551000028848648
97,72,0.16189999878406525
98,72,0.11729999631643295
99,72,0.14640000462532043
100,72,0.11590000241994858
1,73,0.026100000366568565
2,73,0.020500000566244125
3,73,0.01769999973475933
4,73,0.015399999916553497
5,73,0.012199999764561653
6,73,0.016899999231100082
7,73,0.019600000232458115
8,73,0.024399999529123306
9,73,0.021400000900030136
10,73,0.029200000688433647
11,73,0.03420000150799751
12,73,0.03669999912381172
13,73,0.03720000013709068
14,73,0.028200000524520874
15,73,0.012199999764561653
16,73,0.01850000023841858
17,73,0.01209999993443489
18,73,0.017100000753998756
19,73,0.026900000870227814
20,73,0.03280000016093254
21,73,0.039500001817941666
22,73,0.08070000261068344
23,73,0.10920000076293945
24,73,0.08590000122785568
25,73,0.0885000005364418
26,73,0.10140000283718109
27,73,0.11420000344514847
28,73,0.12380000203847885
29,73,0.0697999969124794
30,73,0.04690000042319298
31,73,0.051100000739097595
32,73,0.061000000685453415
33,73,0.08460000157356262
34,73,0.11640000343322754
35,73,0.08320000022649765
36,73,0.12800000607967377
37,73,0.1987999975681305
38,73,0.17679999768733978
39,73,0.22439999878406525
40,73,0.18299999833106995
41,73,0.23929999768733978
42,73,0.16050000488758087
43,73,0.16050000488758087
44,73,0.23549999296665192
45,73,0.15520000457763672
46,73,0.16380000114440918
47,73,0.27300000190734863
48,73,0.2720000147819519
49,73,0.28299999237060547
50,73,0.2770000100135803
51,73,0.27000001072883606
52,73,0.27000001072883606
53,73,0.2199999988079071
54,73,0.2549999952316284
55,73,0.18809999525547028
56,73,0.049300000071525574
57,73,0.032099999487400055
58,73,0.03620000183582306
59,73,0.04170000180602074
60,73,0.053599998354911804
61,73,0.2720000147819519
62,73,0.2840000092983246
63,73,0.28700000047683716
64,73,0.28299999237060547
65,73,0.2849999964237213
66,73,0.27399998903274536
67,73,0.19349999725818634
68,73,0.04490000009536743
69,73,0.09549999982118607
70,73,0.08139999955892563
71,73,0.10369999706745148
72,73,0.09769999980926514
73,73,0.06199999898672104
74,73,0.07270000129938126
75,73,0.03880000114440918
76,73,0.035100001841783524
77,73,0.05570000037550926
78,73,0.07800000160932541
79,73,0.07810000330209732
80,73,0.12950000166893005
81,73,0.14489999413490295
82,73,0.11760000139474869
83,73,0.1331000030040741
84,73,0.17800000309944153
85,73,0.14149999618530273
86,73,0.14259999990463257
87,73,0.13609999418258667
88,73,0.10610000044107437
89,73,0.1143999993801117
90,73,0.1606999933719635
91,73,0.1949000060558319
92,73,0.2160000056028366
93,73,0.21299999952316284
94,73,0.13189999759197235
95,73,0.1062999963760376
96,73,0.1185000017285347
97,73,0.08500000089406967
98,73,0.13030000030994415
99,73,0.1363999992609024
100,73,0.1062999963760376
1,74,0.02280000038444996
2,74,0.023399999365210533
3,74,0.025800000876188278
4,74,0.02850000001490116
5,74,0.03579999879002571
6,74,0.023800000548362732
7,74,0.024900000542402267
8,74,0.023399999365210533
9,74,0.01510000042617321
10,74,0.026599999517202377
11,74,0.031599998474121094
12,74,0.018799999728798866
13,74,0.020999999716877937
14,74,0.03959999978542328
15,74,0.020999999716877937
16,74,0.016699999570846558
17,74,0.01679999940097332
18,74,0.010300000198185444
19,74,0.025200000032782555
20,74,0.047600001096725464
21,74,0.040800001472234726
22,74,0.06279999762773514
23,74,0.08839999884366989
24,74,0.07249999791383743
25,74,0.05570000037550926
26,74,0.08229999989271164
27,74,0.08709999918937683
28,74,0.0982000008225441
29,74,0.07689999788999557
30,74,0.058400001376867294
31,74,0.05180000141263008
32,74,0.0722000002861023
33,74,0.04769999906420708
34,74,0.0908999964594841
35,74,0.13169999420642853
36,74,0.1289999932050705
37,74,0.09210000187158585
38,74,0.11869999766349792
39,74,0.13490000367164612
40,74,0.13359999656677246
41,74,0.21860000491142273
42,74,0.23739999532699585
43,74,0.11800000071525574
44,74,0.1316000074148178
45,74,0.13369999825954437
46,74,0.14399999380111694
47,74,0.2800000011920929
48,74,0.2669999897480011
49,74,0.27300000190734863
50,74,0.26899999380111694
51,74,0.26600000262260437
52,74,0.26499998569488525
53,74,0.26899999380111694
54,74,0.2669999897480011
55,74,0.27399998903274536
56,74,0.03530000150203705
57,74,0.032099999487400055
58,74,0.039799999445676804
59,74,0.0406000018119812
60,74,0.1907999962568283
61,74,0.2709999978542328
62,74,0.2800000011920929
63,74,0.2849999964237213
64,74,0.28999999165534973
65,74,0.27489998936653137
66,74,0.07360000163316727
67,74,0.11050000041723251
68,74,0.0949999988079071
69,74,0.08250000327825546
70,74,0.07240000367164612
71,74,0.06880000233650208
72,74,0.062199998646974564
73,74,0.05139999836683273
74,74,0.09080000221729279
75,74,0.07150000333786011
76,74,0.05050000175833702
77,74,0.0835999995470047
78,74,0.08229999989271164
79,74,0.0763000026345253
80,74,0.08449999988079071
81,74,0.14219999313354492
82,74,0.08150000125169754
83,74,0.10750000178813934
84,74,0.1671999990940094
85,74,0.19089999794960022
86,74,0.14949999749660492
87,74,0.11509999632835388
88,74,0.12319999933242798
89,74,0.13490000367164612
90,74,0.21040000021457672
91,74,0.1728000044822693
92,74,0.1899999976158142
93,74,0.18719999492168427
94,74,0.17949999868869781
95,74,0.156700000166893
96,74,0.14409999549388885
97,74,0.0794999971985817
98,74,0.1306000053882599
99,74,0.1265999972820282
100,74,0.1160999983549118
1,75,0.02969999983906746
2,75,0.028300000354647636
3,75,0.054999999701976776
4,75,0.05209999904036522
5,75,0.031099999323487282
6,75,0.02160000056028366
7,75,0.026000000536441803
8,75,0.024000000208616257
9,75,0.02539999969303608
10,75,0.029200000688433647
11,75,0.02160000056028366
12,75,0.016200000420212746
13,75,0.014700000174343586
14,75,0.02800000086426735
15,75,0.014700000174343586
16,75,0.01600000075995922
17,75,0.01510000042617321
18,75,0.014600000344216824
19,75,0.01940000057220459
20,75,0.042399998754262924
21,75,0.06589999794960022
22,75,0.11020000278949738
23,75,0.13109999895095825
24,75,0.11599999666213989
25,75,0.08980000019073486
26,75,0.07410000264644623
27,75,0.08209999650716782
28,75,0.07940000295639038
29,75,0.05779999867081642
30,75,0.1200999990105629
31,75,0.05380000174045563
32,75,0.0494999997317791
33,75,0.0575999990105629
34,75,0.10010000318288803
35,75,0.14399999380111694
36,75,0.1356000006198883
37,75,0.1315000057220459
38,75,0.1468999981880188
39,75,0.11079999804496765
40,75,0.10769999772310257
41,75,0.1606999933719635
42,75,0.21410000324249268
43,75,0.14820000529289246
44,75,0.1509000062942505
45,75,0.12229999899864197
46,75,0.08330000191926956
47,75,0.2630000114440918
48,75,0.2669999897480011
49,75,0.27000001072883606
50,75,0.2759999930858612
51,75,0.2669999897480011
52,75,0.2709999978542328
53,75,0.27900001406669617
54,75,0.26499998569488525
55,75,0.2669999897480011
56,75,0.02539999969303608
57,75,0.02449999935925007
58,75,0.02250000089406967
59,75,0.19349999725818634
60,75,0.2720000147819519
61,75,0.2750000059604645
62,75,0.2750000059604645
63,75,0.2879999876022339
64,75,0.29499998688697815
65,75,0.17910000681877136
66,75,0.06369999796152115
67,75,0.1062999963760376
68,75,0.10239999741315842
69,75,0.06769999861717224
70,75,0.06930000334978104
71,75,0.10830000042915344
72,75,0.09849999845027924
73,75,0.07999999821186066
74,75,0.10909999907016754
75,75,0.10610000044107437
76,75,0.07100000232458115
77,75,0.0957999974489212
78,75,0.08410000056028366
79,75,0.13050000369548798
80,75,0.12790000438690186
81,75,0.15000000596046448
82,75,0.09080000221729279
83,75,0.10890000313520432
84,75,0.20069999992847443
85,75,0.12950000166893005
86,75,0.19599999487400055
87,75,0.12549999356269836
88,75,0.13809999823570251
89,75,0.1526000052690506
90,75,0.19820000231266022
91,75,0.2102999985218048
92,75,0.22120000422000885
93,75,0.23549999296665192
94,75,0.23350000381469727
95,75,0.19609999656677246
96,75,0.1615000069141388
97,75,0.08009999990463257
98,75,0.09120000153779984
99,75,0.10999999940395355
100,75,0.11389999836683273
1,76,0.031099999323487282
2,76,0.03970000147819519
3,76,0.033799998462200165
4,76,0.024299999698996544
5,76,0.020600000396370888
6,76,0.023099999874830246
7,76,0.02969999983906746
8,76,0.027799999341368675
9,76,0.019300000742077827
10,76,0.03150000050663948
11,76,0.024900000542402267
12,76,0.02250000089406967
13,76,0.020099999383091927
14,76,0.019300000742077827
15,76,0.01679999940097332
16,76,0.012900000438094139
17,76,0.011099999770522118
18,76,0.016100000590085983
19,76,0.032499998807907104
20,76,0.04320000112056732
21,76,0.07540000230073929
22,76,0.08179999887943268
23,76,0.1623000055551529
24,76,0.1647000014781952
25,76,0.10010000318288803
26,76,0.09160000085830688
27,76,0.06700000166893005
28,76,0.061400000005960464
29,76,0.047200001776218414
30,76,0.06909999996423721
31,76,0.052299998700618744
32,76,0.03959999978542328
33,76,0.03139999881386757
34,76,0.0502999983727932
35,76,0.08879999816417694
36,76,0.1080000028014183
37,76,0.1256999969482422
38,76,0.11320000141859055
39,76,0.1136000007390976
40,76,0.10490000247955322
41,76,0.14550000429153442
42,76,0.17980000376701355
43,76,0.18359999358654022
44,76,0.10819999873638153
45,76,0.15299999713897705
46,76,0.08349999785423279
47,76,0.18359999358654022
48,76,0.28200000524520874
49,76,0.25099998712539673
50,76,0.2709999978542328
51,76,0.2639999985694885
52,76,0.2720000147819519
53,76,0.2680000066757202
54,76,0.14149999618530273
55,76,0.1889999955892563
56,76,0.03689999878406525
57,76,0.031099999323487282
58,76,0.20250000059604645
59,76,0.27399998903274536
60,76,0.2680000066757202
61,76,0.26600000262260437
62,76,0.2759999930858612
63,76,0.2879999876022339
64,76,0.16740000247955322
65,76,0.04529999941587448
66,76,0.06909999996423721
67,76,0.17430000007152557
68,76,0.19439999759197235
69,76,0.10760000348091125
70,76,0.09640000015497208
71,76,0.10279999673366547
72,76,0.10140000283718109
73,76,0.06449999660253525
74,76,0.08579999953508377
75,76,0.0835999995470047
76,76,0.0738999992609024
77,76,0.13279999792575836
78,76,0.1421000063419342
79,76,0.12309999763965607
80,76,0.15530000627040863
81,76,0.1800999939441681
82,76,0.1687999963760376
83,76,0.13099999725818634
84,76,0.0934000015258789
85,76,0.15209999680519104
86,76,0.1152999997138977
87,76,0.15620000660419464
88,76,0.17399999499320984
89,76,0.23399999737739563
90,76,0.20419999957084656
91,76,0.2402999997138977
92,76,0.22769999504089355
93,76,0.2280000001192093
94,76,0.24040000140666962
95,76,0.16429999470710754
96,76,0.08500000089406967
97,76,0.08139999955892563
98,76,0.07660000026226044
99,76,0.0877000018954277
100,76,0.1307000070810318
1,77,0.03889999911189079
2,77,0.03460000082850456
3,77,0.025699999183416367
4,77,0.01810000091791153
5,77,0.02370000071823597
6,77,0.038600001484155655
7,77,0.03530000150203705
8,77,0.032499998807907104
9,77,0.03189999982714653
10,77,0.02850000001490116
11,77,0.028699999675154686
12,77,0.023600000888109207
13,77,0.019500000402331352
14,77,0.017999999225139618
15,77,0.01549999974668026
16,77,0.015200000256299973
17,77,0.01510000042617321
18,77,0.0284000001847744
19,77,0.039900001138448715
20,77,0.05000000074505806
21,77,0.055399999022483826
22,77,0.09440000355243683
23,77,0.12150000035762787
24,77,0.14399999380111694
25,77,0.131400004029274
26,77,0.08009999990463257
27,77,0.10300000011920929
28,77,0.08349999785423279
29,77,0.03840000182390213
30,77,0.04769999906420708
31,77,0.04010000079870224
32,77,0.04129999876022339
33,77,0.04450000077486038
34,77,0.060499999672174454
35,77,0.07010000199079514
36,77,0.09870000183582306
37,77,0.09309999644756317
38,77,0.0957999974489212
39,77,0.07599999755620956
40,77,0.21289999783039093
41,77,0.1160999983549118
42,77,0.12030000239610672
43,77,0.07739999890327454
44,77,0.11110000312328339
45,77,0.09019999951124191
46,77,0.17550000548362732
47,77,0.2720000147819519
48,77,0.2800000011920929
49,77,0.2630000114440918
50,77,0.2295999974012375
51,77,0.2750000059604645
52,77,0.27300000190734863
53,77,0.2619999945163727
54,77,0.18170000612735748
55,77,0.03720000013709068
56,77,0.034299999475479126
57,77,0.19439999759197235
58,77,0.2759999930858612
59,77,0.27300000190734863
60,77,0.2669999897480011
61,77,0.26499998569488525
62,77,0.2619999945163727
63,77,0.28999999165534973
64,77,0.03759999945759773
65,77,0.06019999831914902
66,77,0.05959999933838844
67,77,0.10090000182390213
68,77,0.14990000426769257
69,77,0.15760000050067902
70,77,0.11909999698400497
71,77,0.10320000350475311
72,77,0.1160999983549118
73,77,0.09799999743700027
74,77,0.07280000299215317
75,77,0.10209999978542328
76,77,0.09610000252723694
77,77,0.10980000346899033
78,77,0.17730000615119934
79,77,0.21070000529289246
80,77,0.18299999833106995
81,77,0.20419999957084656
82,77,0.1680999994277954
83,77,0.13830000162124634
84,77,0.13830000162124634
85,77,0.14380000531673431
86,77,0.1664000004529953
87,77,0.22259999811649323
88,77,0.13410000503063202
89,77,0.21040000021457672
90,77,0.21879999339580536
91,77,0.21660000085830688
92,77,0.18150000274181366
93,77,0.2062000036239624
94,77,0.2402999997138977
95,77,0.1509999930858612
96,77,0.0640999972820282
97,77,0.059300001710653305
98,77,0.09319999814033508
99,77,0.12470000237226486
100,77,0.12800000607967377
1,78,0.020099999383091927
2,78,0.021199999377131462
3,78,0.013899999670684338
4,78,0.023099999874830246
5,78,0.025100000202655792
6,78,0.030400000512599945
7,78,0.025100000202655792
8,78,0.021199999377131462
9,78,0.03220000118017197
10,78,0.0421999990940094
11,78,0.03420000150799751
12,78,0.028599999845027924
13,78,0.022199999541044235
14,78,0.01510000042617321
15,78,0.014999999664723873
16,78,0.020999999716877937
17,78,0.03880000114440918
18,78,0.042100001126527786
19,78,0.0575999990105629
20,78,0.06469999998807907
21,78,0.07649999856948853
22,78,0.06589999794960022
23,78,0.1348000019788742
24,78,0.11460000276565552
25,78,0.11320000141859055
26,78,0.06880000233650208
27,78,0.07339999824762344
28,78,0.052400000393390656
29,78,0.06769999861717224
30,78,0.053300000727176666
31,78,0.0348999984562397
32,78,0.04569999873638153
33,78,0.042899999767541885
34,78,0.06809999793767929
35,78,0.05909999832510948
36,78,0.061000000685453415
37,78,0.07760000228881836
38,78,0.08969999849796295
39,78,0.11680000275373459
40,78,0.1647000014781952
41,78,0.10840000212192535
42,78,0.07119999825954437
43,78,0.0706000030040741
44,78,0.06400000303983688
45,78,0.07090000063180923
46,78,0.06019999831914902
47,78,0.2809999883174896
48,78,0.2630000114440918
49,78,0.2240000069141388
50,78,0.1988999992609024
51,78,0.24799999594688416
52,78,0.22300000488758087
53,78,0.2669999897480011
54,78,0.17910000681877136
55,78,0.04969999939203262
56,78,0.17730000615119934
57,78,0.2840000092983246
58,78,0.28999999165534973
59,78,0.28700000047683716
60,78,0.2770000100135803
61,78,0.2669999897480011
62,78,0.2750000059604645
63,78,0.07460000365972519
64,78,0.06270000338554382
65,78,0.04670000076293945
66,78,0.08919999748468399
67,78,0.07890000194311142
68,78,0.06790000200271606
69,78,0.05730000138282776
70,78,0.08009999990463257
71,78,0.12470000237226486
72,78,0.09019999951124191
73,78,0.12409999966621399
74,78,0.12449999898672104
75,78,0.12070000171661377
76,78,0.1404000073671341
77,78,0.15940000116825104
78,78,0.2021999955177307
79,78,0.21660000085830688
80,78,0.1907999962568283
81,78,0.20080000162124634
82,78,0.19349999725818634
83,78,0.17110000550746918
84,78,0.1551000028848648
85,78,0.12380000203847885
86,78,0.11909999698400497
87,78,0.11630000174045563
88,78,0.08160000294446945
89,78,0.12839999794960022
90,78,0.11670000106096268
91,78,0.09600000083446503
92,78,0.1039000004529953
93,78,0.11720000207424164
94,78,0.10610000044107437
95,78,0.10779999941587448
96,78,0.06800000369548798
97,78,0.07429999858140945
98,78,0.1062999963760376
99,78,0.08349999785423279
100,78,0.10189999639987946
1,79,0.018300000578165054
2,79,0.01209999993443489
3,79,0.009200000204145908
4,79,0.02449999935925007
5,79,0.026599999517202377
6,79,0.019600000232458115
7,79,0.03449999913573265
8,79,0.029999999329447746
9,79,0.033900000154972076
10,79,0.029500000178813934
11,79,0.02459999918937683
12,79,0.02889999933540821
13,79,0.03150000050663948
14,79,0.03880000114440918
15,79,0.0421999990940094
16,79,0.044599998742341995
17,79,0.04100000113248825
18,79,0.06199999898672104
19,79,0.05000000074505806
20,79,0.057100001722574234
21,79,0.06239999830722809
22,79,0.08100000023841858
23,79,0.11980000138282776
24,79,0.1023000031709671
25,79,0.09749999642372131
26,79,0.10610000044107437
27,79,0.05050000175833702
28,79,0.04390000179409981
29,79,0.03750000149011612
30,79,0.03660000115633011
31,79,0.023000000044703484
32,79,0.03359999880194664
33,79,0.04089999943971634
34,79,0.06379999965429306
35,79,0.06719999760389328
36,79,0.05979999899864197
37,79,0.07569999992847443
38,79,0.10419999808073044
39,79,0.15330000221729279
40,79,0.08669999986886978
41,79,0.06610000133514404
42,79,0.05169999971985817
43,79,0.0803999975323677
44,79,0.04910000041127205
45,79,0.14669999480247498
46,79,0.28299999237060547
47,79,0.2540999948978424
48,79,0.25270000100135803
49,79,0.21299999952316284
50,79,0.19030000269412994
51,79,0.2669999897480011
52,79,0.27300000190734863
53,79,0.25999999046325684
54,79,0.022099999710917473
55,79,0.17100000381469727
56,79,0.2619999945163727
57,79,0.2709999978542328
58,79,0.30300000309944153
59,79,0.28999999165534973
60,79,0.29600000381469727
61,79,0.28600001335144043
62,79,0.1656000018119812
63,79,0.08009999990463257
64,79,0.05009999871253967
65,79,0.08250000327825546
66,79,0.0640999972820282
67,79,0.07240000367164612
68,79,0.050999999046325684
69,79,0.03759999945759773
70,79,0.08150000125169754
71,79,0.06549999862909317
72,79,0.057999998331069946
73,79,0.13079999387264252
74,79,0.16760000586509705
75,79,0.155799999833107
76,79,0.16940000653266907
77,79,0.1356000006198883
78,79,0.17159999907016754
79,79,0.16660000383853912
80,79,0.22339999675750732
81,79,0.13500000536441803
82,79,0.1606999933719635
83,79,0.17149999737739563
84,79,0.17900000512599945
85,79,0.13079999387264252
86,79,0.149399995803833
87,79,0.149399995803833
88,79,0.07320000231266022
89,79,0.0966000035405159
90,79,0.12600000202655792
91,79,0.14149999618530273
92,79,0.11129999905824661
93,79,0.07890000194311142
94,79,0.09520000219345093
95,79,0.12080000340938568
96,79,0.06669999659061432
97,79,0.05649999901652336
98,79,0.08259999752044678
99,79,0.16349999606609344
100,79,0.11140000075101852
1,80,0.0142000000923872
2,80,0.012299999594688416
3,80,0.012600000016391277
4,80,0.020899999886751175
5,80,0.02669999934732914
6,80,0.0340999998152256
7,80,0.03880000114440918
8,80,0.04439999908208847
9,80,0.0272000003606081
10,80,0.02459999918937683
11,80,0.02449999935925007
12,80,0.04830000177025795
13,80,0.04830000177025795
14,80,0.051500000059604645
15,80,0.052000001072883606
16,80,0.03959999978542328
17,80,0.04450000077486038
18,80,0.0625
19,80,0.06560000032186508
20,80,0.09290000051259995
21,80,0.08309999853372574
22,80,0.0568000003695488
23,80,0.11659999936819077
24,80,0.09130000323057175
25,80,0.08429999649524689
26,80,0.11270000040531158
27,80,0.05640000104904175
28,80,0.04230000078678131
29,80,0.03819999843835831
30,80,0.05270000174641609
31,80,0.023800000548362732
32,80,0.02630000002682209
33,80,0.041999999433755875
34,80,0.03959999978542328
35,80,0.05660000070929527
36,80,0.0640999972820282
37,80,0.07349999994039536
38,80,0.0934000015258789
39,80,0.16599999368190765
40,80,0.10199999809265137
41,80,0.06279999762773514
42,80,0.06350000202655792
43,80,0.04690000042319298
44,80,0.06589999794960022
45,80,0.15119999647140503
46,80,0.27900001406669617
47,80,0.2720000147819519
48,80,0.2709999978542328
49,80,0.2619999945163727
50,80,0.2639999985694885
51,80,0.25200000405311584
52,80,0.2709999978542328
53,80,0.1656000018119812
54,80,0.17100000381469727
55,80,0.18199999630451202
56,80,0.2800000011920929
57,80,0.28700000047683716
58,80,0.2980000078678131
59,80,0.2770000100135803
60,80,0.2930000126361847
61,80,0.28999999165534973
62,80,0.024399999529123306
63,80,0.026100000366568565
64,80,0.031099999323487282
65,80,0.03970000147819519
66,80,0.04740000143647194
67,80,0.06700000166893005
68,80,0.05400000140070915
69,80,0.029500000178813934
70,80,0.0706000030040741
71,80,0.10329999774694443
72,80,0.07569999992847443
73,80,0.0925000011920929
74,80,0.11840000003576279
75,80,0.21379999816417694
76,80,0.16009999811649323
77,80,0.1673000007867813
78,80,0.12359999865293503
79,80,0.16769999265670776
80,80,0.11749999970197678
81,80,0.12099999934434891
82,80,0.11729999631643295
83,80,0.0851999968290329
84,80,0.12870000302791595
85,80,0.09700000286102295
86,80,0.10360000282526016
87,80,0.10760000348091125
88,80,0.08640000224113464
89,80,0.10559999942779541
90,80,0.0828000009059906
91,80,0.10379999876022339
92,80,0.11249999701976776
93,80,0.07739999890327454
94,80,0.10419999808073044
95,80,0.061400000005960464
96,80,0.06109999865293503
97,80,0.09229999780654907
98,80,0.0794999971985817
99,80,0.15410000085830688
100,80,0.14229999482631683
1,81,0.014100000262260437
2,81,0.014700000174343586
3,81,0.043699998408555984
4,81,0.028200000524520874
5,81,0.0284000001847744
6,81,0.0471000000834465
7,81,0.026599999517202377
8,81,0.03779999911785126
9,81,0.03359999880194664
10,81,0.027899999171495438
11,81,0.039400000125169754
12,81,0.05649999901652336
13,81,0.06599999964237213
14,81,0.06759999692440033
15,81,0.03629999980330467
16,81,0.032099999487400055
17,81,0.03929999843239784
18,81,0.044199999421834946
19,81,0.0908999964594841
20,81,0.09390000253915787
21,81,0.11050000041723251
22,81,0.07580000162124634
23,81,0.10440000146627426
24,81,0.07779999822378159
25,81,0.05299999937415123
26,81,0.05400000140070915
27,81,0.042100001126527786
28,81,0.019200000911951065
29,81,0.03819999843835831
30,81,0.05050000175833702
31,81,0.036400001496076584
32,81,0.03620000183582306
33,81,0.06769999861717224
34,81,0.04439999908208847
35,81,0.03750000149011612
36,81,0.06239999830722809
37,81,0.05050000175833702
38,81,0.06279999762773514
39,81,0.10130000114440918
40,81,0.05249999836087227
41,81,0.09489999711513519
42,81,0.049800001084804535
43,81,0.04600000008940697
44,81,0.14489999413490295
45,81,0.2770000100135803
46,81,0.2680000066757202
47,81,0.2680000066757202
48,81,0.2800000011920929
49,81,0.2483000010251999
50,81,0.2290000021457672
51,81,0.2680000066757202
52,81,0.28299999237060547
53,81,0.027699999511241913
54,81,0.23999999463558197
55,81,0.19699999690055847
56,81,0.2770000100135803
57,81,0.2680000066757202
58,81,0.27399998903274536
59,81,0.28600001335144043
60,81,0.28299999237060547
61,81,0.025499999523162842
62,81,0.026599999517202377
63,81,0.013100000098347664
64,81,0.023399999365210533
65,81,0.02539999969303608
66,81,0.058800000697374344
67,81,0.08219999819993973
68,81,0.11670000106096268
69,81,0.07190000265836716
70,81,0.08640000224113464
71,81,0.08950000256299973
72,81,0.09809999912977219
73,81,0.09459999948740005
74,81,0.14710000157356262
75,81,0.12890000641345978
76,81,0.15410000085830688
77,81,0.120899997651577
78,81,0.14010000228881836
79,81,0.16830000281333923
80,81,0.125
81,81,0.09000000357627869
82,81,0.1054999977350235
83,81,0.08669999986886978
84,81,0.08500000089406967
85,81,0.14730000495910645
86,81,0.07050000131130219
87,81,0.0868000015616417
88,81,0.06300000101327896
89,81,0.07689999788999557
90,81,0.11909999698400497
91,81,0.0674000009894371
92,81,0.10189999639987946
93,81,0.07209999859333038
94,81,0.10790000110864639
95,81,0.08299999684095383
96,81,0.06719999760389328
97,81,0.0722000002861023
98,81,0.04650000110268593
99,81,0.07079999893903732
100,81,0.16179999709129333
1,82,0.020899999886751175
2,82,0.020600000396370888
3,82,0.029500000178813934
4,82,0.03240000084042549
5,82,0.025800000876188278
6,82,0.019700000062584877
7,82,0.02019999921321869
8,82,0.026100000366568565
9,82,0.02810000069439411
10,82,0.03420000150799751
11,82,0.03779999911785126
12,82,0.0364999994635582
13,82,0.06549999862909317
14,82,0.05510000139474869
15,82,0.039900001138448715
16,82,0.07050000131130219
17,82,0.043699998408555984
18,82,0.05050000175833702
19,82,0.0617000013589859
20,82,0.09040000289678574
21,82,0.06949999928474426
22,82,0.059300001710653305
23,82,0.05490000173449516
24,82,0.06360000371932983
25,82,0.05429999902844429
26,82,0.05559999868273735
27,82,0.026200000196695328
28,82,0.0272000003606081
29,82,0.03359999880194664
30,82,0.04039999842643738
31,82,0.0471000000834465
32,82,0.056299999356269836
33,82,0.06369999796152115
34,82,0.07530000060796738
35,82,0.07760000228881836
36,82,0.07590000331401825
37,82,0.06639999896287918
38,82,0.0649000033736229
39,82,0.0625
40,82,0.0608999989926815
41,82,0.06289999932050705
42,82,0.06210000067949295
43,82,0.043800000101327896
44,82,0.04600000008940697
45,82,0.2669999897480011
46,82,0.2669999897480011
47,82,0.26499998569488525
48,82,0.28200000524520874
49,82,0.26100000739097595
50,82,0.27000001072883606
51,82,0.27900001406669617
52,82,0.1907999962568283
53,82,0.17100000381469727
54,82,0.24899999797344208
55,82,0.17499999701976776
56,82,0.26499998569488525
57,82,0.27399998903274536
58,82,0.28200000524520874
59,82,0.29600000381469727
60,82,0.1907999962568283
61,82,0.028599999845027924
62,82,0.024800000712275505
63,82,0.020800000056624413
64,82,0.016300000250339508
65,82,0.019099999219179153
66,82,0.031099999323487282
67,82,0.04320000112056732
68,82,0.07360000163316727
69,82,0.1160999983549118
70,82,0.14350000023841858
71,82,0.12380000203847885
72,82,0.1096000000834465
73,82,0.08780000358819962
74,82,0.09589999914169312
75,82,0.10180000215768814
76,82,0.10400000214576721
77,82,0.12330000102519989
78,82,0.11919999867677689
79,82,0.11079999804496765
80,82,0.10980000346899033
81,82,0.1062999963760376
82,82,0.09769999980926514
83,82,0.061500001698732376
84,82,0.09719999879598618
85,82,0.12380000203847885
86,82,0.11050000041723251
87,82,0.07259999960660934
88,82,0.08420000225305557
89,82,0.07699999958276749
90,82,0.10339999943971634
91,82,0.10729999840259552
92,82,0.0982000008225441
93,82,0.08229999989271164
94,82,0.10350000113248825
95,82,0.10260000079870224
96,82,0.09719999879598618
97,82,0.09000000357627869
98,82,0.0649000033736229
99,82,0.055799998342990875
100,82,0.08969999849796295
1,83,0.025200000032782555
2,83,0.016899999231100082
3,83,0.021400000900030136
4,83,0.025599999353289604
5,83,0.03420000150799751
6,83,0.028999999165534973
7,83,0.02449999935925007
8,83,0.031199999153614044
9,83,0.024900000542402267
10,83,0.03539999946951866
11,83,0.043800000101327896
12,83,0.0348999984562397
13,83,0.05290000140666962
14,83,0.07720000296831131
15,83,0.05299999937415123
16,83,0.06539999693632126
17,83,0.05810000002384186
18,83,0.07349999994039536
19,83,0.08209999650716782
20,83,0.09080000221729279
21,83,0.06159999966621399
22,83,0.053599998354911804
23,83,0.07999999821186066
24,83,0.045499999076128006
25,83,0.02630000002682209
26,83,0.037700001150369644
27,83,0.023000000044703484
28,83,0.039000000804662704
29,83,0.039000000804662704
30,83,0.044599998742341995
31,83,0.04529999941587448
32,83,0.043699998408555984
33,83,0.042899999767541885
34,83,0.07750000059604645
35,83,0.07349999994039536
36,83,0.05130000039935112
37,83,0.057500001043081284
38,83,0.05530000105500221
39,83,0.07159999758005142
40,83,0.12939999997615814
41,83,0.10570000112056732
42,83,0.12039999663829803
43,83,0.12939999997615814
44,83,0.2849999964237213
45,83,0.28200000524520874
46,83,0.24699999392032623
47,83,0.26600000262260437
48,83,0.2709999978542328
49,83,0.26499998569488525
50,83,0.27900001406669617
51,83,0.2750000059604645
52,83,0.021800000220537186
53,83,0.22040000557899475
54,83,0.24899999797344208
55,83,0.24799999594688416
56,83,0.2800000011920929
57,83,0.2809999883174896
58,83,0.27799999713897705
59,83,0.2879999876022339
60,83,0.0210999995470047
61,83,0.03880000114440918
62,83,0.020999999716877937
63,83,0.02979999966919422
64,83,0.034299999475479126
65,83,0.03139999881386757
66,83,0.042100001126527786
67,83,0.04580000042915344
68,83,0.0828000009059906
69,83,0.08980000019073486
70,83,0.13379999995231628
71,83,0.09629999846220016
72,83,0.1307000070810318
73,83,0.10649999976158142
74,83,0.06239999830722809
75,83,0.09799999743700027
76,83,0.09350000321865082
77,83,0.1534000039100647
78,83,0.22040000557899475
79,83,0.13750000298023224
80,83,0.13510000705718994
81,83,0.125
82,83,0.10260000079870224
83,83,0.13050000369548798
84,83,0.1527000069618225
85,83,0.15399999916553497
86,83,0.11829999834299088
87,83,0.12030000239610672
88,83,0.10740000009536743
89,83,0.0746999979019165
90,83,0.07419999688863754
91,83,0.06350000202655792
92,83,0.07410000264644623
93,83,0.08649999648332596
94,83,0.12729999423027039
95,83,0.14249999821186066
96,83,0.07890000194311142
97,83,0.08609999716281891
98,83,0.0723000019788742
99,83,0.058800000697374344
100,83,0.08839999884366989
1,84,0.046799998730421066
2,84,0.0215000007301569
3,84,0.017000000923871994
4,84,0.023399999365210533
5,84,0.022299999371170998
6,84,0.02419999986886978
7,84,0.02710000053048134
8,84,0.03359999880194664
9,84,0.03610000014305115
10,84,0.03400000184774399
11,84,0.039799999445676804
12,84,0.04320000112056732
13,84,0.04830000177025795
14,84,0.0892999991774559
15,84,0.061400000005960464
16,84,0.0658000037074089
17,84,0.10249999910593033
18,84,0.08609999716281891
19,84,0.06509999930858612
20,84,0.08389999717473984
21,84,0.055799998342990875
22,84,0.07000000029802322
23,84,0.054099999368190765
24,84,0.039799999445676804
25,84,0.024000000208616257
26,84,0.036400001496076584
27,84,0.03359999880194664
28,84,0.03060000017285347
29,84,0.04280000180006027
30,84,0.050599999725818634
31,84,0.05350000038743019
32,84,0.04899999871850014
33,84,0.07069999724626541
34,84,0.05429999902844429
35,84,0.07880000025033951
36,84,0.059300001710653305
37,84,0.07660000026226044
38,84,0.07760000228881836
39,84,0.10090000182390213
40,84,0.07169999927282333
41,84,0.07639999687671661
42,84,0.06710000336170197
43,84,0.08100000023841858
44,84,0.2919999957084656
45,84,0.28999999165534973
46,84,0.28200000524520874
47,84,0.26499998569488525
48,84,0.2720000147819519
49,84,0.2669999897480011
50,84,0.2750000059604645
51,84,0.18719999492168427
52,84,0.26499998569488525
53,84,0.17489999532699585
54,84,0.1712000072002411
55,84,0.2619999945163727
56,84,0.2770000100135803
57,84,0.2770000100135803
58,84,0.27399998903274536
59,84,0.1736000031232834
60,84,0.04780000075697899
61,84,0.054099999368190765
62,84,0.03449999913573265
63,84,0.05000000074505806
64,84,0.05079999938607216
65,84,0.07639999687671661
66,84,0.06539999693632126
67,84,0.042500000447034836
68,84,0.07519999891519547
69,84,0.0658000037074089
70,84,0.09989999979734421
71,84,0.13210000097751617
72,84,0.15719999372959137
73,84,0.12710000574588776
74,84,0.06710000336170197
75,84,0.07890000194311142
76,84,0.1265999972820282
77,84,0.13729999959468842
78,84,0.13300000131130219
79,84,0.17329999804496765
80,84,0.18000000715255737
81,84,0.12690000236034393
82,84,0.10029999911785126
83,84,0.13279999792575836
84,84,0.13529999554157257
85,84,0.1363999992609024
86,84,0.0908999964594841
87,84,0.10339999943971634
88,84,0.08470000326633453
89,84,0.06539999693632126
90,84,0.08110000193119049
91,84,0.11900000274181366
92,84,0.11219999939203262
93,84,0.10379999876022339
94,84,0.12950000166893005
95,84,0.10159999877214432
96,84,0.13050000369548798
97,84,0.1356000006198883
98,84,0.14149999618530273
99,84,0.08179999887943268
100,84,0.10719999670982361
1,85,0.03959999978542328
2,85,0.03280000016093254
3,85,0.028300000354647636
4,85,0.020999999716877937
5,85,0.026499999687075615
6,85,0.04820000007748604
7,85,0.029200000688433647
8,85,0.04390000179409981
9,85,0.05180000141263008
10,85,0.056299999356269836
11,85,0.039900001138448715
12,85,0.06970000267028809
13,85,0.09070000052452087
14,85,0.10409999638795853
15,85,0.07559999823570251
16,85,0.09220000356435776
17,85,0.11580000072717667
18,85,0.08879999816417694
19,85,0.06599999964237213
20,85,0.052799999713897705
21,85,0.053700000047683716
22,85,0.05719999969005585
23,85,0.054499998688697815
24,85,0.06040000170469284
25,85,0.021800000220537186
26,85,0.020600000396370888
27,85,0.03370000049471855
28,85,0.047200001776218414
29,85,0.03889999911189079
30,85,0.07720000296831131
31,85,0.05999999865889549
32,85,0.06729999929666519
33,85,0.05689999833703041
34,85,0.05909999832510948
35,85,0.05550000071525574
36,85,0.048700001090765
37,85,0.11540000140666962
38,85,0.0885000005364418
39,85,0.04430000111460686
40,85,0.0714000016450882
41,85,0.062300000339746475
42,85,0.06279999762773514
43,85,0.15209999680519104
44,85,0.28299999237060547
45,85,0.2800000011920929
46,85,0.2680000066757202
47,85,0.2750000059604645
48,85,0.27300000190734863
49,85,0.27399998903274536
50,85,0.2669999897480011
51,85,0.18629999458789825
52,85,0.26030001044273376
53,85,0.2515999972820282
54,85,0.20059999823570251
55,85,0.2709999978542328
56,85,0.2709999978542328
57,85,0.2750000059604645
58,85,0.27000001072883606
59,85,0.07419999688863754
60,85,0.11729999631643295
61,85,0.07150000333786011
62,85,0.06379999965429306
63,85,0.049300000071525574
64,85,0.0892999991774559
65,85,0.10209999978542328
66,85,0.08889999985694885
67,85,0.03680000081658363
68,85,0.06539999693632126
69,85,0.05909999832510948
70,85,0.07270000129938126
71,85,0.0689999982714653
72,85,0.12520000338554382
73,85,0.1031000018119812
74,85,0.052799999713897705
75,85,0.03920000046491623
76,85,0.049400001764297485
77,85,0.11720000207424164
78,85,0.11869999766349792
79,85,0.17069999873638153
80,85,0.17560000717639923
81,85,0.16179999709129333
82,85,0.18080000579357147
83,85,0.18469999730587006
84,85,0.15780000388622284
85,85,0.11460000276565552
86,85,0.05009999871253967
87,85,0.07620000094175339
88,85,0.09080000221729279
89,85,0.06530000269412994
90,85,0.09709999710321426
91,85,0.11800000071525574
92,85,0.17630000412464142
93,85,0.12460000067949295
94,85,0.07559999823570251
95,85,0.09099999815225601
96,85,0.07069999724626541
97,85,0.0908999964594841
98,85,0.09849999845027924
99,85,0.13490000367164612
100,85,0.09969999641180038
1,86,0.05220000073313713
2,86,0.039000000804662704
3,86,0.027899999171495438
4,86,0.04569999873638153
5,86,0.04399999976158142
6,86,0.0348999984562397
7,86,0.03590000048279762
8,86,0.05959999933838844
9,86,0.07209999859333038
10,86,0.0632999986410141
11,86,0.08160000294446945
12,86,0.10029999911785126
13,86,0.09189999848604202
14,86,0.1145000010728836
15,86,0.09220000356435776
16,86,0.0681999996304512
17,86,0.10329999774694443
18,86,0.1143999993801117
19,86,0.09939999878406525
20,86,0.1120000034570694
21,86,0.08869999647140503
22,86,0.04050000011920929
23,86,0.04699999839067459
24,86,0.05310000106692314
25,86,0.03750000149011612
26,86,0.03420000150799751
27,86,0.0421999990940094
28,86,0.03539999946951866
29,86,0.051500000059604645
30,86,0.05770000070333481
31,86,0.05270000174641609
32,86,0.07720000296831131
33,86,0.047200001776218414
34,86,0.052799999713897705
35,86,0.06019999831914902
36,86,0.05510000139474869
37,86,0.06129999831318855
38,86,0.10700000077486038
39,86,0.09120000153779984
40,86,0.08410000056028366
41,86,0.09200000017881393
42,86,0.16019999980926514
43,86,0.28700000047683716
44,86,0.28299999237060547
45,86,0.27900001406669617
46,86,0.27900001406669617
47,86,0.27799999713897705
48,86,0.27799999713897705
49,86,0.24300000071525574
50,86,0.26100000739097595
51,86,0.26899999380111694
52,86,0.2709999978542328
53,86,0.26499998569488525
54,86,0.25200000405311584
55,86,0.2639999985694885
56,86,0.2709999978542328
57,86,0.28200000524520874
58,86,0.16830000281333923
59,86,0.09099999815225601
60,86,0.12080000340938568
61,86,0.06040000170469284
62,86,0.05380000174045563
63,86,0.05640000104904175
64,86,0.07010000199079514
65,86,0.06459999829530716
66,86,0.07599999755620956
67,86,0.051500000059604645
68,86,0.05119999870657921
69,86,0.06669999659061432
70,86,0.06880000233650208
71,86,0.07989999651908875
72,86,0.0957999974489212
73,86,0.10320000350475311
74,86,0.0568000003695488
75,86,0.04439999908208847
76,86,0.04600000008940697
77,86,0.08150000125169754
78,86,0.07500000298023224
79,86,0.10490000247955322
80,86,0.09830000251531601
81,86,0.14990000426769257
82,86,0.18240000307559967
83,86,0.13860000669956207
84,86,0.17550000548362732
85,86,0.12070000171661377
86,86,0.10170000046491623
87,86,0.11999999731779099
88,86,0.08919999748468399
89,86,0.06989999860525131
90,86,0.09070000052452087
91,86,0.07339999824762344
92,86,0.1454000025987625
93,86,0.12489999830722809
94,86,0.08739999681711197
95,86,0.05559999868273735
96,86,0.08060000091791153
97,86,0.0989999994635582
98,86,0.15459999442100525
99,86,0.131400004029274
100,86,0.09210000187158585
1,87,0.08749999850988388
2,87,0.08089999854564667
3,87,0.05169999971985817
4,87,0.05220000073313713
5,87,0.05260000005364418
6,87,0.057100001722574234
7,87,0.0868000015616417
8,87,0.09669999778270721
9,87,0.0949999988079071
10,87,0.12380000203847885
11,87,0.0885000005364418
12,87,0.12200000137090683
13,87,0.1136000007390976
14,87,0.11159999668598175
15,87,0.08560000360012054
16,87,0.10719999670982361
17,87,0.12150000035762787
18,87,0.11909999698400497
19,87,0.09529999643564224
20,87,0.06539999693632126
21,87,0.0658000037074089
22,87,0.05779999867081642
23,87,0.0406000018119812
24,87,0.06279999762773514
25,87,0.04879999905824661
26,87,0.0348999984562397
27,87,0.025800000876188278
28,87,0.042100001126527786
29,87,0.03689999878406525
30,87,0.055399999022483826
31,87,0.04699999839067459
32,87,0.07689999788999557
33,87,0.05429999902844429
34,87,0.0697999969124794
35,87,0.06199999898672104
36,87,0.10119999945163727
37,87,0.07109999656677246
38,87,0.10289999842643738
39,87,0.12080000340938568
40,87,0.11140000075101852
41,87,0.0917000025510788
42,87,0.11699999868869781
43,87,0.28299999237060547
44,87,0.2809999883174896
45,87,0.26499998569488525
46,87,0.2669999897480011
47,87,0.27799999713897705
48,87,0.2770000100135803
49,87,0.18389999866485596
50,87,0.16380000114440918
51,87,0.1420000046491623
52,87,0.2669999897480011
53,87,0.2619999945163727
54,87,0.26600000262260437
55,87,0.2669999897480011
56,87,0.2770000100135803
57,87,0.29499998688697815
58,87,0.18449999392032623
59,87,0.09939999878406525
60,87,0.14589999616146088
61,87,0.1128000020980835
62,87,0.0649000033736229
63,87,0.09910000115633011
64,87,0.10639999806880951
65,87,0.08219999819993973
66,87,0.10000000149011612
67,87,0.07270000129938126
68,87,0.0658000037074089
69,87,0.09319999814033508
70,87,0.06970000267028809
71,87,0.0625
72,87,0.08420000225305557
73,87,0.06430000066757202
74,87,0.05959999933838844
75,87,0.05889999866485596
76,87,0.06260000169277191
77,87,0.06809999793767929
78,87,0.06689999997615814
79,87,0.14159999787807465
80,87,0.1324000060558319
81,87,0.16249999403953552
82,87,0.12849999964237213
83,87,0.13779999315738678
84,87,0.11919999867677689
85,87,0.120899997651577
86,87,0.0892999991774559
87,87,0.08429999649524689
88,87,0.11680000275373459
89,87,0.10989999771118164
90,87,0.12319999933242798
91,87,0.0771000012755394
92,87,0.11550000309944153
93,87,0.09510000050067902
94,87,0.07989999651908875
95,87,0.05849999934434891
96,87,0.0771000012755394
97,87,0.1023000031709671
98,87,0.10339999943971634
99,87,0.11089999973773956
100,87,0.06279999762773514
1,88,0.06880000233650208
2,88,0.0544000007212162
3,88,0.06210000067949295
4,88,0.06589999794960022
5,88,0.055799998342990875
6,88,0.03790000081062317
7,88,0.10869999974966049
8,88,0.1136000007390976
9,88,0.20399999618530273
10,88,0.12359999865293503
11,88,0.18119999766349792
12,88,0.17030000686645508
13,88,0.19709999859333038
14,88,0.14350000023841858
15,88,0.09910000115633011
16,88,0.1396999955177307
17,88,0.07440000027418137
18,88,0.06840000301599503
19,88,0.13369999825954437
20,88,0.10350000113248825
21,88,0.07900000363588333
22,88,0.12479999661445618
23,88,0.0828000009059906
24,88,0.05790000036358833
25,88,0.04919999837875366
26,88,0.04820000007748604
27,88,0.026200000196695328
28,88,0.03280000016093254
29,88,0.055799998342990875
30,88,0.10769999772310257
31,88,0.061500001698732376
32,88,0.08389999717473984
33,88,0.049800001084804535
34,88,0.05790000036358833
35,88,0.07500000298023224
36,88,0.08760000020265579
37,88,0.11060000211000443
38,88,0.09019999951124191
39,88,0.07519999891519547
40,88,0.10249999910593033
41,88,0.12280000001192093
42,88,0.2759999930858612
43,88,0.2720000147819519
44,88,0.2809999883174896
45,88,0.2709999978542328
46,88,0.27399998903274536
47,88,0.2809999883174896
48,88,0.2542000114917755
49,88,0.26499998569488525
50,88,0.15209999680519104
51,88,0.20000000298023224
52,88,0.2720000147819519
53,88,0.2770000100135803
54,88,0.26499998569488525
55,88,0.27900001406669617
56,88,0.2800000011920929
57,88,0.29100000858306885
58,88,0.1907999962568283
59,88,0.11869999766349792
60,88,0.19269999861717224
61,88,0.18709999322891235
62,88,0.10090000182390213
63,88,0.07930000126361847
64,88,0.09969999641180038
65,88,0.08590000122785568
66,88,0.06750000268220901
67,88,0.06530000269412994
68,88,0.07590000331401825
69,88,0.06780000030994415
70,88,0.07370000332593918
71,88,0.06279999762773514
72,88,0.07419999688863754
73,88,0.07440000027418137
74,88,0.05530000105500221
75,88,0.07000000029802322
76,88,0.050200000405311584
77,88,0.10350000113248825
78,88,0.09480000287294388
79,88,0.10499999672174454
80,88,0.10350000113248825
81,88,0.10130000114440918
82,88,0.12080000340938568
83,88,0.07890000194311142
84,88,0.09769999980926514
85,88,0.09780000150203705
86,88,0.07880000025033951
87,88,0.09210000187158585
88,88,0.05530000105500221
89,88,0.058400001376867294
90,88,0.06549999862909317
91,88,0.07509999722242355
92,88,0.11089999973773956
93,88,0.1193000003695488
94,88,0.08550000190734863
95,88,0.05480000004172325
96,88,0.0706000030040741
97,88,0.06040000170469284
98,88,0.08100000023841858
99,88,0.11599999666213989
100,88,0.09309999644756317
1,89,0.0738999992609024
2,89,0.10339999943971634
3,89,0.0835999995470047
4,89,0.11259999871253967
5,89,0.07419999688863754
6,89,0.09860000014305115
7,89,0.13249999284744263
8,89,0.1565999984741211
9,89,0.13410000503063202
10,89,0.20229999721050262
11,89,0.20730000734329224
12,89,0.18690000474452972
13,89,0.23420000076293945
14,89,0.12319999933242798
15,89,0.10769999772310257
16,89,0.10040000081062317
17,89,0.11079999804496765
18,89,0.1534000039100647
19,89,0.1581999957561493
20,89,0.12020000070333481
21,89,0.1331000030040741
22,89,0.06750000268220901
23,89,0.060600001364946365
24,89,0.049400001764297485
25,89,0.03959999978542328
26,89,0.037300001829862595
27,89,0.033799998462200165
28,89,0.029200000688433647
29,89,0.06419999897480011
30,89,0.07810000330209732
31,89,0.09279999881982803
32,89,0.0502999983727932
33,89,0.027400000020861626
34,89,0.03790000081062317
35,89,0.07930000126361847
36,89,0.06499999761581421
37,89,0.08810000121593475
38,89,0.07410000264644623
39,89,0.060600001364946365
40,89,0.05079999938607216
41,89,0.09179999679327011
42,89,0.2770000100135803
43,89,0.27799999713897705
44,89,0.2939999997615814
45,89,0.2750000059604645
46,89,0.28299999237060547
47,89,0.2669999897480011
48,89,0.26100000739097595
49,89,0.23569999635219574
50,89,0.15569999814033508
51,89,0.21699999272823334
52,89,0.2680000066757202
53,89,0.2750000059604645
54,89,0.27300000190734863
55,89,0.26499998569488525
56,89,0.28200000524520874
57,89,0.29100000858306885
58,89,0.29600000381469727
59,89,0.08169999718666077
60,89,0.11100000143051147
61,89,0.1282999962568283
62,89,0.11710000038146973
63,89,0.08290000259876251
64,89,0.08950000256299973
65,89,0.08789999783039093
66,89,0.11789999902248383
67,89,0.10719999670982361
68,89,0.07760000228881836
69,89,0.08550000190734863
70,89,0.06719999760389328
71,89,0.0697999969124794
72,89,0.1907999962568283
73,89,0.1168999969959259
74,89,0.0794999971985817
75,89,0.05220000073313713
76,89,0.06440000236034393
77,89,0.08380000293254852
78,89,0.12380000203847885
79,89,0.11800000071525574
80,89,0.07919999957084656
81,89,0.06880000233650208
82,89,0.08229999989271164
83,89,0.10540000349283218
84,89,0.07729999721050262
85,89,0.06430000066757202
86,89,0.04899999871850014
87,89,0.06030000001192093
88,89,0.06750000268220901
89,89,0.0722000002861023
90,89,0.10610000044107437
91,89,0.125900000333786
92,89,0.133200004696846
93,89,0.13539999723434448
94,89,0.12349999696016312
95,89,0.08470000326633453
96,89,0.08739999681711197
97,89,0.11819999665021896
98,89,0.059700001031160355
99,89,0.08110000193119049
100,89,0.07129999995231628
1,90,0.09629999846220016
2,90,0.09510000050067902
3,90,0.08990000188350677
4,90,0.14010000228881836
5,90,0.1793999969959259
6,90,0.1356000006198883
7,90,0.2168000042438507
8,90,0.2199999988079071
9,90,0.13019999861717224
10,90,0.16249999403953552
11,90,0.18709999322891235
12,90,0.12939999997615814
13,90,0.1462000012397766
14,90,0.11969999969005585
15,90,0.18520000576972961
16,90,0.2076999992132187
17,90,0.12729999423027039
18,90,0.12330000102519989
19,90,0.09260000288486481
20,90,0.11599999666213989
21,90,0.1137000024318695
22,90,0.11710000038146973
23,90,0.07320000231266022
24,90,0.07930000126361847
25,90,0.10199999809265137
26,90,0.06870000064373016
27,90,0.037700001150369644
28,90,0.02019999921321869
29,90,0.03739999979734421
30,90,0.04529999941587448
31,90,0.061799999326467514
32,90,0.05959999933838844
33,90,0.028200000524520874
34,90,0.02419999986886978
35,90,0.04639999940991402
36,90,0.05339999869465828
37,90,0.05480000004172325
38,90,0.04490000009536743
39,90,0.021299999207258224
40,90,0.055799998342990875
41,90,0.035999998450279236
42,90,0.2800000011920929
43,90,0.26899999380111694
44,90,0.2709999978542328
45,90,0.2680000066757202
46,90,0.27799999713897705
47,90,0.2750000059604645
48,90,0.2619999945163727
49,90,0.25200000405311584
50,90,0.19709999859333038
51,90,0.2329999953508377
52,90,0.25200000405311584
53,90,0.2809999883174896
54,90,0.2630000114440918
55,90,0.28299999237060547
56,90,0.28700000047683716
57,90,0.30399999022483826
58,90,0.29600000381469727
59,90,0.27300000190734863
60,90,0.11969999969005585
61,90,0.12690000236034393
62,90,0.10830000042915344
63,90,0.093299999833107
64,90,0.09000000357627869
65,90,0.15649999678134918
66,90,0.1256999969482422
67,90,0.10999999940395355
68,90,0.08309999853372574
69,90,0.11909999698400497
70,90,0.08730000257492065
71,90,0.0997999981045723
72,90,0.05770000070333481
73,90,0.06520000100135803
74,90,0.05609999969601631
75,90,0.06260000169277191
76,90,0.04149999842047691
77,90,0.05779999867081642
78,90,0.06499999761581421
79,90,0.1080000028014183
80,90,0.0940999984741211
81,90,0.04969999939203262
82,90,0.08749999850988388
83,90,0.07880000025033951
84,90,0.08429999649524689
85,90,0.08320000022649765
86,90,0.07699999958276749
87,90,0.07779999822378159
88,90,0.13199999928474426
89,90,0.11640000343322754
90,90,0.08179999887943268
91,90,0.12030000239610672
92,90,0.15639999508857727
93,90,0.2160000056028366
94,90,0.1454000025987625
95,90,0.09780000150203705
96,90,0.09560000151395798
97,90,0.11550000309944153
98,90,0.08900000154972076
99,90,0.06769999861717224
100,90,0.05620000138878822
1,91,0.1168999969959259
2,91,0.11800000071525574
3,91,0.1177000030875206
4,91,0.12630000710487366
5,91,0.13570000231266022
6,91,0.1429000049829483
7,91,0.1160999983549118
8,91,0.12240000069141388
9,91,0.18449999392032623
10,91,0.1981000006198883
11,91,0.20479999482631683
12,91,0.16279999911785126
13,91,0.15530000627040863
14,91,0.11190000176429749
15,91,0.1307000070810318
16,91,0.10740000009536743
17,91,0.07530000060796738
18,91,0.08810000121593475
19,91,0.11800000071525574
20,91,0.1256999969482422
21,91,0.1340000033378601
22,91,0.10019999742507935
23,91,0.06159999966621399
24,91,0.11670000106096268
25,91,0.06589999794960022
26,91,0.049400001764297485
27,91,0.04520000144839287
28,91,0.03400000184774399
29,91,0.03500000014901161
30,91,0.029500000178813934
31,91,0.05779999867081642
32,91,0.04149999842047691
33,91,0.031099999323487282
34,91,0.03020000085234642
35,91,0.039400000125169754
36,91,0.040300000458955765
37,91,0.03139999881386757
38,91,0.04780000075697899
39,91,0.06400000303983688
40,91,0.09319999814033508
41,91,0.0828000009059906
42,91,0.26600000262260437
43,91,0.2680000066757202
44,91,0.2630000114440918
45,91,0.26600000262260437
46,91,0.2750000059604645
47,91,0.2709999978542328
48,91,0.2809999883174896
49,91,0.2070000022649765
50,91,0.26600000262260437
51,91,0.257099986076355
52,91,0.2720000147819519
53,91,0.28299999237060547
54,91,0.2619999945163727
55,91,0.2840000092983246
56,91,0.29499998688697815
57,91,0.29600000381469727
58,91,0.28999999165534973
59,91,0.2919999957084656
60,91,0.18449999392032623
61,91,0.12240000069141388
62,91,0.08330000191926956
63,91,0.057100001722574234
64,91,0.0658000037074089
65,91,0.15219999849796295
66,91,0.15729999542236328
67,91,0.10949999839067459
68,91,0.11050000041723251
69,91,0.09260000288486481
70,91,0.10350000113248825
71,91,0.06360000371932983
72,91,0.057500001043081284
73,91,0.07689999788999557
74,91,0.0502999983727932
75,91,0.06800000369548798
76,91,0.04320000112056732
77,91,0.0731000006198883
78,91,0.09679999947547913
79,91,0.0885000005364418
80,91,0.06790000200271606
81,91,0.06790000200271606
82,91,0.07289999723434448
83,91,0.0658000037074089
84,91,0.09870000183582306
85,91,0.06549999862909317
86,91,0.05000000074505806
87,91,0.0746999979019165
88,91,0.09780000150203705
89,91,0.12030000239610672
90,91,0.12380000203847885
91,91,0.15639999508857727
92,91,0.10869999974966049
93,91,0.1664000004529953
94,91,0.13840000331401825
95,91,0.1460999995470047
96,91,0.14820000529289246
97,91,0.131400004029274
98,91,0.07090000063180923
99,91,0.07349999994039536
100,91,0.05249999836087227
1,92,0.19089999794960022
2,92,0.19979999959468842
3,92,0.16779999434947968
4,92,0.14659999310970306
5,92,0.14589999616146088
6,92,0.08810000121593475
7,92,0.07329999655485153
8,92,0.16769999265670776
9,92,0.19120000302791595
10,92,0.19429999589920044
11,92,0.2076999992132187
12,92,0.1444000005722046
13,92,0.19869999587535858
14,92,0.17159999907016754
15,92,0.14030000567436218
16,92,0.07479999959468842
17,92,0.0786999985575676
18,92,0.06340000033378601
19,92,0.07050000131130219
20,92,0.13030000030994415
21,92,0.1031000018119812
22,92,0.12559999525547028
23,92,0.0982000008225441
24,92,0.07620000094175339
25,92,0.0843999981880188
26,92,0.05469999834895134
27,92,0.04830000177025795
28,92,0.03689999878406525
29,92,0.036400001496076584
30,92,0.047600001096725464
31,92,0.04769999906420708
32,92,0.06759999692440033
33,92,0.040300000458955765
34,92,0.05719999969005585
35,92,0.05979999899864197
36,92,0.048700001090765
37,92,0.03060000017285347
38,92,0.05779999867081642
39,92,0.07150000333786011
40,92,0.10419999808073044
41,92,0.2759999930858612
42,92,0.2720000147819519
43,92,0.2720000147819519
44,92,0.2669999897480011
45,92,0.2727999985218048
46,92,0.2849999964237213
47,92,0.2800000011920929
48,92,0.28200000524520874
49,92,0.2549999952316284
50,92,0.2669999897480011
51,92,0.2069000005722046
52,92,0.2750000059604645
53,92,0.2759999930858612
54,92,0.2809999883174896
55,92,0.28600001335144043
56,92,0.28299999237060547
57,92,0.2930000126361847
58,92,0.296999990940094
59,92,0.2980000078678131
60,92,0.2770000100135803
61,92,0.289000004529953
62,92,0.19979999959468842
63,92,0.17820000648498535
64,92,0.1298999935388565
65,92,0.1307000070810318
66,92,0.13510000705718994
67,92,0.18019999563694
68,92,0.21889999508857727
69,92,0.15459999442100525
70,92,0.15549999475479126
71,92,0.1039000004529953
72,92,0.07739999890327454
73,92,0.09189999848604202
74,92,0.07440000027418137
75,92,0.051100000739097595
76,92,0.05350000038743019
77,92,0.04520000144839287
78,92,0.05260000005364418
79,92,0.05000000074505806
80,92,0.06970000267028809
81,92,0.05169999971985817
82,92,0.06909999996423721
83,92,0.049400001764297485
84,92,0.0649000033736229
85,92,0.05180000141263008
86,92,0.039500001817941666
87,92,0.08079999685287476
88,92,0.11580000072717667
89,92,0.14390000700950623
90,92,0.11159999668598175
91,92,0.12470000237226486
92,92,0.1412000060081482
93,92,0.13920000195503235
94,92,0.08470000326633453
95,92,0.08229999989271164
96,92,0.13199999928474426
97,92,0.18790000677108765
98,92,0.12330000102519989
99,92,0.11490000039339066
100,92,0.04780000075697899
1,93,0.15629999339580536
2,93,0.15049999952316284
3,93,0.17270000278949738
4,93,0.17260000109672546
5,93,0.24130000174045563
6,93,0.15809999406337738
7,93,0.14000000059604645
8,93,0.2076999992132187
9,93,0.2152000069618225
10,93,0.1800999939441681
11,93,0.1257999986410141
12,93,0.17990000545978546
13,93,0.13830000162124634
14,93,0.1264999955892563
15,93,0.11999999731779099
16,93,0.06870000064373016
17,93,0.08980000019073486
18,93,0.08699999749660492
19,93,0.0925000011920929
20,93,0.09220000356435776
21,93,0.0997999981045723
22,93,0.1388999968767166
23,93,0.09610000252723694
24,93,0.09200000017881393
25,93,0.07590000331401825
26,93,0.06620000302791595
27,93,0.03370000049471855
28,93,0.04439999908208847
29,93,0.037300001829862595
30,93,0.07240000367164612
31,93,0.04670000076293945
32,93,0.05779999867081642
33,93,0.07769999653100967
34,93,0.09440000355243683
35,93,0.0738999992609024
36,93,0.054099999368190765
37,93,0.03799999877810478
38,93,0.053599998354911804
39,93,0.053300000727176666
40,93,0.10189999639987946
41,93,0.14489999413490295
42,93,0.27300000190734863
43,93,0.2639999985694885
44,93,0.2809999883174896
45,93,0.2669999897480011
46,93,0.2630000114440918
47,93,0.27900001406669617
48,93,0.2630000114440918
49,93,0.2720000147819519
50,93,0.17550000548362732
51,93,0.26600000262260437
52,93,0.2669999897480011
53,93,0.2680000066757202
54,93,0.27399998903274536
55,93,0.28200000524520874
56,93,0.29600000381469727
57,93,0.30399999022483826
58,93,0.3009999990463257
59,93,0.30300000309944153
60,93,0.28999999165534973
61,93,0.28999999165534973
62,93,0.28999999165534973
63,93,0.29910001158714294
64,93,0.1817999929189682
65,93,0.18140000104904175
66,93,0.2281000018119812
67,93,0.21439999341964722
68,93,0.2224999964237213
69,93,0.1981000006198883
70,93,0.15360000729560852
71,93,0.14380000531673431
72,93,0.07559999823570251
73,93,0.10429999977350235
74,93,0.09449999779462814
75,93,0.06930000334978104
76,93,0.048700001090765
77,93,0.04500000178813934
78,93,0.04800000041723251
79,93,0.07270000129938126
80,93,0.06539999693632126
81,93,0.06719999760389328
82,93,0.08749999850988388
83,93,0.0771000012755394
84,93,0.05869999900460243
85,93,0.08869999647140503
86,93,0.06589999794960022
87,93,0.12240000069141388
88,93,0.13030000030994415
89,93,0.06419999897480011
90,93,0.07069999724626541
91,93,0.09430000185966492
92,93,0.1324000060558319
93,93,0.12839999794960022
94,93,0.13369999825954437
95,93,0.1468999981880188
96,93,0.10729999840259552
97,93,0.13410000503063202
98,93,0.12600000202655792
99,93,0.09279999881982803
100,93,0.06870000064373016
1,94,0.06129999831318855
2,94,0.09380000084638596
3,94,0.11079999804496765
4,94,0.10289999842643738
5,94,0.08749999850988388
6,94,0.07959999889135361
7,94,0.11020000278949738
8,94,0.15330000221729279
9,94,0.13379999995231628
10,94,0.16169999539852142
11,94,0.13089999556541443
12,94,0.10100000351667404
13,94,0.11980000138282776
14,94,0.10459999740123749
15,94,0.0957999974489212
16,94,0.0754999965429306
17,94,0.06549999862909317
18,94,0.0729999989271164
19,94,0.1023000031709671
20,94,0.10220000147819519
21,94,0.07559999823570251
22,94,0.07079999893903732
23,94,0.06210000067949295
24,94,0.0746999979019165
25,94,0.06239999830722809
26,94,0.06539999693632126
27,94,0.044199999421834946
28,94,0.04450000077486038
29,94,0.038600001484155655
30,94,0.04830000177025795
31,94,0.053300000727176666
32,94,0.11240000277757645
33,94,0.1168999969959259
34,94,0.0803999975323677
35,94,0.08150000125169754
36,94,0.04439999908208847
37,94,0.05339999869465828
38,94,0.061799999326467514
39,94,0.06859999895095825
40,94,0.08479999750852585
41,94,0.12870000302791595
42,94,0.27799999713897705
43,94,0.257999986410141
44,94,0.27900001406669617
45,94,0.2720000147819519
46,94,0.2759999930858612
47,94,0.2669999897480011
48,94,0.2669999897480011
49,94,0.27000001072883606
50,94,0.1808999925851822
51,94,0.17820000648498535
52,94,0.26600000262260437
53,94,0.26600000262260437
54,94,0.2709999978542328
55,94,0.28600001335144043
56,94,0.29600000381469727
57,94,0.31200000643730164
58,94,0.30000001192092896
59,94,0.30300000309944153
60,94,0.28200000524520874
61,94,0.289000004529953
62,94,0.2980000078678131
63,94,0.2930000126361847
64,94,0.2939999997615814
65,94,0.30799999833106995
66,94,0.31200000643730164
67,94,0.24050000309944153
68,94,0.1817999929189682
69,94,0.2483000010251999
70,94,0.20960000157356262
71,94,0.1768999993801117
72,94,0.14839999377727509
73,94,0.08250000327825546
74,94,0.08479999750852585
75,94,0.08049999922513962
76,94,0.06430000066757202
77,94,0.07000000029802322
78,94,0.036400001496076584
79,94,0.059700001031160355
80,94,0.050999999046325684
81,94,0.05790000036358833
82,94,0.08969999849796295
83,94,0.06930000334978104
84,94,0.09769999980926514
85,94,0.1054999977350235
86,94,0.06800000369548798
87,94,0.07590000331401825
88,94,0.05249999836087227
89,94,0.06440000236034393
90,94,0.0658000037074089
91,94,0.10140000283718109
92,94,0.19020000100135803
93,94,0.10119999945163727
94,94,0.12250000238418579
95,94,0.14090000092983246
96,94,0.1136000007390976
97,94,0.11879999935626984
98,94,0.1193000003695488
99,94,0.07090000063180923
100,94,0.0608999989926815
1,95,0.05979999899864197
2,95,0.10220000147819519
3,95,0.1378999948501587
4,95,0.15479999780654907
5,95,0.11840000003576279
6,95,0.08380000293254852
7,95,0.10459999740123749
8,95,0.156700000166893
9,95,0.0966000035405159
10,95,0.07750000059604645
11,95,0.0763000026345253
12,95,0.07850000262260437
13,95,0.12240000069141388
14,95,0.10740000009536743
15,95,0.08219999819993973
16,95,0.06289999932050705
17,95,0.08749999850988388
18,95,0.12380000203847885
19,95,0.10270000249147415
20,95,0.06480000168085098
21,95,0.06279999762773514
22,95,0.04349999874830246
23,95,0.04830000177025795
24,95,0.042899999767541885
25,95,0.07270000129938126
26,95,0.04399999976158142
27,95,0.03739999979734421
28,95,0.03539999946951866
29,95,0.032499998807907104
30,95,0.03539999946951866
31,95,0.041099999099969864
32,95,0.046300001442432404
33,95,0.1307000070810318
34,95,0.09260000288486481
35,95,0.08749999850988388
36,95,0.06790000200271606
37,95,0.08209999650716782
38,95,0.04899999871850014
39,95,0.08470000326633453
40,95,0.06480000168085098
41,95,0.15209999680519104
42,95,0.27799999713897705
43,95,0.2630000114440918
44,95,0.2720000147819519
45,95,0.2709999978542328
46,95,0.2800000011920929
47,95,0.2680000066757202
48,95,0.2529999911785126
49,95,0.26600000262260437
50,95,0.2750000059604645
51,95,0.1565999984741211
52,95,0.16920000314712524
53,95,0.26899999380111694
54,95,0.2630000114440918
55,95,0.2930000126361847
56,95,0.29600000381469727
57,95,0.3009999990463257
58,95,0.29600000381469727
59,95,0.29499998688697815
60,95,0.28999999165534973
61,95,0.28999999165534973
62,95,0.28999999165534973
63,95,0.29100000858306885
64,95,0.2962999939918518
65,95,0.3089999854564667
66,95,0.3070000112056732
67,95,0.30799999833106995
68,95,0.3050000071525574
69,95,0.30000001192092896
70,95,0.30300000309944153
71,95,0.1404000073671341
72,95,0.1501999944448471
73,95,0.12290000170469284
74,95,0.11550000309944153
75,95,0.05400000140070915
76,95,0.04800000041723251
77,95,0.04839999973773956
78,95,0.040699999779462814
79,95,0.05139999836683273
80,95,0.04259999841451645
81,95,0.0625
82,95,0.06210000067949295
83,95,0.09619999676942825
84,95,0.05530000105500221
85,95,0.05979999899864197
86,95,0.08160000294446945
87,95,0.08699999749660492
88,95,0.07079999893903732
89,95,0.045499999076128006
90,95,0.08449999988079071
91,95,0.1404999941587448
92,95,0.11749999970197678
93,95,0.08889999985694885
94,95,0.11129999905824661
95,95,0.13619999587535858
96,95,0.13179999589920044
97,95,0.13379999995231628
98,95,0.0828000009059906
99,95,0.17309999465942383
100,95,0.07540000230073929
1,96,0.04800000041723251
2,96,0.07559999823570251
3,96,0.11540000140666962
4,96,0.11879999935626984
5,96,0.1046999990940094
6,96,0.1264999955892563
7,96,0.08940000087022781
8,96,0.11100000143051147
9,96,0.08020000159740448
10,96,0.07850000262260437
11,96,0.1005999967455864
12,96,0.10339999943971634
13,96,0.0820000022649765
14,96,0.10700000077486038
15,96,0.07850000262260437
16,96,0.05050000175833702
17,96,0.05429999902844429
18,96,0.08169999718666077
19,96,0.0722000002861023
20,96,0.08760000020265579
21,96,0.06939999759197235
22,96,0.03849999979138374
23,96,0.04320000112056732
24,96,0.04650000110268593
25,96,0.04179999977350235
26,96,0.03480000048875809
27,96,0.031199999153614044
28,96,0.039400000125169754
29,96,0.023800000548362732
30,96,0.018400000408291817
31,96,0.03790000081062317
32,96,0.0575999990105629
33,96,0.05660000070929527
34,96,0.06639999896287918
35,96,0.0860000029206276
36,96,0.0786999985575676
37,96,0.054999999701976776
38,96,0.07029999792575836
39,96,0.06679999828338623
40,96,0.06639999896287918
41,96,0.0706000030040741
42,96,0.27799999713897705
43,96,0.23999999463558197
44,96,0.27799999713897705
45,96,0.28999999165534973
46,96,0.27799999713897705
47,96,0.27300000190734863
48,96,0.2680000066757202
49,96,0.26499998569488525
50,96,0.2750000059604645
51,96,0.2720000147819519
52,96,0.16200000047683716
53,96,0.05999999865889549
54,96,0.1746000051498413
55,96,0.1656000018119812
56,96,0.296999990940094
57,96,0.29499998688697815
58,96,0.2800000011920929
59,96,0.2919999957084656
60,96,0.28999999165534973
61,96,0.28299999237060547
62,96,0.3100000023841858
63,96,0.30399999022483826
64,96,0.3050000071525574
65,96,0.29499998688697815
66,96,0.3070000112056732
67,96,0.30790001153945923
68,96,0.3230000138282776
69,96,0.3160000145435333
70,96,0.3050000071525574
71,96,0.29600000381469727
72,96,0.2980000078678131
73,96,0.31299999356269836
74,96,0.14219999313354492
75,96,0.3100000023841858
76,96,0.04899999871850014
77,96,0.0575999990105629
78,96,0.042899999767541885
79,96,0.044599998742341995
80,96,0.07020000368356705
81,96,0.06759999692440033
82,96,0.06800000369548798
83,96,0.05339999869465828
84,96,0.09030000120401382
85,96,0.07240000367164612
86,96,0.04500000178813934
87,96,0.093299999833107
88,96,0.049800001084804535
89,96,0.04919999837875366
90,96,0.07900000363588333
91,96,0.07270000129938126
92,96,0.09459999948740005
93,96,0.08969999849796295
94,96,0.15639999508857727
95,96,0.10249999910593033
96,96,0.1468999981880188
97,96,0.14419999718666077
98,96,0.15119999647140503
99,96,0.14329999685287476
100,96,0.10209999978542328
1,97,0.025200000032782555
2,97,0.04569999873638153
3,97,0.06279999762773514
4,97,0.0828000009059906
5,97,0.08330000191926956
6,97,0.10379999876022339
7,97,0.06549999862909317
8,97,0.06639999896287918
9,97,0.04610000178217888
10,97,0.05460000038146973
11,97,0.07750000059604645
12,97,0.08169999718666077
13,97,0.0697999969124794
14,97,0.11760000139474869
15,97,0.06809999793767929
16,97,0.07050000131130219
17,97,0.04800000041723251
18,97,0.045899998396635056
19,97,0.06379999965429306
20,97,0.053199999034404755
21,97,0.06210000067949295
22,97,0.043800000101327896
23,97,0.02449999935925007
24,97,0.039900001138448715
25,97,0.0406000018119812
26,97,0.049800001084804535
27,97,0.04450000077486038
28,97,0.03669999912381172
29,97,0.03189999982714653
30,97,0.03629999980330467
31,97,0.05909999832510948
32,97,0.059300001710653305
33,97,0.05730000138282776
34,97,0.07699999958276749
35,97,0.1396999955177307
36,97,0.10209999978542328
37,97,0.07970000058412552
38,97,0.07729999721050262
39,97,0.05530000105500221
40,97,0.10010000318288803
41,97,0.15700000524520874
42,97,0.16290000081062317
43,97,0.2720000147819519
44,97,0.27900001406669617
45,97,0.2849999964237213
46,97,0.28999999165534973
47,97,0.2849999964237213
48,97,0.2720000147819519
49,97,0.27300000190734863
50,97,0.2849999964237213
51,97,0.29499998688697815
52,97,0.16920000314712524
53,97,0.16380000114440918
54,97,0.08910000324249268
55,97,0.06870000064373016
56,97,0.053300000727176666
57,97,0.2919999957084656
58,97,0.2809999883174896
59,97,0.29499998688697815
60,97,0.2849999964237213
61,97,0.27300000190734863
62,97,0.28999999165534973
63,97,0.28999999165534973
64,97,0.3059999942779541
65,97,0.30799999833106995
66,97,0.3059999942779541
67,97,0.3089999854564667
68,97,0.3199999928474426
69,97,0.3190000057220459
70,97,0.29899999499320984
71,97,0.2980000078678131
72,97,0.2919999957084656
73,97,0.30300000309944153
74,97,0.3109999895095825
75,97,0.3089999854564667
76,97,0.3190000057220459
77,97,0.3190000057220459
78,97,0.13050000369548798
79,97,0.061900001019239426
80,97,0.0544000007212162
81,97,0.05209999904036522
82,97,0.062300000339746475
83,97,0.04520000144839287
84,97,0.07190000265836716
85,97,0.06469999998807907
86,97,0.07090000063180923
87,97,0.04149999842047691
88,97,0.049400001764297485
89,97,0.05339999869465828
90,97,0.08479999750852585
91,97,0.11389999836683273
92,97,0.10010000318288803
93,97,0.09319999814033508
94,97,0.09179999679327011
95,97,0.12240000069141388
96,97,0.147599995136261
97,97,0.10859999805688858
98,97,0.19359999895095825
99,97,0.12380000203847885
100,97,0.1444000005722046
1,98,0.02370000071823597
2,98,0.03739999979734421
3,98,0.04170000180602074
4,98,0.061000000685453415
5,98,0.046799998730421066
6,98,0.06480000168085098
7,98,0.0925000011920929
8,98,0.0706000030040741
9,98,0.05090000107884407
10,98,0.04179999977350235
11,98,0.0917000025510788
12,98,0.05249999836087227
13,98,0.05090000107884407
14,98,0.0568000003695488
15,98,0.03240000084042549
16,98,0.04149999842047691
17,98,0.025100000202655792
18,98,0.049800001084804535
19,98,0.0812000036239624
20,98,0.07329999655485153
21,98,0.0568000003695488
22,98,0.04399999976158142
23,98,0.04500000178813934
24,98,0.05609999969601631
25,98,0.09040000289678574
26,98,0.07199999690055847
27,98,0.0478999987244606
28,98,0.031099999323487282
29,98,0.022600000724196434
30,98,0.03150000050663948
31,98,0.0632999986410141
32,98,0.05260000005364418
33,98,0.07289999723434448
34,98,0.06689999997615814
35,98,0.09019999951124191
36,98,0.08869999647140503
37,98,0.06620000302791595
38,98,0.05139999836683273
39,98,0.04809999838471413
40,98,0.06790000200271606
41,98,0.08910000324249268
42,98,0.08540000021457672
43,98,0.1817999929189682
44,98,0.2800000011920929
45,98,0.28700000047683716
46,98,0.2849999964237213
47,98,0.28299999237060547
48,98,0.2840000092983246
49,98,0.28299999237060547
50,98,0.2809999883174896
51,98,0.28299999237060547
52,98,0.29100000858306885
53,98,0.15119999647140503
54,98,0.046300001442432404
55,98,0.042899999767541885
56,98,0.06469999998807907
57,98,0.11230000108480453
58,98,0.12080000340938568
59,98,0.13860000669956207
60,98,0.12250000238418579
61,98,0.16920000314712524
62,98,0.2809999883174896
63,98,0.2800000011920929
64,98,0.28299999237060547
65,98,0.29899999499320984
66,98,0.32499998807907104
67,98,0.3070000112056732
68,98,0.3070000112056732
69,98,0.32600000500679016
70,98,0.3230000138282776
71,98,0.3089999854564667
72,98,0.3140000104904175
73,98,0.3070000112056732
74,98,0.3089999854564667
75,98,0.3160000145435333
76,98,0.32899999618530273
77,98,0.32600000500679016
78,98,0.3009999990463257
79,98,0.29499998688697815
80,98,0.12780000269412994
81,98,0.04650000110268593
82,98,0.03139999881386757
83,98,0.06549999862909317
84,98,0.08290000259876251
85,98,0.057500001043081284
86,98,0.04560000076889992
87,98,0.04610000178217888
88,98,0.04969999939203262
89,98,0.07249999791383743
90,98,0.0754999965429306
91,98,0.08799999952316284
92,98,0.11420000344514847
93,98,0.07280000299215317
94,98,0.1289999932050705
95,98,0.12319999933242798
96,98,0.18359999358654022
97,98,0.09939999878406525
98,98,0.17069999873638153
99,98,0.13210000097751617
100,98,0.06930000334978104
1,99,0.021400000900030136
2,99,0.03449999913573265
3,99,0.023000000044703484
4,99,0.031199999153614044
5,99,0.05090000107884407
6,99,0.04960000142455101
7,99,0.07100000232458115
8,99,0.07530000060796738
9,99,0.07050000131130219
10,99,0.03519999980926514
11,99,0.04129999876022339
12,99,0.03970000147819519
13,99,0.045099999755620956
14,99,0.031099999323487282
15,99,0.02250000089406967
16,99,0.019999999552965164
17,99,0.021199999377131462
18,99,0.06289999932050705
19,99,0.07580000162124634
20,99,0.05829999968409538
21,99,0.03550000116229057
22,99,0.04639999940991402
23,99,0.03849999979138374
24,99,0.051500000059604645
25,99,0.06769999861717224
26,99,0.1046999990940094
27,99,0.06939999759197235
28,99,0.051899999380111694
29,99,0.04749999940395355
30,99,0.04190000146627426
31,99,0.05999999865889549
32,99,0.09049999713897705
33,99,0.11720000207424164
34,99,0.07320000231266022
35,99,0.07500000298023224
36,99,0.08449999988079071
37,99,0.04560000076889992
38,99,0.043699998408555984
39,99,0.05990000069141388
40,99,0.058400001376867294
41,99,0.09139999747276306
42,99,0.09480000287294388
43,99,0.16830000281333923
44,99,0.27799999713897705
45,99,0.28999999165534973
46,99,0.28600001335144043
47,99,0.2849999964237213
48,99,0.27900001406669617
49,99,0.2840000092983246
50,99,0.27799999713897705
51,99,0.28700000047683716
52,99,0.29899999499320984
53,99,0.16830000281333923
54,99,0.14309999346733093
55,99,0.06109999865293503
56,99,0.10639999806880951
57,99,0.12389999628067017
58,99,0.1648000031709671
59,99,0.2076999992132187
60,99,0.18310000002384186
61,99,0.14229999482631683
62,99,0.11800000071525574
63,99,0.14970000088214874
64,99,0.1656000018119812
65,99,0.11069999635219574
66,99,0.30300000309944153
67,99,0.3009999990463257
68,99,0.3089999854564667
69,99,0.30300000309944153
70,99,0.3059999942779541
71,99,0.3160000145435333
72,99,0.3190000057220459
73,99,0.3199999928474426
74,99,0.31700000166893005
75,99,0.3199999928474426
76,99,0.3230000138282776
77,99,0.3149999976158142
78,99,0.3089999854564667
79,99,0.296999990940094
80,99,0.12870000302791595
81,99,0.13680000603199005
82,99,0.03680000081658363
83,99,0.039000000804662704
84,99,0.061400000005960464
85,99,0.04259999841451645
86,99,0.060600001364946365
87,99,0.04910000041127205
88,99,0.06539999693632126
89,99,0.07970000058412552
90,99,0.06809999793767929
91,99,0.09610000252723694
92,99,0.08810000121593475
93,99,0.10450000315904617
94,99,0.07270000129938126
95,99,0.07819999754428864
96,99,0.0697999969124794
97,99,0.09000000357627869
98,99,0.0925000011920929
99,99,0.0851999968290329
100,99,0.09369999915361404
1,100,0.020099999383091927
2,100,0.02710000053048134
3,100,0.03449999913573265
4,100,0.02630000002682209
5,100,0.04520000144839287
6,100,0.06289999932050705
7,100,0.07100000232458115
8,100,0.0544000007212162
9,100,0.05139999836683273
10,100,0.033799998462200165
11,100,0.025200000032782555
12,100,0.0333000011742115
13,100,0.03530000150203705
14,100,0.019899999722838402
15,100,0.016200000420212746
16,100,0.0203000009059906
17,100,0.024800000712275505
18,100,0.049800001084804535
19,100,0.05689999833703041
20,100,0.04800000041723251
21,100,0.050700001418590546
22,100,0.06560000032186508
23,100,0.08060000091791153
24,100,0.08940000087022781
25,100,0.06729999929666519
26,100,0.04650000110268593
27,100,0.039900001138448715
28,100,0.04769999906420708
29,100,0.05790000036358833
30,100,0.09839999675750732
31,100,0.10140000283718109
32,100,0.10869999974966049
33,100,0.10260000079870224
34,100,0.061900001019239426
35,100,0.09390000253915787
36,100,0.05869999900460243
37,100,0.06790000200271606
38,100,0.05620000138878822
39,100,0.05909999832510948
40,100,0.06279999762773514
41,100,0.04010000079870224
42,100,0.061500001698732376
43,100,0.052400000393390656
44,100,0.15839999914169312
45,100,0.2800000011920929
46,100,0.2709999978542328
47,100,0.2919999957084656
48,100,0.28600001335144043
49,100,0.28999999165534973
50,100,0.28200000524520874
51,100,0.29499998688697815
52,100,0.30000001192092896
53,100,0.30399999022483826
54,100,0.15929999947547913
55,100,0.06809999793767929
56,100,0.093299999833107
57,100,0.08649999648332596
58,100,0.14560000598430634
59,100,0.18019999563694
60,100,0.16410000622272491
61,100,0.11540000140666962
62,100,0.13819999992847443
63,100,0.1324000060558319
64,100,0.12720000743865967
65,100,0.1459999978542328
66,100,0.11550000309944153
67,100,0.09049999713897705
68,100,0.08129999786615372
69,100,0.16110000014305115
70,100,0.30300000309944153
71,100,0.3122999966144562
72,100,0.3089999854564667
73,100,0.3149999976158142
74,100,0.3230000138282776
75,100,0.328000009059906
76,100,0.3314000070095062
77,100,0.31700000166893005
78,100,0.3149999976158142
79,100,0.28999999165534973
80,100,0.3089999854564667
81,100,0.11069999635219574
82,100,0.10530000180006027
83,100,0.06750000268220901
84,100,0.04639999940991402
85,100,0.04320000112056732
86,100,0.061500001698732376
87,100,0.04820000007748604
88,100,0.04529999941587448
89,100,0.053199999034404755
90,100,0.05590000003576279
91,100,0.07980000227689743
92,100,0.07320000231266022
93,100,0.09629999846220016
94,100,0.10490000247955322
95,100,0.09870000183582306
96,100,0.06560000032186508
97,100,0.07280000299215317
98,100,0.05999999865889549
99,100,0.04050000011920929
100,100,0.07810000330209732
1,101,0.018200000748038292
2,101,0.02590000070631504
3,101,0.03610000014305115
4,101,0.05079999938607216
5,101,0.05719999969005585
6,101,0.06300000101327896
7,101,0.06679999828338623
8,101,0.05990000069141388
9,101,0.06030000001192093
10,101,0.04830000177025795
11,101,0.038600001484155655
12,101,0.035599999129772186
13,101,0.0414000004529953
14,101,0.021400000900030136
15,101,0.024800000712275505
16,101,0.01899999938905239
17,101,0.027799999341368675
18,101,0.03869999945163727
19,101,0.0478999987244606
20,101,0.042100001126527786
21,101,0.03610000014305115
22,101,0.05810000002384186
23,101,0.06040000170469284
24,101,0.07419999688863754
25,101,0.06400000303983688
26,101,0.05510000139474869
27,101,0.04520000144839287
28,101,0.03880000114440918
29,101,0.04340000078082085
30,101,0.062300000339746475
31,101,0.10559999942779541
32,101,0.11320000141859055
33,101,0.06120000034570694
34,101,0.052299998700618744
35,101,0.07169999927282333
36,101,0.05490000173449516
37,101,0.06930000334978104
38,101,0.0544000007212162
39,101,0.051100000739097595
40,101,0.0632999986410141
41,101,0.0632999986410141
42,101,0.07649999856948853
43,101,0.06129999831318855
44,101,0.05310000106692314
45,101,0.1817999929189682
46,101,0.2919999957084656
47,101,0.28999999165534973
48,101,0.2879999876022339
49,101,0.28999999165534973
50,101,0.289000004529953
51,101,0.28999999165534973
52,101,0.29899999499320984
53,101,0.3059999942779541
54,101,0.28999999165534973
55,101,0.18000000715255737
56,101,0.1421000063419342
57,101,0.1054999977350235
58,101,0.09470000118017197
59,101,0.17560000717639923
60,101,0.1371999979019165
61,101,0.12950000166893005
62,101,0.1670999974012375
63,101,0.15639999508857727
64,101,0.1817999929189682
65,101,0.10350000113248825
66,101,0.14149999618530273
67,101,0.05590000003576279
68,101,0.05999999865889549
69,101,0.0794999971985817
70,101,0.1656000018119812
71,101,0.3140000104904175
72,101,0.3240000009536743
73,101,0.30799999833106995
74,101,0.3240000009536743
75,101,0.32739999890327454
76,101,0.3089999854564667
77,101,0.3009999990463257
78,101,0.3240000009536743
79,101,0.31200000643730164
80,101,0.3109999895095825
81,101,0.30799999833106995
82,101,0.3100000023841858
83,101,0.07800000160932541
84,101,0.07490000128746033
85,101,0.05299999937415123
86,101,0.07129999995231628
87,101,0.049300000071525574
88,101,0.06289999932050705
89,101,0.05249999836087227
90,101,0.0778999999165535
91,101,0.07919999957084656
92,101,0.06480000168085098
93,101,0.08860000222921371
94,101,0.08060000091791153
95,101,0.08309999853372574
96,101,0.07890000194311142
97,101,0.06830000132322311
98,101,0.03200000151991844
99,101,0.03229999914765358
100,101,0.0333000011742115
1,102,0.01889999955892563
2,102,0.030899999663233757
3,102,0.04170000180602074
4,102,0.06260000169277191
5,102,0.0794999971985817
6,102,0.04529999941587448
7,102,0.0471000000834465
8,102,0.05620000138878822
9,102,0.04859999939799309
10,102,0.05209999904036522
11,102,0.043699998408555984
12,102,0.025299999862909317
13,102,0.020600000396370888
14,102,0.02800000086426735
15,102,0.020800000056624413
16,102,0.02280000038444996
17,102,0.03449999913573265
18,102,0.03280000016093254
19,102,0.04780000075697899
20,102,0.03480000048875809
21,102,0.06620000302791595
22,102,0.09910000115633011
23,102,0.07289999723434448
24,102,0.05609999969601631
25,102,0.07169999927282333
26,102,0.043800000101327896
27,102,0.05939999967813492
28,102,0.04490000009536743
29,102,0.04749999940395355
30,102,0.07569999992847443
31,102,0.14399999380111694
32,102,0.08649999648332596
33,102,0.07620000094175339
34,102,0.05040000006556511
35,102,0.04580000042915344
36,102,0.06360000371932983
37,102,0.05990000069141388
38,102,0.051100000739097595
39,102,0.08009999990463257
40,102,0.05979999899864197
41,102,0.08420000225305557
42,102,0.155799999833107
43,102,0.06679999828338623
44,102,0.038600001484155655
45,102,0.04960000142455101
46,102,0.29499998688697815
47,102,0.2750000059604645
48,102,0.28600001335144043
49,102,0.2879999876022339
50,102,0.28999999165534973
51,102,0.2879999876022339
52,102,0.2939999997615814
53,102,0.2919999957084656
54,102,0.289000004529953
55,102,0.149399995803833
56,102,0.09189999848604202
57,102,0.09120000153779984
58,102,0.10450000315904617
59,102,0.10140000283718109
60,102,0.147599995136261
61,102,0.11249999701976776
62,102,0.1606999933719635
63,102,0.10670000314712524
64,102,0.13490000367164612
65,102,0.09560000151395798
66,102,0.0997999981045723
67,102,0.08380000293254852
68,102,0.07999999821186066
69,102,0.08590000122785568
70,102,0.07410000264644623
71,102,0.17190000414848328
72,102,0.32499998807907104
73,102,0.3140000104904175
74,102,0.33799999952316284
75,102,0.32600000500679016
76,102,0.31200000643730164
77,102,0.32499998807907104
78,102,0.29899999499320984
79,102,0.3149999976158142
80,102,0.31200000643730164
81,102,0.3050000071525574
82,102,0.29600000381469727
83,102,0.17550000548362732
84,102,0.054499998688697815
85,102,0.034299999475479126
86,102,0.07519999891519547
87,102,0.04179999977350235
88,102,0.07109999656677246
89,102,0.09099999815225601
90,102,0.07959999889135361
91,102,0.08529999852180481
92,102,0.04600000008940697
93,102,0.07360000163316727
94,102,0.09619999676942825
95,102,0.09870000183582306
96,102,0.07410000264644623
97,102,0.030700000002980232
98,102,0.026200000196695328
99,102,0.026799999177455902
100,102,0.03759999945759773
1,103,0.02979999966919422
2,103,0.026100000366568565
3,103,0.046300001442432404
4,103,0.050599999725818634
5,103,0.05559999868273735
6,103,0.06939999759197235
7,103,0.06710000336170197
8,103,0.09679999947547913
9,103,0.08229999989271164
10,103,0.04309999942779541
11,103,0.038600001484155655
12,103,0.03669999912381172
13,103,0.03240000084042549
14,103,0.05050000175833702
15,103,0.023499999195337296
16,103,0.024299999698996544
17,103,0.02329999953508377
18,103,0.04899999871850014
19,103,0.04479999840259552
20,103,0.04470000043511391
21,103,0.0697999969124794
22,103,0.05260000005364418
23,103,0.05959999933838844
24,103,0.04580000042915344
25,103,0.061400000005960464
26,103,0.04670000076293945
27,103,0.04500000178813934
28,103,0.059300001710653305
29,103,0.060600001364946365
30,103,0.05429999902844429
31,103,0.06800000369548798
32,103,0.05460000038146973
33,103,0.07440000027418137
34,103,0.06129999831318855
35,103,0.040800001472234726
36,103,0.0502999983727932
37,103,0.0754999965429306
38,103,0.0681999996304512
39,103,0.09390000253915787
40,103,0.1088000014424324
41,103,0.09149999916553497
42,103,0.10750000178813934
43,103,0.11840000003576279
44,103,0.08190000057220459
45,103,0.05559999868273735
46,103,0.04490000009536743
47,103,0.289000004529953
48,103,0.28600001335144043
49,103,0.2800000011920929
50,103,0.28299999237060547
51,103,0.28999999165534973
52,103,0.2800000011920929
53,103,0.28299999237060547
54,103,0.28999999165534973
55,103,0.29100000858306885
56,103,0.15839999914169312
57,103,0.06909999996423721
58,103,0.10130000114440918
59,103,0.07509999722242355
60,103,0.12330000102519989
61,103,0.10570000112056732
62,103,0.10830000042915344
63,103,0.09870000183582306
64,103,0.1023000031709671
65,103,0.11620000004768372
66,103,0.08940000087022781
67,103,0.07069999724626541
68,103,0.05689999833703041
69,103,0.08540000021457672
70,103,0.06880000233650208
71,103,0.04569999873638153
72,103,0.05249999836087227
73,103,0.11339999735355377
74,103,0.31850001215934753
75,103,0.3230000138282776
76,103,0.32100000977516174
77,103,0.31700000166893005
78,103,0.3100000023841858
79,103,0.3149999976158142
80,103,0.30799999833106995
81,103,0.3050000071525574
82,103,0.13680000603199005
83,103,0.059700001031160355
84,103,0.04520000144839287
85,103,0.06319999694824219
86,103,0.06960000097751617
87,103,0.062199998646974564
88,103,0.07819999754428864
89,103,0.08160000294446945
90,103,0.05530000105500221
91,103,0.05660000070929527
92,103,0.04179999977350235
93,103,0.02889999933540821
94,103,0.0544000007212162
95,103,0.07320000231266022
96,103,0.0560000017285347
97,103,0.03840000182390213
98,103,0.03840000182390213
99,103,0.028999999165534973
100,103,0.03550000116229057
1,104,0.0430000014603138
2,104,0.053599998354911804
3,104,0.06599999964237213
4,104,0.10660000145435333
5,104,0.11010000109672546
6,104,0.08299999684095383
7,104,0.07129999995231628
8,104,0.05530000105500221
9,104,0.057100001722574234
10,104,0.05209999904036522
11,104,0.04149999842047691
12,104,0.03999999910593033
13,104,0.06700000166893005
14,104,0.10540000349283218
15,104,0.050200000405311584
16,104,0.053199999034404755
17,104,0.07259999960660934
18,104,0.0803999975323677
19,104,0.06199999898672104
20,104,0.05559999868273735
21,104,0.062199998646974564
22,104,0.050700001418590546
23,104,0.05209999904036522
24,104,0.05209999904036522
25,104,0.043699998408555984
26,104,0.05490000173449516
27,104,0.04989999905228615
28,104,0.05180000141263008
29,104,0.0729999989271164
30,104,0.05249999836087227
31,104,0.05209999904036522
32,104,0.06440000236034393
33,104,0.06440000236034393
34,104,0.050999999046325684
35,104,0.07720000296831131
36,104,0.05649999901652336
37,104,0.061900001019239426
38,104,0.08129999786615372
39,104,0.0658000037074089
40,104,0.07109999656677246
41,104,0.08919999748468399
42,104,0.06369999796152115
43,104,0.09589999914169312
44,104,0.08380000293254852
45,104,0.07519999891519547
46,104,0.03779999911785126
47,104,0.27799999713897705
48,104,0.29499998688697815
49,104,0.2939000129699707
50,104,0.29600000381469727
51,104,0.29100000858306885
52,104,0.2770000100135803
53,104,0.2770000100135803
54,104,0.28299999237060547
55,104,0.2849999964237213
56,104,0.15389999747276306
57,104,0.05900000035762787
58,104,0.08169999718666077
59,104,0.09600000083446503
60,104,0.14659999310970306
61,104,0.15780000388622284
62,104,0.12559999525547028
63,104,0.12150000035762787
64,104,0.12280000001192093
65,104,0.09520000219345093
66,104,0.08179999887943268
67,104,0.06880000233650208
68,104,0.0925000011920929
69,104,0.05310000106692314
70,104,0.07739999890327454
71,104,0.05050000175833702
72,104,0.04399999976158142
73,104,0.11969999969005585
74,104,0.3160000145435333
75,104,0.31700000166893005
76,104,0.3269999921321869
77,104,0.33559998869895935
78,104,0.3190000057220459
79,104,0.32600000500679016
80,104,0.31700000166893005
81,104,0.3109999895095825
82,104,0.3230000138282776
83,104,0.10159999877214432
84,104,0.08919999748468399
85,104,0.0494999997317791
86,104,0.06599999964237213
87,104,0.05490000173449516
88,104,0.06129999831318855
89,104,0.06790000200271606
90,104,0.050200000405311584
91,104,0.05530000105500221
92,104,0.045099999755620956
93,104,0.05000000074505806
94,104,0.046300001442432404
95,104,0.03480000048875809
96,104,0.037700001150369644
97,104,0.027799999341368675
98,104,0.03449999913573265
99,104,0.03449999913573265
100,104,0.04659999907016754
1,105,0.03920000046491623
2,105,0.0828000009059906
3,105,0.09589999914169312
4,105,0.11490000039339066
5,105,0.09839999675750732
6,105,0.07079999893903732
7,105,0.08110000193119049
8,105,0.06639999896287918
9,105,0.04450000077486038
10,105,0.06939999759197235
11,105,0.058400001376867294
12,105,0.049800001084804535
13,105,0.061799999326467514
14,105,0.0649000033736229
15,105,0.06400000303983688
16,105,0.06239999830722809
17,105,0.05889999866485596
18,105,0.05719999969005585
19,105,0.05689999833703041
20,105,0.033799998462200165
21,105,0.04910000041127205
22,105,0.05460000038146973
23,105,0.05620000138878822
24,105,0.04740000143647194
25,105,0.05550000071525574
26,105,0.05660000070929527
27,105,0.04610000178217888
28,105,0.043699998408555984
29,105,0.06599999964237213
30,105,0.056299999356269836
31,105,0.05180000141263008
32,105,0.045099999755620956
33,105,0.05939999967813492
34,105,0.04320000112056732
35,105,0.0812000036239624
36,105,0.07850000262260437
37,105,0.028599999845027924
38,105,0.04859999939799309
39,105,0.0649000033736229
40,105,0.04639999940991402
41,105,0.06080000102519989
42,105,0.09120000153779984
43,105,0.09149999916553497
44,105,0.1468999981880188
45,105,0.09189999848604202
46,105,0.04179999977350235
47,105,0.05829999968409538
48,105,0.28999999165534973
49,105,0.28999999165534973
50,105,0.2849999964237213
51,105,0.2809999883174896
52,105,0.28600001335144043
53,105,0.2759999930858612
54,105,0.28839999437332153
55,105,0.28299999237060547
56,105,0.29100000858306885
57,105,0.049300000071525574
58,105,0.06129999831318855
59,105,0.05079999938607216
60,105,0.09480000287294388
61,105,0.16830000281333923
62,105,0.10869999974966049
63,105,0.07079999893903732
64,105,0.0722000002861023
65,105,0.052799999713897705
66,105,0.05790000036358833
67,105,0.06120000034570694
68,105,0.052000001072883606
69,105,0.057100001722574234
70,105,0.04769999906420708
71,105,0.06419999897480011
72,105,0.08100000023841858
73,105,0.08250000327825546
74,105,0.08640000224113464
75,105,0.328000009059906
76,105,0.33399999141693115
77,105,0.32899999618530273
78,105,0.33399999141693115
79,105,0.33500000834465027
80,105,0.32499998807907104
81,105,0.3230000138282776
82,105,0.3319999873638153
83,105,0.07999999821186066
84,105,0.08609999716281891
85,105,0.04899999871850014
86,105,0.07720000296831131
87,105,0.09030000120401382
88,105,0.0681999996304512
89,105,0.07609999924898148
90,105,0.05660000070929527
91,105,0.04910000041127205
92,105,0.07249999791383743
93,105,0.0560000017285347
94,105,0.049800001084804535
95,105,0.03669999912381172
96,105,0.030300000682473183
97,105,0.026200000196695328
98,105,0.03849999979138374
99,105,0.04439999908208847
100,105,0.04800000041723251
1,106,0.07750000059604645
2,106,0.0835999995470047
3,106,0.11190000176429749
4,106,0.1662999987602234
5,106,0.10790000110864639
6,106,0.08569999784231186
7,106,0.04600000008940697
8,106,0.04470000043511391
9,106,0.06769999861717224
10,106,0.07699999958276749
11,106,0.06849999725818634
12,106,0.07599999755620956
13,106,0.0706000030040741
14,106,0.11879999935626984
15,106,0.07000000029802322
16,106,0.08150000125169754
17,106,0.08720000088214874
18,106,0.05420000106096268
19,106,0.05490000173449516
20,106,0.043699998408555984
21,106,0.04050000011920929
22,106,0.02889999933540821
23,106,0.03720000013709068
24,106,0.049800001084804535
25,106,0.03229999914765358
26,106,0.053199999034404755
27,106,0.0421999990940094
28,106,0.04309999942779541
29,106,0.04490000009536743
30,106,0.04010000079870224
31,106,0.04050000011920929
32,106,0.04430000111460686
33,106,0.04820000007748604
34,106,0.05209999904036522
35,106,0.07159999758005142
36,106,0.06440000236034393
37,106,0.06629999727010727
38,106,0.07829999923706055
39,106,0.04839999973773956
40,106,0.03799999877810478
41,106,0.061799999326467514
42,106,0.03739999979734421
43,106,0.05559999868273735
44,106,0.07999999821186066
45,106,0.055399999022483826
46,106,0.04670000076293945
47,106,0.03869999945163727
48,106,0.28999999165534973
49,106,0.29499998688697815
50,106,0.29499998688697815
51,106,0.29899999499320984
52,106,0.29100000858306885
53,106,0.27000001072883606
54,106,0.3050000071525574
55,106,0.2939999997615814
56,106,0.28999999165534973
57,106,0.04470000043511391
58,106,0.02969999983906746
59,106,0.03840000182390213
60,106,0.047200001776218414
61,106,0.09529999643564224
62,106,0.11599999666213989
63,106,0.07500000298023224
64,106,0.08190000057220459
65,106,0.0722000002861023
66,106,0.06030000001192093
67,106,0.04690000042319298
68,106,0.04560000076889992
69,106,0.04309999942779541
70,106,0.04320000112056732
71,106,0.042500000447034836
72,106,0.06930000334978104
73,106,0.10170000046491623
74,106,0.33399999141693115
75,106,0.3240000009536743
76,106,0.3479999899864197
77,106,0.3449999988079071
78,106,0.34599998593330383
79,106,0.3314000070095062
80,106,0.31299999356269836
81,106,0.33500000834465027
82,106,0.09629999846220016
83,106,0.06279999762773514
84,106,0.05180000141263008
85,106,0.05609999969601631
86,106,0.07519999891519547
87,106,0.09290000051259995
88,106,0.060100000351667404
89,106,0.028300000354647636
90,106,0.08060000091791153
91,106,0.04639999940991402
92,106,0.050200000405311584
93,106,0.06800000369548798
94,106,0.05460000038146973
95,106,0.039500001817941666
96,106,0.02810000069439411
97,106,0.04320000112056732
98,106,0.03779999911785126
99,106,0.04800000041723251
100,106,0.05310000106692314
1,107,0.12890000641345978
2,107,0.09269999712705612
3,107,0.11249999701976776
4,107,0.11760000139474869
5,107,0.17080000042915344
6,107,0.08529999852180481
7,107,0.05180000141263008
8,107,0.06719999760389328
9,107,0.0681999996304512
10,107,0.11829999834299088
11,107,0.12309999763965607
12,107,0.08179999887943268
13,107,0.10719999670982361
14,107,0.09799999743700027
15,107,0.12129999697208405
16,107,0.13699999451637268
17,107,0.10300000011920929
18,107,0.05999999865889549
19,107,0.0560000017285347
20,107,0.050999999046325684
21,107,0.06469999998807907
22,107,0.031099999323487282
23,107,0.03150000050663948
24,107,0.02800000086426735
25,107,0.043800000101327896
26,107,0.057999998331069946
27,107,0.0471000000834465
28,107,0.027699999511241913
29,107,0.030700000002980232
30,107,0.019999999552965164
31,107,0.04569999873638153
32,107,0.04129999876022339
33,107,0.03920000046491623
34,107,0.056299999356269836
35,107,0.08789999783039093
36,107,0.056699998676776886
37,107,0.04360000044107437
38,107,0.029999999329447746
39,107,0.03189999982714653
40,107,0.032600000500679016
41,107,0.05420000106096268
42,107,0.03099999949336052
43,107,0.03970000147819519
44,107,0.0731000006198883
45,107,0.08269999921321869
46,107,0.03269999846816063
47,107,0.12060000002384186
48,107,0.30000001192092896
49,107,0.29499998688697815
50,107,0.29600000381469727
51,107,0.29100000858306885
52,107,0.28999999165534973
53,107,0.28600001335144043
54,107,0.3100000023841858
55,107,0.29100000858306885
56,107,0.04410000145435333
57,107,0.042399998754262924
58,107,0.0348999984562397
59,107,0.039400000125169754
60,107,0.06880000233650208
61,107,0.07559999823570251
62,107,0.09629999846220016
63,107,0.09210000187158585
64,107,0.10189999639987946
65,107,0.09040000289678574
66,107,0.0737999975681305
67,107,0.08699999749660492
68,107,0.09390000253915787
69,107,0.07079999893903732
70,107,0.0348999984562397
71,107,0.03370000049471855
72,107,0.06509999930858612
73,107,0.052000001072883606
74,107,0.07829999923706055
75,107,0.328000009059906
76,107,0.3434999883174896
77,107,0.3440000116825104
78,107,0.34700000286102295
79,107,0.33500000834465027
80,107,0.3070000112056732
81,107,0.3269999921321869
82,107,0.14650000631809235
83,107,0.11659999936819077
84,107,0.049800001084804535
85,107,0.060499999672174454
86,107,0.07460000365972519
87,107,0.10260000079870224
88,107,0.06449999660253525
89,107,0.035599999129772186
90,107,0.03929999843239784
91,107,0.03909999877214432
92,107,0.05130000039935112
93,107,0.08229999989271164
94,107,0.06639999896287918
95,107,0.04919999837875366
96,107,0.024299999698996544
97,107,0.04430000111460686
98,107,0.03669999912381172
99,107,0.0908999964594841
100,107,0.11959999799728394
1,108,0.1340000033378601
2,108,0.0940999984741211
3,108,0.08950000256299973
4,108,0.10450000315904617
5,108,0.13359999656677246
6,108,0.08030000329017639
7,108,0.06790000200271606
8,108,0.060600001364946365
9,108,0.07940000295639038
10,108,0.11800000071525574
11,108,0.10790000110864639
12,108,0.09830000251531601
13,108,0.09740000218153
14,108,0.09749999642372131
15,108,0.14149999618530273
16,108,0.09830000251531601
17,108,0.10740000009536743
18,108,0.06379999965429306
19,108,0.03799999877810478
20,108,0.039400000125169754
21,108,0.05570000037550926
22,108,0.0494999997317791
23,108,0.03480000048875809
24,108,0.0348999984562397
25,108,0.02710000053048134
26,108,0.04769999906420708
27,108,0.03620000183582306
28,108,0.02250000089406967
29,108,0.020600000396370888
30,108,0.029500000178813934
31,108,0.032600000500679016
32,108,0.03359999880194664
33,108,0.033799998462200165
34,108,0.04639999940991402
35,108,0.04580000042915344
36,108,0.041099999099969864
37,108,0.04769999906420708
38,108,0.03840000182390213
39,108,0.03150000050663948
40,108,0.025499999523162842
41,108,0.03590000048279762
42,108,0.039400000125169754
43,108,0.032099999487400055
44,108,0.04050000011920929
45,108,0.061000000685453415
46,108,0.029899999499320984
47,108,0.09000000357627869
48,108,0.298799991607666
49,108,0.296999990940094
50,108,0.3070000112056732
51,108,0.28999999165534973
52,108,0.29100000858306885
53,108,0.289000004529953
54,108,0.30000001192092896
55,108,0.2849999964237213
56,108,0.2939999997615814
57,108,0.02250000089406967
58,108,0.031099999323487282
59,108,0.04100000113248825
60,108,0.06469999998807907
61,108,0.03530000150203705
62,108,0.028300000354647636
63,108,0.04919999837875366
64,108,0.0738999992609024
65,108,0.0828000009059906
66,108,0.06419999897480011
67,108,0.06849999725818634
68,108,0.05490000173449516
69,108,0.07500000298023224
70,108,0.08089999854564667
71,108,0.06989999860525131
72,108,0.05869999900460243
73,108,0.06419999897480011
74,108,0.34049999713897705
75,108,0.328000009059906
76,108,0.33399999141693115
77,108,0.3529999852180481
78,108,0.34200000762939453
79,108,0.3409999907016754
80,108,0.33000001311302185
81,108,0.1800999939441681
82,108,0.13079999387264252
83,108,0.10490000247955322
84,108,0.10719999670982361
85,108,0.07280000299215317
86,108,0.0723000019788742
87,108,0.056699998676776886
88,108,0.07180000096559525
89,108,0.03970000147819519
90,108,0.032999999821186066
91,108,0.05310000106692314
92,108,0.05169999971985817
93,108,0.07519999891519547
94,108,0.042899999767541885
95,108,0.05310000106692314
96,108,0.04839999973773956
97,108,0.06610000133514404
98,108,0.05290000140666962
99,108,0.0828000009059906
100,108,0.08250000327825546
1,109,0.11410000175237656
2,109,0.11079999804496765
3,109,0.1234000027179718
4,109,0.10239999741315842
5,109,0.12020000070333481
6,109,0.09719999879598618
7,109,0.05209999904036522
8,109,0.07240000367164612
9,109,0.06560000032186508
10,109,0.05860000103712082
11,109,0.06769999861717224
12,109,0.09759999811649323
13,109,0.07079999893903732
14,109,0.11029999703168869
15,109,0.2012999951839447
16,109,0.10170000046491623
17,109,0.08380000293254852
18,109,0.058400001376867294
19,109,0.0340999998152256
20,109,0.03750000149011612
21,109,0.040699999779462814
22,109,0.03869999945163727
23,109,0.08529999852180481
24,109,0.03680000081658363
25,109,0.02979999966919422
26,109,0.03849999979138374
27,109,0.023399999365210533
28,109,0.009800000116229057
29,109,0.019600000232458115
30,109,0.019300000742077827
31,109,0.01489999983459711
32,109,0.01899999938905239
33,109,0.018400000408291817
34,109,0.04170000180602074
35,109,0.044599998742341995
36,109,0.03060000017285347
37,109,0.02449999935925007
38,109,0.02969999983906746
39,109,0.032099999487400055
40,109,0.02800000086426735
41,109,0.029100000858306885
42,109,0.05090000107884407
43,109,0.040800001472234726
44,109,0.06560000032186508
45,109,0.028699999675154686
46,109,0.0421999990940094
47,109,0.03849999979138374
48,109,0.30000001192092896
49,109,0.3019999861717224
50,109,0.3059999942779541
51,109,0.29499998688697815
52,109,0.28999999165534973
53,109,0.2919999957084656
54,109,0.30300000309944153
55,109,0.2809999883174896
56,109,0.10080000013113022
57,109,0.029999999329447746
58,109,0.052299998700618744
59,109,0.04839999973773956
60,109,0.04390000179409981
61,109,0.03319999948143959
62,109,0.026000000536441803
63,109,0.04699999839067459
64,109,0.0333000011742115
65,109,0.09589999914169312
66,109,0.07479999959468842
67,109,0.05620000138878822
68,109,0.04610000178217888
69,109,0.09799999743700027
70,109,0.0746999979019165
71,109,0.06679999828338623
72,109,0.05990000069141388
73,109,0.13050000369548798
74,109,0.34700000286102295
75,109,0.3269999921321869
76,109,0.328000009059906
77,109,0.3409999907016754
78,109,0.3529999852180481
79,109,0.3400000035762787
80,109,0.06480000168085098
81,109,0.11720000207424164
82,109,0.0843999981880188
83,109,0.125
84,109,0.11159999668598175
85,109,0.07339999824762344
86,109,0.08649999648332596
87,109,0.09099999815225601
88,109,0.051899999380111694
89,109,0.023499999195337296
90,109,0.027799999341368675
91,109,0.03709999844431877
92,109,0.031599998474121094
93,109,0.035599999129772186
94,109,0.03959999978542328
95,109,0.05000000074505806
96,109,0.048500001430511475
97,109,0.05939999967813492
98,109,0.09049999713897705
99,109,0.08169999718666077
100,109,0.07609999924898148
1,110,0.05040000006556511
2,110,0.05590000003576279
3,110,0.08100000023841858
4,110,0.07180000096559525
5,110,0.07720000296831131
6,110,0.07169999927282333
7,110,0.06970000267028809
8,110,0.0843999981880188
9,110,0.07119999825954437
10,110,0.08659999817609787
11,110,0.05770000070333481
12,110,0.0737999975681305
13,110,0.043299999088048935
14,110,0.0502999983727932
15,110,0.10999999940395355
16,110,0.07590000331401825
17,110,0.05310000106692314
18,110,0.06759999692440033
19,110,0.039500001817941666
20,110,0.025599999353289604
21,110,0.028200000524520874
22,110,0.03739999979734421
23,110,0.04560000076889992
24,110,0.0568000003695488
25,110,0.04670000076293945
26,110,0.0406000018119812
27,110,0.03280000016093254
28,110,0.013799999840557575
29,110,0.0215000007301569
30,110,0.020600000396370888
31,110,0.013299999758601189
32,110,0.015399999916553497
33,110,0.01590000092983246
34,110,0.024800000712275505
35,110,0.03350000083446503
36,110,0.022299999371170998
37,110,0.0430000014603138
38,110,0.053199999034404755
39,110,0.0658000037074089
40,110,0.05000000074505806
41,110,0.050599999725818634
42,110,0.05420000106096268
43,110,0.08550000190734863
44,110,0.04349999874830246
45,110,0.03720000013709068
46,110,0.05490000173449516
47,110,0.04650000110268593
48,110,0.06300000101327896
49,110,0.30300000309944153
50,110,0.3070000112056732
51,110,0.28299999237060547
52,110,0.2919999957084656
53,110,0.28999999165534973
54,110,0.28600001335144043
55,110,0.2849999964237213
56,110,0.08730000257492065
57,110,0.018300000578165054
58,110,0.039900001138448715
59,110,0.0414000004529953
60,110,0.027699999511241913
61,110,0.02889999933540821
62,110,0.044599998742341995
63,110,0.04520000144839287
64,110,0.04600000008940697
65,110,0.06310000270605087
66,110,0.10199999809265137
67,110,0.07000000029802322
68,110,0.07829999923706055
69,110,0.1290999948978424
70,110,0.1850000023841858
71,110,0.09870000183582306
72,110,0.12409999966621399
73,110,0.33500000834465027
74,110,0.34299999475479126
75,110,0.32899999618530273
76,110,0.34700000286102295
77,110,0.33399999141693115
78,110,0.3330000042915344
79,110,0.025200000032782555
80,110,0.0706000030040741
81,110,0.08820000290870667
82,110,0.09200000017881393
83,110,0.10000000149011612
84,110,0.11999999731779099
85,110,0.13259999454021454
86,110,0.06780000030994415
87,110,0.09279999881982803
88,110,0.07840000092983246
89,110,0.04780000075697899
90,110,0.05550000071525574
91,110,0.04500000178813934
92,110,0.03819999843835831
93,110,0.039500001817941666
94,110,0.03139999881386757
95,110,0.04989999905228615
96,110,0.06560000032186508
97,110,0.04769999906420708
98,110,0.051500000059604645
99,110,0.061400000005960464
100,110,0.06880000233650208
1,111,0.08950000256299973
2,111,0.06300000101327896
3,111,0.08590000122785568
4,111,0.06800000369548798
5,111,0.04740000143647194
6,111,0.04690000042319298
7,111,0.04529999941587448
8,111,0.10859999805688858
9,111,0.149399995803833
10,111,0.10440000146627426
11,111,0.0681999996304512
12,111,0.07320000231266022
13,111,0.07100000232458115
14,111,0.04899999871850014
15,111,0.05999999865889549
16,111,0.05939999967813492
17,111,0.04670000076293945
18,111,0.03880000114440918
19,111,0.03229999914765358
20,111,0.031199999153614044
21,111,0.0203000009059906
22,111,0.031199999153614044
23,111,0.0348999984562397
24,111,0.07530000060796738
25,111,0.04879999905824661
26,111,0.03720000013709068
27,111,0.029200000688433647
28,111,0.026799999177455902
29,111,0.0210999995470047
30,111,0.020999999716877937
31,111,0.020999999716877937
32,111,0.025299999862909317
33,111,0.01730000041425228
34,111,0.03700000047683716
35,111,0.030899999663233757
36,111,0.028699999675154686
37,111,0.04149999842047691
38,111,0.05900000035762787
39,111,0.08560000360012054
40,111,0.05180000141263008
41,111,0.0502999983727932
42,111,0.07729999721050262
43,111,0.07190000265836716
44,111,0.06729999929666519
45,111,0.04569999873638153
46,111,0.04039999842643738
47,111,0.0737999975681305
48,111,0.30000001192092896
49,111,0.30399999022483826
50,111,0.31299999356269836
51,111,0.2879999876022339
52,111,0.2770000100135803
53,111,0.2809999883174896
54,111,0.28999999165534973
55,111,0.28999999165534973
56,111,0.01730000041425228
57,111,0.026900000870227814
58,111,0.02710000053048134
59,111,0.03269999846816063
60,111,0.04039999842643738
61,111,0.022099999710917473
62,111,0.031700000166893005
63,111,0.04919999837875366
64,111,0.03669999912381172
65,111,0.04670000076293945
66,111,0.11079999804496765
67,111,0.09640000015497208
68,111,0.08829999715089798
69,111,0.20010000467300415
70,111,0.24140000343322754
71,111,0.11129999905824661
72,111,0.32600000500679016
73,111,0.3400000035762787
74,111,0.3400000035762787
75,111,0.335999995470047
76,111,0.3483999967575073
77,111,0.32899999618530273
78,111,0.34279999136924744
79,111,0.11680000275373459
80,111,0.10719999670982361
81,111,0.09520000219345093
82,111,0.08980000019073486
83,111,0.1071000024676323
84,111,0.15449999272823334
85,111,0.10180000215768814
86,111,0.11289999634027481
87,111,0.1185000017285347
88,111,0.08669999986886978
89,111,0.06710000336170197
90,111,0.09520000219345093
91,111,0.060499999672174454
92,111,0.05620000138878822
93,111,0.04699999839067459
94,111,0.025100000202655792
95,111,0.045899998396635056
96,111,0.03139999881386757
97,111,0.02539999969303608
98,111,0.040699999779462814
99,111,0.05040000006556511
100,111,0.049300000071525574
1,112,0.04639999940991402
2,112,0.06759999692440033
3,112,0.0658000037074089
4,112,0.06880000233650208
5,112,0.07500000298023224
6,112,0.05999999865889549
7,112,0.04280000180006027
8,112,0.08649999648332596
9,112,0.06120000034570694
10,112,0.0551999993622303
11,112,0.060600001364946365
12,112,0.06809999793767929
13,112,0.04899999871850014
14,112,0.05620000138878822
15,112,0.04569999873638153
16,112,0.0925000011920929
17,112,0.039799999445676804
18,112,0.03999999910593033
19,112,0.04170000180602074
20,112,0.026100000366568565
21,112,0.042100001126527786
22,112,0.029400000348687172
23,112,0.049800001084804535
24,112,0.04170000180602074
25,112,0.061799999326467514
26,112,0.05649999901652336
27,112,0.02539999969303608
28,112,0.0272000003606081
29,112,0.03880000114440918
30,112,0.04699999839067459
31,112,0.02449999935925007
32,112,0.025699999183416367
33,112,0.031099999323487282
34,112,0.04050000011920929
35,112,0.03370000049471855
36,112,0.042100001126527786
37,112,0.0348999984562397
38,112,0.05000000074505806
39,112,0.032999999821186066
40,112,0.036400001496076584
41,112,0.06129999831318855
42,112,0.06440000236034393
43,112,0.09510000050067902
44,112,0.05169999971985817
45,112,0.03189999982714653
46,112,0.03620000183582306
47,112,0.14579999446868896
48,112,0.3059999942779541
49,112,0.30300000309944153
50,112,0.3109999895095825
51,112,0.27799999713897705
52,112,0.28700000047683716
53,112,0.2980000078678131
54,112,0.28999999165534973
55,112,0.1656000018119812
56,112,0.02280000038444996
57,112,0.02710000053048134
58,112,0.04129999876022339
59,112,0.04450000077486038
60,112,0.05559999868273735
61,112,0.05209999904036522
62,112,0.05950000137090683
63,112,0.05790000036358833
64,112,0.05660000070929527
65,112,0.07760000228881836
66,112,0.08229999989271164
67,112,0.10010000318288803
68,112,0.12929999828338623
69,112,0.19339999556541443
70,112,0.22540000081062317
71,112,0.14579999446868896
72,112,0.32100000977516174
73,112,0.34299999475479126
74,112,0.32899999618530273
75,112,0.34700000286102295
76,112,0.3400000035762787
77,112,0.3359000086784363
78,112,0.14010000228881836
79,112,0.15620000660419464
80,112,0.11890000104904175
81,112,0.11620000004768372
82,112,0.07119999825954437
83,112,0.12060000002384186
84,112,0.1655000001192093
85,112,0.09239999949932098
86,112,0.06319999694824219
87,112,0.06469999998807907
88,112,0.06629999727010727
89,112,0.0706000030040741
90,112,0.06449999660253525
91,112,0.04230000078678131
92,112,0.024700000882148743
93,112,0.0333000011742115
94,112,0.02449999935925007
95,112,0.039900001138448715
96,112,0.02810000069439411
97,112,0.0340999998152256
98,112,0.03849999979138374
99,112,0.05290000140666962
100,112,0.07599999755620956
1,113,0.05660000070929527
2,113,0.03970000147819519
3,113,0.04859999939799309
4,113,0.06289999932050705
5,113,0.03819999843835831
6,113,0.0348999984562397
7,113,0.05260000005364418
8,113,0.045099999755620956
9,113,0.02710000053048134
10,113,0.03420000150799751
11,113,0.024900000542402267
12,113,0.03869999945163727
13,113,0.03550000116229057
14,113,0.04529999941587448
15,113,0.04569999873638153
16,113,0.05460000038146973
17,113,0.037300001829862595
18,113,0.03959999978542328
19,113,0.03620000183582306
20,113,0.030899999663233757
21,113,0.05000000074505806
22,113,0.07280000299215317
23,113,0.06960000097751617
24,113,0.02930000051856041
25,113,0.07129999995231628
26,113,0.040300000458955765
27,113,0.041200000792741776
28,113,0.03009999915957451
29,113,0.039900001138448715
30,113,0.05490000173449516
31,113,0.0333000011742115
32,113,0.026100000366568565
33,113,0.029600000008940697
34,113,0.06109999865293503
35,113,0.05950000137090683
36,113,0.04470000043511391
37,113,0.0551999993622303
38,113,0.04560000076889992
39,113,0.03189999982714653
40,113,0.023499999195337296
41,113,0.04390000179409981
42,113,0.06109999865293503
43,113,0.06809999793767929
44,113,0.06909999996423721
45,113,0.06019999831914902
46,113,0.16380000114440918
47,113,0.30399999022483826
48,113,0.29499998688697815
49,113,0.28700000047683716
50,113,0.29499998688697815
51,113,0.2849999964237213
52,113,0.29190000891685486
53,113,0.29100000858306885
54,113,0.29499998688697815
55,113,0.02199999988079071
56,113,0.019500000402331352
57,113,0.02669999934732914
58,113,0.03750000149011612
59,113,0.030700000002980232
60,113,0.0364999994635582
61,113,0.044599998742341995
62,113,0.04050000011920929
63,113,0.05959999933838844
64,113,0.04780000075697899
65,113,0.05950000137090683
66,113,0.05920000001788139
67,113,0.06750000268220901
68,113,0.12790000438690186
69,113,0.2160000056028366
70,113,0.2190999984741211
71,113,0.28600001335144043
72,113,0.31299999356269836
73,113,0.31700000166893005
74,113,0.3433000147342682
75,113,0.3330000042915344
76,113,0.33500000834465027
77,113,0.147599995136261
78,113,0.13500000536441803
79,113,0.17020000517368317
80,113,0.18279999494552612
81,113,0.11729999631643295
82,113,0.08910000324249268
83,113,0.13079999387264252
84,113,0.10090000182390213
85,113,0.09210000187158585
86,113,0.07840000092983246
87,113,0.06260000169277191
88,113,0.0729999989271164
89,113,0.05400000140070915
90,113,0.06889999657869339
91,113,0.0348999984562397
92,113,0.037300001829862595
93,113,0.022099999710917473
94,113,0.032600000500679016
95,113,0.04749999940395355
96,113,0.04659999907016754
97,113,0.03889999911189079
98,113,0.03909999877214432
99,113,0.05810000002384186
100,113,0.07559999823570251
1,114,0.037700001150369644
2,114,0.04969999939203262
3,114,0.05139999836683273
4,114,0.052000001072883606
5,114,0.03139999881386757
6,114,0.05050000175833702
7,114,0.053199999034404755
8,114,0.03500000014901161
9,114,0.03739999979734421
10,114,0.026499999687075615
11,114,0.03229999914765358
12,114,0.03150000050663948
13,114,0.03790000081062317
14,114,0.03200000151991844
15,114,0.04839999973773956
16,114,0.051500000059604645
17,114,0.05260000005364418
18,114,0.04470000043511391
19,114,0.02850000001490116
20,114,0.027499999850988388
21,114,0.04859999939799309
22,114,0.04490000009536743
23,114,0.05290000140666962
24,114,0.03970000147819519
25,114,0.02800000086426735
26,114,0.021400000900030136
27,114,0.03440000116825104
28,114,0.062300000339746475
29,114,0.08269999921321869
30,114,0.045899998396635056
31,114,0.05469999834895134
32,114,0.03720000013709068
33,114,0.03680000081658363
34,114,0.0575999990105629
35,114,0.06939999759197235
36,114,0.07150000333786011
37,114,0.0478999987244606
38,114,0.039000000804662704
39,114,0.03959999978542328
40,114,0.05119999870657921
41,114,0.048900000751018524
42,114,0.08560000360012054
43,114,0.09399999678134918
44,114,0.06759999692440033
45,114,0.0868000015616417
46,114,0.1656000018119812
47,114,0.3100000023841858
48,114,0.3070000112056732
49,114,0.2919999957084656
50,114,0.28700000047683716
51,114,0.2849999964237213
52,114,0.289000004529953
53,114,0.29499998688697815
54,114,0.06480000168085098
55,114,0.019600000232458115
56,114,0.03189999982714653
57,114,0.034299999475479126
58,114,0.027499999850988388
59,114,0.024900000542402267
60,114,0.04729999974370003
61,114,0.058800000697374344
62,114,0.05790000036358833
63,114,0.0754999965429306
64,114,0.07649999856948853
65,114,0.05900000035762787
66,114,0.07890000194311142
67,114,0.07000000029802322
68,114,0.1477999985218048
69,114,0.18930000066757202
70,114,0.2849999964237213
71,114,0.2809999883174896
72,114,0.3109999895095825
73,114,0.3330000042915344
74,114,0.32600000500679016
75,114,0.33500000834465027
76,114,0.3240000009536743
77,114,0.12610000371932983
78,114,0.15800000727176666
79,114,0.1826999932527542
80,114,0.11479999870061874
81,114,0.13259999454021454
82,114,0.09080000221729279
83,114,0.10000000149011612
84,114,0.05979999899864197
85,114,0.07959999889135361
86,114,0.09870000183582306
87,114,0.049300000071525574
88,114,0.04340000078082085
89,114,0.06350000202655792
90,114,0.054099999368190765
91,114,0.07460000365972519
92,114,0.033399999141693115
93,114,0.0348999984562397
94,114,0.04129999876022339
95,114,0.03959999978542328
96,114,0.057500001043081284
97,114,0.03779999911785126
98,114,0.06599999964237213
99,114,0.0746999979019165
100,114,0.13289999961853027
1,115,0.049400001764297485
2,115,0.07400000095367432
3,115,0.05950000137090683
4,115,0.07919999957084656
5,115,0.03959999978542328
6,115,0.051500000059604645
7,115,0.03550000116229057
8,115,0.035599999129772186
9,115,0.031199999153614044
10,115,0.023800000548362732
11,115,0.04690000042319298
12,115,0.03629999980330467
13,115,0.033399999141693115
14,115,0.041600000113248825
15,115,0.04989999905228615
16,115,0.05689999833703041
17,115,0.050200000405311584
18,115,0.07890000194311142
19,115,0.03929999843239784
20,115,0.026000000536441803
21,115,0.04699999839067459
22,115,0.07500000298023224
23,115,0.05530000105500221
24,115,0.023800000548362732
25,115,0.02850000001490116
26,115,0.04430000111460686
27,115,0.055799998342990875
28,115,0.04919999837875366
29,115,0.04320000112056732
30,115,0.058800000697374344
31,115,0.05000000074505806
32,115,0.04910000041127205
33,115,0.03519999980926514
34,115,0.062199998646974564
35,115,0.07429999858140945
36,115,0.08479999750852585
37,115,0.07450000196695328
38,115,0.06880000233650208
39,115,0.049300000071525574
40,115,0.07249999791383743
41,115,0.0966000035405159
42,115,0.10849999636411667
43,115,0.05979999899864197
44,115,0.06129999831318855
45,115,0.18719999492168427
46,115,0.2939999997615814
47,115,0.2939999997615814
48,115,0.30799999833106995
49,115,0.296999990940094
50,115,0.28999999165534973
51,115,0.29899999499320984
52,115,0.29600000381469727
53,115,0.28999999165534973
54,115,0.021800000220537186
55,115,0.01759999990463257
56,115,0.025299999862909317
57,115,0.04500000178813934
58,115,0.032099999487400055
59,115,0.03060000017285347
60,115,0.037700001150369644
61,115,0.061400000005960464
62,115,0.07580000162124634
63,115,0.07159999758005142
64,115,0.06769999861717224
65,115,0.05260000005364418
66,115,0.06270000338554382
67,115,0.061400000005960464
68,115,0.12389999628067017
69,115,0.1665000021457672
70,115,0.29100000858306885
71,115,0.2800000011920929
72,115,0.29899999499320984
73,115,0.3140000104904175
74,115,0.328000009059906
75,115,0.32899999618530273
76,115,0.0908999964594841
77,115,0.20419999957084656
78,115,0.11129999905824661
79,115,0.09749999642372131
80,115,0.08609999716281891
81,115,0.0738999992609024
82,115,0.1054999977350235
83,115,0.06780000030994415
84,115,0.0658000037074089
85,115,0.06859999895095825
86,115,0.060100000351667404
87,115,0.04500000178813934
88,115,0.07000000029802322
89,115,0.11010000109672546
90,115,0.07429999858140945
91,115,0.06300000101327896
92,115,0.04349999874830246
93,115,0.08919999748468399
94,115,0.08089999854564667
95,115,0.05570000037550926
96,115,0.04879999905824661
97,115,0.04830000177025795
98,115,0.04729999974370003
99,115,0.08479999750852585
100,115,0.09269999712705612
1,116,0.09570000320672989
2,116,0.06729999929666519
3,116,0.05310000106692314
4,116,0.05000000074505806
5,116,0.04320000112056732
6,116,0.0771000012755394
7,116,0.048500001430511475
8,116,0.05640000104904175
9,116,0.0754999965429306
10,116,0.03720000013709068
11,116,0.07000000029802322
12,116,0.0544000007212162
13,116,0.06599999964237213
14,116,0.07840000092983246
15,116,0.05829999968409538
16,116,0.039799999445676804
17,116,0.060100000351667404
18,116,0.06620000302791595
19,116,0.057500001043081284
20,116,0.04749999940395355
21,116,0.05139999836683273
22,116,0.06129999831318855
23,116,0.045099999755620956
24,116,0.04800000041723251
25,116,0.024700000882148743
26,116,0.039400000125169754
27,116,0.04899999871850014
28,116,0.04439999908208847
29,116,0.05909999832510948
30,116,0.07020000368356705
31,116,0.07000000029802322
32,116,0.05640000104904175
33,116,0.03970000147819519
34,116,0.05350000038743019
35,116,0.0820000022649765
36,116,0.09200000017881393
37,116,0.09120000153779984
38,116,0.09080000221729279
39,116,0.06340000033378601
40,116,0.10339999943971634
41,116,0.07029999792575836
42,116,0.10170000046491623
43,116,0.049400001764297485
44,116,0.058800000697374344
45,116,0.1565999984741211
46,116,0.2980000078678131
47,116,0.2809999883174896
48,116,0.2980000078678131
49,116,0.29499998688697815
50,116,0.28600001335144043
51,116,0.30000001192092896
52,116,0.2980000078678131
53,116,0.11249999701976776
54,116,0.03629999980330467
55,116,0.02459999918937683
56,116,0.028699999675154686
57,116,0.0340999998152256
58,116,0.03840000182390213
59,116,0.027400000020861626
60,116,0.06400000303983688
61,116,0.043800000101327896
62,116,0.0658000037074089
63,116,0.06909999996423721
64,116,0.07000000029802322
65,116,0.046300001442432404
66,116,0.07100000232458115
67,116,0.08550000190734863
68,116,0.15119999647140503
69,116,0.3089999854564667
70,116,0.296999990940094
71,116,0.29100000858306885
72,116,0.29600000381469727
73,116,0.3059999942779541
74,116,0.33500000834465027
75,116,0.3449999988079071
76,116,0.1565999984741211
77,116,0.17239999771118164
78,116,0.15360000729560852
79,116,0.12849999964237213
80,116,0.15379999577999115
81,116,0.07900000363588333
82,116,0.09369999915361404
83,116,0.04699999839067459
84,116,0.05180000141263008
85,116,0.04780000075697899
86,116,0.04749999940395355
87,116,0.04919999837875366
88,116,0.07150000333786011
89,116,0.09070000052452087
90,116,0.05530000105500221
91,116,0.06019999831914902
92,116,0.0706000030040741
93,116,0.055799998342990875
94,116,0.06949999928474426
95,116,0.06780000030994415
96,116,0.03440000116825104
97,116,0.05139999836683273
98,116,0.0877000018954277
99,116,0.10740000009536743
100,116,0.09799999743700027
1,117,0.10249999910593033
2,117,0.08089999854564667
3,117,0.05770000070333481
4,117,0.06120000034570694
5,117,0.07440000027418137
6,117,0.11829999834299088
7,117,0.08760000020265579
8,117,0.09000000357627869
9,117,0.10119999945163727
10,117,0.08259999752044678
11,117,0.08429999649524689
12,117,0.06790000200271606
13,117,0.08470000326633453
14,117,0.13740000128746033
15,117,0.11949999630451202
16,117,0.08649999648332596
17,117,0.05490000173449516
18,117,0.07450000196695328
19,117,0.10209999978542328
20,117,0.0658000037074089
21,117,0.10000000149011612
22,117,0.05999999865889549
23,117,0.06889999657869339
24,117,0.042100001126527786
25,117,0.03999999910593033
26,117,0.02879999950528145
27,117,0.051600001752376556
28,117,0.06430000066757202
29,117,0.06639999896287918
30,117,0.11020000278949738
31,117,0.07810000330209732
32,117,0.05620000138878822
33,117,0.05869999900460243
34,117,0.08380000293254852
35,117,0.08139999955892563
36,117,0.06289999932050705
37,117,0.093299999833107
38,117,0.07079999893903732
39,117,0.10329999774694443
40,117,0.07689999788999557
41,117,0.1120000034570694
42,117,0.10790000110864639
43,117,0.04699999839067459
44,117,0.052299998700618744
45,117,0.16920000314712524
46,117,0.30709999799728394
47,117,0.3019999861717224
48,117,0.296999990940094
49,117,0.3100000023841858
50,117,0.3050000071525574
51,117,0.29100000858306885
52,117,0.1647000014781952
53,117,0.022299999371170998
54,117,0.03999999910593033
55,117,0.051600001752376556
56,117,0.05820000171661377
57,117,0.05849999934434891
58,117,0.08560000360012054
59,117,0.04769999906420708
60,117,0.05590000003576279
61,117,0.06620000302791595
62,117,0.09929999709129333
63,117,0.0681999996304512
64,117,0.060499999672174454
65,117,0.12200000137090683
66,117,0.0729999989271164
67,117,0.09510000050067902
68,117,0.2939999997615814
69,117,0.2980000078678131
70,117,0.2800000011920929
71,117,0.2800000011920929
72,117,0.29499998688697815
73,117,0.31700000166893005
74,117,0.3411000072956085
75,117,0.328000009059906
76,117,0.16779999434947968
77,117,0.12389999628067017
78,117,0.1454000025987625
79,117,0.11819999665021896
80,117,0.1656000018119812
81,117,0.09279999881982803
82,117,0.06939999759197235
83,117,0.06260000169277191
84,117,0.03150000050663948
85,117,0.032099999487400055
86,117,0.03669999912381172
87,117,0.035999998450279236
88,117,0.05050000175833702
89,117,0.10459999740123749
90,117,0.06599999964237213
91,117,0.06989999860525131
92,117,0.07590000331401825
93,117,0.10019999742507935
94,117,0.05570000037550926
95,117,0.07590000331401825
96,117,0.041600000113248825
97,117,0.053300000727176666
98,117,0.06689999997615814
99,117,0.08259999752044678
100,117,0.07959999889135361
1,118,0.05000000074505806
2,118,0.0966000035405159
3,118,0.06629999727010727
4,118,0.09839999675750732
5,118,0.09610000252723694
6,118,0.09570000320672989
7,118,0.08009999990463257
8,118,0.07500000298023224
9,118,0.12120000272989273
10,118,0.12430000305175781
11,118,0.11169999837875366
12,118,0.0771000012755394
13,118,0.06880000233650208
14,118,0.10840000212192535
15,118,0.09939999878406525
16,118,0.06210000067949295
17,118,0.04170000180602074
18,118,0.07020000368356705
19,118,0.1356000006198883
20,118,0.07720000296831131
21,118,0.10559999942779541
22,118,0.06289999932050705
23,118,0.06729999929666519
24,118,0.0763000026345253
25,118,0.0502999983727932
26,118,0.06849999725818634
27,118,0.05979999899864197
28,118,0.08259999752044678
29,118,0.09009999781847
30,118,0.08590000122785568
31,118,0.08049999922513962
32,118,0.05480000004172325
33,118,0.07180000096559525
34,118,0.11159999668598175
35,118,0.09030000120401382
36,118,0.11209999769926071
37,118,0.0754999965429306
38,118,0.11649999767541885
39,118,0.06129999831318855
40,118,0.0575999990105629
41,118,0.10450000315904617
42,118,0.07660000026226044
43,118,0.06939999759197235
44,118,0.13680000603199005
45,118,0.30000001192092896
46,118,0.30000001192092896
47,118,0.3050000071525574
48,118,0.30300000309944153
49,118,0.3140000104904175
50,118,0.3089999854564667
51,118,0.28200000524520874
52,118,0.17100000381469727
53,118,0.023000000044703484
54,118,0.0430000014603138
55,118,0.03750000149011612
56,118,0.03830000013113022
57,118,0.07000000029802322
58,118,0.0551999993622303
59,118,0.09390000253915787
60,118,0.07509999722242355
61,118,0.05420000106096268
62,118,0.06599999964237213
63,118,0.03849999979138374
64,118,0.04129999876022339
65,118,0.06809999793767929
66,118,0.07739999890327454
67,118,0.05090000107884407
68,118,0.3100000023841858
69,118,0.30300000309944153
70,118,0.2879999876022339
71,118,0.29100000858306885
72,118,0.3070000112056732
73,118,0.33799999952316284
74,118,0.3240000009536743
75,118,0.16110000014305115
76,118,0.17020000517368317
77,118,0.1543000042438507
78,118,0.12720000743865967
79,118,0.10339999943971634
80,118,0.12039999663829803
81,118,0.13500000536441803
82,118,0.08699999749660492
83,118,0.056299999356269836
84,118,0.04039999842643738
85,118,0.03370000049471855
86,118,0.025599999353289604
87,118,0.04600000008940697
88,118,0.05299999937415123
89,118,0.0949999988079071
90,118,0.059300001710653305
91,118,0.08429999649524689
92,118,0.08309999853372574
93,118,0.1031000018119812
94,118,0.06459999829530716
95,118,0.08150000125169754
96,118,0.06199999898672104
97,118,0.06120000034570694
98,118,0.06790000200271606
99,118,0.07670000195503235
100,118,0.0737999975681305
1,119,0.07029999792575836
2,119,0.08209999650716782
3,119,0.05169999971985817
4,119,0.05979999899864197
5,119,0.10289999842643738
6,119,0.08649999648332596
7,119,0.10980000346899033
8,119,0.10040000081062317
9,119,0.12430000305175781
10,119,0.16599999368190765
11,119,0.1225999966263771
12,119,0.11129999905824661
13,119,0.09780000150203705
14,119,0.06759999692440033
15,119,0.035999998450279236
16,119,0.04399999976158142
17,119,0.0697999969124794
18,119,0.05310000106692314
19,119,0.09009999781847
20,119,0.07259999960660934
21,119,0.08219999819993973
22,119,0.07360000163316727
23,119,0.06909999996423721
24,119,0.0851999968290329
25,119,0.04349999874830246
26,119,0.0406000018119812
27,119,0.0575999990105629
28,119,0.054999999701976776
29,119,0.05920000001788139
30,119,0.08919999748468399
31,119,0.12319999933242798
32,119,0.10189999639987946
33,119,0.06989999860525131
34,119,0.10660000145435333
35,119,0.07819999754428864
36,119,0.07590000331401825
37,119,0.09179999679327011
38,119,0.1137000024318695
39,119,0.061900001019239426
40,119,0.09449999779462814
41,119,0.10180000215768814
42,119,0.07840000092983246
43,119,0.12240000069141388
44,119,0.29600000381469727
45,119,0.3010999858379364
46,119,0.3059999942779541
47,119,0.296999990940094
48,119,0.30300000309944153
49,119,0.3100000023841858
50,119,0.3050000071525574
51,119,0.28999999165534973
52,119,0.16290000081062317
53,119,0.029400000348687172
54,119,0.024700000882148743
55,119,0.02969999983906746
56,119,0.05169999971985817
57,119,0.03970000147819519
58,119,0.04039999842643738
59,119,0.04280000180006027
60,119,0.05429999902844429
61,119,0.03420000150799751
62,119,0.09260000288486481
63,119,0.04910000041127205
64,119,0.0421999990940094
65,119,0.07050000131130219
66,119,0.04859999939799309
67,119,0.07649999856948853
68,119,0.296999990940094
69,119,0.3156999945640564
70,119,0.2939999997615814
71,119,0.31200000643730164
72,119,0.3019999861717224
73,119,0.3160000145435333
74,119,0.31700000166893005
75,119,0.18629999458789825
76,119,0.11819999665021896
77,119,0.13740000128746033
78,119,0.11320000141859055
79,119,0.0722000002861023
80,119,0.06030000001192093
81,119,0.10000000149011612
82,119,0.08259999752044678
83,119,0.07410000264644623
84,119,0.049800001084804535
85,119,0.03579999879002571
86,119,0.06700000166893005
87,119,0.035599999129772186
88,119,0.041099999099969864
89,119,0.061500001698732376
90,119,0.0697999969124794
91,119,0.07289999723434448
92,119,0.05719999969005585
93,119,0.06069999933242798
94,119,0.07209999859333038
95,119,0.07259999960660934
96,119,0.03020000085234642
97,119,0.048900000751018524
98,119,0.06689999997615814
99,119,0.06199999898672104
100,119,0.06880000233650208
1,120,0.06710000336170197
2,120,0.05559999868273735
3,120,0.048900000751018524
4,120,0.07150000333786011
5,120,0.10530000180006027
6,120,0.11710000038146973
7,120,0.13019999861717224
8,120,0.11680000275373459
9,120,0.1340000033378601
10,120,0.13109999895095825
11,120,0.0868000015616417
12,120,0.08959999680519104
13,120,0.062300000339746475
14,120,0.05090000107884407
15,120,0.03999999910593033
16,120,0.04100000113248825
17,120,0.04690000042319298
18,120,0.07050000131130219
19,120,0.0908999964594841
20,120,0.09130000323057175
21,120,0.1371999979019165
22,120,0.07890000194311142
23,120,0.08560000360012054
24,120,0.08990000188350677
25,120,0.04670000076293945
26,120,0.0723000019788742
27,120,0.07989999651908875
28,120,0.04859999939799309
29,120,0.0632999986410141
30,120,0.05420000106096268
31,120,0.04639999940991402
32,120,0.10140000283718109
33,120,0.07320000231266022
34,120,0.10869999974966049
35,120,0.08799999952316284
36,120,0.10570000112056732
37,120,0.09880000352859497
38,120,0.1071000024676323
39,120,0.08259999752044678
40,120,0.07729999721050262
41,120,0.09070000052452087
42,120,0.08699999749660492
43,120,0.11249999701976776
44,120,0.29899999499320984
45,120,0.2994999885559082
46,120,0.3140000104904175
47,120,0.29899999499320984
48,120,0.3070000112056732
49,120,0.3019999861717224
50,120,0.3019999861717224
51,120,0.1565999984741211
52,120,0.028699999675154686
53,120,0.031599998474121094
54,120,0.048500001430511475
55,120,0.038100000470876694
56,120,0.03819999843835831
57,120,0.05000000074505806
58,120,0.06560000032186508
59,120,0.08219999819993973
60,120,0.05389999970793724
61,120,0.05460000038146973
62,120,0.11599999666213989
63,120,0.04749999940395355
64,120,0.054099999368190765
65,120,0.04769999906420708
66,120,0.06520000100135803
67,120,0.2919999957084656
68,120,0.2840000092983246
69,120,0.2980000078678131
70,120,0.28999999165534973
71,120,0.29600000381469727
72,120,0.3059999942779541
73,120,0.32100000977516174
74,120,0.1826999932527542
75,120,0.10450000315904617
76,120,0.08340000361204147
77,120,0.06589999794960022
78,120,0.0989999994635582
79,120,0.06599999964237213
80,120,0.06199999898672104
81,120,0.05640000104904175
82,120,0.07440000027418137
83,120,0.04610000178217888
84,120,0.056699998676776886
85,120,0.04879999905824661
86,120,0.04729999974370003
87,120,0.042899999767541885
88,120,0.04800000041723251
89,120,0.05889999866485596
90,120,0.042899999767541885
91,120,0.06040000170469284
92,120,0.07000000029802322
93,120,0.09210000187158585
94,120,0.0771000012755394
95,120,0.06210000067949295
96,120,0.03869999945163727
97,120,0.041600000113248825
98,120,0.04230000078678131
99,120,0.062300000339746475
100,120,0.0430000014603138
1,121,0.0738999992609024
2,121,0.10159999877214432
3,121,0.12690000236034393
4,121,0.07649999856948853
5,121,0.07880000025033951
6,121,0.12020000070333481
7,121,0.10639999806880951
8,121,0.14319999516010284
9,121,0.13860000669956207
10,121,0.10000000149011612
11,121,0.12430000305175781
12,121,0.08619999885559082
13,121,0.07020000368356705
14,121,0.08240000158548355
15,121,0.06539999693632126
16,121,0.0625
17,121,0.036400001496076584
18,121,0.04490000009536743
19,121,0.06419999897480011
20,121,0.06629999727010727
21,121,0.07900000363588333
22,121,0.09849999845027924
23,121,0.06949999928474426
24,121,0.0625
25,121,0.04839999973773956
26,121,0.06669999659061432
27,121,0.05820000171661377
28,121,0.061900001019239426
29,121,0.05550000071525574
30,121,0.050700001418590546
31,121,0.039400000125169754
32,121,0.08649999648332596
33,121,0.0812000036239624
34,121,0.1136000007390976
35,121,0.06669999659061432
36,121,0.093299999833107
37,121,0.08349999785423279
38,121,0.05909999832510948
39,121,0.04960000142455101
40,121,0.0544000007212162
41,121,0.057500001043081284
42,121,0.057500001043081284
43,121,0.133200004696846
44,121,0.30300000309944153
45,121,0.30000001192092896
46,121,0.30300000309944153
47,121,0.30000001192092896
48,121,0.3070000112056732
49,121,0.30559998750686646
50,121,0.11069999635219574
51,121,0.03999999910593033
52,121,0.0414000004529953
53,121,0.02459999918937683
54,121,0.0357000008225441
55,121,0.03550000116229057
56,121,0.042399998754262924
57,121,0.06440000236034393
58,121,0.07599999755620956
59,121,0.0786999985575676
60,121,0.08420000225305557
61,121,0.08869999647140503
62,121,0.07020000368356705
63,121,0.0575999990105629
64,121,0.04560000076889992
65,121,0.057999998331069946
66,121,0.03869999945163727
67,121,0.2939999997615814
68,121,0.30300000309944153
69,121,0.30000001192092896
70,121,0.29600000381469727
71,121,0.30300000309944153
72,121,0.3140000104904175
73,121,0.3230000138282776
74,121,0.3109999895095825
75,121,0.16110000014305115
76,121,0.05829999968409538
77,121,0.05400000140070915
78,121,0.09120000153779984
79,121,0.0722000002861023
80,121,0.05260000005364418
81,121,0.0754999965429306
82,121,0.10140000283718109
83,121,0.11810000240802765
84,121,0.07699999958276749
85,121,0.042500000447034836
86,121,0.04690000042319298
87,121,0.03709999844431877
88,121,0.041200000792741776
89,121,0.03880000114440918
90,121,0.04960000142455101
91,121,0.061000000685453415
92,121,0.05480000004172325
93,121,0.0877000018954277
94,121,0.08889999985694885
95,121,0.04769999906420708
96,121,0.06889999657869339
97,121,0.06840000301599503
98,121,0.05169999971985817
99,121,0.045499999076128006
100,121,0.04580000042915344
1,122,0.10700000077486038
2,122,0.11819999665021896
3,122,0.08709999918937683
4,122,0.06549999862909317
5,122,0.08399999886751175
6,122,0.10339999943971634
7,122,0.09070000052452087
8,122,0.1421000063419342
9,122,0.15189999341964722
10,122,0.1251000016927719
11,122,0.10819999873638153
12,122,0.11129999905824661
13,122,0.11879999935626984
14,122,0.11270000040531158
15,122,0.10350000113248825
16,122,0.06599999964237213
17,122,0.059700001031160355
18,122,0.052799999713897705
19,122,0.09790000319480896
20,122,0.10199999809265137
21,122,0.07490000128746033
22,122,0.08470000326633453
23,122,0.05590000003576279
24,122,0.06260000169277191
25,122,0.05689999833703041
26,122,0.037300001829862595
27,122,0.04529999941587448
28,122,0.06549999862909317
29,122,0.05909999832510948
30,122,0.05079999938607216
31,122,0.046799998730421066
32,122,0.041999999433755875
33,122,0.045499999076128006
34,122,0.06620000302791595
35,122,0.06129999831318855
36,122,0.10159999877214432
37,122,0.06859999895095825
38,122,0.07599999755620956
39,122,0.07440000027418137
40,122,0.06419999897480011
41,122,0.0689999982714653
42,122,0.09809999912977219
43,122,0.3140000104904175
44,122,0.3019999861717224
45,122,0.3089999854564667
46,122,0.3070000112056732
47,122,0.2980000078678131
48,122,0.3089999854564667
49,122,0.30799999833106995
50,122,0.3019999861717224
51,122,0.048900000751018524
52,122,0.041099999099969864
53,122,0.03840000182390213
54,122,0.031199999153614044
55,122,0.029899999499320984
56,122,0.030700000002980232
57,122,0.07840000092983246
58,122,0.0892999991774559
59,122,0.09520000219345093
60,122,0.06459999829530716
61,122,0.09650000184774399
62,122,0.07129999995231628
63,122,0.051100000739097595
64,122,0.06319999694824219
65,122,0.050999999046325684
66,122,0.08190000057220459
67,122,0.3019999861717224
68,122,0.29100000858306885
69,122,0.30300000309944153
70,122,0.30000001192092896
71,122,0.2980000078678131
72,122,0.30799999833106995
73,122,0.3190000057220459
74,122,0.10170000046491623
75,122,0.09610000252723694
76,122,0.13210000097751617
77,122,0.06069999933242798
78,122,0.15219999849796295
79,122,0.07620000094175339
80,122,0.0632999986410141
81,122,0.06239999830722809
82,122,0.09610000252723694
83,122,0.08070000261068344
84,122,0.11599999666213989
85,122,0.05660000070929527
86,122,0.03959999978542328
87,122,0.052799999713897705
88,122,0.061000000685453415
89,122,0.04500000178813934
90,122,0.02810000069439411
91,122,0.04019999876618385
92,122,0.06030000001192093
93,122,0.0771000012755394
94,122,0.052400000393390656
95,122,0.07370000332593918
96,122,0.08799999952316284
97,122,0.1257999986410141
98,122,0.08910000324249268
99,122,0.07729999721050262
100,122,0.07580000162124634
1,123,0.14659999310970306
2,123,0.10809999704360962
3,123,0.11060000211000443
4,123,0.0851999968290329
5,123,0.08100000023841858
6,123,0.09319999814033508
7,123,0.10899999737739563
8,123,0.10849999636411667
9,123,0.15800000727176666
10,123,0.12280000001192093
11,123,0.17080000042915344
12,123,0.14149999618530273
13,123,0.1340000033378601
14,123,0.17059999704360962
15,123,0.1670999974012375
16,123,0.08380000293254852
17,123,0.08309999853372574
18,123,0.11640000343322754
19,123,0.06620000302791595
20,123,0.06700000166893005
21,123,0.07699999958276749
22,123,0.08560000360012054
23,123,0.04320000112056732
24,123,0.04439999908208847
25,123,0.03689999878406525
26,123,0.021199999377131462
27,123,0.06440000236034393
28,123,0.04969999939203262
29,123,0.0406000018119812
30,123,0.0333000011742115
31,123,0.03819999843835831
32,123,0.061400000005960464
33,123,0.05869999900460243
34,123,0.08479999750852585
35,123,0.07360000163316727
36,123,0.07109999656677246
37,123,0.08179999887943268
38,123,0.1429000049829483
39,123,0.16009999811649323
40,123,0.08070000261068344
41,123,0.06560000032186508
42,123,0.3149999976158142
43,123,0.31299999356269836
44,123,0.3109999895095825
45,123,0.3140000104904175
46,123,0.29899999499320984
47,123,0.29600000381469727
48,123,0.3070000112056732
49,123,0.29899999499320984
50,123,0.08370000123977661
51,123,0.05779999867081642
52,123,0.03739999979734421
53,123,0.031099999323487282
54,123,0.0333000011742115
55,123,0.032999999821186066
56,123,0.0340999998152256
57,123,0.041099999099969864
58,123,0.07639999687671661
59,123,0.09640000015497208
60,123,0.0737999975681305
61,123,0.05889999866485596
62,123,0.06539999693632126
63,123,0.05000000074505806
64,123,0.05000000074505806
65,123,0.05000000074505806
66,123,0.29100000858306885
67,123,0.28700000047683716
68,123,0.28999999165534973
69,123,0.2800000011920929
70,123,0.2930000126361847
71,123,0.30799999833106995
72,123,0.3089999854564667
73,123,0.3262999951839447
74,123,0.3190000057220459
75,123,0.0843999981880188
76,123,0.05460000038146973
77,123,0.08030000329017639
78,123,0.06759999692440033
79,123,0.04149999842047691
80,123,0.042899999767541885
81,123,0.03889999911189079
82,123,0.07360000163316727
83,123,0.05829999968409538
84,123,0.07519999891519547
85,123,0.03840000182390213
86,123,0.05339999869465828
87,123,0.049400001764297485
88,123,0.05790000036358833
89,123,0.034699998795986176
90,123,0.038100000470876694
91,123,0.03999999910593033
92,123,0.06459999829530716
93,123,0.06710000336170197
94,123,0.050200000405311584
95,123,0.07540000230073929
96,123,0.07680000364780426
97,123,0.0778999999165535
98,123,0.0925000011920929
99,123,0.06939999759197235
100,123,0.0722000002861023
1,124,0.13809999823570251
2,124,0.11420000344514847
3,124,0.12240000069141388
4,124,0.08510000258684158
5,124,0.07419999688863754
6,124,0.08399999886751175
7,124,0.06920000165700912
8,124,0.1298999935388565
9,124,0.18129999935626984
10,124,0.15479999780654907
11,124,0.1459999978542328
12,124,0.1574999988079071
13,124,0.20419999957084656
14,124,0.19859999418258667
15,124,0.14640000462532043
16,124,0.11150000244379044
17,124,0.07800000160932541
18,124,0.10729999840259552
19,124,0.05869999900460243
20,124,0.09619999676942825
21,124,0.0771000012755394
22,124,0.08219999819993973
23,124,0.03750000149011612
24,124,0.03139999881386757
25,124,0.040300000458955765
26,124,0.049400001764297485
27,124,0.06509999930858612
28,124,0.05620000138878822
29,124,0.05350000038743019
30,124,0.05920000001788139
31,124,0.04600000008940697
32,124,0.045499999076128006
33,124,0.05979999899864197
34,124,0.03849999979138374
35,124,0.062199998646974564
36,124,0.10350000113248825
37,124,0.10260000079870224
38,124,0.14090000092983246
39,124,0.14489999413490295
40,124,0.08470000326633453
41,124,0.10530000180006027
42,124,0.32499998807907104
43,124,0.3240000009536743
44,124,0.31200000643730164
45,124,0.3160000145435333
46,124,0.3190000057220459
47,124,0.3050000071525574
48,124,0.3070000112056732
49,124,0.30000001192092896
50,124,0.07970000058412552
51,124,0.03680000081658363
52,124,0.03020000085234642
53,124,0.031599998474121094
54,124,0.03519999980926514
55,124,0.04320000112056732
56,124,0.04699999839067459
57,124,0.08320000022649765
58,124,0.09239999949932098
59,124,0.05860000103712082
60,124,0.08410000056028366
61,124,0.05959999933838844
62,124,0.05959999933838844
63,124,0.05959999933838844
64,124,0.05959999933838844
65,124,0.05959999933838844
66,124,0.14489999413490295
67,124,0.2750000059604645
68,124,0.28999999165534973
69,124,0.2800000011920929
70,124,0.2939999997615814
71,124,0.30399999022483826
72,124,0.3089999854564667
73,124,0.32899999618530273
74,124,0.16019999980926514
75,124,0.0722000002861023
76,124,0.07079999893903732
77,124,0.08349999785423279
78,124,0.08309999853372574
79,124,0.03720000013709068
80,124,0.033399999141693115
81,124,0.038100000470876694
82,124,0.0551999993622303
83,124,0.04699999839067459
84,124,0.05779999867081642
85,124,0.06669999659061432
86,124,0.06629999727010727
87,124,0.09070000052452087
88,124,0.043800000101327896
89,124,0.05009999871253967
90,124,0.03420000150799751
91,124,0.040300000458955765
92,124,0.05909999832510948
93,124,0.05920000001788139
94,124,0.08579999953508377
95,124,0.08969999849796295
96,124,0.07000000029802322
97,124,0.08550000190734863
98,124,0.0722000002861023
99,124,0.060499999672174454
100,124,0.08219999819993973
1,125,0.13050000369548798
2,125,0.11129999905824661
3,125,0.09390000253915787
4,125,0.09380000084638596
5,125,0.08540000021457672
6,125,0.1031000018119812
7,125,0.07769999653100967
8,125,0.12330000102519989
9,125,0.13259999454021454
10,125,0.1031000018119812
11,125,0.12710000574588776
12,125,0.15489999949932098
13,125,0.13860000669956207
14,125,0.12839999794960022
15,125,0.12729999423027039
16,125,0.08190000057220459
17,125,0.0357000008225441
18,125,0.0608999989926815
19,125,0.0658000037074089
20,125,0.09440000355243683
21,125,0.08169999718666077
22,125,0.07280000299215317
23,125,0.05849999934434891
24,125,0.0877000018954277
25,125,0.06159999966621399
26,125,0.04569999873638153
27,125,0.05530000105500221
28,125,0.04650000110268593
29,125,0.038100000470876694
30,125,0.04899999871850014
31,125,0.043800000101327896
32,125,0.024700000882148743
33,125,0.03579999879002571
34,125,0.02889999933540821
35,125,0.0414000004529953
36,125,0.05950000137090683
37,125,0.10999999940395355
38,125,0.12630000710487366
39,125,0.16349999606609344
40,125,0.1462000012397766
41,125,0.31700000166893005
42,125,0.3140000104904175
43,125,0.3059999942779541
44,125,0.3190000057220459
45,125,0.328000009059906
46,125,0.3199999928474426
47,125,0.3019999861717224
48,125,0.30799999833106995
49,125,0.11159999668598175
50,125,0.04349999874830246
51,125,0.03290000185370445
52,125,0.03359999880194664
53,125,0.04699999839067459
54,125,0.02710000053048134
55,125,0.04500000178813934
56,125,0.04010000079870224
57,125,0.03220000118017197
58,125,0.031599998474121094
59,125,0.036400001496076584
60,125,0.057500001043081284
61,125,0.057500001043081284
62,125,0.057500001043081284
63,125,0.057500001043081284
64,125,0.057500001043081284
65,125,0.057500001043081284
66,125,0.057500001043081284
67,125,0.2709999978542328
68,125,0.29100000858306885
69,125,0.28700000047683716
70,125,0.2930000126361847
71,125,0.3050000071525574
72,125,0.3140000104904175
73,125,0.33399999141693115
74,125,0.32199999690055847
75,125,0.13539999723434448
76,125,0.11010000109672546
77,125,0.11550000309944153
78,125,0.07289999723434448
79,125,0.043299999088048935
80,125,0.0333000011742115
81,125,0.04859999939799309
82,125,0.07760000228881836
83,125,0.055399999022483826
84,125,0.0544000007212162
85,125,0.06080000102519989
86,125,0.09309999644756317
87,125,0.06780000030994415
88,125,0.041200000792741776
89,125,0.050700001418590546
90,125,0.0478999987244606
91,125,0.0502999983727932
92,125,0.07500000298023224
93,125,0.05139999836683273
94,125,0.06560000032186508
95,125,0.06729999929666519
96,125,0.08470000326633453
97,125,0.07810000330209732
98,125,0.1316000074148178
99,125,0.1800999939441681
100,125,0.08309999853372574
1,126,0.09719999879598618
2,126,0.11259999871253967
3,126,0.10830000042915344
4,126,0.18449999392032623
5,126,0.15729999542236328
6,126,0.13019999861717224
7,126,0.11800000071525574
8,126,0.09600000083446503
9,126,0.10750000178813934
10,126,0.08590000122785568
11,126,0.07370000332593918
12,126,0.17020000517368317
13,126,0.10949999839067459
14,126,0.10220000147819519
15,126,0.11789999902248383
16,126,0.07900000363588333
17,126,0.05389999970793724
18,126,0.06340000033378601
19,126,0.06599999964237213
20,126,0.052799999713897705
21,126,0.07850000262260437
22,126,0.10040000081062317
23,126,0.06610000133514404
24,126,0.0568000003695488
25,126,0.07989999651908875
26,126,0.0640999972820282
27,126,0.08969999849796295
28,126,0.0722000002861023
29,126,0.07989999651908875
30,126,0.04560000076889992
31,126,0.048900000751018524
32,126,0.04149999842047691
33,126,0.06800000369548798
34,126,0.04560000076889992
35,126,0.05249999836087227
36,126,0.05719999969005585
37,126,0.10639999806880951
38,126,0.1225999966263771
39,126,0.14329999685287476
40,126,0.19349999725818634
41,126,0.30399999022483826
42,126,0.31700000166893005
43,126,0.32499998807907104
44,126,0.32899999618530273
45,126,0.335999995470047
46,126,0.32499998807907104
47,126,0.3199999928474426
48,126,0.14219999313354492
49,126,0.06289999932050705
50,126,0.04820000007748604
51,126,0.048500001430511475
52,126,0.045099999755620956
53,126,0.03240000084042549
54,126,0.02280000038444996
55,126,0.053300000727176666
56,126,0.05550000071525574
57,126,0.0340999998152256
58,126,0.03519999980926514
59,126,0.03849999979138374
60,126,0.03849999979138374
61,126,0.03849999979138374
62,126,0.03849999979138374
63,126,0.03849999979138374
64,126,0.03849999979138374
65,126,0.03849999979138374
66,126,0.03849999979138374
67,126,0.29100000858306885
68,126,0.28999999165534973
69,126,0.2849999964237213
70,126,0.3009999990463257
71,126,0.3070000112056732
72,126,0.3230000138282776
73,126,0.3230000138282776
74,126,0.3287999927997589
75,126,0.0828000009059906
76,126,0.10989999771118164
77,126,0.16410000622272491
78,126,0.054099999368190765
79,126,0.043800000101327896
80,126,0.04179999977350235
81,126,0.06239999830722809
82,126,0.06889999657869339
83,126,0.0786999985575676
84,126,0.07819999754428864
85,126,0.06689999997615814
86,126,0.07999999821186066
87,126,0.0544000007212162
88,126,0.06419999897480011
89,126,0.054999999701976776
90,126,0.04619999974966049
91,126,0.062300000339746475
92,126,0.07989999651908875
93,126,0.09830000251531601
94,126,0.06909999996423721
95,126,0.07800000160932541
96,126,0.09380000084638596
97,126,0.08529999852180481
98,126,0.13019999861717224
99,126,0.1582999974489212
100,126,0.08630000054836273
1,127,0.08749999850988388
2,127,0.12319999933242798
3,127,0.09269999712705612
4,127,0.10999999940395355
5,127,0.12630000710487366
6,127,0.12210000306367874
7,127,0.07699999958276749
8,127,0.08789999783039093
9,127,0.08290000259876251
10,127,0.08529999852180481
11,127,0.09269999712705612
12,127,0.12729999423027039
13,127,0.14300000667572021
14,127,0.11159999668598175
15,127,0.09399999678134918
16,127,0.08839999884366989
17,127,0.07199999690055847
18,127,0.060600001364946365
19,127,0.07500000298023224
20,127,0.06239999830722809
21,127,0.08669999986886978
22,127,0.10580000281333923
23,127,0.07800000160932541
24,127,0.052299998700618744
25,127,0.07639999687671661
26,127,0.08349999785423279
27,127,0.08410000056028366
28,127,0.09210000187158585
29,127,0.06889999657869339
30,127,0.05559999868273735
31,127,0.0502999983727932
32,127,0.04179999977350235
33,127,0.04600000008940697
34,127,0.060100000351667404
35,127,0.093299999833107
36,127,0.09549999982118607
37,127,0.12600000202655792
38,127,0.09049999713897705
39,127,0.14110000431537628
40,127,0.3100000023841858
41,127,0.32100000977516174
42,127,0.32199999690055847
43,127,0.32499998807907104
44,127,0.328000009059906
45,127,0.328000009059906
46,127,0.3109999895095825
47,127,0.3109999895095825
48,127,0.3140000104904175
49,127,0.042100001126527786
50,127,0.057999998331069946
51,127,0.05380000174045563
52,127,0.05700000002980232
53,127,0.04399999976158142
54,127,0.04800000041723251
55,127,0.06679999828338623
56,127,0.07900000363588333
57,127,0.0414000004529953
58,127,0.043699998408555984
59,127,0.043699998408555984
60,127,0.043699998408555984
61,127,0.043699998408555984
62,127,0.043699998408555984
63,127,0.043699998408555984
64,127,0.043699998408555984
65,127,0.043699998408555984
66,127,0.043699998408555984
67,127,0.296999990940094
68,127,0.3019999861717224
69,127,0.29499998688697815
70,127,0.30000001192092896
71,127,0.3100000023841858
72,127,0.32100000977516174
73,127,0.32600000500679016
74,127,0.33739998936653137
75,127,0.3330000042915344
76,127,0.12690000236034393
77,127,0.16060000658035278
78,127,0.08209999650716782
79,127,0.03999999910593033
80,127,0.04619999974966049
81,127,0.05900000035762787
82,127,0.06379999965429306
83,127,0.0754999965429306
84,127,0.11240000277757645
85,127,0.09740000218153
86,127,0.07479999959468842
87,127,0.059300001710653305
88,127,0.04399999976158142
89,127,0.07729999721050262
90,127,0.0414000004529953
91,127,0.041099999099969864
92,127,0.06859999895095825
93,127,0.05959999933838844
94,127,0.11219999939203262
95,127,0.0754999965429306
96,127,0.08720000088214874
97,127,0.10670000314712524
98,127,0.12680000066757202
99,127,0.1251000016927719
100,127,0.11569999903440475
1,128,0.07400000095367432
2,128,0.05429999902844429
3,128,0.06260000169277191
4,128,0.10300000011920929
5,128,0.15129999816417694
6,128,0.08560000360012054
7,128,0.0608999989926815
8,128,0.05770000070333481
9,128,0.0835999995470047
10,128,0.093299999833107
11,128,0.10570000112056732
12,128,0.14790000021457672
13,128,0.13330000638961792
14,128,0.09939999878406525
15,128,0.0908999964594841
16,128,0.0997999981045723
17,128,0.08860000222921371
18,128,0.04780000075697899
19,128,0.047200001776218414
20,128,0.08089999854564667
21,128,0.058800000697374344
22,128,0.08089999854564667
23,128,0.06719999760389328
24,128,0.04490000009536743
25,128,0.05660000070929527
26,128,0.04650000110268593
27,128,0.06970000267028809
28,128,0.07649999856948853
29,128,0.051100000739097595
30,128,0.06560000032186508
31,128,0.03449999913573265
32,128,0.0406000018119812
33,128,0.03610000014305115
34,128,0.030799999833106995
35,128,0.04600000008940697
36,128,0.10249999910593033
37,128,0.08879999816417694
38,128,0.07190000265836716
39,128,0.09120000153779984
40,128,0.1151999980211258
41,128,0.3149999976158142
42,128,0.3140000104904175
43,128,0.33500000834465027
44,128,0.32499998807907104
45,128,0.3199999928474426
46,128,0.30799999833106995
47,128,0.30799999833106995
48,128,0.15119999647140503
49,128,0.033799998462200165
50,128,0.07419999688863754
51,128,0.04740000143647194
52,128,0.041600000113248825
53,128,0.0575999990105629
54,128,0.05559999868273735
55,128,0.06480000168085098
56,128,0.06379999965429306
57,128,0.052000001072883606
58,128,0.058400001376867294
59,128,0.05590000003576279
60,128,0.05590000003576279
61,128,0.05590000003576279
62,128,0.05590000003576279
63,128,0.05590000003576279
64,128,0.05590000003576279
65,128,0.05590000003576279
66,128,0.05590000003576279
67,128,0.30399999022483826
68,128,0.3100000023841858
69,128,0.3100000023841858
70,128,0.3100000023841858
71,128,0.3140000104904175
72,128,0.32899999618530273
73,128,0.32100000977516174
74,128,0.32199999690055847
75,128,0.329800009727478
76,128,0.3449999988079071
77,128,0.11599999666213989
78,128,0.09969999641180038
79,128,0.05590000003576279
80,128,0.0731000006198883
81,128,0.08229999989271164
82,128,0.05770000070333481
83,128,0.06790000200271606
84,128,0.07829999923706055
85,128,0.08739999681711197
86,128,0.04670000076293945
87,128,0.04390000179409981
88,128,0.06589999794960022
89,128,0.07959999889135361
90,128,0.05829999968409538
91,128,0.03779999911785126
92,128,0.03880000114440918
93,128,0.07349999994039536
94,128,0.13199999928474426
95,128,0.12210000306367874
96,128,0.15629999339580536
97,128,0.12380000203847885
98,128,0.11219999939203262
99,128,0.1193000003695488
100,128,0.12790000438690186
1,129,0.049800001084804535
2,129,0.05389999970793724
3,129,0.09109999984502792
4,129,0.11289999634027481
5,129,0.13379999995231628
6,129,0.07460000365972519
7,129,0.08169999718666077
8,129,0.06360000371932983
9,129,0.06589999794960022
10,129,0.07479999959468842
11,129,0.08129999786615372
12,129,0.07829999923706055
13,129,0.04800000041723251
14,129,0.050999999046325684
15,129,0.07410000264644623
16,129,0.07559999823570251
17,129,0.07079999893903732
18,129,0.04690000042319298
19,129,0.05820000171661377
20,129,0.06790000200271606
21,129,0.03660000115633011
22,129,0.04490000009536743
23,129,0.06889999657869339
24,129,0.05530000105500221
25,129,0.06549999862909317
26,129,0.05590000003576279
27,129,0.06360000371932983
28,129,0.04879999905824661
29,129,0.040300000458955765
30,129,0.038600001484155655
31,129,0.019700000062584877
32,129,0.03689999878406525
33,129,0.037700001150369644
34,129,0.03139999881386757
35,129,0.0697999969124794
36,129,0.11810000240802765
37,129,0.08919999748468399
38,129,0.05420000106096268
39,129,0.14219999313354492
40,129,0.3100000023841858
41,129,0.30799999833106995
42,129,0.3140000104904175
43,129,0.3431999981403351
44,129,0.32600000500679016
45,129,0.3149999976158142
46,129,0.29600000381469727
47,129,0.3109999895095825
48,129,0.09749999642372131
49,129,0.07400000095367432
50,129,0.04899999871850014
51,129,0.03830000013113022
52,129,0.04740000143647194
53,129,0.03959999978542328
54,129,0.050999999046325684
55,129,0.04259999841451645
56,129,0.07930000126361847
57,129,0.06080000102519989
58,129,0.07590000331401825
59,129,0.07590000331401825
60,129,0.07590000331401825
61,129,0.07590000331401825
62,129,0.07590000331401825
63,129,0.07590000331401825
64,129,0.07590000331401825
65,129,0.07590000331401825
66,129,0.07590000331401825
67,129,0.07590000331401825
68,129,0.30799999833106995
69,129,0.3089999854564667
70,129,0.3109999895095825
71,129,0.3174000084400177
72,129,0.3330000042915344
73,129,0.31700000166893005
74,129,0.33500000834465027
75,129,0.32499998807907104
76,129,0.3449999988079071
77,129,0.3109999895095825
78,129,0.12870000302791595
79,129,0.1071000024676323
80,129,0.04399999976158142
81,129,0.09430000185966492
82,129,0.08309999853372574
83,129,0.06549999862909317
84,129,0.059700001031160355
85,129,0.05779999867081642
86,129,0.06669999659061432
87,129,0.06030000001192093
88,129,0.10890000313520432
89,129,0.09220000356435776
90,129,0.06289999932050705
91,129,0.09309999644756317
92,129,0.09239999949932098
93,129,0.10670000314712524
94,129,0.09950000047683716
95,129,0.14820000529289246
96,129,0.1597999930381775
97,129,0.10119999945163727
98,129,0.07540000230073929
99,129,0.09189999848604202
100,129,0.09030000120401382
1,130,0.041600000113248825
2,130,0.050599999725818634
3,130,0.0843999981880188
4,130,0.12409999966621399
5,130,0.12430000305175781
6,130,0.11050000041723251
7,130,0.06849999725818634
8,130,0.09929999709129333
9,130,0.061900001019239426
10,130,0.12229999899864197
11,130,0.11840000003576279
12,130,0.06369999796152115
13,130,0.049300000071525574
14,130,0.04749999940395355
15,130,0.07660000026226044
16,130,0.08860000222921371
17,130,0.08619999885559082
18,130,0.07460000365972519
19,130,0.054499998688697815
20,130,0.039500001817941666
21,130,0.031599998474121094
22,130,0.04600000008940697
23,130,0.04879999905824661
24,130,0.049300000071525574
25,130,0.039000000804662704
26,130,0.09640000015497208
27,130,0.08420000225305557
28,130,0.04470000043511391
29,130,0.06700000166893005
30,130,0.05050000175833702
31,130,0.05779999867081642
32,130,0.04780000075697899
33,130,0.03999999910593033
34,130,0.03530000150203705
35,130,0.10419999808073044
36,130,0.08990000188350677
37,130,0.0786999985575676
38,130,0.062300000339746475
39,130,0.15680000185966492
40,130,0.3160000145435333
41,130,0.29600000381469727
42,130,0.30399999022483826
43,130,0.32600000500679016
44,130,0.34060001373291016
45,130,0.3240000009536743
46,130,0.30300000309944153
47,130,0.16200000047683716
48,130,0.06769999861717224
49,130,0.06449999660253525
50,130,0.041600000113248825
51,130,0.029400000348687172
52,130,0.038600001484155655
53,130,0.03720000013709068
54,130,0.04270000010728836
55,130,0.065700002014637
56,130,0.09529999643564224
57,130,0.07259999960660934
58,130,0.08100000023841858
59,130,0.08460000157356262
60,130,0.08460000157356262
61,130,0.08460000157356262
62,130,0.08460000157356262
63,130,0.08460000157356262
64,130,0.08460000157356262
65,130,0.08460000157356262
66,130,0.08460000157356262
67,130,0.08460000157356262
68,130,0.2980000078678131
69,130,0.29899999499320984
70,130,0.31299999356269836
71,130,0.32600000500679016
72,130,0.3240000009536743
73,130,0.3230000138282776
74,130,0.33399999141693115
75,130,0.335999995470047
76,130,0.335999995470047
77,130,0.3330000042915344
78,130,0.33469998836517334
79,130,0.3160000145435333
80,130,0.08780000358819962
81,130,0.125900000333786
82,130,0.040699999779462814
83,130,0.039400000125169754
84,130,0.04600000008940697
85,130,0.06199999898672104
86,130,0.07450000196695328
87,130,0.047600001096725464
88,130,0.06639999896287918
89,130,0.07580000162124634
90,130,0.08309999853372574
91,130,0.07729999721050262
92,130,0.07440000027418137
93,130,0.11479999870061874
94,130,0.15160000324249268
95,130,0.14380000531673431
96,130,0.13500000536441803
97,130,0.14820000529289246
98,130,0.11869999766349792
99,130,0.10819999873638153
100,130,0.07720000296831131
