X,Y,V
1,1,1.0
2,1,0.0
3,1,1.0
4,1,2.0
5,1,3.0
6,1,5.0
7,1,3.0
8,1,3.0
9,1,3.0
10,1,4.0
11,1,3.0
12,1,2.0
13,1,2.0
14,1,2.0
15,1,4.0
16,1,2.0
17,1,1.0
18,1,3.0
19,1,2.0
20,1,1.0
21,1,4.0
22,1,4.0
23,1,6.0
24,1,9.0
25,1,9.0
26,1,9.0
27,1,9.0
28,1,9.0
29,1,9.0
30,1,9.0
31,1,9.0
32,1,7.0
33,1,2.0
34,1,1.0
35,1,1.0
36,1,9.0
37,1,9.0
38,1,8.0
39,1,8.0
40,1,8.0
41,1,9.0
42,1,5.0
43,1,4.0
44,1,4.0
45,1,2.0
46,1,1.0
47,1,1.0
48,1,0.0
49,1,2.0
50,1,2.0
51,1,2.0
52,1,1.0
53,1,0.0
54,1,2.0
55,1,0.0
56,1,1.0
57,1,1.0
58,1,1.0
59,1,1.0
60,1,4.0
61,1,4.0
62,1,3.0
63,1,4.0
64,1,4.0
65,1,3.0
66,1,5.0
67,1,6.0
68,1,7.0
69,1,5.0
70,1,4.0
71,1,5.0
72,1,6.0
73,1,7.0
74,1,7.0
75,1,6.0
76,1,8.0
77,1,6.0
78,1,7.0
79,1,7.0
80,1,4.0
81,1,5.0
82,1,2.0
83,1,2.0
84,1,2.0
85,1,4.0
86,1,2.0
87,1,5.0
88,1,3.0
89,1,1.0
90,1,0.0
91,1,1.0
92,1,1.0
93,1,4.0
94,1,0.0
95,1,1.0
96,1,0.0
97,1,1.0
98,1,0.0
99,1,1.0
100,1,1.0
1,2,2.0
2,2,1.0
3,2,0.0
4,2,3.0
5,2,1.0
6,2,5.0
7,2,4.0
8,2,4.0
9,2,4.0
10,2,6.0
11,2,6.0
12,2,2.0
13,2,3.0
14,2,4.0
15,2,5.0
16,2,2.0
17,2,2.0
18,2,5.0
19,2,5.0
20,2,2.0
21,2,4.0
22,2,6.0
23,2,9.0
24,2,9.0
25,2,9.0
26,2,9.0
27,2,9.0
28,2,9.0
29,2,9.0
30,2,9.0
31,2,9.0
32,2,7.0
33,2,4.0
34,2,3.0
35,2,9.0
36,2,9.0
37,2,9.0
38,2,9.0
39,2,8.0
40,2,8.0
41,2,2.0
42,2,4.0
43,2,5.0
44,2,4.0
45,2,3.0
46,2,1.0
47,2,1.0
48,2,3.0
49,2,1.0
50,2,3.0
51,2,4.0
52,2,2.0
53,2,1.0
54,2,1.0
55,2,1.0
56,2,0.0
57,2,0.0
58,2,1.0
59,2,0.0
60,2,1.0
61,2,1.0
62,2,1.0
63,2,1.0
64,2,2.0
65,2,4.0
66,2,5.0
67,2,6.0
68,2,7.0
69,2,6.0
70,2,6.0
71,2,5.0
72,2,5.0
73,2,7.0
74,2,7.0
75,2,8.0
76,2,7.0
77,2,8.0
78,2,8.0
79,2,7.0
80,2,5.0
81,2,5.0
82,2,3.0
83,2,1.0
84,2,4.0
85,2,4.0
86,2,2.0
87,2,3.0
88,2,3.0
89,2,1.0
90,2,1.0
91,2,0.0
92,2,1.0
93,2,0.0
94,2,1.0
95,2,3.0
96,2,1.0
97,2,2.0
98,2,2.0
99,2,3.0
100,2,3.0
1,3,1.0
2,3,2.0
3,3,0.0
4,3,1.0
5,3,2.0
6,3,5.0
7,3,2.0
8,3,2.0
9,3,3.0
10,3,4.0
11,3,5.0
12,3,4.0
13,3,4.0
14,3,4.0
15,3,4.0
16,3,2.0
17,3,6.0
18,3,6.0
19,3,6.0
20,3,5.0
21,3,5.0
22,3,7.0
23,3,7.0
24,3,9.0
25,3,9.0
26,3,9.0
27,3,9.0
28,3,9.0
29,3,9.0
30,3,9.0
31,3,9.0
32,3,7.0
33,3,2.0
34,3,9.0
35,3,9.0
36,3,9.0
37,3,9.0
38,3,9.0
39,3,9.0
40,3,6.0
41,3,2.0
42,3,5.0
43,3,6.0
44,3,5.0
45,3,2.0
46,3,0.0
47,3,0.0
48,3,2.0
49,3,0.0
50,3,0.0
51,3,2.0
52,3,2.0
53,3,2.0
54,3,0.0
55,3,1.0
56,3,1.0
57,3,1.0
58,3,1.0
59,3,2.0
60,3,1.0
61,3,1.0
62,3,2.0
63,3,1.0
64,3,1.0
65,3,3.0
66,3,2.0
67,3,1.0
68,3,5.0
69,3,6.0
70,3,6.0
71,3,7.0
72,3,7.0
73,3,8.0
74,3,8.0
75,3,8.0
76,3,7.0
77,3,8.0
78,3,7.0
79,3,6.0
80,3,3.0
81,3,3.0
82,3,2.0
83,3,2.0
84,3,4.0
85,3,4.0
86,3,2.0
87,3,2.0
88,3,1.0
89,3,0.0
90,3,1.0
91,3,1.0
92,3,0.0
93,3,0.0
94,3,0.0
95,3,4.0
96,3,3.0
97,3,1.0
98,3,5.0
99,3,5.0
100,3,3.0
1,4,0.0
2,4,0.0
3,4,2.0
4,4,2.0
5,4,3.0
6,4,2.0
7,4,1.0
8,4,0.0
9,4,2.0
10,4,2.0
11,4,4.0
12,4,6.0
13,4,5.0
14,4,7.0
15,4,6.0
16,4,5.0
17,4,7.0
18,4,7.0
19,4,6.0
20,4,5.0
21,4,3.0
22,4,5.0
23,4,7.0
24,4,9.0
25,4,9.0
26,4,9.0
27,4,9.0
28,4,9.0
29,4,9.0
30,4,9.0
31,4,9.0
32,4,7.0
33,4,9.0
34,4,9.0
35,4,9.0
36,4,9.0
37,4,9.0
38,4,9.0
39,4,5.0
40,4,1.0
41,4,3.0
42,4,3.0
43,4,6.0
44,4,6.0
45,4,3.0
46,4,2.0
47,4,0.0
48,4,1.0
49,4,0.0
50,4,0.0
51,4,0.0
52,4,2.0
53,4,3.0
54,4,2.0
55,4,2.0
56,4,3.0
57,4,1.0
58,4,2.0
59,4,1.0
60,4,0.0
61,4,0.0
62,4,0.0
63,4,0.0
64,4,0.0
65,4,0.0
66,4,1.0
67,4,0.0
68,4,3.0
69,4,6.0
70,4,6.0
71,4,7.0
72,4,8.0
73,4,8.0
74,4,8.0
75,4,7.0
76,4,7.0
77,4,7.0
78,4,6.0
79,4,5.0
80,4,3.0
81,4,2.0
82,4,3.0
83,4,2.0
84,4,1.0
85,4,3.0
86,4,2.0
87,4,2.0
88,4,2.0
89,4,3.0
90,4,1.0
91,4,2.0
92,4,0.0
93,4,0.0
94,4,0.0
95,4,2.0
96,4,1.0
97,4,2.0
98,4,4.0
99,4,4.0
100,4,5.0
1,5,1.0
2,5,1.0
3,5,1.0
4,5,0.0
5,5,4.0
6,5,1.0
7,5,1.0
8,5,0.0
9,5,0.0
10,5,1.0
11,5,6.0
12,5,5.0
13,5,5.0
14,5,7.0
15,5,6.0
16,5,4.0
17,5,5.0
18,5,6.0
19,5,5.0
20,5,7.0
21,5,4.0
22,5,6.0
23,5,7.0
24,5,9.0
25,5,9.0
26,5,9.0
27,5,9.0
28,5,9.0
29,5,9.0
30,5,9.0
31,5,9.0
32,5,9.0
33,5,9.0
34,5,9.0
35,5,9.0
36,5,9.0
37,5,9.0
38,5,6.0
39,5,1.0
40,5,1.0
41,5,3.0
42,5,3.0
43,5,3.0
44,5,4.0
45,5,2.0
46,5,2.0
47,5,0.0
48,5,0.0
49,5,0.0
50,5,0.0
51,5,0.0
52,5,3.0
53,5,3.0
54,5,4.0
55,5,4.0
56,5,2.0
57,5,3.0
58,5,0.0
59,5,0.0
60,5,0.0
61,5,0.0
62,5,0.0
63,5,0.0
64,5,0.0
65,5,1.0
66,5,0.0
67,5,2.0
68,5,4.0
69,5,5.0
70,5,7.0
71,5,7.0
72,5,7.0
73,5,8.0
74,5,8.0
75,5,8.0
76,5,7.0
77,5,7.0
78,5,6.0
79,5,3.0
80,5,3.0
81,5,1.0
82,5,1.0
83,5,2.0
84,5,2.0
85,5,1.0
86,5,1.0
87,5,3.0
88,5,2.0
89,5,1.0
90,5,4.0
91,5,1.0
92,5,2.0
93,5,1.0
94,5,3.0
95,5,5.0
96,5,4.0
97,5,4.0
98,5,6.0
99,5,7.0
100,5,7.0
1,6,0.0
2,6,1.0
3,6,2.0
4,6,1.0
5,6,1.0
6,6,0.0
7,6,1.0
8,6,0.0
9,6,0.0
10,6,1.0
11,6,4.0
12,6,3.0
13,6,2.0
14,6,6.0
15,6,6.0
16,6,6.0
17,6,5.0
18,6,4.0
19,6,5.0
20,6,5.0
21,6,4.0
22,6,5.0
23,6,7.0
24,6,9.0
25,6,9.0
26,6,9.0
27,6,9.0
28,6,9.0
29,6,9.0
30,6,9.0
31,6,9.0
32,6,9.0
33,6,7.0
34,6,9.0
35,6,9.0
36,6,9.0
37,6,9.0
38,6,0.0
39,6,0.0
40,6,1.0
41,6,2.0
42,6,3.0
43,6,4.0
44,6,3.0
45,6,3.0
46,6,2.0
47,6,1.0
48,6,0.0
49,6,1.0
50,6,1.0
51,6,1.0
52,6,3.0
53,6,2.0
54,6,1.0
55,6,0.0
56,6,1.0
57,6,1.0
58,6,0.0
59,6,1.0
60,6,1.0
61,6,0.0
62,6,0.0
63,6,0.0
64,6,1.0
65,6,1.0
66,6,0.0
67,6,2.0
68,6,5.0
69,6,6.0
70,6,6.0
71,6,7.0
72,6,6.0
73,6,7.0
74,6,8.0
75,6,7.0
76,6,6.0
77,6,5.0
78,6,2.0
79,6,2.0
80,6,3.0
81,6,2.0
82,6,6.0
83,6,4.0
84,6,5.0
85,6,6.0
86,6,6.0
87,6,2.0
88,6,3.0
89,6,2.0
90,6,3.0
91,6,3.0
92,6,0.0
93,6,0.0
94,6,3.0
95,6,6.0
96,6,7.0
97,6,7.0
98,6,7.0
99,6,8.0
100,6,8.0
1,7,1.0
2,7,1.0
3,7,2.0
4,7,0.0
5,7,0.0
6,7,1.0
7,7,1.0
8,7,0.0
9,7,0.0
10,7,0.0
11,7,1.0
12,7,2.0
13,7,4.0
14,7,3.0
15,7,7.0
16,7,6.0
17,7,4.0
18,7,2.0
19,7,1.0
20,7,2.0
21,7,6.0
22,7,6.0
23,7,6.0
24,7,3.0
25,7,9.0
26,7,9.0
27,7,8.0
28,7,9.0
29,7,9.0
30,7,9.0
31,7,9.0
32,7,9.0
33,7,7.0
34,7,9.0
35,7,9.0
36,7,9.0
37,7,1.0
38,7,0.0
39,7,1.0
40,7,2.0
41,7,4.0
42,7,4.0
43,7,2.0
44,7,4.0
45,7,2.0
46,7,3.0
47,7,1.0
48,7,0.0
49,7,1.0
50,7,3.0
51,7,1.0
52,7,3.0
53,7,1.0
54,7,1.0
55,7,1.0
56,7,0.0
57,7,0.0
58,7,0.0
59,7,0.0
60,7,0.0
61,7,1.0
62,7,0.0
63,7,0.0
64,7,3.0
65,7,3.0
66,7,4.0
67,7,4.0
68,7,6.0
69,7,6.0
70,7,6.0
71,7,7.0
72,7,7.0
73,7,6.0
74,7,8.0
75,7,8.0
76,7,7.0
77,7,5.0
78,7,6.0
79,7,1.0
80,7,3.0
81,7,3.0
82,7,4.0
83,7,6.0
84,7,4.0
85,7,2.0
86,7,3.0
87,7,1.0
88,7,5.0
89,7,3.0
90,7,5.0
91,7,2.0
92,7,4.0
93,7,7.0
94,7,4.0
95,7,6.0
96,7,7.0
97,7,6.0
98,7,8.0
99,7,8.0
100,7,8.0
1,8,0.0
2,8,0.0
3,8,1.0
4,8,0.0
5,8,0.0
6,8,0.0
7,8,3.0
8,8,1.0
9,8,3.0
10,8,3.0
11,8,5.0
12,8,1.0
13,8,3.0
14,8,3.0
15,8,5.0
16,8,4.0
17,8,2.0
18,8,2.0
19,8,5.0
20,8,3.0
21,8,3.0
22,8,5.0
23,8,4.0
24,8,0.0
25,8,9.0
26,8,9.0
27,8,8.0
28,8,9.0
29,8,9.0
30,8,9.0
31,8,9.0
32,8,9.0
33,8,7.0
34,8,9.0
35,8,9.0
36,8,0.0
37,8,0.0
38,8,1.0
39,8,1.0
40,8,4.0
41,8,6.0
42,8,4.0
43,8,3.0
44,8,3.0
45,8,4.0
46,8,4.0
47,8,0.0
48,8,0.0
49,8,1.0
50,8,2.0
51,8,2.0
52,8,2.0
53,8,0.0
54,8,1.0
55,8,1.0
56,8,0.0
57,8,3.0
58,8,0.0
59,8,0.0
60,8,0.0
61,8,0.0
62,8,1.0
63,8,1.0
64,8,1.0
65,8,1.0
66,8,3.0
67,8,4.0
68,8,5.0
69,8,4.0
70,8,6.0
71,8,5.0
72,8,6.0
73,8,7.0
74,8,8.0
75,8,7.0
76,8,7.0
77,8,7.0
78,8,5.0
79,8,3.0
80,8,3.0
81,8,3.0
82,8,5.0
83,8,5.0
84,8,4.0
85,8,5.0
86,8,6.0
87,8,2.0
88,8,5.0
89,8,6.0
90,8,4.0
91,8,2.0
92,8,5.0
93,8,7.0
94,8,7.0
95,8,7.0
96,8,7.0
97,8,7.0
98,8,8.0
99,8,8.0
100,8,8.0
1,9,0.0
2,9,0.0
3,9,2.0
4,9,0.0
5,9,0.0
6,9,2.0
7,9,5.0
8,9,2.0
9,9,4.0
10,9,4.0
11,9,2.0
12,9,4.0
13,9,3.0
14,9,3.0
15,9,4.0
16,9,6.0
17,9,6.0
18,9,4.0
19,9,6.0
20,9,5.0
21,9,5.0
22,9,5.0
23,9,5.0
24,9,0.0
25,9,9.0
26,9,9.0
27,9,9.0
28,9,9.0
29,9,9.0
30,9,9.0
31,9,9.0
32,9,9.0
33,9,7.0
34,9,9.0
35,9,1.0
36,9,1.0
37,9,3.0
38,9,1.0
39,9,1.0
40,9,2.0
41,9,3.0
42,9,4.0
43,9,5.0
44,9,6.0
45,9,5.0
46,9,3.0
47,9,3.0
48,9,1.0
49,9,0.0
50,9,0.0
51,9,1.0
52,9,1.0
53,9,0.0
54,9,1.0
55,9,0.0
56,9,0.0
57,9,0.0
58,9,0.0
59,9,0.0
60,9,0.0
61,9,0.0
62,9,1.0
63,9,0.0
64,9,0.0
65,9,1.0
66,9,2.0
67,9,3.0
68,9,4.0
69,9,3.0
70,9,4.0
71,9,3.0
72,9,4.0
73,9,6.0
74,9,8.0
75,9,7.0
76,9,7.0
77,9,6.0
78,9,6.0
79,9,4.0
80,9,5.0
81,9,2.0
82,9,3.0
83,9,1.0
84,9,2.0
85,9,5.0
86,9,4.0
87,9,5.0
88,9,6.0
89,9,5.0
90,9,5.0
91,9,5.0
92,9,5.0
93,9,7.0
94,9,7.0
95,9,7.0
96,9,7.0
97,9,8.0
98,9,7.0
99,9,8.0
100,9,7.0
1,10,1.0
2,10,0.0
3,10,0.0
4,10,2.0
5,10,2.0
6,10,2.0
7,10,5.0
8,10,4.0
9,10,7.0
10,10,3.0
11,10,3.0
12,10,1.0
13,10,2.0
14,10,0.0
15,10,1.0
16,10,2.0
17,10,2.0
18,10,3.0
19,10,2.0
20,10,5.0
21,10,5.0
22,10,5.0
23,10,4.0
24,10,6.0
25,10,9.0
26,10,8.0
27,10,9.0
28,10,9.0
29,10,9.0
30,10,9.0
31,10,9.0
32,10,9.0
33,10,9.0
34,10,7.0
35,10,1.0
36,10,2.0
37,10,1.0
38,10,0.0
39,10,0.0
40,10,2.0
41,10,1.0
42,10,2.0
43,10,3.0
44,10,3.0
45,10,2.0
46,10,0.0
47,10,0.0
48,10,0.0
49,10,0.0
50,10,0.0
51,10,0.0
52,10,0.0
53,10,0.0
54,10,0.0
55,10,0.0
56,10,0.0
57,10,0.0
58,10,0.0
59,10,0.0
60,10,0.0
61,10,1.0
62,10,1.0
63,10,2.0
64,10,0.0
65,10,2.0
66,10,2.0
67,10,2.0
68,10,3.0
69,10,1.0
70,10,3.0
71,10,3.0
72,10,3.0
73,10,5.0
74,10,7.0
75,10,7.0
76,10,7.0
77,10,6.0
78,10,6.0
79,10,6.0
80,10,6.0
81,10,5.0
82,10,7.0
83,10,7.0
84,10,7.0
85,10,7.0
86,10,7.0
87,10,8.0
88,10,8.0
89,10,6.0
90,10,6.0
91,10,7.0
92,10,6.0
93,10,7.0
94,10,6.0
95,10,5.0
96,10,7.0
97,10,7.0
98,10,7.0
99,10,7.0
100,10,6.0
1,11,0.0
2,11,1.0
3,11,1.0
4,11,1.0
5,11,3.0
6,11,3.0
7,11,5.0
8,11,5.0
9,11,3.0
10,11,3.0
11,11,3.0
12,11,2.0
13,11,2.0
14,11,1.0
15,11,1.0
16,11,0.0
17,11,1.0
18,11,3.0
19,11,4.0
20,11,4.0
21,11,4.0
22,11,6.0
23,11,6.0
24,11,6.0
25,11,9.0
26,11,9.0
27,11,9.0
28,11,9.0
29,11,9.0
30,11,9.0
31,11,9.0
32,11,9.0
33,11,9.0
34,11,5.0
35,11,3.0
36,11,2.0
37,11,0.0
38,11,0.0
39,11,0.0
40,11,2.0
41,11,2.0
42,11,1.0
43,11,3.0
44,11,2.0
45,11,1.0
46,11,0.0
47,11,0.0
48,11,0.0
49,11,0.0
50,11,0.0
51,11,0.0
52,11,0.0
53,11,0.0
54,11,1.0
55,11,0.0
56,11,0.0
57,11,0.0
58,11,0.0
59,11,0.0
60,11,0.0
61,11,0.0
62,11,0.0
63,11,1.0
64,11,0.0
65,11,3.0
66,11,3.0
67,11,2.0
68,11,5.0
69,11,1.0
70,11,2.0
71,11,6.0
72,11,6.0
73,11,8.0
74,11,6.0
75,11,7.0
76,11,7.0
77,11,6.0
78,11,5.0
79,11,7.0
80,11,8.0
81,11,7.0
82,11,6.0
83,11,7.0
84,11,7.0
85,11,3.0
86,11,7.0
87,11,8.0
88,11,7.0
89,11,7.0
90,11,7.0
91,11,7.0
92,11,7.0
93,11,4.0
94,11,4.0
95,11,5.0
96,11,5.0
97,11,7.0
98,11,5.0
99,11,6.0
100,11,6.0
1,12,0.0
2,12,1.0
3,12,1.0
4,12,3.0
5,12,3.0
6,12,3.0
7,12,3.0
8,12,4.0
9,12,1.0
10,12,1.0
11,12,1.0
12,12,5.0
13,12,1.0
14,12,1.0
15,12,1.0
16,12,1.0
17,12,0.0
18,12,5.0
19,12,6.0
20,12,7.0
21,12,5.0
22,12,7.0
23,12,6.0
24,12,6.0
25,12,0.0
26,12,9.0
27,12,8.0
28,12,9.0
29,12,8.0
30,12,9.0
31,12,9.0
32,12,9.0
33,12,9.0
34,12,9.0
35,12,7.0
36,12,4.0
37,12,2.0
38,12,0.0
39,12,0.0
40,12,2.0
41,12,2.0
42,12,0.0
43,12,2.0
44,12,3.0
45,12,1.0
46,12,0.0
47,12,2.0
48,12,0.0
49,12,0.0
50,12,0.0
51,12,0.0
52,12,0.0
53,12,0.0
54,12,0.0
55,12,1.0
56,12,0.0
57,12,0.0
58,12,0.0
59,12,0.0
60,12,0.0
61,12,1.0
62,12,0.0
63,12,3.0
64,12,2.0
65,12,4.0
66,12,5.0
67,12,4.0
68,12,4.0
69,12,3.0
70,12,4.0
71,12,6.0
72,12,6.0
73,12,7.0
74,12,7.0
75,12,7.0
76,12,6.0
77,12,5.0
78,12,7.0
79,12,7.0
80,12,7.0
81,12,7.0
82,12,8.0
83,12,7.0
84,12,8.0
85,12,7.0
86,12,7.0
87,12,7.0
88,12,7.0
89,12,7.0
90,12,8.0
91,12,7.0
92,12,6.0
93,12,3.0
94,12,4.0
95,12,1.0
96,12,3.0
97,12,3.0
98,12,4.0
99,12,4.0
100,12,4.0
1,13,4.0
2,13,1.0
3,13,1.0
4,13,4.0
5,13,4.0
6,13,3.0
7,13,3.0
8,13,2.0
9,13,2.0
10,13,2.0
11,13,4.0
12,13,3.0
13,13,4.0
14,13,4.0
15,13,4.0
16,13,5.0
17,13,2.0
18,13,6.0
19,13,8.0
20,13,6.0
21,13,5.0
22,13,7.0
23,13,5.0
24,13,5.0
25,13,4.0
26,13,4.0
27,13,9.0
28,13,9.0
29,13,8.0
30,13,8.0
31,13,8.0
32,13,8.0
33,13,9.0
34,13,8.0
35,13,9.0
36,13,7.0
37,13,3.0
38,13,2.0
39,13,2.0
40,13,5.0
41,13,3.0
42,13,2.0
43,13,0.0
44,13,5.0
45,13,3.0
46,13,2.0
47,13,1.0
48,13,0.0
49,13,0.0
50,13,0.0
51,13,0.0
52,13,0.0
53,13,0.0
54,13,1.0
55,13,1.0
56,13,0.0
57,13,0.0
58,13,0.0
59,13,0.0
60,13,0.0
61,13,1.0
62,13,1.0
63,13,3.0
64,13,5.0
65,13,5.0
66,13,2.0
67,13,2.0
68,13,3.0
69,13,4.0
70,13,3.0
71,13,5.0
72,13,6.0
73,13,8.0
74,13,7.0
75,13,7.0
76,13,3.0
77,13,5.0
78,13,6.0
79,13,7.0
80,13,7.0
81,13,7.0
82,13,7.0
83,13,8.0
84,13,7.0
85,13,7.0
86,13,8.0
87,13,7.0
88,13,8.0
89,13,8.0
90,13,6.0
91,13,7.0
92,13,8.0
93,13,6.0
94,13,7.0
95,13,2.0
96,13,3.0
97,13,3.0
98,13,2.0
99,13,3.0
100,13,4.0
1,14,1.0
2,14,2.0
3,14,0.0
4,14,1.0
5,14,1.0
6,14,3.0
7,14,3.0
8,14,2.0
9,14,5.0
10,14,5.0
11,14,2.0
12,14,4.0
13,14,2.0
14,14,3.0
15,14,5.0
16,14,5.0
17,14,3.0
18,14,5.0
19,14,6.0
20,14,4.0
21,14,5.0
22,14,6.0
23,14,4.0
24,14,0.0
25,14,8.0
26,14,9.0
27,14,1.0
28,14,9.0
29,14,8.0
30,14,9.0
31,14,9.0
32,14,8.0
33,14,9.0
34,14,8.0
35,14,9.0
36,14,9.0
37,14,4.0
38,14,1.0
39,14,2.0
40,14,4.0
41,14,4.0
42,14,2.0
43,14,0.0
44,14,2.0
45,14,4.0
46,14,5.0
47,14,3.0
48,14,1.0
49,14,0.0
50,14,0.0
51,14,0.0
52,14,1.0
53,14,1.0
54,14,1.0
55,14,2.0
56,14,1.0
57,14,0.0
58,14,0.0
59,14,0.0
60,14,0.0
61,14,0.0
62,14,0.0
63,14,2.0
64,14,1.0
65,14,2.0
66,14,2.0
67,14,2.0
68,14,2.0
69,14,2.0
70,14,3.0
71,14,0.0
72,14,1.0
73,14,6.0
74,14,7.0
75,14,7.0
76,14,4.0
77,14,4.0
78,14,6.0
79,14,7.0
80,14,8.0
81,14,7.0
82,14,4.0
83,14,8.0
84,14,8.0
85,14,7.0
86,14,7.0
87,14,8.0
88,14,7.0
89,14,7.0
90,14,6.0
91,14,8.0
92,14,8.0
93,14,7.0
94,14,6.0
95,14,2.0
96,14,2.0
97,14,3.0
98,14,2.0
99,14,1.0
100,14,1.0
1,15,3.0
2,15,1.0
3,15,0.0
4,15,0.0
5,15,1.0
6,15,4.0
7,15,4.0
8,15,2.0
9,15,3.0
10,15,1.0
11,15,2.0
12,15,2.0
13,15,2.0
14,15,4.0
15,15,6.0
16,15,5.0
17,15,5.0
18,15,7.0
19,15,5.0
20,15,6.0
21,15,5.0
22,15,5.0
23,15,0.0
24,15,8.0
25,15,9.0
26,15,9.0
27,15,2.0
28,15,9.0
29,15,8.0
30,15,8.0
31,15,9.0
32,15,9.0
33,15,9.0
34,15,9.0
35,15,9.0
36,15,9.0
37,15,7.0
38,15,0.0
39,15,3.0
40,15,2.0
41,15,4.0
42,15,5.0
43,15,4.0
44,15,3.0
45,15,4.0
46,15,4.0
47,15,4.0
48,15,3.0
49,15,2.0
50,15,2.0
51,15,2.0
52,15,2.0
53,15,4.0
54,15,3.0
55,15,4.0
56,15,5.0
57,15,3.0
58,15,2.0
59,15,1.0
60,15,0.0
61,15,1.0
62,15,1.0
63,15,0.0
64,15,1.0
65,15,1.0
66,15,1.0
67,15,1.0
68,15,1.0
69,15,2.0
70,15,2.0
71,15,1.0
72,15,1.0
73,15,7.0
74,15,7.0
75,15,7.0
76,15,6.0
77,15,5.0
78,15,6.0
79,15,7.0
80,15,7.0
81,15,4.0
82,15,5.0
83,15,6.0
84,15,6.0
85,15,7.0
86,15,8.0
87,15,7.0
88,15,7.0
89,15,6.0
90,15,7.0
91,15,8.0
92,15,8.0
93,15,7.0
94,15,6.0
95,15,7.0
96,15,2.0
97,15,0.0
98,15,0.0
99,15,0.0
100,15,0.0
1,16,3.0
2,16,1.0
3,16,2.0
4,16,1.0
5,16,4.0
6,16,6.0
7,16,4.0
8,16,2.0
9,16,1.0
10,16,1.0
11,16,1.0
12,16,2.0
13,16,2.0
14,16,3.0
15,16,6.0
16,16,5.0
17,16,7.0
18,16,6.0
19,16,4.0
20,16,6.0
21,16,5.0
22,16,0.0
23,16,8.0
24,16,8.0
25,16,8.0
26,16,9.0
27,16,9.0
28,16,5.0
29,16,9.0
30,16,8.0
31,16,9.0
32,16,9.0
33,16,9.0
34,16,8.0
35,16,9.0
36,16,9.0
37,16,9.0
38,16,6.0
39,16,2.0
40,16,3.0
41,16,6.0
42,16,4.0
43,16,2.0
44,16,3.0
45,16,6.0
46,16,7.0
47,16,7.0
48,16,5.0
49,16,4.0
50,16,2.0
51,16,0.0
52,16,1.0
53,16,4.0
54,16,2.0
55,16,5.0
56,16,4.0
57,16,5.0
58,16,4.0
59,16,2.0
60,16,2.0
61,16,2.0
62,16,0.0
63,16,1.0
64,16,0.0
65,16,0.0
66,16,3.0
67,16,1.0
68,16,1.0
69,16,1.0
70,16,1.0
71,16,4.0
72,16,6.0
73,16,7.0
74,16,7.0
75,16,4.0
76,16,7.0
77,16,5.0
78,16,5.0
79,16,5.0
80,16,4.0
81,16,4.0
82,16,6.0
83,16,7.0
84,16,7.0
85,16,7.0
86,16,8.0
87,16,7.0
88,16,7.0
89,16,7.0
90,16,7.0
91,16,8.0
92,16,8.0
93,16,7.0
94,16,7.0
95,16,5.0
96,16,1.0
97,16,1.0
98,16,1.0
99,16,0.0
100,16,1.0
1,17,1.0
2,17,4.0
3,17,1.0
4,17,2.0
5,17,2.0
6,17,5.0
7,17,2.0
8,17,1.0
9,17,1.0
10,17,2.0
11,17,2.0
12,17,3.0
13,17,4.0
14,17,1.0
15,17,3.0
16,17,4.0
17,17,6.0
18,17,4.0
19,17,6.0
20,17,5.0
21,17,2.0
22,17,9.0
23,17,8.0
24,17,8.0
25,17,9.0
26,17,9.0
27,17,9.0
28,17,6.0
29,17,7.0
30,17,9.0
31,17,8.0
32,17,9.0
33,17,8.0
34,17,8.0
35,17,9.0
36,17,9.0
37,17,9.0
38,17,9.0
39,17,9.0
40,17,3.0
41,17,5.0
42,17,6.0
43,17,4.0
44,17,5.0
45,17,6.0
46,17,7.0
47,17,7.0
48,17,8.0
49,17,6.0
50,17,7.0
51,17,4.0
52,17,4.0
53,17,5.0
54,17,5.0
55,17,5.0
56,17,2.0
57,17,5.0
58,17,6.0
59,17,2.0
60,17,3.0
61,17,0.0
62,17,0.0
63,17,2.0
64,17,2.0
65,17,4.0
66,17,3.0
67,17,1.0
68,17,0.0
69,17,0.0
70,17,5.0
71,17,6.0
72,17,4.0
73,17,7.0
74,17,7.0
75,17,7.0
76,17,7.0
77,17,6.0
78,17,5.0
79,17,7.0
80,17,7.0
81,17,6.0
82,17,6.0
83,17,7.0
84,17,7.0
85,17,7.0
86,17,7.0
87,17,7.0
88,17,7.0
89,17,7.0
90,17,7.0
91,17,7.0
92,17,6.0
93,17,7.0
94,17,5.0
95,17,3.0
96,17,3.0
97,17,2.0
98,17,4.0
99,17,1.0
100,17,4.0
1,18,2.0
2,18,1.0
3,18,2.0
4,18,2.0
5,18,4.0
6,18,4.0
7,18,2.0
8,18,3.0
9,18,1.0
10,18,3.0
11,18,2.0
12,18,2.0
13,18,1.0
14,18,1.0
15,18,1.0
16,18,3.0
17,18,6.0
18,18,4.0
19,18,2.0
20,18,7.0
21,18,9.0
22,18,9.0
23,18,9.0
24,18,8.0
25,18,9.0
26,18,9.0
27,18,7.0
28,18,5.0
29,18,2.0
30,18,9.0
31,18,9.0
32,18,8.0
33,18,8.0
34,18,8.0
35,18,9.0
36,18,9.0
37,18,9.0
38,18,9.0
39,18,9.0
40,18,9.0
41,18,9.0
42,18,3.0
43,18,2.0
44,18,5.0
45,18,6.0
46,18,6.0
47,18,8.0
48,18,6.0
49,18,3.0
50,18,5.0
51,18,4.0
52,18,6.0
53,18,6.0
54,18,5.0
55,18,3.0
56,18,3.0
57,18,7.0
58,18,7.0
59,18,5.0
60,18,5.0
61,18,0.0
62,18,0.0
63,18,0.0
64,18,0.0
65,18,1.0
66,18,2.0
67,18,0.0
68,18,0.0
69,18,3.0
70,18,3.0
71,18,6.0
72,18,6.0
73,18,5.0
74,18,7.0
75,18,8.0
76,18,7.0
77,18,6.0
78,18,7.0
79,18,5.0
80,18,7.0
81,18,7.0
82,18,6.0
83,18,7.0
84,18,7.0
85,18,8.0
86,18,8.0
87,18,8.0
88,18,8.0
89,18,5.0
90,18,7.0
91,18,8.0
92,18,7.0
93,18,6.0
94,18,6.0
95,18,3.0
96,18,2.0
97,18,0.0
98,18,2.0
99,18,3.0
100,18,4.0
1,19,1.0
2,19,2.0
3,19,1.0
4,19,1.0
5,19,1.0
6,19,0.0
7,19,1.0
8,19,4.0
9,19,3.0
10,19,3.0
11,19,3.0
12,19,1.0
13,19,0.0
14,19,1.0
15,19,2.0
16,19,1.0
17,19,5.0
18,19,4.0
19,19,5.0
20,19,9.0
21,19,9.0
22,19,9.0
23,19,9.0
24,19,9.0
25,19,9.0
26,19,8.0
27,19,6.0
28,19,5.0
29,19,3.0
30,19,1.0
31,19,7.0
32,19,9.0
33,19,5.0
34,19,8.0
35,19,8.0
36,19,9.0
37,19,9.0
38,19,9.0
39,19,9.0
40,19,9.0
41,19,9.0
42,19,9.0
43,19,9.0
44,19,9.0
45,19,6.0
46,19,7.0
47,19,7.0
48,19,6.0
49,19,5.0
50,19,6.0
51,19,4.0
52,19,7.0
53,19,7.0
54,19,7.0
55,19,7.0
56,19,8.0
57,19,8.0
58,19,6.0
59,19,5.0
60,19,2.0
61,19,0.0
62,19,0.0
63,19,0.0
64,19,0.0
65,19,2.0
66,19,1.0
67,19,1.0
68,19,1.0
69,19,5.0
70,19,3.0
71,19,2.0
72,19,6.0
73,19,7.0
74,19,7.0
75,19,8.0
76,19,8.0
77,19,7.0
78,19,7.0
79,19,6.0
80,19,6.0
81,19,5.0
82,19,6.0
83,19,8.0
84,19,8.0
85,19,8.0
86,19,8.0
87,19,8.0
88,19,8.0
89,19,6.0
90,19,6.0
91,19,5.0
92,19,7.0
93,19,5.0
94,19,6.0
95,19,3.0
96,19,2.0
97,19,3.0
98,19,2.0
99,19,2.0
100,19,5.0
1,20,4.0
2,20,1.0
3,20,2.0
4,20,3.0
5,20,1.0
6,20,1.0
7,20,2.0
8,20,2.0
9,20,2.0
10,20,2.0
11,20,2.0
12,20,2.0
13,20,1.0
14,20,2.0
15,20,2.0
16,20,1.0
17,20,3.0
18,20,3.0
19,20,6.0
20,20,9.0
21,20,9.0
22,20,9.0
23,20,9.0
24,20,9.0
25,20,9.0
26,20,9.0
27,20,2.0
28,20,5.0
29,20,3.0
30,20,0.0
31,20,2.0
32,20,4.0
33,20,2.0
34,20,8.0
35,20,8.0
36,20,9.0
37,20,9.0
38,20,9.0
39,20,9.0
40,20,9.0
41,20,9.0
42,20,9.0
43,20,9.0
44,20,9.0
45,20,9.0
46,20,1.0
47,20,7.0
48,20,7.0
49,20,6.0
50,20,4.0
51,20,5.0
52,20,7.0
53,20,8.0
54,20,7.0
55,20,8.0
56,20,6.0
57,20,8.0
58,20,6.0
59,20,6.0
60,20,3.0
61,20,1.0
62,20,0.0
63,20,0.0
64,20,1.0
65,20,2.0
66,20,2.0
67,20,4.0
68,20,2.0
69,20,3.0
70,20,4.0
71,20,4.0
72,20,5.0
73,20,8.0
74,20,8.0
75,20,7.0
76,20,8.0
77,20,8.0
78,20,8.0
79,20,6.0
80,20,7.0
81,20,6.0
82,20,6.0
83,20,5.0
84,20,7.0
85,20,7.0
86,20,8.0
87,20,8.0
88,20,7.0
89,20,7.0
90,20,6.0
91,20,6.0
92,20,7.0
93,20,6.0
94,20,6.0
95,20,3.0
96,20,1.0
97,20,3.0
98,20,3.0
99,20,3.0
100,20,3.0
1,21,2.0
2,21,0.0
3,21,1.0
4,21,1.0
5,21,3.0
6,21,1.0
7,21,3.0
8,21,1.0
9,21,1.0
10,21,3.0
11,21,4.0
12,21,1.0
13,21,1.0
14,21,3.0
15,21,4.0
16,21,3.0
17,21,5.0
18,21,6.0
19,21,9.0
20,21,9.0
21,21,9.0
22,21,9.0
23,21,9.0
24,21,9.0
25,21,9.0
26,21,6.0
27,21,2.0
28,21,2.0
29,21,1.0
30,21,3.0
31,21,1.0
32,21,4.0
33,21,3.0
34,21,2.0
35,21,6.0
36,21,8.0
37,21,9.0
38,21,9.0
39,21,9.0
40,21,9.0
41,21,9.0
42,21,8.0
43,21,9.0
44,21,9.0
45,21,9.0
46,21,9.0
47,21,9.0
48,21,9.0
49,21,7.0
50,21,6.0
51,21,6.0
52,21,6.0
53,21,6.0
54,21,6.0
55,21,6.0
56,21,7.0
57,21,8.0
58,21,8.0
59,21,8.0
60,21,6.0
61,21,3.0
62,21,1.0
63,21,2.0
64,21,5.0
65,21,5.0
66,21,4.0
67,21,6.0
68,21,6.0
69,21,5.0
70,21,4.0
71,21,5.0
72,21,5.0
73,21,6.0
74,21,7.0
75,21,7.0
76,21,7.0
77,21,8.0
78,21,7.0
79,21,7.0
80,21,7.0
81,21,5.0
82,21,6.0
83,21,4.0
84,21,6.0
85,21,7.0
86,21,7.0
87,21,7.0
88,21,6.0
89,21,7.0
90,21,7.0
91,21,7.0
92,21,6.0
93,21,6.0
94,21,5.0
95,21,2.0
96,21,3.0
97,21,4.0
98,21,3.0
99,21,4.0
100,21,5.0
1,22,3.0
2,22,2.0
3,22,3.0
4,22,3.0
5,22,5.0
6,22,4.0
7,22,2.0
8,22,1.0
9,22,1.0
10,22,2.0
11,22,2.0
12,22,2.0
13,22,3.0
14,22,6.0
15,22,4.0
16,22,4.0
17,22,6.0
18,22,6.0
19,22,9.0
20,22,9.0
21,22,9.0
22,22,9.0
23,22,9.0
24,22,9.0
25,22,8.0
26,22,7.0
27,22,3.0
28,22,1.0
29,22,1.0
30,22,2.0
31,22,2.0
32,22,3.0
33,22,4.0
34,22,3.0
35,22,6.0
36,22,3.0
37,22,3.0
38,22,9.0
39,22,9.0
40,22,9.0
41,22,9.0
42,22,8.0
43,22,9.0
44,22,9.0
45,22,9.0
46,22,9.0
47,22,9.0
48,22,9.0
49,22,9.0
50,22,9.0
51,22,1.0
52,22,7.0
53,22,7.0
54,22,6.0
55,22,6.0
56,22,8.0
57,22,8.0
58,22,8.0
59,22,8.0
60,22,7.0
61,22,5.0
62,22,6.0
63,22,3.0
64,22,4.0
65,22,5.0
66,22,6.0
67,22,6.0
68,22,3.0
69,22,4.0
70,22,5.0
71,22,6.0
72,22,6.0
73,22,3.0
74,22,3.0
75,22,5.0
76,22,7.0
77,22,7.0
78,22,5.0
79,22,6.0
80,22,7.0
81,22,6.0
82,22,7.0
83,22,7.0
84,22,7.0
85,22,6.0
86,22,7.0
87,22,8.0
88,22,7.0
89,22,8.0
90,22,8.0
91,22,7.0
92,22,7.0
93,22,7.0
94,22,5.0
95,22,2.0
96,22,1.0
97,22,4.0
98,22,0.0
99,22,2.0
100,22,4.0
1,23,7.0
2,23,7.0
3,23,5.0
4,23,3.0
5,23,5.0
6,23,1.0
7,23,2.0
8,23,1.0
9,23,0.0
10,23,0.0
11,23,1.0
12,23,4.0
13,23,6.0
14,23,4.0
15,23,5.0
16,23,7.0
17,23,7.0
18,23,9.0
19,23,9.0
20,23,9.0
21,23,9.0
22,23,9.0
23,23,9.0
24,23,9.0
25,23,8.0
26,23,4.0
27,23,3.0
28,23,5.0
29,23,4.0
30,23,5.0
31,23,5.0
32,23,3.0
33,23,4.0
34,23,4.0
35,23,2.0
36,23,1.0
37,23,1.0
38,23,1.0
39,23,2.0
40,23,4.0
41,23,9.0
42,23,8.0
43,23,9.0
44,23,9.0
45,23,9.0
46,23,9.0
47,23,9.0
48,23,9.0
49,23,9.0
50,23,9.0
51,23,9.0
52,23,9.0
53,23,0.0
54,23,6.0
55,23,6.0
56,23,7.0
57,23,8.0
58,23,8.0
59,23,8.0
60,23,7.0
61,23,7.0
62,23,6.0
63,23,6.0
64,23,4.0
65,23,5.0
66,23,6.0
67,23,7.0
68,23,6.0
69,23,5.0
70,23,5.0
71,23,6.0
72,23,6.0
73,23,4.0
74,23,6.0
75,23,7.0
76,23,6.0
77,23,8.0
78,23,7.0
79,23,5.0
80,23,6.0
81,23,7.0
82,23,8.0
83,23,7.0
84,23,7.0
85,23,7.0
86,23,8.0
87,23,7.0
88,23,6.0
89,23,7.0
90,23,8.0
91,23,8.0
92,23,6.0
93,23,5.0
94,23,3.0
95,23,3.0
96,23,2.0
97,23,2.0
98,23,2.0
99,23,3.0
100,23,2.0
1,24,7.0
2,24,6.0
3,24,6.0
4,24,4.0
5,24,4.0
6,24,0.0
7,24,1.0
8,24,0.0
9,24,0.0
10,24,0.0
11,24,0.0
12,24,0.0
13,24,4.0
14,24,5.0
15,24,5.0
16,24,7.0
17,24,5.0
18,24,9.0
19,24,9.0
20,24,9.0
21,24,9.0
22,24,8.0
23,24,9.0
24,24,8.0
25,24,6.0
26,24,7.0
27,24,3.0
28,24,2.0
29,24,5.0
30,24,4.0
31,24,3.0
32,24,3.0
33,24,4.0
34,24,3.0
35,24,1.0
36,24,0.0
37,24,0.0
38,24,0.0
39,24,2.0
40,24,3.0
41,24,1.0
42,24,7.0
43,24,9.0
44,24,9.0
45,24,9.0
46,24,9.0
47,24,9.0
48,24,9.0
49,24,9.0
50,24,9.0
51,24,9.0
52,24,9.0
53,24,9.0
54,24,9.0
55,24,4.0
56,24,8.0
57,24,8.0
58,24,8.0
59,24,8.0
60,24,7.0
61,24,5.0
62,24,6.0
63,24,6.0
64,24,6.0
65,24,6.0
66,24,5.0
67,24,6.0
68,24,5.0
69,24,4.0
70,24,6.0
71,24,7.0
72,24,6.0
73,24,4.0
74,24,6.0
75,24,8.0
76,24,7.0
77,24,6.0
78,24,6.0
79,24,4.0
80,24,7.0
81,24,8.0
82,24,7.0
83,24,8.0
84,24,8.0
85,24,8.0
86,24,7.0
87,24,7.0
88,24,7.0
89,24,7.0
90,24,7.0
91,24,6.0
92,24,3.0
93,24,5.0
94,24,4.0
95,24,4.0
96,24,2.0
97,24,1.0
98,24,1.0
99,24,1.0
100,24,1.0
1,25,5.0
2,25,6.0
3,25,6.0
4,25,4.0
5,25,3.0
6,25,0.0
7,25,1.0
8,25,1.0
9,25,0.0
10,25,0.0
11,25,0.0
12,25,0.0
13,25,2.0
14,25,3.0
15,25,6.0
16,25,8.0
17,25,7.0
18,25,9.0
19,25,9.0
20,25,9.0
21,25,9.0
22,25,9.0
23,25,9.0
24,25,9.0
25,25,9.0
26,25,5.0
27,25,5.0
28,25,4.0
29,25,4.0
30,25,3.0
31,25,3.0
32,25,1.0
33,25,1.0
34,25,1.0
35,25,0.0
36,25,0.0
37,25,0.0
38,25,0.0
39,25,0.0
40,25,0.0
41,25,2.0
42,25,4.0
43,25,1.0
44,25,4.0
45,25,5.0
46,25,9.0
47,25,9.0
48,25,9.0
49,25,9.0
50,25,9.0
51,25,9.0
52,25,9.0
53,25,9.0
54,25,9.0
55,25,9.0
56,25,9.0
57,25,8.0
58,25,7.0
59,25,6.0
60,25,7.0
61,25,6.0
62,25,6.0
63,25,5.0
64,25,4.0
65,25,6.0
66,25,6.0
67,25,7.0
68,25,6.0
69,25,6.0
70,25,4.0
71,25,7.0
72,25,5.0
73,25,5.0
74,25,7.0
75,25,8.0
76,25,6.0
77,25,3.0
78,25,4.0
79,25,2.0
80,25,7.0
81,25,7.0
82,25,7.0
83,25,7.0
84,25,8.0
85,25,7.0
86,25,7.0
87,25,6.0
88,25,7.0
89,25,6.0
90,25,5.0
91,25,5.0
92,25,4.0
93,25,6.0
94,25,3.0
95,25,3.0
96,25,2.0
97,25,0.0
98,25,1.0
99,25,4.0
100,25,2.0
1,26,3.0
2,26,5.0
3,26,4.0
4,26,4.0
5,26,1.0
6,26,1.0
7,26,1.0
8,26,0.0
9,26,1.0
10,26,0.0
11,26,0.0
12,26,1.0
13,26,2.0
14,26,1.0
15,26,6.0
16,26,7.0
17,26,9.0
18,26,9.0
19,26,9.0
20,26,9.0
21,26,9.0
22,26,9.0
23,26,9.0
24,26,9.0
25,26,9.0
26,26,7.0
27,26,6.0
28,26,6.0
29,26,4.0
30,26,2.0
31,26,1.0
32,26,0.0
33,26,1.0
34,26,2.0
35,26,0.0
36,26,0.0
37,26,0.0
38,26,0.0
39,26,0.0
40,26,0.0
41,26,3.0
42,26,2.0
43,26,3.0
44,26,5.0
45,26,2.0
46,26,0.0
47,26,9.0
48,26,9.0
49,26,9.0
50,26,9.0
51,26,9.0
52,26,9.0
53,26,9.0
54,26,9.0
55,26,9.0
56,26,9.0
57,26,9.0
58,26,9.0
59,26,4.0
60,26,5.0
61,26,6.0
62,26,4.0
63,26,3.0
64,26,5.0
65,26,7.0
66,26,8.0
67,26,7.0
68,26,6.0
69,26,7.0
70,26,7.0
71,26,6.0
72,26,7.0
73,26,7.0
74,26,8.0
75,26,8.0
76,26,6.0
77,26,3.0
78,26,2.0
79,26,5.0
80,26,7.0
81,26,8.0
82,26,7.0
83,26,7.0
84,26,8.0
85,26,7.0
86,26,8.0
87,26,8.0
88,26,7.0
89,26,7.0
90,26,5.0
91,26,6.0
92,26,3.0
93,26,5.0
94,26,2.0
95,26,1.0
96,26,1.0
97,26,0.0
98,26,3.0
99,26,5.0
100,26,4.0
1,27,6.0
2,27,3.0
3,27,3.0
4,27,7.0
5,27,6.0
6,27,3.0
7,27,0.0
8,27,2.0
9,27,2.0
10,27,1.0
11,27,0.0
12,27,0.0
13,27,2.0
14,27,3.0
15,27,6.0
16,27,5.0
17,27,9.0
18,27,9.0
19,27,9.0
20,27,9.0
21,27,9.0
22,27,9.0
23,27,9.0
24,27,9.0
25,27,9.0
26,27,9.0
27,27,7.0
28,27,4.0
29,27,2.0
30,27,0.0
31,27,0.0
32,27,1.0
33,27,4.0
34,27,2.0
35,27,0.0
36,27,1.0
37,27,0.0
38,27,1.0
39,27,2.0
40,27,2.0
41,27,4.0
42,27,2.0
43,27,2.0
44,27,3.0
45,27,3.0
46,27,4.0
47,27,5.0
48,27,0.0
49,27,9.0
50,27,9.0
51,27,9.0
52,27,9.0
53,27,9.0
54,27,9.0
55,27,9.0
56,27,9.0
57,27,9.0
58,27,9.0
59,27,9.0
60,27,2.0
61,27,5.0
62,27,5.0
63,27,2.0
64,27,6.0
65,27,7.0
66,27,8.0
67,27,8.0
68,27,6.0
69,27,6.0
70,27,6.0
71,27,7.0
72,27,7.0
73,27,8.0
74,27,7.0
75,27,5.0
76,27,6.0
77,27,4.0
78,27,3.0
79,27,5.0
80,27,7.0
81,27,6.0
82,27,7.0
83,27,6.0
84,27,7.0
85,27,6.0
86,27,6.0
87,27,7.0
88,27,7.0
89,27,7.0
90,27,3.0
91,27,3.0
92,27,2.0
93,27,2.0
94,27,2.0
95,27,1.0
96,27,1.0
97,27,0.0
98,27,1.0
99,27,4.0
100,27,3.0
1,28,5.0
2,28,5.0
3,28,4.0
4,28,5.0
5,28,3.0
6,28,3.0
7,28,1.0
8,28,0.0
9,28,0.0
10,28,1.0
11,28,1.0
12,28,3.0
13,28,1.0
14,28,4.0
15,28,4.0
16,28,7.0
17,28,9.0
18,28,9.0
19,28,9.0
20,28,9.0
21,28,9.0
22,28,9.0
23,28,9.0
24,28,9.0
25,28,9.0
26,28,9.0
27,28,9.0
28,28,7.0
29,28,2.0
30,28,1.0
31,28,1.0
32,28,1.0
33,28,2.0
34,28,2.0
35,28,0.0
36,28,0.0
37,28,0.0
38,28,1.0
39,28,2.0
40,28,3.0
41,28,4.0
42,28,3.0
43,28,5.0
44,28,4.0
45,28,1.0
46,28,4.0
47,28,3.0
48,28,1.0
49,28,2.0
50,28,1.0
51,28,9.0
52,28,9.0
53,28,9.0
54,28,9.0
55,28,9.0
56,28,9.0
57,28,9.0
58,28,9.0
59,28,9.0
60,28,9.0
61,28,9.0
62,28,3.0
63,28,3.0
64,28,4.0
65,28,5.0
66,28,7.0
67,28,7.0
68,28,7.0
69,28,7.0
70,28,5.0
71,28,5.0
72,28,7.0
73,28,7.0
74,28,6.0
75,28,5.0
76,28,5.0
77,28,6.0
78,28,4.0
79,28,6.0
80,28,6.0
81,28,5.0
82,28,6.0
83,28,6.0
84,28,6.0
85,28,7.0
86,28,7.0
87,28,7.0
88,28,8.0
89,28,7.0
90,28,6.0
91,28,4.0
92,28,3.0
93,28,0.0
94,28,2.0
95,28,2.0
96,28,3.0
97,28,3.0
98,28,1.0
99,28,1.0
100,28,1.0
1,29,4.0
2,29,5.0
3,29,4.0
4,29,3.0
5,29,0.0
6,29,0.0
7,29,1.0
8,29,2.0
9,29,1.0
10,29,0.0
11,29,0.0
12,29,0.0
13,29,2.0
14,29,2.0
15,29,4.0
16,29,4.0
17,29,7.0
18,29,9.0
19,29,9.0
20,29,9.0
21,29,9.0
22,29,9.0
23,29,9.0
24,29,9.0
25,29,9.0
26,29,9.0
27,29,9.0
28,29,9.0
29,29,7.0
30,29,1.0
31,29,0.0
32,29,1.0
33,29,2.0
34,29,1.0
35,29,0.0
36,29,0.0
37,29,1.0
38,29,1.0
39,29,3.0
40,29,4.0
41,29,4.0
42,29,2.0
43,29,0.0
44,29,2.0
45,29,1.0
46,29,1.0
47,29,2.0
48,29,1.0
49,29,1.0
50,29,0.0
51,29,1.0
52,29,1.0
53,29,9.0
54,29,9.0
55,29,9.0
56,29,9.0
57,29,9.0
58,29,9.0
59,29,9.0
60,29,9.0
61,29,9.0
62,29,9.0
63,29,5.0
64,29,3.0
65,29,6.0
66,29,7.0
67,29,7.0
68,29,7.0
69,29,7.0
70,29,6.0
71,29,6.0
72,29,5.0
73,29,6.0
74,29,5.0
75,29,4.0
76,29,6.0
77,29,5.0
78,29,4.0
79,29,4.0
80,29,6.0
81,29,6.0
82,29,7.0
83,29,6.0
84,29,7.0
85,29,6.0
86,29,7.0
87,29,7.0
88,29,7.0
89,29,7.0
90,29,7.0
91,29,4.0
92,29,1.0
93,29,0.0
94,29,0.0
95,29,1.0
96,29,2.0
97,29,1.0
98,29,0.0
99,29,0.0
100,29,2.0
1,30,3.0
2,30,5.0
3,30,5.0
4,30,2.0
5,30,3.0
6,30,5.0
7,30,4.0
8,30,3.0
9,30,1.0
10,30,1.0
11,30,1.0
12,30,0.0
13,30,3.0
14,30,3.0
15,30,3.0
16,30,2.0
17,30,4.0
18,30,8.0
19,30,9.0
20,30,9.0
21,30,9.0
22,30,9.0
23,30,9.0
24,30,9.0
25,30,9.0
26,30,9.0
27,30,9.0
28,30,9.0
29,30,9.0
30,30,7.0
31,30,0.0
32,30,2.0
33,30,2.0
34,30,1.0
35,30,1.0
36,30,2.0
37,30,2.0
38,30,3.0
39,30,5.0
40,30,4.0
41,30,2.0
42,30,1.0
43,30,0.0
44,30,2.0
45,30,4.0
46,30,6.0
47,30,5.0
48,30,2.0
49,30,2.0
50,30,0.0
51,30,2.0
52,30,2.0
53,30,3.0
54,30,5.0
55,30,9.0
56,30,9.0
57,30,9.0
58,30,9.0
59,30,9.0
60,30,9.0
61,30,9.0
62,30,9.0
63,30,9.0
64,30,9.0
65,30,1.0
66,30,7.0
67,30,7.0
68,30,7.0
69,30,6.0
70,30,5.0
71,30,3.0
72,30,7.0
73,30,5.0
74,30,7.0
75,30,6.0
76,30,7.0
77,30,6.0
78,30,5.0
79,30,3.0
80,30,5.0
81,30,4.0
82,30,4.0
83,30,7.0
84,30,6.0
85,30,6.0
86,30,6.0
87,30,6.0
88,30,6.0
89,30,6.0
90,30,5.0
91,30,4.0
92,30,3.0
93,30,1.0
94,30,1.0
95,30,1.0
96,30,1.0
97,30,2.0
98,30,2.0
99,30,1.0
100,30,4.0
1,31,4.0
2,31,6.0
3,31,5.0
4,31,5.0
5,31,3.0
6,31,3.0
7,31,5.0
8,31,5.0
9,31,4.0
10,31,4.0
11,31,2.0
12,31,2.0
13,31,2.0
14,31,2.0
15,31,3.0
16,31,5.0
17,31,5.0
18,31,6.0
19,31,7.0
20,31,9.0
21,31,9.0
22,31,9.0
23,31,9.0
24,31,9.0
25,31,9.0
26,31,9.0
27,31,9.0
28,31,9.0
29,31,9.0
30,31,9.0
31,31,9.0
32,31,3.0
33,31,5.0
34,31,3.0
35,31,2.0
36,31,2.0
37,31,5.0
38,31,5.0
39,31,5.0
40,31,3.0
41,31,3.0
42,31,0.0
43,31,0.0
44,31,1.0
45,31,2.0
46,31,4.0
47,31,3.0
48,31,4.0
49,31,4.0
50,31,5.0
51,31,3.0
52,31,3.0
53,31,2.0
54,31,1.0
55,31,9.0
56,31,9.0
57,31,9.0
58,31,9.0
59,31,9.0
60,31,9.0
61,31,9.0
62,31,9.0
63,31,9.0
64,31,9.0
65,31,6.0
66,31,7.0
67,31,6.0
68,31,6.0
69,31,5.0
70,31,3.0
71,31,1.0
72,31,4.0
73,31,7.0
74,31,5.0
75,31,4.0
76,31,5.0
77,31,1.0
78,31,4.0
79,31,4.0
80,31,4.0
81,31,3.0
82,31,6.0
83,31,7.0
84,31,6.0
85,31,7.0
86,31,5.0
87,31,7.0
88,31,7.0
89,31,7.0
90,31,4.0
91,31,5.0
92,31,2.0
93,31,3.0
94,31,1.0
95,31,1.0
96,31,0.0
97,31,3.0
98,31,2.0
99,31,1.0
100,31,1.0
1,32,5.0
2,32,5.0
3,32,4.0
4,32,4.0
5,32,5.0
6,32,6.0
7,32,6.0
8,32,6.0
9,32,5.0
10,32,1.0
11,32,3.0
12,32,1.0
13,32,1.0
14,32,0.0
15,32,1.0
16,32,4.0
17,32,7.0
18,32,7.0
19,32,7.0
20,32,7.0
21,32,9.0
22,32,9.0
23,32,9.0
24,32,9.0
25,32,9.0
26,32,9.0
27,32,9.0
28,32,9.0
29,32,9.0
30,32,9.0
31,32,9.0
32,32,7.0
33,32,3.0
34,32,6.0
35,32,3.0
36,32,1.0
37,32,2.0
38,32,2.0
39,32,2.0
40,32,1.0
41,32,4.0
42,32,1.0
43,32,1.0
44,32,2.0
45,32,1.0
46,32,4.0
47,32,3.0
48,32,6.0
49,32,2.0
50,32,5.0
51,32,5.0
52,32,2.0
53,32,2.0
54,32,1.0
55,32,2.0
56,32,7.0
57,32,9.0
58,32,9.0
59,32,9.0
60,32,9.0
61,32,9.0
62,32,9.0
63,32,9.0
64,32,9.0
65,32,9.0
66,32,7.0
67,32,6.0
68,32,4.0
69,32,6.0
70,32,2.0
71,32,1.0
72,32,2.0
73,32,6.0
74,32,6.0
75,32,5.0
76,32,6.0
77,32,3.0
78,32,3.0
79,32,3.0
80,32,4.0
81,32,5.0
82,32,6.0
83,32,7.0
84,32,7.0
85,32,7.0
86,32,7.0
87,32,8.0
88,32,8.0
89,32,6.0
90,32,3.0
91,32,3.0
92,32,2.0
93,32,3.0
94,32,2.0
95,32,1.0
96,32,1.0
97,32,1.0
98,32,2.0
99,32,2.0
100,32,3.0
1,33,2.0
2,33,4.0
3,33,2.0
4,33,4.0
5,33,5.0
6,33,6.0
7,33,4.0
8,33,2.0
9,33,3.0
10,33,2.0
11,33,1.0
12,33,3.0
13,33,3.0
14,33,0.0
15,33,1.0
16,33,4.0
17,33,6.0
18,33,7.0
19,33,6.0
20,33,6.0
21,33,7.0
22,33,9.0
23,33,9.0
24,33,9.0
25,33,9.0
26,33,9.0
27,33,9.0
28,33,9.0
29,33,9.0
30,33,9.0
31,33,8.0
32,33,6.0
33,33,5.0
34,33,5.0
35,33,5.0
36,33,3.0
37,33,3.0
38,33,2.0
39,33,1.0
40,33,1.0
41,33,2.0
42,33,1.0
43,33,2.0
44,33,2.0
45,33,4.0
46,33,4.0
47,33,3.0
48,33,4.0
49,33,3.0
50,33,7.0
51,33,7.0
52,33,4.0
53,33,6.0
54,33,2.0
55,33,2.0
56,33,7.0
57,33,8.0
58,33,9.0
59,33,9.0
60,33,9.0
61,33,9.0
62,33,9.0
63,33,9.0
64,33,9.0
65,33,9.0
66,33,7.0
67,33,3.0
68,33,2.0
69,33,1.0
70,33,1.0
71,33,4.0
72,33,1.0
73,33,3.0
74,33,4.0
75,33,5.0
76,33,6.0
77,33,5.0
78,33,6.0
79,33,5.0
80,33,5.0
81,33,6.0
82,33,6.0
83,33,7.0
84,33,7.0
85,33,7.0
86,33,8.0
87,33,8.0
88,33,7.0
89,33,5.0
90,33,4.0
91,33,3.0
92,33,0.0
93,33,2.0
94,33,2.0
95,33,4.0
96,33,1.0
97,33,1.0
98,33,5.0
99,33,4.0
100,33,5.0
1,34,2.0
2,34,4.0
3,34,3.0
4,34,4.0
5,34,6.0
6,34,6.0
7,34,1.0
8,34,3.0
9,34,2.0
10,34,6.0
11,34,5.0
12,34,4.0
13,34,2.0
14,34,0.0
15,34,0.0
16,34,3.0
17,34,6.0
18,34,5.0
19,34,4.0
20,34,3.0
21,34,1.0
22,34,1.0
23,34,8.0
24,34,9.0
25,34,8.0
26,34,9.0
27,34,9.0
28,34,9.0
29,34,9.0
30,34,9.0
31,34,9.0
32,34,9.0
33,34,7.0
34,34,3.0
35,34,5.0
36,34,2.0
37,34,4.0
38,34,3.0
39,34,2.0
40,34,2.0
41,34,3.0
42,34,2.0
43,34,1.0
44,34,3.0
45,34,2.0
46,34,1.0
47,34,3.0
48,34,3.0
49,34,3.0
50,34,5.0
51,34,6.0
52,34,6.0
53,34,5.0
54,34,7.0
55,34,4.0
56,34,2.0
57,34,7.0
58,34,9.0
59,34,9.0
60,34,9.0
61,34,9.0
62,34,9.0
63,34,9.0
64,34,9.0
65,34,9.0
66,34,7.0
67,34,0.0
68,34,1.0
69,34,3.0
70,34,2.0
71,34,3.0
72,34,1.0
73,34,4.0
74,34,4.0
75,34,5.0
76,34,6.0
77,34,7.0
78,34,7.0
79,34,7.0
80,34,4.0
81,34,7.0
82,34,7.0
83,34,7.0
84,34,6.0
85,34,6.0
86,34,7.0
87,34,8.0
88,34,7.0
89,34,7.0
90,34,7.0
91,34,2.0
92,34,2.0
93,34,3.0
94,34,3.0
95,34,2.0
96,34,2.0
97,34,0.0
98,34,1.0
99,34,2.0
100,34,3.0
1,35,0.0
2,35,1.0
3,35,2.0
4,35,5.0
5,35,7.0
6,35,5.0
7,35,4.0
8,35,3.0
9,35,4.0
10,35,3.0
11,35,1.0
12,35,3.0
13,35,2.0
14,35,2.0
15,35,1.0
16,35,2.0
17,35,5.0
18,35,5.0
19,35,6.0
20,35,2.0
21,35,2.0
22,35,3.0
23,35,7.0
24,35,8.0
25,35,8.0
26,35,9.0
27,35,9.0
28,35,9.0
29,35,9.0
30,35,9.0
31,35,9.0
32,35,9.0
33,35,9.0
34,35,9.0
35,35,4.0
36,35,4.0
37,35,5.0
38,35,3.0
39,35,3.0
40,35,4.0
41,35,2.0
42,35,2.0
43,35,1.0
44,35,2.0
45,35,4.0
46,35,5.0
47,35,5.0
48,35,2.0
49,35,3.0
50,35,4.0
51,35,3.0
52,35,5.0
53,35,5.0
54,35,6.0
55,35,6.0
56,35,3.0
57,35,1.0
58,35,9.0
59,35,9.0
60,35,9.0
61,35,9.0
62,35,9.0
63,35,9.0
64,35,9.0
65,35,9.0
66,35,9.0
67,35,0.0
68,35,1.0
69,35,2.0
70,35,4.0
71,35,4.0
72,35,3.0
73,35,4.0
74,35,5.0
75,35,5.0
76,35,5.0
77,35,7.0
78,35,7.0
79,35,7.0
80,35,6.0
81,35,8.0
82,35,6.0
83,35,5.0
84,35,6.0
85,35,7.0
86,35,7.0
87,35,7.0
88,35,5.0
89,35,5.0
90,35,3.0
91,35,4.0
92,35,5.0
93,35,3.0
94,35,5.0
95,35,3.0
96,35,1.0
97,35,4.0
98,35,2.0
99,35,1.0
100,35,1.0
1,36,1.0
2,36,1.0
3,36,4.0
4,36,4.0
5,36,2.0
6,36,6.0
7,36,3.0
8,36,5.0
9,36,4.0
10,36,5.0
11,36,5.0
12,36,2.0
13,36,3.0
14,36,2.0
15,36,3.0
16,36,1.0
17,36,3.0
18,36,0.0
19,36,1.0
20,36,0.0
21,36,1.0
22,36,0.0
23,36,7.0
24,36,9.0
25,36,9.0
26,36,9.0
27,36,9.0
28,36,9.0
29,36,9.0
30,36,9.0
31,36,9.0
32,36,9.0
33,36,8.0
34,36,8.0
35,36,8.0
36,36,4.0
37,36,3.0
38,36,1.0
39,36,3.0
40,36,4.0
41,36,3.0
42,36,2.0
43,36,5.0
44,36,4.0
45,36,2.0
46,36,4.0
47,36,4.0
48,36,3.0
49,36,5.0
50,36,6.0
51,36,2.0
52,36,3.0
53,36,6.0
54,36,6.0
55,36,7.0
56,36,5.0
57,36,2.0
58,36,6.0
59,36,9.0
60,36,9.0
61,36,9.0
62,36,9.0
63,36,9.0
64,36,9.0
65,36,9.0
66,36,7.0
67,36,2.0
68,36,3.0
69,36,5.0
70,36,3.0
71,36,4.0
72,36,1.0
73,36,2.0
74,36,5.0
75,36,4.0
76,36,3.0
77,36,4.0
78,36,3.0
79,36,6.0
80,36,5.0
81,36,6.0
82,36,6.0
83,36,5.0
84,36,7.0
85,36,6.0
86,36,7.0
87,36,6.0
88,36,5.0
89,36,5.0
90,36,2.0
91,36,3.0
92,36,1.0
93,36,3.0
94,36,1.0
95,36,1.0
96,36,1.0
97,36,1.0
98,36,1.0
99,36,0.0
100,36,0.0
1,37,0.0
2,37,1.0
3,37,4.0
4,37,5.0
5,37,6.0
6,37,6.0
7,37,6.0
8,37,6.0
9,37,5.0
10,37,4.0
11,37,5.0
12,37,3.0
13,37,2.0
14,37,3.0
15,37,1.0
16,37,0.0
17,37,1.0
18,37,0.0
19,37,0.0
20,37,1.0
21,37,0.0
22,37,0.0
23,37,0.0
24,37,7.0
25,37,8.0
26,37,9.0
27,37,8.0
28,37,8.0
29,37,9.0
30,37,9.0
31,37,9.0
32,37,9.0
33,37,9.0
34,37,9.0
35,37,8.0
36,37,8.0
37,37,9.0
38,37,4.0
39,37,2.0
40,37,5.0
41,37,4.0
42,37,5.0
43,37,5.0
44,37,4.0
45,37,3.0
46,37,4.0
47,37,5.0
48,37,4.0
49,37,5.0
50,37,7.0
51,37,3.0
52,37,2.0
53,37,5.0
54,37,6.0
55,37,5.0
56,37,6.0
57,37,7.0
58,37,9.0
59,37,9.0
60,37,9.0
61,37,9.0
62,37,9.0
63,37,9.0
64,37,9.0
65,37,9.0
66,37,1.0
67,37,3.0
68,37,3.0
69,37,5.0
70,37,5.0
71,37,3.0
72,37,2.0
73,37,3.0
74,37,2.0
75,37,2.0
76,37,4.0
77,37,3.0
78,37,5.0
79,37,6.0
80,37,6.0
81,37,4.0
82,37,4.0
83,37,5.0
84,37,5.0
85,37,4.0
86,37,5.0
87,37,4.0
88,37,3.0
89,37,2.0
90,37,4.0
91,37,2.0
92,37,0.0
93,37,1.0
94,37,1.0
95,37,0.0
96,37,1.0
97,37,0.0
98,37,1.0
99,37,0.0
100,37,1.0
1,38,1.0
2,38,1.0
3,38,2.0
4,38,4.0
5,38,5.0
6,38,4.0
7,38,4.0
8,38,2.0
9,38,6.0
10,38,4.0
11,38,6.0
12,38,4.0
13,38,4.0
14,38,3.0
15,38,1.0
16,38,0.0
17,38,0.0
18,38,1.0
19,38,0.0
20,38,1.0
21,38,0.0
22,38,0.0
23,38,0.0
24,38,0.0
25,38,8.0
26,38,9.0
27,38,9.0
28,38,9.0
29,38,9.0
30,38,9.0
31,38,9.0
32,38,9.0
33,38,9.0
34,38,9.0
35,38,8.0
36,38,8.0
37,38,9.0
38,38,6.0
39,38,5.0
40,38,6.0
41,38,5.0
42,38,6.0
43,38,6.0
44,38,5.0
45,38,3.0
46,38,4.0
47,38,2.0
48,38,7.0
49,38,7.0
50,38,7.0
51,38,6.0
52,38,6.0
53,38,6.0
54,38,3.0
55,38,4.0
56,38,4.0
57,38,1.0
58,38,9.0
59,38,9.0
60,38,9.0
61,38,9.0
62,38,9.0
63,38,9.0
64,38,9.0
65,38,9.0
66,38,2.0
67,38,3.0
68,38,5.0
69,38,5.0
70,38,6.0
71,38,3.0
72,38,6.0
73,38,5.0
74,38,2.0
75,38,4.0
76,38,3.0
77,38,3.0
78,38,6.0
79,38,7.0
80,38,5.0
81,38,6.0
82,38,5.0
83,38,6.0
84,38,2.0
85,38,3.0
86,38,4.0
87,38,3.0
88,38,4.0
89,38,2.0
90,38,3.0
91,38,2.0
92,38,0.0
93,38,0.0
94,38,0.0
95,38,0.0
96,38,0.0
97,38,0.0
98,38,0.0
99,38,0.0
100,38,0.0
1,39,4.0
2,39,1.0
3,39,1.0
4,39,1.0
5,39,4.0
6,39,1.0
7,39,2.0
8,39,2.0
9,39,4.0
10,39,5.0
11,39,6.0
12,39,7.0
13,39,6.0
14,39,3.0
15,39,2.0
16,39,0.0
17,39,0.0
18,39,0.0
19,39,0.0
20,39,1.0
21,39,0.0
22,39,0.0
23,39,0.0
24,39,1.0
25,39,1.0
26,39,7.0
27,39,9.0
28,39,9.0
29,39,9.0
30,39,9.0
31,39,9.0
32,39,9.0
33,39,9.0
34,39,9.0
35,39,9.0
36,39,9.0
37,39,9.0
38,39,3.0
39,39,6.0
40,39,5.0
41,39,5.0
42,39,4.0
43,39,7.0
44,39,7.0
45,39,6.0
46,39,4.0
47,39,5.0
48,39,5.0
49,39,7.0
50,39,7.0
51,39,6.0
52,39,6.0
53,39,7.0
54,39,5.0
55,39,4.0
56,39,4.0
57,39,8.0
58,39,9.0
59,39,9.0
60,39,9.0
61,39,9.0
62,39,9.0
63,39,9.0
64,39,9.0
65,39,5.0
66,39,1.0
67,39,2.0
68,39,4.0
69,39,6.0
70,39,7.0
71,39,5.0
72,39,7.0
73,39,5.0
74,39,5.0
75,39,3.0
76,39,4.0
77,39,6.0
78,39,6.0
79,39,5.0
80,39,4.0
81,39,3.0
82,39,5.0
83,39,4.0
84,39,3.0
85,39,5.0
86,39,1.0
87,39,2.0
88,39,2.0
89,39,2.0
90,39,1.0
91,39,0.0
92,39,0.0
93,39,0.0
94,39,0.0
95,39,0.0
96,39,0.0
97,39,0.0
98,39,0.0
99,39,0.0
100,39,0.0
1,40,5.0
2,40,2.0
3,40,1.0
4,40,3.0
5,40,2.0
6,40,1.0
7,40,2.0
8,40,3.0
9,40,3.0
10,40,6.0
11,40,6.0
12,40,5.0
13,40,4.0
14,40,5.0
15,40,2.0
16,40,1.0
17,40,0.0
18,40,0.0
19,40,0.0
20,40,1.0
21,40,0.0
22,40,1.0
23,40,0.0
24,40,0.0
25,40,0.0
26,40,1.0
27,40,2.0
28,40,7.0
29,40,9.0
30,40,9.0
31,40,9.0
32,40,9.0
33,40,9.0
34,40,9.0
35,40,9.0
36,40,9.0
37,40,9.0
38,40,7.0
39,40,6.0
40,40,5.0
41,40,4.0
42,40,3.0
43,40,7.0
44,40,7.0
45,40,7.0
46,40,3.0
47,40,6.0
48,40,5.0
49,40,6.0
50,40,7.0
51,40,7.0
52,40,7.0
53,40,6.0
54,40,4.0
55,40,4.0
56,40,4.0
57,40,9.0
58,40,9.0
59,40,9.0
60,40,9.0
61,40,9.0
62,40,9.0
63,40,9.0
64,40,8.0
65,40,1.0
66,40,1.0
67,40,2.0
68,40,5.0
69,40,7.0
70,40,6.0
71,40,7.0
72,40,8.0
73,40,6.0
74,40,2.0
75,40,1.0
76,40,2.0
77,40,4.0
78,40,4.0
79,40,6.0
80,40,6.0
81,40,5.0
82,40,4.0
83,40,4.0
84,40,5.0
85,40,1.0
86,40,2.0
87,40,3.0
88,40,1.0
89,40,1.0
90,40,0.0
91,40,0.0
92,40,0.0
93,40,0.0
94,40,0.0
95,40,0.0
96,40,0.0
97,40,0.0
98,40,0.0
99,40,0.0
100,40,0.0
1,41,3.0
2,41,1.0
3,41,1.0
4,41,1.0
5,41,3.0
6,41,1.0
7,41,4.0
8,41,2.0
9,41,2.0
10,41,1.0
11,41,2.0
12,41,1.0
13,41,3.0
14,41,4.0
15,41,3.0
16,41,2.0
17,41,2.0
18,41,0.0
19,41,0.0
20,41,1.0
21,41,0.0
22,41,0.0
23,41,0.0
24,41,1.0
25,41,2.0
26,41,1.0
27,41,2.0
28,41,2.0
29,41,9.0
30,41,9.0
31,41,9.0
32,41,9.0
33,41,9.0
34,41,9.0
35,41,9.0
36,41,8.0
37,41,9.0
38,41,9.0
39,41,6.0
40,41,7.0
41,41,3.0
42,41,5.0
43,41,6.0
44,41,7.0
45,41,6.0
46,41,6.0
47,41,7.0
48,41,4.0
49,41,6.0
50,41,5.0
51,41,6.0
52,41,7.0
53,41,7.0
54,41,6.0
55,41,4.0
56,41,7.0
57,41,9.0
58,41,9.0
59,41,9.0
60,41,9.0
61,41,9.0
62,41,9.0
63,41,9.0
64,41,4.0
65,41,3.0
66,41,2.0
67,41,2.0
68,41,2.0
69,41,5.0
70,41,7.0
71,41,5.0
72,41,6.0
73,41,5.0
74,41,4.0
75,41,2.0
76,41,3.0
77,41,2.0
78,41,4.0
79,41,3.0
80,41,5.0
81,41,3.0
82,41,3.0
83,41,5.0
84,41,6.0
85,41,6.0
86,41,2.0
87,41,2.0
88,41,2.0
89,41,0.0
90,41,0.0
91,41,0.0
92,41,0.0
93,41,0.0
94,41,0.0
95,41,0.0
96,41,0.0
97,41,0.0
98,41,0.0
99,41,0.0
100,41,0.0
1,42,1.0
2,42,2.0
3,42,2.0
4,42,1.0
5,42,4.0
6,42,2.0
7,42,3.0
8,42,2.0
9,42,3.0
10,42,3.0
11,42,4.0
12,42,1.0
13,42,0.0
14,42,1.0
15,42,2.0
16,42,0.0
17,42,3.0
18,42,1.0
19,42,1.0
20,42,1.0
21,42,0.0
22,42,0.0
23,42,1.0
24,42,0.0
25,42,0.0
26,42,2.0
27,42,0.0
28,42,0.0
29,42,2.0
30,42,9.0
31,42,8.0
32,42,9.0
33,42,9.0
34,42,9.0
35,42,9.0
36,42,8.0
37,42,8.0
38,42,9.0
39,42,9.0
40,42,6.0
41,42,7.0
42,42,2.0
43,42,5.0
44,42,5.0
45,42,6.0
46,42,5.0
47,42,2.0
48,42,5.0
49,42,5.0
50,42,3.0
51,42,4.0
52,42,7.0
53,42,6.0
54,42,5.0
55,42,6.0
56,42,9.0
57,42,9.0
58,42,9.0
59,42,9.0
60,42,9.0
61,42,9.0
62,42,9.0
63,42,7.0
64,42,4.0
65,42,4.0
66,42,2.0
67,42,0.0
68,42,0.0
69,42,5.0
70,42,6.0
71,42,7.0
72,42,7.0
73,42,7.0
74,42,5.0
75,42,6.0
76,42,3.0
77,42,2.0
78,42,4.0
79,42,2.0
80,42,4.0
81,42,2.0
82,42,1.0
83,42,3.0
84,42,3.0
85,42,1.0
86,42,1.0
87,42,2.0
88,42,0.0
89,42,0.0
90,42,0.0
91,42,0.0
92,42,0.0
93,42,0.0
94,42,0.0
95,42,0.0
96,42,0.0
97,42,0.0
98,42,0.0
99,42,0.0
100,42,0.0
1,43,1.0
2,43,1.0
3,43,2.0
4,43,2.0
5,43,3.0
6,43,4.0
7,43,1.0
8,43,1.0
9,43,2.0
10,43,3.0
11,43,3.0
12,43,0.0
13,43,0.0
14,43,1.0
15,43,0.0
16,43,1.0
17,43,2.0
18,43,1.0
19,43,0.0
20,43,1.0
21,43,0.0
22,43,0.0
23,43,1.0
24,43,0.0
25,43,0.0
26,43,0.0
27,43,0.0
28,43,0.0
29,43,7.0
30,43,9.0
31,43,9.0
32,43,9.0
33,43,9.0
34,43,9.0
35,43,8.0
36,43,9.0
37,43,8.0
38,43,8.0
39,43,9.0
40,43,9.0
41,43,9.0
42,43,7.0
43,43,4.0
44,43,4.0
45,43,4.0
46,43,3.0
47,43,5.0
48,43,6.0
49,43,6.0
50,43,3.0
51,43,6.0
52,43,6.0
53,43,5.0
54,43,6.0
55,43,6.0
56,43,9.0
57,43,9.0
58,43,9.0
59,43,9.0
60,43,9.0
61,43,8.0
62,43,7.0
63,43,6.0
64,43,5.0
65,43,5.0
66,43,2.0
67,43,1.0
68,43,1.0
69,43,2.0
70,43,5.0
71,43,6.0
72,43,5.0
73,43,4.0
74,43,5.0
75,43,7.0
76,43,4.0
77,43,5.0
78,43,5.0
79,43,3.0
80,43,4.0
81,43,4.0
82,43,4.0
83,43,1.0
84,43,2.0
85,43,2.0
86,43,3.0
87,43,2.0
88,43,0.0
89,43,0.0
90,43,0.0
91,43,0.0
92,43,0.0
93,43,0.0
94,43,0.0
95,43,0.0
96,43,0.0
97,43,0.0
98,43,0.0
99,43,0.0
100,43,0.0
1,44,3.0
2,44,1.0
3,44,0.0
4,44,1.0
5,44,3.0
6,44,6.0
7,44,3.0
8,44,1.0
9,44,1.0
10,44,4.0
11,44,1.0
12,44,1.0
13,44,0.0
14,44,0.0
15,44,1.0
16,44,1.0
17,44,1.0
18,44,0.0
19,44,1.0
20,44,0.0
21,44,0.0
22,44,1.0
23,44,1.0
24,44,0.0
25,44,0.0
26,44,0.0
27,44,0.0
28,44,0.0
29,44,0.0
30,44,8.0
31,44,9.0
32,44,8.0
33,44,9.0
34,44,9.0
35,44,9.0
36,44,9.0
37,44,8.0
38,44,9.0
39,44,8.0
40,44,9.0
41,44,9.0
42,44,9.0
43,44,9.0
44,44,9.0
45,44,5.0
46,44,5.0
47,44,6.0
48,44,7.0
49,44,6.0
50,44,7.0
51,44,6.0
52,44,6.0
53,44,6.0
54,44,9.0
55,44,9.0
56,44,9.0
57,44,9.0
58,44,9.0
59,44,9.0
60,44,9.0
61,44,9.0
62,44,7.0
63,44,6.0
64,44,3.0
65,44,4.0
66,44,3.0
67,44,3.0
68,44,4.0
69,44,4.0
70,44,6.0
71,44,3.0
72,44,4.0
73,44,3.0
74,44,4.0
75,44,7.0
76,44,7.0
77,44,7.0
78,44,5.0
79,44,4.0
80,44,5.0
81,44,4.0
82,44,2.0
83,44,0.0
84,44,3.0
85,44,2.0
86,44,2.0
87,44,2.0
88,44,0.0
89,44,0.0
90,44,0.0
91,44,0.0
92,44,0.0
93,44,0.0
94,44,0.0
95,44,0.0
96,44,0.0
97,44,0.0
98,44,0.0
99,44,0.0
100,44,0.0
1,45,0.0
2,45,2.0
3,45,2.0
4,45,2.0
5,45,1.0
6,45,5.0
7,45,3.0
8,45,1.0
9,45,0.0
10,45,6.0
11,45,5.0
12,45,4.0
13,45,2.0
14,45,0.0
15,45,1.0
16,45,1.0
17,45,1.0
18,45,1.0
19,45,4.0
20,45,1.0
21,45,3.0
22,45,2.0
23,45,3.0
24,45,0.0
25,45,0.0
26,45,0.0
27,45,0.0
28,45,0.0
29,45,0.0
30,45,1.0
31,45,8.0
32,45,9.0
33,45,9.0
34,45,8.0
35,45,8.0
36,45,9.0
37,45,8.0
38,45,9.0
39,45,9.0
40,45,9.0
41,45,9.0
42,45,9.0
43,45,9.0
44,45,9.0
45,45,7.0
46,45,3.0
47,45,5.0
48,45,6.0
49,45,5.0
50,45,5.0
51,45,3.0
52,45,4.0
53,45,9.0
54,45,9.0
55,45,9.0
56,45,9.0
57,45,9.0
58,45,9.0
59,45,9.0
60,45,9.0
61,45,6.0
62,45,5.0
63,45,7.0
64,45,6.0
65,45,5.0
66,45,4.0
67,45,4.0
68,45,6.0
69,45,6.0
70,45,6.0
71,45,5.0
72,45,5.0
73,45,6.0
74,45,7.0
75,45,8.0
76,45,7.0
77,45,6.0
78,45,4.0
79,45,4.0
80,45,2.0
81,45,3.0
82,45,0.0
83,45,1.0
84,45,3.0
85,45,2.0
86,45,5.0
87,45,2.0
88,45,0.0
89,45,0.0
90,45,0.0
91,45,0.0
92,45,0.0
93,45,2.0
94,45,0.0
95,45,0.0
96,45,0.0
97,45,0.0
98,45,0.0
99,45,0.0
100,45,0.0
1,46,0.0
2,46,0.0
3,46,1.0
4,46,4.0
5,46,4.0
6,46,5.0
7,46,4.0
8,46,7.0
9,46,6.0
10,46,5.0
11,46,3.0
12,46,4.0
13,46,2.0
14,46,0.0
15,46,2.0
16,46,3.0
17,46,2.0
18,46,2.0
19,46,4.0
20,46,2.0
21,46,3.0
22,46,4.0
23,46,5.0
24,46,4.0
25,46,0.0
26,46,0.0
27,46,0.0
28,46,1.0
29,46,0.0
30,46,0.0
31,46,2.0
32,46,8.0
33,46,8.0
34,46,9.0
35,46,8.0
36,46,8.0
37,46,9.0
38,46,9.0
39,46,9.0
40,46,9.0
41,46,9.0
42,46,9.0
43,46,9.0
44,46,9.0
45,46,7.0
46,46,4.0
47,46,1.0
48,46,7.0
49,46,4.0
50,46,4.0
51,46,4.0
52,46,5.0
53,46,9.0
54,46,9.0
55,46,9.0
56,46,9.0
57,46,9.0
58,46,9.0
59,46,9.0
60,46,7.0
61,46,6.0
62,46,6.0
63,46,7.0
64,46,6.0
65,46,5.0
66,46,5.0
67,46,5.0
68,46,5.0
69,46,6.0
70,46,6.0
71,46,5.0
72,46,4.0
73,46,7.0
74,46,7.0
75,46,7.0
76,46,8.0
77,46,7.0
78,46,2.0
79,46,4.0
80,46,3.0
81,46,1.0
82,46,1.0
83,46,0.0
84,46,3.0
85,46,3.0
86,46,4.0
87,46,1.0
88,46,0.0
89,46,1.0
90,46,0.0
91,46,0.0
92,46,0.0
93,46,1.0
94,46,0.0
95,46,0.0
96,46,0.0
97,46,0.0
98,46,0.0
99,46,0.0
100,46,0.0
1,47,1.0
2,47,0.0
3,47,1.0
4,47,4.0
5,47,1.0
6,47,3.0
7,47,3.0
8,47,6.0
9,47,6.0
10,47,6.0
11,47,3.0
12,47,3.0
13,47,0.0
14,47,2.0
15,47,2.0
16,47,2.0
17,47,2.0
18,47,3.0
19,47,4.0
20,47,2.0
21,47,5.0
22,47,5.0
23,47,3.0
24,47,5.0
25,47,1.0
26,47,0.0
27,47,0.0
28,47,0.0
29,47,0.0
30,47,0.0
31,47,1.0
32,47,4.0
33,47,5.0
34,47,2.0
35,47,9.0
36,47,9.0
37,47,9.0
38,47,9.0
39,47,9.0
40,47,9.0
41,47,9.0
42,47,9.0
43,47,9.0
44,47,9.0
45,47,9.0
46,47,7.0
47,47,2.0
48,47,4.0
49,47,4.0
50,47,3.0
51,47,6.0
52,47,9.0
53,47,9.0
54,47,9.0
55,47,9.0
56,47,9.0
57,47,9.0
58,47,9.0
59,47,7.0
60,47,7.0
61,47,6.0
62,47,5.0
63,47,4.0
64,47,6.0
65,47,4.0
66,47,5.0
67,47,4.0
68,47,6.0
69,47,4.0
70,47,6.0
71,47,6.0
72,47,7.0
73,47,6.0
74,47,6.0
75,47,6.0
76,47,7.0
77,47,8.0
78,47,6.0
79,47,4.0
80,47,1.0
81,47,0.0
82,47,0.0
83,47,4.0
84,47,6.0
85,47,3.0
86,47,5.0
87,47,5.0
88,47,3.0
89,47,3.0
90,47,3.0
91,47,3.0
92,47,3.0
93,47,0.0
94,47,1.0
95,47,0.0
96,47,0.0
97,47,0.0
98,47,0.0
99,47,0.0
100,47,0.0
1,48,0.0
2,48,0.0
3,48,0.0
4,48,1.0
5,48,1.0
6,48,3.0
7,48,3.0
8,48,5.0
9,48,5.0
10,48,5.0
11,48,1.0
12,48,0.0
13,48,0.0
14,48,0.0
15,48,0.0
16,48,0.0
17,48,0.0
18,48,2.0
19,48,4.0
20,48,2.0
21,48,3.0
22,48,4.0
23,48,3.0
24,48,3.0
25,48,0.0
26,48,0.0
27,48,0.0
28,48,0.0
29,48,1.0
30,48,0.0
31,48,2.0
32,48,4.0
33,48,2.0
34,48,1.0
35,48,1.0
36,48,8.0
37,48,8.0
38,48,8.0
39,48,9.0
40,48,9.0
41,48,9.0
42,48,9.0
43,48,9.0
44,48,9.0
45,48,9.0
46,48,9.0
47,48,1.0
48,48,4.0
49,48,4.0
50,48,7.0
51,48,9.0
52,48,9.0
53,48,9.0
54,48,9.0
55,48,9.0
56,48,9.0
57,48,9.0
58,48,7.0
59,48,7.0
60,48,6.0
61,48,5.0
62,48,6.0
63,48,6.0
64,48,3.0
65,48,5.0
66,48,4.0
67,48,3.0
68,48,4.0
69,48,5.0
70,48,6.0
71,48,5.0
72,48,5.0
73,48,6.0
74,48,6.0
75,48,7.0
76,48,5.0
77,48,7.0
78,48,7.0
79,48,5.0
80,48,2.0
81,48,1.0
82,48,2.0
83,48,2.0
84,48,6.0
85,48,5.0
86,48,6.0
87,48,5.0
88,48,5.0
89,48,6.0
90,48,3.0
91,48,6.0
92,48,2.0
93,48,1.0
94,48,5.0
95,48,4.0
96,48,3.0
97,48,0.0
98,48,1.0
99,48,0.0
100,48,0.0
1,49,0.0
2,49,0.0
3,49,0.0
4,49,1.0
5,49,1.0
6,49,2.0
7,49,1.0
8,49,2.0
9,49,3.0
10,49,4.0
11,49,1.0
12,49,0.0
13,49,1.0
14,49,0.0
15,49,1.0
16,49,3.0
17,49,0.0
18,49,2.0
19,49,3.0
20,49,2.0
21,49,1.0
22,49,5.0
23,49,3.0
24,49,2.0
25,49,0.0
26,49,0.0
27,49,1.0
28,49,1.0
29,49,1.0
30,49,2.0
31,49,5.0
32,49,5.0
33,49,1.0
34,49,0.0
35,49,0.0
36,49,8.0
37,49,9.0
38,49,8.0
39,49,9.0
40,49,9.0
41,49,9.0
42,49,8.0
43,49,8.0
44,49,9.0
45,49,9.0
46,49,9.0
47,49,7.0
48,49,2.0
49,49,3.0
50,49,9.0
51,49,9.0
52,49,9.0
53,49,9.0
54,49,9.0
55,49,9.0
56,49,9.0
57,49,3.0
58,49,6.0
59,49,6.0
60,49,7.0
61,49,7.0
62,49,5.0
63,49,5.0
64,49,2.0
65,49,6.0
66,49,3.0
67,49,3.0
68,49,2.0
69,49,2.0
70,49,4.0
71,49,6.0
72,49,6.0
73,49,6.0
74,49,4.0
75,49,5.0
76,49,4.0
77,49,6.0
78,49,6.0
79,49,4.0
80,49,2.0
81,49,1.0
82,49,4.0
83,49,5.0
84,49,6.0
85,49,6.0
86,49,7.0
87,49,6.0
88,49,6.0
89,49,6.0
90,49,5.0
91,49,6.0
92,49,3.0
93,49,1.0
94,49,4.0
95,49,2.0
96,49,3.0
97,49,0.0
98,49,1.0
99,49,0.0
100,49,0.0
1,50,0.0
2,50,0.0
3,50,0.0
4,50,0.0
5,50,1.0
6,50,1.0
7,50,0.0
8,50,2.0
9,50,1.0
10,50,2.0
11,50,0.0
12,50,0.0
13,50,0.0
14,50,0.0
15,50,3.0
16,50,4.0
17,50,5.0
18,50,4.0
19,50,3.0
20,50,2.0
21,50,1.0
22,50,5.0
23,50,3.0
24,50,2.0
25,50,1.0
26,50,0.0
27,50,2.0
28,50,2.0
29,50,1.0
30,50,2.0
31,50,4.0
32,50,5.0
33,50,0.0
34,50,0.0
35,50,0.0
36,50,0.0
37,50,8.0
38,50,8.0
39,50,9.0
40,50,9.0
41,50,8.0
42,50,9.0
43,50,8.0
44,50,9.0
45,50,9.0
46,50,9.0
47,50,7.0
48,50,1.0
49,50,7.0
50,50,9.0
51,50,9.0
52,50,9.0
53,50,9.0
54,50,9.0
55,50,9.0
56,50,9.0
57,50,5.0
58,50,7.0
59,50,6.0
60,50,6.0
61,50,6.0
62,50,5.0
63,50,1.0
64,50,1.0
65,50,4.0
66,50,2.0
67,50,2.0
68,50,2.0
69,50,1.0
70,50,5.0
71,50,7.0
72,50,6.0
73,50,6.0
74,50,6.0
75,50,7.0
76,50,7.0
77,50,7.0
78,50,4.0
79,50,3.0
80,50,3.0
81,50,4.0
82,50,4.0
83,50,4.0
84,50,7.0
85,50,7.0
86,50,7.0
87,50,7.0
88,50,7.0
89,50,6.0
90,50,6.0
91,50,5.0
92,50,5.0
93,50,4.0
94,50,2.0
95,50,3.0
96,50,3.0
97,50,1.0
98,50,1.0
99,50,0.0
100,50,0.0
1,51,0.0
2,51,0.0
3,51,0.0
4,51,0.0
5,51,2.0
6,51,2.0
7,51,2.0
8,51,2.0
9,51,1.0
10,51,0.0
11,51,0.0
12,51,0.0
13,51,2.0
14,51,4.0
15,51,3.0
16,51,5.0
17,51,4.0
18,51,4.0
19,51,4.0
20,51,4.0
21,51,4.0
22,51,5.0
23,51,2.0
24,51,3.0
25,51,2.0
26,51,1.0
27,51,4.0
28,51,3.0
29,51,1.0
30,51,3.0
31,51,3.0
32,51,5.0
33,51,2.0
34,51,0.0
35,51,0.0
36,51,0.0
37,51,0.0
38,51,8.0
39,51,8.0
40,51,8.0
41,51,9.0
42,51,9.0
43,51,9.0
44,51,9.0
45,51,9.0
46,51,9.0
47,51,9.0
48,51,7.0
49,51,9.0
50,51,9.0
51,51,9.0
52,51,9.0
53,51,9.0
54,51,9.0
55,51,9.0
56,51,7.0
57,51,6.0
58,51,4.0
59,51,6.0
60,51,5.0
61,51,5.0
62,51,3.0
63,51,4.0
64,51,0.0
65,51,2.0
66,51,2.0
67,51,4.0
68,51,4.0
69,51,5.0
70,51,6.0
71,51,7.0
72,51,6.0
73,51,6.0
74,51,7.0
75,51,4.0
76,51,6.0
77,51,5.0
78,51,3.0
79,51,5.0
80,51,5.0
81,51,6.0
82,51,5.0
83,51,6.0
84,51,7.0
85,51,7.0
86,51,7.0
87,51,7.0
88,51,7.0
89,51,7.0
90,51,5.0
91,51,6.0
92,51,7.0
93,51,5.0
94,51,6.0
95,51,5.0
96,51,3.0
97,51,5.0
98,51,3.0
99,51,0.0
100,51,0.0
1,52,0.0
2,52,0.0
3,52,0.0
4,52,1.0
5,52,0.0
6,52,3.0
7,52,3.0
8,52,1.0
9,52,2.0
10,52,2.0
11,52,0.0
12,52,1.0
13,52,0.0
14,52,3.0
15,52,4.0
16,52,4.0
17,52,4.0
18,52,5.0
19,52,3.0
20,52,3.0
21,52,4.0
22,52,5.0
23,52,4.0
24,52,1.0
25,52,2.0
26,52,4.0
27,52,3.0
28,52,4.0
29,52,4.0
30,52,3.0
31,52,3.0
32,52,1.0
33,52,2.0
34,52,1.0
35,52,0.0
36,52,0.0
37,52,0.0
38,52,6.0
39,52,9.0
40,52,9.0
41,52,9.0
42,52,9.0
43,52,9.0
44,52,8.0
45,52,9.0
46,52,9.0
47,52,7.0
48,52,9.0
49,52,9.0
50,52,9.0
51,52,9.0
52,52,9.0
53,52,9.0
54,52,9.0
55,52,4.0
56,52,6.0
57,52,6.0
58,52,3.0
59,52,3.0
60,52,0.0
61,52,1.0
62,52,1.0
63,52,1.0
64,52,1.0
65,52,3.0
66,52,1.0
67,52,2.0
68,52,4.0
69,52,4.0
70,52,6.0
71,52,7.0
72,52,6.0
73,52,2.0
74,52,5.0
75,52,4.0
76,52,5.0
77,52,5.0
78,52,6.0
79,52,6.0
80,52,4.0
81,52,5.0
82,52,6.0
83,52,7.0
84,52,7.0
85,52,7.0
86,52,7.0
87,52,8.0
88,52,7.0
89,52,6.0
90,52,6.0
91,52,5.0
92,52,6.0
93,52,6.0
94,52,5.0
95,52,7.0
96,52,7.0
97,52,2.0
98,52,4.0
99,52,2.0
100,52,1.0
1,53,1.0
2,53,0.0
3,53,1.0
4,53,1.0
5,53,2.0
6,53,2.0
7,53,4.0
8,53,2.0
9,53,5.0
10,53,3.0
11,53,1.0
12,53,1.0
13,53,2.0
14,53,5.0
15,53,5.0
16,53,3.0
17,53,4.0
18,53,2.0
19,53,4.0
20,53,2.0
21,53,3.0
22,53,1.0
23,53,3.0
24,53,1.0
25,53,2.0
26,53,1.0
27,53,2.0
28,53,1.0
29,53,2.0
30,53,5.0
31,53,5.0
32,53,4.0
33,53,1.0
34,53,2.0
35,53,2.0
36,53,0.0
37,53,1.0
38,53,6.0
39,53,9.0
40,53,9.0
41,53,9.0
42,53,9.0
43,53,9.0
44,53,8.0
45,53,9.0
46,53,9.0
47,53,9.0
48,53,9.0
49,53,9.0
50,53,9.0
51,53,9.0
52,53,9.0
53,53,9.0
54,53,9.0
55,53,7.0
56,53,5.0
57,53,4.0
58,53,2.0
59,53,2.0
60,53,0.0
61,53,1.0
62,53,2.0
63,53,1.0
64,53,1.0
65,53,5.0
66,53,5.0
67,53,3.0
68,53,5.0
69,53,4.0
70,53,6.0
71,53,4.0
72,53,5.0
73,53,4.0
74,53,5.0
75,53,5.0
76,53,6.0
77,53,4.0
78,53,2.0
79,53,5.0
80,53,5.0
81,53,6.0
82,53,6.0
83,53,7.0
84,53,7.0
85,53,6.0
86,53,7.0
87,53,6.0
88,53,7.0
89,53,8.0
90,53,7.0
91,53,6.0
92,53,4.0
93,53,4.0
94,53,5.0
95,53,7.0
96,53,5.0
97,53,4.0
98,53,2.0
99,53,1.0
100,53,0.0
1,54,1.0
2,54,5.0
3,54,3.0
4,54,2.0
5,54,5.0
6,54,5.0
7,54,5.0
8,54,5.0
9,54,2.0
10,54,2.0
11,54,4.0
12,54,5.0
13,54,3.0
14,54,7.0
15,54,6.0
16,54,5.0
17,54,5.0
18,54,4.0
19,54,5.0
20,54,2.0
21,54,2.0
22,54,2.0
23,54,1.0
24,54,0.0
25,54,1.0
26,54,1.0
27,54,0.0
28,54,1.0
29,54,3.0
30,54,4.0
31,54,2.0
32,54,5.0
33,54,1.0
34,54,2.0
35,54,1.0
36,54,3.0
37,54,1.0
38,54,1.0
39,54,7.0
40,54,9.0
41,54,9.0
42,54,9.0
43,54,8.0
44,54,9.0
45,54,9.0
46,54,5.0
47,54,9.0
48,54,9.0
49,54,9.0
50,54,9.0
51,54,8.0
52,54,9.0
53,54,9.0
54,54,6.0
55,54,6.0
56,54,4.0
57,54,1.0
58,54,1.0
59,54,2.0
60,54,1.0
61,54,0.0
62,54,0.0
63,54,0.0
64,54,1.0
65,54,3.0
66,54,1.0
67,54,1.0
68,54,2.0
69,54,6.0
70,54,6.0
71,54,6.0
72,54,4.0
73,54,4.0
74,54,3.0
75,54,5.0
76,54,5.0
77,54,4.0
78,54,3.0
79,54,2.0
80,54,1.0
81,54,4.0
82,54,3.0
83,54,5.0
84,54,4.0
85,54,4.0
86,54,3.0
87,54,3.0
88,54,4.0
89,54,5.0
90,54,5.0
91,54,6.0
92,54,4.0
93,54,2.0
94,54,5.0
95,54,6.0
96,54,4.0
97,54,3.0
98,54,3.0
99,54,0.0
100,54,1.0
1,55,4.0
2,55,4.0
3,55,6.0
4,55,6.0
5,55,4.0
6,55,5.0
7,55,4.0
8,55,3.0
9,55,4.0
10,55,4.0
11,55,6.0
12,55,4.0
13,55,6.0
14,55,6.0
15,55,7.0
16,55,7.0
17,55,5.0
18,55,4.0
19,55,5.0
20,55,6.0
21,55,4.0
22,55,0.0
23,55,2.0
24,55,1.0
25,55,1.0
26,55,1.0
27,55,0.0
28,55,0.0
29,55,0.0
30,55,0.0
31,55,1.0
32,55,4.0
33,55,3.0
34,55,3.0
35,55,2.0
36,55,5.0
37,55,4.0
38,55,2.0
39,55,3.0
40,55,2.0
41,55,7.0
42,55,8.0
43,55,8.0
44,55,8.0
45,55,9.0
46,55,9.0
47,55,9.0
48,55,9.0
49,55,9.0
50,55,9.0
51,55,9.0
52,55,9.0
53,55,9.0
54,55,7.0
55,55,9.0
56,55,9.0
57,55,9.0
58,55,0.0
59,55,5.0
60,55,0.0
61,55,0.0
62,55,0.0
63,55,0.0
64,55,0.0
65,55,1.0
66,55,0.0
67,55,3.0
68,55,2.0
69,55,6.0
70,55,7.0
71,55,7.0
72,55,6.0
73,55,4.0
74,55,3.0
75,55,5.0
76,55,4.0
77,55,4.0
78,55,2.0
79,55,3.0
80,55,4.0
81,55,5.0
82,55,4.0
83,55,3.0
84,55,4.0
85,55,6.0
86,55,2.0
87,55,6.0
88,55,5.0
89,55,4.0
90,55,5.0
91,55,6.0
92,55,5.0
93,55,3.0
94,55,4.0
95,55,6.0
96,55,4.0
97,55,3.0
98,55,4.0
99,55,2.0
100,55,2.0
1,56,3.0
2,56,6.0
3,56,7.0
4,56,6.0
5,56,7.0
6,56,6.0
7,56,6.0
8,56,5.0
9,56,5.0
10,56,6.0
11,56,5.0
12,56,4.0
13,56,4.0
14,56,6.0
15,56,8.0
16,56,8.0
17,56,7.0
18,56,5.0
19,56,5.0
20,56,7.0
21,56,2.0
22,56,4.0
23,56,1.0
24,56,1.0
25,56,0.0
26,56,1.0
27,56,0.0
28,56,1.0
29,56,1.0
30,56,0.0
31,56,1.0
32,56,2.0
33,56,1.0
34,56,5.0
35,56,2.0
36,56,6.0
37,56,5.0
38,56,4.0
39,56,2.0
40,56,1.0
41,56,1.0
42,56,3.0
43,56,7.0
44,56,8.0
45,56,6.0
46,56,9.0
47,56,9.0
48,56,9.0
49,56,9.0
50,56,9.0
51,56,8.0
52,56,9.0
53,56,6.0
54,56,9.0
55,56,9.0
56,56,9.0
57,56,9.0
58,56,9.0
59,56,9.0
60,56,6.0
61,56,8.0
62,56,8.0
63,56,7.0
64,56,0.0
65,56,6.0
66,56,0.0
67,56,1.0
68,56,5.0
69,56,6.0
70,56,8.0
71,56,6.0
72,56,7.0
73,56,6.0
74,56,4.0
75,56,5.0
76,56,5.0
77,56,3.0
78,56,5.0
79,56,5.0
80,56,6.0
81,56,5.0
82,56,6.0
83,56,5.0
84,56,4.0
85,56,6.0
86,56,4.0
87,56,5.0
88,56,3.0
89,56,5.0
90,56,5.0
91,56,6.0
92,56,6.0
93,56,4.0
94,56,4.0
95,56,4.0
96,56,3.0
97,56,4.0
98,56,3.0
99,56,2.0
100,56,2.0
1,57,5.0
2,57,7.0
3,57,6.0
4,57,7.0
5,57,6.0
6,57,4.0
7,57,5.0
8,57,5.0
9,57,4.0
10,57,5.0
11,57,4.0
12,57,3.0
13,57,5.0
14,57,7.0
15,57,8.0
16,57,7.0
17,57,6.0
18,57,4.0
19,57,7.0
20,57,6.0
21,57,4.0
22,57,4.0
23,57,5.0
24,57,4.0
25,57,2.0
26,57,2.0
27,57,0.0
28,57,1.0
29,57,4.0
30,57,2.0
31,57,2.0
32,57,1.0
33,57,1.0
34,57,1.0
35,57,2.0
36,57,5.0
37,57,6.0
38,57,6.0
39,57,2.0
40,57,4.0
41,57,5.0
42,57,4.0
43,57,1.0
44,57,2.0
45,57,9.0
46,57,9.0
47,57,9.0
48,57,8.0
49,57,9.0
50,57,9.0
51,57,9.0
52,57,9.0
53,57,5.0
54,57,9.0
55,57,9.0
56,57,9.0
57,57,9.0
58,57,8.0
59,57,9.0
60,57,8.0
61,57,8.0
62,57,8.0
63,57,8.0
64,57,8.0
65,57,8.0
66,57,8.0
67,57,7.0
68,57,7.0
69,57,6.0
70,57,7.0
71,57,6.0
72,57,8.0
73,57,7.0
74,57,5.0
75,57,6.0
76,57,4.0
77,57,4.0
78,57,2.0
79,57,4.0
80,57,4.0
81,57,6.0
82,57,5.0
83,57,4.0
84,57,3.0
85,57,4.0
86,57,5.0
87,57,6.0
88,57,3.0
89,57,7.0
90,57,6.0
91,57,6.0
92,57,2.0
93,57,3.0
94,57,5.0
95,57,4.0
96,57,2.0
97,57,5.0
98,57,5.0
99,57,5.0
100,57,3.0
1,58,6.0
2,58,6.0
3,58,5.0
4,58,5.0
5,58,4.0
6,58,6.0
7,58,3.0
8,58,4.0
9,58,2.0
10,58,5.0
11,58,2.0
12,58,4.0
13,58,5.0
14,58,8.0
15,58,7.0
16,58,5.0
17,58,7.0
18,58,7.0
19,58,7.0
20,58,7.0
21,58,6.0
22,58,6.0
23,58,4.0
24,58,3.0
25,58,2.0
26,58,1.0
27,58,1.0
28,58,0.0
29,58,0.0
30,58,1.0
31,58,1.0
32,58,0.0
33,58,0.0
34,58,0.0
35,58,0.0
36,58,3.0
37,58,5.0
38,58,3.0
39,58,3.0
40,58,6.0
41,58,8.0
42,58,6.0
43,58,5.0
44,58,7.0
45,58,9.0
46,58,9.0
47,58,9.0
48,58,8.0
49,58,9.0
50,58,8.0
51,58,8.0
52,58,3.0
53,58,9.0
54,58,9.0
55,58,8.0
56,58,9.0
57,58,8.0
58,58,8.0
59,58,8.0
60,58,8.0
61,58,8.0
62,58,8.0
63,58,8.0
64,58,8.0
65,58,8.0
66,58,8.0
67,58,8.0
68,58,8.0
69,58,7.0
70,58,8.0
71,58,7.0
72,58,8.0
73,58,8.0
74,58,7.0
75,58,5.0
76,58,5.0
77,58,3.0
78,58,1.0
79,58,2.0
80,58,4.0
81,58,3.0
82,58,4.0
83,58,2.0
84,58,1.0
85,58,3.0
86,58,2.0
87,58,4.0
88,58,6.0
89,58,5.0
90,58,6.0
91,58,5.0
92,58,5.0
93,58,3.0
94,58,2.0
95,58,3.0
96,58,4.0
97,58,5.0
98,58,4.0
99,58,5.0
100,58,4.0
1,59,3.0
2,59,7.0
3,59,4.0
4,59,3.0
5,59,2.0
6,59,2.0
7,59,3.0
8,59,5.0
9,59,1.0
10,59,0.0
11,59,2.0
12,59,5.0
13,59,4.0
14,59,7.0
15,59,8.0
16,59,7.0
17,59,7.0
18,59,6.0
19,59,6.0
20,59,6.0
21,59,6.0
22,59,6.0
23,59,3.0
24,59,3.0
25,59,4.0
26,59,1.0
27,59,0.0
28,59,0.0
29,59,0.0
30,59,1.0
31,59,2.0
32,59,1.0
33,59,0.0
34,59,0.0
35,59,1.0
36,59,6.0
37,59,7.0
38,59,3.0
39,59,3.0
40,59,5.0
41,59,5.0
42,59,6.0
43,59,5.0
44,59,8.0
45,59,8.0
46,59,9.0
47,59,9.0
48,59,8.0
49,59,8.0
50,59,9.0
51,59,8.0
52,59,8.0
53,59,8.0
54,59,9.0
55,59,8.0
56,59,8.0
57,59,8.0
58,59,8.0
59,59,8.0
60,59,8.0
61,59,8.0
62,59,8.0
63,59,8.0
64,59,8.0
65,59,8.0
66,59,8.0
67,59,8.0
68,59,8.0
69,59,8.0
70,59,9.0
71,59,7.0
72,59,7.0
73,59,7.0
74,59,5.0
75,59,5.0
76,59,5.0
77,59,2.0
78,59,2.0
79,59,2.0
80,59,2.0
81,59,5.0
82,59,6.0
83,59,2.0
84,59,1.0
85,59,2.0
86,59,4.0
87,59,5.0
88,59,4.0
89,59,5.0
90,59,4.0
91,59,4.0
92,59,2.0
93,59,1.0
94,59,6.0
95,59,5.0
96,59,5.0
97,59,6.0
98,59,4.0
99,59,3.0
100,59,5.0
1,60,3.0
2,60,7.0
3,60,3.0
4,60,1.0
5,60,3.0
6,60,1.0
7,60,3.0
8,60,3.0
9,60,0.0
10,60,0.0
11,60,0.0
12,60,2.0
13,60,3.0
14,60,6.0
15,60,6.0
16,60,7.0
17,60,5.0
18,60,6.0
19,60,4.0
20,60,4.0
21,60,6.0
22,60,5.0
23,60,3.0
24,60,1.0
25,60,1.0
26,60,0.0
27,60,1.0
28,60,0.0
29,60,2.0
30,60,1.0
31,60,1.0
32,60,0.0
33,60,0.0
34,60,2.0
35,60,1.0
36,60,4.0
37,60,4.0
38,60,6.0
39,60,7.0
40,60,6.0
41,60,5.0
42,60,5.0
43,60,3.0
44,60,7.0
45,60,8.0
46,60,8.0
47,60,8.0
48,60,8.0
49,60,8.0
50,60,9.0
51,60,8.0
52,60,7.0
53,60,3.0
54,60,2.0
55,60,3.0
56,60,7.0
57,60,8.0
58,60,8.0
59,60,8.0
60,60,8.0
61,60,8.0
62,60,8.0
63,60,8.0
64,60,8.0
65,60,8.0
66,60,8.0
67,60,8.0
68,60,8.0
69,60,9.0
70,60,8.0
71,60,9.0
72,60,7.0
73,60,7.0
74,60,6.0
75,60,6.0
76,60,5.0
77,60,4.0
78,60,3.0
79,60,3.0
80,60,2.0
81,60,5.0
82,60,3.0
83,60,2.0
84,60,0.0
85,60,1.0
86,60,5.0
87,60,6.0
88,60,1.0
89,60,4.0
90,60,0.0
91,60,2.0
92,60,1.0
93,60,2.0
94,60,5.0
95,60,7.0
96,60,7.0
97,60,7.0
98,60,5.0
99,60,5.0
100,60,5.0
1,61,4.0
2,61,3.0
3,61,4.0
4,61,2.0
5,61,3.0
6,61,2.0
7,61,1.0
8,61,0.0
9,61,0.0
10,61,0.0
11,61,0.0
12,61,3.0
13,61,6.0
14,61,5.0
15,61,6.0
16,61,5.0
17,61,6.0
18,61,6.0
19,61,6.0
20,61,6.0
21,61,5.0
22,61,6.0
23,61,6.0
24,61,4.0
25,61,4.0
26,61,1.0
27,61,4.0
28,61,0.0
29,61,1.0
30,61,1.0
31,61,1.0
32,61,1.0
33,61,1.0
34,61,3.0
35,61,3.0
36,61,6.0
37,61,6.0
38,61,4.0
39,61,5.0
40,61,6.0
41,61,5.0
42,61,4.0
43,61,5.0
44,61,8.0
45,61,8.0
46,61,8.0
47,61,8.0
48,61,8.0
49,61,8.0
50,61,8.0
51,61,8.0
52,61,7.0
53,61,7.0
54,61,2.0
55,61,2.0
56,61,3.0
57,61,4.0
58,61,3.0
59,61,7.0
60,61,8.0
61,61,9.0
62,61,8.0
63,61,8.0
64,61,8.0
65,61,8.0
66,61,8.0
67,61,8.0
68,61,8.0
69,61,8.0
70,61,8.0
71,61,8.0
72,61,9.0
73,61,7.0
74,61,6.0
75,61,6.0
76,61,6.0
77,61,5.0
78,61,4.0
79,61,3.0
80,61,2.0
81,61,4.0
82,61,2.0
83,61,3.0
84,61,1.0
85,61,1.0
86,61,1.0
87,61,2.0
88,61,1.0
89,61,2.0
90,61,3.0
91,61,5.0
92,61,3.0
93,61,3.0
94,61,6.0
95,61,6.0
96,61,8.0
97,61,8.0
98,61,7.0
99,61,6.0
100,61,5.0
1,62,4.0
2,62,2.0
3,62,4.0
4,62,5.0
5,62,3.0
6,62,1.0
7,62,0.0
8,62,0.0
9,62,0.0
10,62,0.0
11,62,1.0
12,62,3.0
13,62,4.0
14,62,5.0
15,62,7.0
16,62,7.0
17,62,7.0
18,62,7.0
19,62,6.0
20,62,7.0
21,62,6.0
22,62,6.0
23,62,3.0
24,62,6.0
25,62,2.0
26,62,4.0
27,62,4.0
28,62,4.0
29,62,2.0
30,62,2.0
31,62,1.0
32,62,1.0
33,62,1.0
34,62,3.0
35,62,5.0
36,62,7.0
37,62,7.0
38,62,7.0
39,62,8.0
40,62,7.0
41,62,7.0
42,62,8.0
43,62,3.0
44,62,8.0
45,62,8.0
46,62,8.0
47,62,8.0
48,62,8.0
49,62,8.0
50,62,8.0
51,62,8.0
52,62,8.0
53,62,6.0
54,62,3.0
55,62,4.0
56,62,4.0
57,62,5.0
58,62,4.0
59,62,3.0
60,62,2.0
61,62,1.0
62,62,7.0
63,62,8.0
64,62,8.0
65,62,8.0
66,62,8.0
67,62,8.0
68,62,8.0
69,62,8.0
70,62,8.0
71,62,8.0
72,62,9.0
73,62,8.0
74,62,4.0
75,62,6.0
76,62,5.0
77,62,5.0
78,62,5.0
79,62,5.0
80,62,2.0
81,62,2.0
82,62,0.0
83,62,2.0
84,62,3.0
85,62,0.0
86,62,1.0
87,62,2.0
88,62,1.0
89,62,2.0
90,62,5.0
91,62,6.0
92,62,5.0
93,62,3.0
94,62,6.0
95,62,8.0
96,62,8.0
97,62,8.0
98,62,7.0
99,62,7.0
100,62,7.0
1,63,3.0
2,63,1.0
3,63,3.0
4,63,1.0
5,63,1.0
6,63,1.0
7,63,2.0
8,63,1.0
9,63,0.0
10,63,1.0
11,63,3.0
12,63,2.0
13,63,3.0
14,63,5.0
15,63,6.0
16,63,6.0
17,63,6.0
18,63,7.0
19,63,6.0
20,63,7.0
21,63,6.0
22,63,6.0
23,63,4.0
24,63,5.0
25,63,4.0
26,63,3.0
27,63,2.0
28,63,2.0
29,63,5.0
30,63,1.0
31,63,2.0
32,63,2.0
33,63,4.0
34,63,5.0
35,63,6.0
36,63,8.0
37,63,8.0
38,63,7.0
39,63,8.0
40,63,7.0
41,63,8.0
42,63,8.0
43,63,8.0
44,63,8.0
45,63,8.0
46,63,8.0
47,63,8.0
48,63,8.0
49,63,8.0
50,63,8.0
51,63,9.0
52,63,8.0
53,63,5.0
54,63,4.0
55,63,2.0
56,63,2.0
57,63,2.0
58,63,5.0
59,63,3.0
60,63,2.0
61,63,2.0
62,63,2.0
63,63,7.0
64,63,8.0
65,63,8.0
66,63,8.0
67,63,8.0
68,63,8.0
69,63,8.0
70,63,8.0
71,63,8.0
72,63,8.0
73,63,8.0
74,63,4.0
75,63,5.0
76,63,4.0
77,63,7.0
78,63,5.0
79,63,4.0
80,63,2.0
81,63,2.0
82,63,3.0
83,63,1.0
84,63,3.0
85,63,0.0
86,63,0.0
87,63,2.0
88,63,1.0
89,63,4.0
90,63,5.0
91,63,7.0
92,63,6.0
93,63,6.0
94,63,5.0
95,63,7.0
96,63,8.0
97,63,8.0
98,63,7.0
99,63,6.0
100,63,6.0
1,64,6.0
2,64,2.0
3,64,2.0
4,64,1.0
5,64,0.0
6,64,0.0
7,64,1.0
8,64,1.0
9,64,1.0
10,64,1.0
11,64,1.0
12,64,0.0
13,64,2.0
14,64,5.0
15,64,5.0
16,64,3.0
17,64,4.0
18,64,5.0
19,64,6.0
20,64,7.0
21,64,6.0
22,64,7.0
23,64,7.0
24,64,5.0
25,64,1.0
26,64,3.0
27,64,3.0
28,64,4.0
29,64,6.0
30,64,5.0
31,64,5.0
32,64,4.0
33,64,6.0
34,64,7.0
35,64,7.0
36,64,8.0
37,64,8.0
38,64,8.0
39,64,8.0
40,64,8.0
41,64,8.0
42,64,8.0
43,64,8.0
44,64,8.0
45,64,8.0
46,64,8.0
47,64,8.0
48,64,8.0
49,64,8.0
50,64,8.0
51,64,8.0
52,64,8.0
53,64,8.0
54,64,2.0
55,64,1.0
56,64,2.0
57,64,1.0
58,64,2.0
59,64,3.0
60,64,1.0
61,64,0.0
62,64,3.0
63,64,7.0
64,64,9.0
65,64,8.0
66,64,8.0
67,64,8.0
68,64,8.0
69,64,8.0
70,64,8.0
71,64,8.0
72,64,8.0
73,64,8.0
74,64,1.0
75,64,3.0
76,64,3.0
77,64,5.0
78,64,6.0
79,64,5.0
80,64,1.0
81,64,0.0
82,64,1.0
83,64,2.0
84,64,2.0
85,64,0.0
86,64,0.0
87,64,0.0
88,64,1.0
89,64,4.0
90,64,4.0
91,64,7.0
92,64,6.0
93,64,5.0
94,64,7.0
95,64,8.0
96,64,7.0
97,64,8.0
98,64,8.0
99,64,5.0
100,64,3.0
1,65,3.0
2,65,1.0
3,65,1.0
4,65,3.0
5,65,1.0
6,65,0.0
7,65,1.0
8,65,4.0
9,65,3.0
10,65,6.0
11,65,4.0
12,65,1.0
13,65,2.0
14,65,4.0
15,65,7.0
16,65,3.0
17,65,4.0
18,65,6.0
19,65,7.0
20,65,7.0
21,65,6.0
22,65,6.0
23,65,7.0
24,65,7.0
25,65,5.0
26,65,2.0
27,65,5.0
28,65,4.0
29,65,7.0
30,65,4.0
31,65,4.0
32,65,4.0
33,65,3.0
34,65,7.0
35,65,6.0
36,65,7.0
37,65,8.0
38,65,8.0
39,65,8.0
40,65,8.0
41,65,8.0
42,65,8.0
43,65,8.0
44,65,8.0
45,65,8.0
46,65,8.0
47,65,8.0
48,65,8.0
49,65,8.0
50,65,8.0
51,65,8.0
52,65,8.0
53,65,8.0
54,65,3.0
55,65,1.0
56,65,1.0
57,65,1.0
58,65,2.0
59,65,2.0
60,65,0.0
61,65,0.0
62,65,0.0
63,65,3.0
64,65,7.0
65,65,8.0
66,65,8.0
67,65,8.0
68,65,8.0
69,65,9.0
70,65,9.0
71,65,8.0
72,65,9.0
73,65,7.0
74,65,1.0
75,65,2.0
76,65,1.0
77,65,4.0
78,65,5.0
79,65,6.0
80,65,4.0
81,65,1.0
82,65,1.0
83,65,1.0
84,65,3.0
85,65,1.0
86,65,1.0
87,65,2.0
88,65,6.0
89,65,6.0
90,65,8.0
91,65,7.0
92,65,8.0
93,65,8.0
94,65,8.0
95,65,8.0
96,65,8.0
97,65,8.0
98,65,7.0
99,65,3.0
100,65,2.0
1,66,0.0
2,66,0.0
3,66,0.0
4,66,1.0
5,66,0.0
6,66,1.0
7,66,2.0
8,66,5.0
9,66,3.0
10,66,4.0
11,66,7.0
12,66,2.0
13,66,3.0
14,66,4.0
15,66,6.0
16,66,3.0
17,66,5.0
18,66,3.0
19,66,6.0
20,66,3.0
21,66,2.0
22,66,4.0
23,66,6.0
24,66,6.0
25,66,2.0
26,66,2.0
27,66,4.0
28,66,5.0
29,66,6.0
30,66,3.0
31,66,1.0
32,66,4.0
33,66,6.0
34,66,7.0
35,66,5.0
36,66,6.0
37,66,6.0
38,66,7.0
39,66,7.0
40,66,7.0
41,66,7.0
42,66,7.0
43,66,7.0
44,66,7.0
45,66,7.0
46,66,8.0
47,66,8.0
48,66,8.0
49,66,8.0
50,66,8.0
51,66,9.0
52,66,8.0
53,66,8.0
54,66,7.0
55,66,3.0
56,66,3.0
57,66,2.0
58,66,0.0
59,66,0.0
60,66,0.0
61,66,2.0
62,66,1.0
63,66,1.0
64,66,7.0
65,66,8.0
66,66,8.0
67,66,8.0
68,66,8.0
69,66,8.0
70,66,9.0
71,66,9.0
72,66,8.0
73,66,3.0
74,66,3.0
75,66,3.0
76,66,2.0
77,66,2.0
78,66,3.0
79,66,3.0
80,66,3.0
81,66,3.0
82,66,2.0
83,66,2.0
84,66,2.0
85,66,2.0
86,66,3.0
87,66,4.0
88,66,4.0
89,66,6.0
90,66,8.0
91,66,8.0
92,66,8.0
93,66,8.0
94,66,8.0
95,66,8.0
96,66,7.0
97,66,6.0
98,66,4.0
99,66,1.0
100,66,1.0
1,67,0.0
2,67,0.0
3,67,0.0
4,67,0.0
5,67,0.0
6,67,0.0
7,67,1.0
8,67,3.0
9,67,4.0
10,67,4.0
11,67,4.0
12,67,5.0
13,67,4.0
14,67,1.0
15,67,1.0
16,67,4.0
17,67,3.0
18,67,3.0
19,67,2.0
20,67,5.0
21,67,1.0
22,67,5.0
23,67,6.0
24,67,3.0
25,67,0.0
26,67,2.0
27,67,4.0
28,67,4.0
29,67,3.0
30,67,2.0
31,67,2.0
32,67,2.0
33,67,5.0
34,67,7.0
35,67,6.0
36,67,4.0
37,67,6.0
38,67,5.0
39,67,5.0
40,67,5.0
41,67,5.0
42,67,5.0
43,67,5.0
44,67,5.0
45,67,5.0
46,67,8.0
47,67,8.0
48,67,8.0
49,67,8.0
50,67,8.0
51,67,8.0
52,67,8.0
53,67,8.0
54,67,7.0
55,67,5.0
56,67,1.0
57,67,1.0
58,67,0.0
59,67,0.0
60,67,0.0
61,67,0.0
62,67,1.0
63,67,1.0
64,67,6.0
65,67,8.0
66,67,8.0
67,67,8.0
68,67,8.0
69,67,9.0
70,67,9.0
71,67,9.0
72,67,2.0
73,67,6.0
74,67,4.0
75,67,6.0
76,67,4.0
77,67,2.0
78,67,4.0
79,67,2.0
80,67,3.0
81,67,3.0
82,67,2.0
83,67,2.0
84,67,2.0
85,67,4.0
86,67,4.0
87,67,2.0
88,67,6.0
89,67,7.0
90,67,8.0
91,67,8.0
92,67,8.0
93,67,7.0
94,67,8.0
95,67,7.0
96,67,6.0
97,67,6.0
98,67,2.0
99,67,2.0
100,67,2.0
1,68,0.0
2,68,0.0
3,68,0.0
4,68,0.0
5,68,0.0
6,68,0.0
7,68,2.0
8,68,4.0
9,68,5.0
10,68,4.0
11,68,5.0
12,68,4.0
13,68,4.0
14,68,5.0
15,68,6.0
16,68,4.0
17,68,2.0
18,68,1.0
19,68,3.0
20,68,3.0
21,68,2.0
22,68,3.0
23,68,3.0
24,68,1.0
25,68,0.0
26,68,1.0
27,68,4.0
28,68,3.0
29,68,3.0
30,68,0.0
31,68,1.0
32,68,1.0
33,68,4.0
34,68,7.0
35,68,7.0
36,68,6.0
37,68,7.0
38,68,7.0
39,68,7.0
40,68,7.0
41,68,7.0
42,68,7.0
43,68,7.0
44,68,7.0
45,68,7.0
46,68,8.0
47,68,8.0
48,68,8.0
49,68,8.0
50,68,8.0
51,68,8.0
52,68,8.0
53,68,8.0
54,68,8.0
55,68,1.0
56,68,1.0
57,68,0.0
58,68,0.0
59,68,0.0
60,68,0.0
61,68,0.0
62,68,1.0
63,68,1.0
64,68,8.0
65,68,8.0
66,68,8.0
67,68,8.0
68,68,8.0
69,68,8.0
70,68,9.0
71,68,7.0
72,68,3.0
73,68,5.0
74,68,4.0
75,68,5.0
76,68,3.0
77,68,5.0
78,68,4.0
79,68,6.0
80,68,4.0
81,68,5.0
82,68,3.0
83,68,4.0
84,68,6.0
85,68,5.0
86,68,3.0
87,68,2.0
88,68,7.0
89,68,7.0
90,68,7.0
91,68,8.0
92,68,8.0
93,68,7.0
94,68,7.0
95,68,7.0
96,68,5.0
97,68,4.0
98,68,3.0
99,68,2.0
100,68,1.0
1,69,0.0
2,69,0.0
3,69,0.0
4,69,0.0
5,69,0.0
6,69,0.0
7,69,0.0
8,69,2.0
9,69,3.0
10,69,3.0
11,69,6.0
12,69,3.0
13,69,6.0
14,69,6.0
15,69,6.0
16,69,5.0
17,69,1.0
18,69,0.0
19,69,2.0
20,69,4.0
21,69,5.0
22,69,5.0
23,69,2.0
24,69,2.0
25,69,3.0
26,69,2.0
27,69,4.0
28,69,4.0
29,69,5.0
30,69,0.0
31,69,0.0
32,69,1.0
33,69,6.0
34,69,7.0
35,69,7.0
36,69,7.0
37,69,7.0
38,69,7.0
39,69,8.0
40,69,8.0
41,69,8.0
42,69,8.0
43,69,8.0
44,69,8.0
45,69,8.0
46,69,8.0
47,69,8.0
48,69,8.0
49,69,8.0
50,69,8.0
51,69,8.0
52,69,8.0
53,69,8.0
54,69,8.0
55,69,2.0
56,69,0.0
57,69,0.0
58,69,0.0
59,69,0.0
60,69,0.0
61,69,0.0
62,69,0.0
63,69,0.0
64,69,8.0
65,69,8.0
66,69,8.0
67,69,8.0
68,69,8.0
69,69,8.0
70,69,9.0
71,69,5.0
72,69,4.0
73,69,5.0
74,69,5.0
75,69,3.0
76,69,3.0
77,69,4.0
78,69,5.0
79,69,6.0
80,69,7.0
81,69,6.0
82,69,6.0
83,69,4.0
84,69,5.0
85,69,2.0
86,69,4.0
87,69,4.0
88,69,6.0
89,69,7.0
90,69,7.0
91,69,7.0
92,69,7.0
93,69,7.0
94,69,6.0
95,69,7.0
96,69,4.0
97,69,5.0
98,69,2.0
99,69,2.0
100,69,2.0
1,70,0.0
2,70,0.0
3,70,0.0
4,70,0.0
5,70,0.0
6,70,0.0
7,70,0.0
8,70,0.0
9,70,2.0
10,70,3.0
11,70,4.0
12,70,4.0
13,70,2.0
14,70,3.0
15,70,3.0
16,70,3.0
17,70,1.0
18,70,0.0
19,70,2.0
20,70,2.0
21,70,2.0
22,70,2.0
23,70,2.0
24,70,2.0
25,70,2.0
26,70,4.0
27,70,4.0
28,70,4.0
29,70,3.0
30,70,1.0
31,70,1.0
32,70,3.0
33,70,5.0
34,70,5.0
35,70,7.0
36,70,6.0
37,70,7.0
38,70,8.0
39,70,8.0
40,70,8.0
41,70,8.0
42,70,8.0
43,70,8.0
44,70,8.0
45,70,8.0
46,70,8.0
47,70,8.0
48,70,8.0
49,70,8.0
50,70,8.0
51,70,8.0
52,70,8.0
53,70,8.0
54,70,8.0
55,70,7.0
56,70,2.0
57,70,0.0
58,70,0.0
59,70,0.0
60,70,0.0
61,70,0.0
62,70,0.0
63,70,7.0
64,70,8.0
65,70,9.0
66,70,8.0
67,70,8.0
68,70,8.0
69,70,8.0
70,70,4.0
71,70,5.0
72,70,4.0
73,70,6.0
74,70,6.0
75,70,5.0
76,70,2.0
77,70,3.0
78,70,7.0
79,70,4.0
80,70,6.0
81,70,6.0
82,70,5.0
83,70,7.0
84,70,7.0
85,70,5.0
86,70,4.0
87,70,6.0
88,70,6.0
89,70,7.0
90,70,7.0
91,70,8.0
92,70,7.0
93,70,8.0
94,70,7.0
95,70,8.0
96,70,7.0
97,70,5.0
98,70,1.0
99,70,2.0
100,70,3.0
1,71,1.0
2,71,0.0
3,71,0.0
4,71,0.0
5,71,0.0
6,71,0.0
7,71,0.0
8,71,0.0
9,71,0.0
10,71,1.0
11,71,5.0
12,71,4.0
13,71,3.0
14,71,3.0
15,71,0.0
16,71,1.0
17,71,2.0
18,71,2.0
19,71,2.0
20,71,1.0
21,71,3.0
22,71,3.0
23,71,3.0
24,71,3.0
25,71,4.0
26,71,5.0
27,71,4.0
28,71,3.0
29,71,3.0
30,71,1.0
31,71,1.0
32,71,1.0
33,71,4.0
34,71,7.0
35,71,7.0
36,71,7.0
37,71,7.0
38,71,8.0
39,71,8.0
40,71,8.0
41,71,8.0
42,71,8.0
43,71,8.0
44,71,8.0
45,71,8.0
46,71,6.0
47,71,8.0
48,71,8.0
49,71,8.0
50,71,8.0
51,71,8.0
52,71,8.0
53,71,8.0
54,71,8.0
55,71,7.0
56,71,2.0
57,71,0.0
58,71,0.0
59,71,0.0
60,71,0.0
61,71,0.0
62,71,8.0
63,71,8.0
64,71,8.0
65,71,8.0
66,71,8.0
67,71,8.0
68,71,9.0
69,71,4.0
70,71,3.0
71,71,5.0
72,71,6.0
73,71,4.0
74,71,4.0
75,71,3.0
76,71,1.0
77,71,1.0
78,71,7.0
79,71,7.0
80,71,5.0
81,71,7.0
82,71,5.0
83,71,6.0
84,71,3.0
85,71,4.0
86,71,6.0
87,71,7.0
88,71,7.0
89,71,7.0
90,71,7.0
91,71,7.0
92,71,6.0
93,71,8.0
94,71,7.0
95,71,7.0
96,71,7.0
97,71,7.0
98,71,5.0
99,71,3.0
100,71,4.0
1,72,3.0
2,72,0.0
3,72,0.0
4,72,0.0
5,72,0.0
6,72,0.0
7,72,0.0
8,72,0.0
9,72,0.0
10,72,2.0
11,72,4.0
12,72,2.0
13,72,3.0
14,72,4.0
15,72,1.0
16,72,0.0
17,72,0.0
18,72,0.0
19,72,1.0
20,72,1.0
21,72,2.0
22,72,3.0
23,72,4.0
24,72,3.0
25,72,5.0
26,72,6.0
27,72,5.0
28,72,3.0
29,72,3.0
30,72,0.0
31,72,0.0
32,72,2.0
33,72,6.0
34,72,7.0
35,72,7.0
36,72,7.0
37,72,8.0
38,72,8.0
39,72,8.0
40,72,8.0
41,72,8.0
42,72,7.0
43,72,7.0
44,72,7.0
45,72,7.0
46,72,7.0
47,72,8.0
48,72,8.0
49,72,8.0
50,72,8.0
51,72,8.0
52,72,8.0
53,72,8.0
54,72,8.0
55,72,8.0
56,72,2.0
57,72,0.0
58,72,1.0
59,72,1.0
60,72,1.0
61,72,0.0
62,72,8.0
63,72,8.0
64,72,8.0
65,72,8.0
66,72,8.0
67,72,8.0
68,72,8.0
69,72,4.0
70,72,4.0
71,72,5.0
72,72,2.0
73,72,3.0
74,72,2.0
75,72,3.0
76,72,0.0
77,72,2.0
78,72,6.0
79,72,6.0
80,72,6.0
81,72,7.0
82,72,6.0
83,72,7.0
84,72,6.0
85,72,5.0
86,72,6.0
87,72,6.0
88,72,7.0
89,72,7.0
90,72,7.0
91,72,8.0
92,72,7.0
93,72,7.0
94,72,7.0
95,72,7.0
96,72,7.0
97,72,7.0
98,72,6.0
99,72,7.0
100,72,6.0
1,73,0.0
2,73,0.0
3,73,0.0
4,73,0.0
5,73,0.0
6,73,0.0
7,73,0.0
8,73,0.0
9,73,0.0
10,73,0.0
11,73,0.0
12,73,1.0
13,73,1.0
14,73,0.0
15,73,0.0
16,73,0.0
17,73,0.0
18,73,0.0
19,73,0.0
20,73,0.0
21,73,1.0
22,73,5.0
23,73,6.0
24,73,5.0
25,73,5.0
26,73,6.0
27,73,6.0
28,73,7.0
29,73,4.0
30,73,2.0
31,73,2.0
32,73,3.0
33,73,5.0
34,73,6.0
35,73,5.0
36,73,7.0
37,73,8.0
38,73,8.0
39,73,8.0
40,73,8.0
41,73,8.0
42,73,7.0
43,73,7.0
44,73,8.0
45,73,7.0
46,73,7.0
47,73,8.0
48,73,8.0
49,73,8.0
50,73,8.0
51,73,8.0
52,73,8.0
53,73,8.0
54,73,8.0
55,73,8.0
56,73,2.0
57,73,0.0
58,73,1.0
59,73,1.0
60,73,2.0
61,73,8.0
62,73,8.0
63,73,8.0
64,73,8.0
65,73,8.0
66,73,8.0
67,73,8.0
68,73,1.0
69,73,6.0
70,73,5.0
71,73,6.0
72,73,6.0
73,73,3.0
74,73,4.0
75,73,1.0
76,73,1.0
77,73,3.0
78,73,4.0
79,73,4.0
80,73,7.0
81,73,7.0
82,73,6.0
83,73,7.0
84,73,8.0
85,73,7.0
86,73,7.0
87,73,7.0
88,73,6.0
89,73,6.0
90,73,7.0
91,73,8.0
92,73,8.0
93,73,8.0
94,73,7.0
95,73,6.0
96,73,6.0
97,73,5.0
98,73,7.0
99,73,7.0
100,73,6.0
1,74,0.0
2,74,0.0
3,74,0.0
4,74,0.0
5,74,1.0
6,74,0.0
7,74,0.0
8,74,0.0
9,74,0.0
10,74,0.0
11,74,0.0
12,74,0.0
13,74,0.0
14,74,1.0
15,74,0.0
16,74,0.0
17,74,0.0
18,74,0.0
19,74,0.0
20,74,2.0
21,74,1.0
22,74,3.0
23,74,5.0
24,74,4.0
25,74,3.0
26,74,5.0
27,74,5.0
28,74,6.0
29,74,4.0
30,74,3.0
31,74,2.0
32,74,4.0
33,74,2.0
34,74,5.0
35,74,7.0
36,74,7.0
37,74,5.0
38,74,6.0
39,74,7.0
40,74,7.0
41,74,8.0
42,74,8.0
43,74,6.0
44,74,7.0
45,74,7.0
46,74,7.0
47,74,8.0
48,74,8.0
49,74,8.0
50,74,8.0
51,74,8.0
52,74,8.0
53,74,8.0
54,74,8.0
55,74,8.0
56,74,1.0
57,74,0.0
58,74,1.0
59,74,1.0
60,74,8.0
61,74,8.0
62,74,8.0
63,74,8.0
64,74,8.0
65,74,8.0
66,74,4.0
67,74,6.0
68,74,5.0
69,74,5.0
70,74,4.0
71,74,4.0
72,74,3.0
73,74,2.0
74,74,5.0
75,74,4.0
76,74,2.0
77,74,5.0
78,74,5.0
79,74,4.0
80,74,5.0
81,74,7.0
82,74,5.0
83,74,6.0
84,74,7.0
85,74,8.0
86,74,7.0
87,74,6.0
88,74,7.0
89,74,7.0
90,74,8.0
91,74,7.0
92,74,8.0
93,74,8.0
94,74,8.0
95,74,7.0
96,74,7.0
97,74,5.0
98,74,7.0
99,74,7.0
100,74,6.0
1,75,0.0
2,75,0.0
3,75,2.0
4,75,2.0
5,75,0.0
6,75,0.0
7,75,0.0
8,75,0.0
9,75,0.0
10,75,0.0
11,75,0.0
12,75,0.0
13,75,0.0
14,75,0.0
15,75,0.0
16,75,0.0
17,75,0.0
18,75,0.0
19,75,0.0
20,75,1.0
21,75,3.0
22,75,6.0
23,75,7.0
24,75,6.0
25,75,5.0
26,75,4.0
27,75,5.0
28,75,5.0
29,75,3.0
30,75,6.0
31,75,2.0
32,75,2.0
33,75,3.0
34,75,6.0
35,75,7.0
36,75,7.0
37,75,7.0
38,75,7.0
39,75,6.0
40,75,6.0
41,75,7.0
42,75,8.0
43,75,7.0
44,75,7.0
45,75,7.0
46,75,5.0
47,75,8.0
48,75,8.0
49,75,8.0
50,75,8.0
51,75,8.0
52,75,8.0
53,75,8.0
54,75,8.0
55,75,8.0
56,75,0.0
57,75,0.0
58,75,0.0
59,75,8.0
60,75,8.0
61,75,8.0
62,75,8.0
63,75,8.0
64,75,8.0
65,75,8.0
66,75,3.0
67,75,6.0
68,75,6.0
69,75,4.0
70,75,4.0
71,75,6.0
72,75,6.0
73,75,5.0
74,75,6.0
75,75,6.0
76,75,4.0
77,75,6.0
78,75,5.0
79,75,7.0
80,75,7.0
81,75,7.0
82,75,5.0
83,75,6.0
84,75,8.0
85,75,7.0
86,75,8.0
87,75,7.0
88,75,7.0
89,75,7.0
90,75,8.0
91,75,8.0
92,75,8.0
93,75,8.0
94,75,8.0
95,75,8.0
96,75,7.0
97,75,5.0
98,75,5.0
99,75,6.0
100,75,6.0
1,76,0.0
2,76,1.0
3,76,0.0
4,76,0.0
5,76,0.0
6,76,0.0
7,76,0.0
8,76,0.0
9,76,0.0
10,76,0.0
11,76,0.0
12,76,0.0
13,76,0.0
14,76,0.0
15,76,0.0
16,76,0.0
17,76,0.0
18,76,0.0
19,76,0.0
20,76,1.0
21,76,4.0
22,76,5.0
23,76,7.0
24,76,7.0
25,76,6.0
26,76,5.0
27,76,4.0
28,76,3.0
29,76,2.0
30,76,4.0
31,76,2.0
32,76,1.0
33,76,0.0
34,76,2.0
35,76,5.0
36,76,6.0
37,76,7.0
38,76,6.0
39,76,6.0
40,76,6.0
41,76,7.0
42,76,8.0
43,76,8.0
44,76,6.0
45,76,7.0
46,76,5.0
47,76,8.0
48,76,8.0
49,76,8.0
50,76,8.0
51,76,8.0
52,76,8.0
53,76,8.0
54,76,7.0
55,76,8.0
56,76,1.0
57,76,0.0
58,76,8.0
59,76,8.0
60,76,8.0
61,76,8.0
62,76,8.0
63,76,8.0
64,76,7.0
65,76,1.0
66,76,4.0
67,76,7.0
68,76,8.0
69,76,6.0
70,76,6.0
71,76,6.0
72,76,6.0
73,76,3.0
74,76,5.0
75,76,5.0
76,76,4.0
77,76,7.0
78,76,7.0
79,76,7.0
80,76,7.0
81,76,8.0
82,76,7.0
83,76,7.0
84,76,5.0
85,76,7.0
86,76,6.0
87,76,7.0
88,76,7.0
89,76,8.0
90,76,8.0
91,76,8.0
92,76,8.0
93,76,8.0
94,76,8.0
95,76,7.0
96,76,5.0
97,76,5.0
98,76,4.0
99,76,5.0
100,76,7.0
1,77,1.0
2,77,0.0
3,77,0.0
4,77,0.0
5,77,0.0
6,77,1.0
7,77,1.0
8,77,0.0
9,77,0.0
10,77,0.0
11,77,0.0
12,77,0.0
13,77,0.0
14,77,0.0
15,77,0.0
16,77,0.0
17,77,0.0
18,77,0.0
19,77,1.0
20,77,2.0
21,77,2.0
22,77,5.0
23,77,7.0
24,77,7.0
25,77,7.0
26,77,5.0
27,77,6.0
28,77,5.0
29,77,1.0
30,77,2.0
31,77,1.0
32,77,1.0
33,77,1.0
34,77,3.0
35,77,4.0
36,77,6.0
37,77,5.0
38,77,6.0
39,77,4.0
40,77,8.0
41,77,6.0
42,77,6.0
43,77,4.0
44,77,6.0
45,77,5.0
46,77,7.0
47,77,8.0
48,77,8.0
49,77,8.0
50,77,8.0
51,77,8.0
52,77,8.0
53,77,8.0
54,77,8.0
55,77,1.0
56,77,0.0
57,77,8.0
58,77,8.0
59,77,8.0
60,77,8.0
61,77,8.0
62,77,8.0
63,77,8.0
64,77,1.0
65,77,3.0
66,77,3.0
67,77,6.0
68,77,7.0
69,77,7.0
70,77,6.0
71,77,6.0
72,77,6.0
73,77,6.0
74,77,4.0
75,77,6.0
76,77,6.0
77,77,6.0
78,77,8.0
79,77,8.0
80,77,8.0
81,77,8.0
82,77,7.0
83,77,7.0
84,77,7.0
85,77,7.0
86,77,7.0
87,77,8.0
88,77,7.0
89,77,8.0
90,77,8.0
91,77,8.0
92,77,8.0
93,77,8.0
94,77,8.0
95,77,7.0
96,77,3.0
97,77,3.0
98,77,5.0
99,77,7.0
100,77,7.0
1,78,0.0
2,78,0.0
3,78,0.0
4,78,0.0
5,78,0.0
6,78,0.0
7,78,0.0
8,78,0.0
9,78,0.0
10,78,1.0
11,78,0.0
12,78,0.0
13,78,0.0
14,78,0.0
15,78,0.0
16,78,0.0
17,78,1.0
18,78,1.0
19,78,3.0
20,78,3.0
21,78,4.0
22,78,3.0
23,78,7.0
24,78,6.0
25,78,6.0
26,78,4.0
27,78,4.0
28,78,2.0
29,78,4.0
30,78,2.0
31,78,0.0
32,78,1.0
33,78,1.0
34,78,4.0
35,78,3.0
36,78,3.0
37,78,4.0
38,78,5.0
39,78,6.0
40,78,7.0
41,78,6.0
42,78,4.0
43,78,4.0
44,78,3.0
45,78,4.0
46,78,3.0
47,78,8.0
48,78,8.0
49,78,8.0
50,78,8.0
51,78,8.0
52,78,8.0
53,78,8.0
54,78,8.0
55,78,2.0
56,78,8.0
57,78,8.0
58,78,8.0
59,78,8.0
60,78,8.0
61,78,8.0
62,78,8.0
63,78,4.0
64,78,3.0
65,78,2.0
66,78,5.0
67,78,5.0
68,78,4.0
69,78,3.0
70,78,5.0
71,78,7.0
72,78,5.0
73,78,7.0
74,78,7.0
75,78,6.0
76,78,7.0
77,78,7.0
78,78,8.0
79,78,8.0
80,78,8.0
81,78,8.0
82,78,8.0
83,78,7.0
84,78,7.0
85,78,7.0
86,78,6.0
87,78,6.0
88,78,5.0
89,78,7.0
90,78,6.0
91,78,6.0
92,78,6.0
93,78,6.0
94,78,6.0
95,78,6.0
96,78,4.0
97,78,4.0
98,78,6.0
99,78,5.0
100,78,6.0
1,79,0.0
2,79,0.0
3,79,0.0
4,79,0.0
5,79,0.0
6,79,0.0
7,79,0.0
8,79,0.0
9,79,0.0
10,79,0.0
11,79,0.0
12,79,0.0
13,79,0.0
14,79,1.0
15,79,1.0
16,79,1.0
17,79,1.0
18,79,3.0
19,79,2.0
20,79,3.0
21,79,3.0
22,79,5.0
23,79,6.0
24,79,6.0
25,79,6.0
26,79,6.0
27,79,2.0
28,79,1.0
29,79,1.0
30,79,1.0
31,79,0.0
32,79,0.0
33,79,1.0
34,79,3.0
35,79,4.0
36,79,3.0
37,79,4.0
38,79,6.0
39,79,7.0
40,79,5.0
41,79,3.0
42,79,2.0
43,79,5.0
44,79,2.0
45,79,7.0
46,79,8.0
47,79,8.0
48,79,8.0
49,79,8.0
50,79,8.0
51,79,8.0
52,79,8.0
53,79,8.0
54,79,0.0
55,79,7.0
56,79,8.0
57,79,8.0
58,79,9.0
59,79,8.0
60,79,8.0
61,79,8.0
62,79,7.0
63,79,5.0
64,79,2.0
65,79,5.0
66,79,3.0
67,79,4.0
68,79,2.0
69,79,1.0
70,79,5.0
71,79,3.0
72,79,3.0
73,79,7.0
74,79,7.0
75,79,7.0
76,79,7.0
77,79,7.0
78,79,7.0
79,79,7.0
80,79,8.0
81,79,7.0
82,79,7.0
83,79,7.0
84,79,8.0
85,79,7.0
86,79,7.0
87,79,7.0
88,79,4.0
89,79,6.0
90,79,7.0
91,79,7.0
92,79,6.0
93,79,5.0
94,79,5.0
95,79,7.0
96,79,4.0
97,79,3.0
98,79,5.0
99,79,7.0
100,79,6.0
1,80,0.0
2,80,0.0
3,80,0.0
4,80,0.0
5,80,0.0
6,80,0.0
7,80,1.0
8,80,1.0
9,80,0.0
10,80,0.0
11,80,0.0
12,80,2.0
13,80,2.0
14,80,2.0
15,80,2.0
16,80,1.0
17,80,1.0
18,80,3.0
19,80,3.0
20,80,5.0
21,80,5.0
22,80,3.0
23,80,6.0
24,80,5.0
25,80,5.0
26,80,6.0
27,80,3.0
28,80,1.0
29,80,1.0
30,80,2.0
31,80,0.0
32,80,0.0
33,80,1.0
34,80,1.0
35,80,3.0
36,80,3.0
37,80,4.0
38,80,5.0
39,80,7.0
40,80,6.0
41,80,3.0
42,80,3.0
43,80,2.0
44,80,3.0
45,80,7.0
46,80,8.0
47,80,8.0
48,80,8.0
49,80,8.0
50,80,8.0
51,80,8.0
52,80,8.0
53,80,7.0
54,80,7.0
55,80,8.0
56,80,8.0
57,80,8.0
58,80,9.0
59,80,8.0
60,80,8.0
61,80,8.0
62,80,0.0
63,80,0.0
64,80,0.0
65,80,1.0
66,80,2.0
67,80,4.0
68,80,2.0
69,80,0.0
70,80,4.0
71,80,6.0
72,80,4.0
73,80,5.0
74,80,6.0
75,80,8.0
76,80,7.0
77,80,7.0
78,80,7.0
79,80,7.0
80,80,6.0
81,80,7.0
82,80,6.0
83,80,5.0
84,80,7.0
85,80,6.0
86,80,6.0
87,80,6.0
88,80,5.0
89,80,6.0
90,80,5.0
91,80,6.0
92,80,6.0
93,80,4.0
94,80,6.0
95,80,3.0
96,80,3.0
97,80,5.0
98,80,5.0
99,80,7.0
100,80,7.0
1,81,0.0
2,81,0.0
3,81,1.0
4,81,0.0
5,81,0.0
6,81,2.0
7,81,0.0
8,81,1.0
9,81,0.0
10,81,0.0
11,81,1.0
12,81,3.0
13,81,3.0
14,81,4.0
15,81,1.0
16,81,0.0
17,81,1.0
18,81,1.0
19,81,5.0
20,81,5.0
21,81,6.0
22,81,4.0
23,81,6.0
24,81,4.0
25,81,2.0
26,81,2.0
27,81,1.0
28,81,0.0
29,81,1.0
30,81,2.0
31,81,1.0
32,81,1.0
33,81,4.0
34,81,1.0
35,81,1.0
36,81,3.0
37,81,2.0
38,81,3.0
39,81,6.0
40,81,2.0
41,81,5.0
42,81,2.0
43,81,2.0
44,81,7.0
45,81,8.0
46,81,8.0
47,81,8.0
48,81,8.0
49,81,8.0
50,81,8.0
51,81,8.0
52,81,8.0
53,81,0.0
54,81,8.0
55,81,8.0
56,81,8.0
57,81,8.0
58,81,8.0
59,81,8.0
60,81,8.0
61,81,0.0
62,81,0.0
63,81,0.0
64,81,0.0
65,81,0.0
66,81,3.0
67,81,5.0
68,81,6.0
69,81,4.0
70,81,5.0
71,81,5.0
72,81,6.0
73,81,5.0
74,81,7.0
75,81,7.0
76,81,7.0
77,81,7.0
78,81,7.0
79,81,7.0
80,81,7.0
81,81,5.0
82,81,6.0
83,81,5.0
84,81,5.0
85,81,7.0
86,81,4.0
87,81,5.0
88,81,3.0
89,81,4.0
90,81,6.0
91,81,4.0
92,81,6.0
93,81,4.0
94,81,6.0
95,81,5.0
96,81,4.0
97,81,4.0
98,81,2.0
99,81,4.0
100,81,7.0
1,82,0.0
2,82,0.0
3,82,0.0
4,82,0.0
5,82,0.0
6,82,0.0
7,82,0.0
8,82,0.0
9,82,0.0
10,82,0.0
11,82,1.0
12,82,1.0
13,82,3.0
14,82,2.0
15,82,1.0
16,82,4.0
17,82,1.0
18,82,2.0
19,82,3.0
20,82,5.0
21,82,4.0
22,82,3.0
23,82,2.0
24,82,3.0
25,82,2.0
26,82,3.0
27,82,0.0
28,82,0.0
29,82,0.0
30,82,1.0
31,82,2.0
32,82,3.0
33,82,3.0
34,82,4.0
35,82,4.0
36,82,4.0
37,82,4.0
38,82,3.0
39,82,3.0
40,82,3.0
41,82,3.0
42,82,3.0
43,82,1.0
44,82,2.0
45,82,8.0
46,82,8.0
47,82,8.0
48,82,8.0
49,82,8.0
50,82,8.0
51,82,8.0
52,82,8.0
53,82,7.0
54,82,8.0
55,82,7.0
56,82,8.0
57,82,8.0
58,82,8.0
59,82,8.0
60,82,8.0
61,82,0.0
62,82,0.0
63,82,0.0
64,82,0.0
65,82,0.0
66,82,0.0
67,82,1.0
68,82,4.0
69,82,6.0
70,82,7.0
71,82,7.0
72,82,6.0
73,82,5.0
74,82,6.0
75,82,6.0
76,82,6.0
77,82,7.0
78,82,6.0
79,82,6.0
80,82,6.0
81,82,6.0
82,82,6.0
83,82,3.0
84,82,6.0
85,82,7.0
86,82,6.0
87,82,4.0
88,82,5.0
89,82,4.0
90,82,6.0
91,82,6.0
92,82,6.0
93,82,5.0
94,82,6.0
95,82,6.0
96,82,6.0
97,82,5.0
98,82,3.0
99,82,3.0
100,82,5.0
1,83,0.0
2,83,0.0
3,83,0.0
4,83,0.0
5,83,0.0
6,83,0.0
7,83,0.0
8,83,0.0
9,83,0.0
10,83,1.0
11,83,1.0
12,83,0.0
13,83,2.0
14,83,4.0
15,83,2.0
16,83,3.0
17,83,3.0
18,83,4.0
19,83,5.0
20,83,5.0
21,83,3.0
22,83,2.0
23,83,5.0
24,83,1.0
25,83,0.0
26,83,1.0
27,83,0.0
28,83,1.0
29,83,1.0
30,83,1.0
31,83,1.0
32,83,1.0
33,83,1.0
34,83,4.0
35,83,4.0
36,83,2.0
37,83,3.0
38,83,2.0
39,83,4.0
40,83,7.0
41,83,6.0
42,83,6.0
43,83,7.0
44,83,8.0
45,83,8.0
46,83,8.0
47,83,8.0
48,83,8.0
49,83,8.0
50,83,8.0
51,83,8.0
52,83,0.0
53,83,8.0
54,83,8.0
55,83,8.0
56,83,8.0
57,83,8.0
58,83,8.0
59,83,8.0
60,83,0.0
61,83,1.0
62,83,0.0
63,83,0.0
64,83,0.0
65,83,0.0
66,83,1.0
67,83,2.0
68,83,5.0
69,83,5.0
70,83,7.0
71,83,6.0
72,83,7.0
73,83,6.0
74,83,3.0
75,83,6.0
76,83,5.0
77,83,7.0
78,83,8.0
79,83,7.0
80,83,7.0
81,83,7.0
82,83,6.0
83,83,7.0
84,83,7.0
85,83,7.0
86,83,6.0
87,83,6.0
88,83,6.0
89,83,4.0
90,83,4.0
91,83,3.0
92,83,4.0
93,83,5.0
94,83,7.0
95,83,7.0
96,83,5.0
97,83,5.0
98,83,4.0
99,83,3.0
100,83,5.0
1,84,2.0
2,84,0.0
3,84,0.0
4,84,0.0
5,84,0.0
6,84,0.0
7,84,0.0
8,84,0.0
9,84,1.0
10,84,0.0
11,84,1.0
12,84,1.0
13,84,2.0
14,84,5.0
15,84,3.0
16,84,3.0
17,84,6.0
18,84,5.0
19,84,3.0
20,84,5.0
21,84,3.0
22,84,4.0
23,84,2.0
24,84,1.0
25,84,0.0
26,84,1.0
27,84,0.0
28,84,0.0
29,84,1.0
30,84,2.0
31,84,2.0
32,84,2.0
33,84,4.0
34,84,2.0
35,84,5.0
36,84,3.0
37,84,4.0
38,84,4.0
39,84,6.0
40,84,4.0
41,84,4.0
42,84,4.0
43,84,5.0
44,84,8.0
45,84,8.0
46,84,8.0
47,84,8.0
48,84,8.0
49,84,8.0
50,84,8.0
51,84,8.0
52,84,8.0
53,84,7.0
54,84,7.0
55,84,8.0
56,84,8.0
57,84,8.0
58,84,8.0
59,84,7.0
60,84,2.0
61,84,2.0
62,84,0.0
63,84,2.0
64,84,2.0
65,84,4.0
66,84,3.0
67,84,1.0
68,84,4.0
69,84,3.0
70,84,6.0
71,84,7.0
72,84,7.0
73,84,7.0
74,84,4.0
75,84,5.0
76,84,7.0
77,84,7.0
78,84,7.0
79,84,7.0
80,84,8.0
81,84,7.0
82,84,6.0
83,84,7.0
84,84,7.0
85,84,7.0
86,84,5.0
87,84,6.0
88,84,5.0
89,84,3.0
90,84,5.0
91,84,6.0
92,84,6.0
93,84,6.0
94,84,7.0
95,84,6.0
96,84,7.0
97,84,7.0
98,84,7.0
99,84,5.0
100,84,6.0
1,85,1.0
2,85,0.0
3,85,0.0
4,85,0.0
5,85,0.0
6,85,2.0
7,85,0.0
8,85,1.0
9,85,2.0
10,85,3.0
11,85,1.0
12,85,4.0
13,85,5.0
14,85,6.0
15,85,4.0
16,85,5.0
17,85,6.0
18,85,5.0
19,85,3.0
20,85,2.0
21,85,2.0
22,85,3.0
23,85,2.0
24,85,3.0
25,85,0.0
26,85,0.0
27,85,0.0
28,85,2.0
29,85,1.0
30,85,4.0
31,85,3.0
32,85,4.0
33,85,3.0
34,85,3.0
35,85,3.0
36,85,2.0
37,85,6.0
38,85,5.0
39,85,1.0
40,85,4.0
41,85,3.0
42,85,3.0
43,85,7.0
44,85,8.0
45,85,8.0
46,85,8.0
47,85,8.0
48,85,8.0
49,85,8.0
50,85,8.0
51,85,8.0
52,85,8.0
53,85,8.0
54,85,8.0
55,85,8.0
56,85,8.0
57,85,8.0
58,85,8.0
59,85,4.0
60,85,6.0
61,85,4.0
62,85,3.0
63,85,2.0
64,85,5.0
65,85,6.0
66,85,5.0
67,85,1.0
68,85,3.0
69,85,3.0
70,85,4.0
71,85,4.0
72,85,7.0
73,85,6.0
74,85,2.0
75,85,1.0
76,85,2.0
77,85,6.0
78,85,6.0
79,85,7.0
80,85,7.0
81,85,7.0
82,85,8.0
83,85,8.0
84,85,7.0
85,85,6.0
86,85,2.0
87,85,4.0
88,85,5.0
89,85,3.0
90,85,6.0
91,85,6.0
92,85,7.0
93,85,7.0
94,85,4.0
95,85,5.0
96,85,4.0
97,85,5.0
98,85,6.0
99,85,7.0
100,85,6.0
1,86,2.0
2,86,1.0
3,86,0.0
4,86,1.0
5,86,1.0
6,86,0.0
7,86,1.0
8,86,3.0
9,86,4.0
10,86,3.0
11,86,5.0
12,86,6.0
13,86,5.0
14,86,6.0
15,86,5.0
16,86,4.0
17,86,6.0
18,86,6.0
19,86,6.0
20,86,6.0
21,86,5.0
22,86,1.0
23,86,2.0
24,86,2.0
25,86,1.0
26,86,0.0
27,86,1.0
28,86,1.0
29,86,2.0
30,86,3.0
31,86,2.0
32,86,4.0
33,86,2.0
34,86,2.0
35,86,3.0
36,86,2.0
37,86,3.0
38,86,6.0
39,86,5.0
40,86,5.0
41,86,5.0
42,86,7.0
43,86,8.0
44,86,8.0
45,86,8.0
46,86,8.0
47,86,8.0
48,86,8.0
49,86,8.0
50,86,8.0
51,86,8.0
52,86,8.0
53,86,8.0
54,86,8.0
55,86,8.0
56,86,8.0
57,86,8.0
58,86,7.0
59,86,5.0
60,86,7.0
61,86,3.0
62,86,2.0
63,86,3.0
64,86,4.0
65,86,3.0
66,86,4.0
67,86,2.0
68,86,2.0
69,86,4.0
70,86,4.0
71,86,5.0
72,86,6.0
73,86,6.0
74,86,3.0
75,86,1.0
76,86,2.0
77,86,5.0
78,86,4.0
79,86,6.0
80,86,6.0
81,86,7.0
82,86,8.0
83,86,7.0
84,86,7.0
85,86,6.0
86,86,6.0
87,86,6.0
88,86,5.0
89,86,4.0
90,86,5.0
91,86,4.0
92,86,7.0
93,86,7.0
94,86,5.0
95,86,3.0
96,86,5.0
97,86,6.0
98,86,7.0
99,86,7.0
100,86,5.0
1,87,5.0
2,87,5.0
3,87,2.0
4,87,2.0
5,87,2.0
6,87,3.0
7,87,5.0
8,87,6.0
9,87,5.0
10,87,7.0
11,87,5.0
12,87,7.0
13,87,6.0
14,87,6.0
15,87,5.0
16,87,6.0
17,87,7.0
18,87,6.0
19,87,5.0
20,87,3.0
21,87,3.0
22,87,3.0
23,87,1.0
24,87,3.0
25,87,2.0
26,87,0.0
27,87,0.0
28,87,1.0
29,87,1.0
30,87,2.0
31,87,2.0
32,87,4.0
33,87,2.0
34,87,4.0
35,87,3.0
36,87,6.0
37,87,4.0
38,87,6.0
39,87,7.0
40,87,6.0
41,87,5.0
42,87,6.0
43,87,8.0
44,87,8.0
45,87,8.0
46,87,8.0
47,87,8.0
48,87,8.0
49,87,8.0
50,87,7.0
51,87,7.0
52,87,8.0
53,87,8.0
54,87,8.0
55,87,8.0
56,87,8.0
57,87,8.0
58,87,8.0
59,87,6.0
60,87,7.0
61,87,6.0
62,87,3.0
63,87,6.0
64,87,6.0
65,87,5.0
66,87,6.0
67,87,4.0
68,87,3.0
69,87,5.0
70,87,4.0
71,87,3.0
72,87,5.0
73,87,3.0
74,87,3.0
75,87,3.0
76,87,3.0
77,87,4.0
78,87,4.0
79,87,7.0
80,87,7.0
81,87,7.0
82,87,7.0
83,87,7.0
84,87,6.0
85,87,7.0
86,87,5.0
87,87,5.0
88,87,6.0
89,87,6.0
90,87,7.0
91,87,4.0
92,87,6.0
93,87,5.0
94,87,5.0
95,87,3.0
96,87,4.0
97,87,6.0
98,87,6.0
99,87,6.0
100,87,3.0
1,88,4.0
2,88,2.0
3,88,3.0
4,88,3.0
5,88,3.0
6,88,1.0
7,88,6.0
8,88,6.0
9,88,8.0
10,88,7.0
11,88,8.0
12,88,7.0
13,88,8.0
14,88,7.0
15,88,6.0
16,88,7.0
17,88,4.0
18,88,4.0
19,88,7.0
20,88,6.0
21,88,5.0
22,88,7.0
23,88,5.0
24,88,3.0
25,88,2.0
26,88,2.0
27,88,0.0
28,88,0.0
29,88,3.0
30,88,6.0
31,88,3.0
32,88,5.0
33,88,2.0
34,88,3.0
35,88,4.0
36,88,5.0
37,88,6.0
38,88,5.0
39,88,4.0
40,88,6.0
41,88,7.0
42,88,8.0
43,88,8.0
44,88,8.0
45,88,8.0
46,88,8.0
47,88,8.0
48,88,8.0
49,88,8.0
50,88,7.0
51,88,8.0
52,88,8.0
53,88,8.0
54,88,8.0
55,88,8.0
56,88,8.0
57,88,8.0
58,88,8.0
59,88,6.0
60,88,8.0
61,88,8.0
62,88,6.0
63,88,5.0
64,88,6.0
65,88,5.0
66,88,4.0
67,88,3.0
68,88,4.0
69,88,4.0
70,88,4.0
71,88,3.0
72,88,4.0
73,88,4.0
74,88,2.0
75,88,4.0
76,88,2.0
77,88,6.0
78,88,5.0
79,88,6.0
80,88,6.0
81,88,6.0
82,88,7.0
83,88,5.0
84,88,6.0
85,88,6.0
86,88,5.0
87,88,5.0
88,88,2.0
89,88,3.0
90,88,3.0
91,88,4.0
92,88,6.0
93,88,6.0
94,88,5.0
95,88,2.0
96,88,4.0
97,88,3.0
98,88,5.0
99,88,6.0
100,88,5.0
1,89,4.0
2,89,6.0
3,89,5.0
4,89,6.0
5,89,4.0
6,89,6.0
7,89,7.0
8,89,7.0
9,89,7.0
10,89,8.0
11,89,8.0
12,89,8.0
13,89,8.0
14,89,7.0
15,89,6.0
16,89,6.0
17,89,6.0
18,89,7.0
19,89,7.0
20,89,6.0
21,89,7.0
22,89,4.0
23,89,3.0
24,89,2.0
25,89,1.0
26,89,1.0
27,89,0.0
28,89,0.0
29,89,3.0
30,89,4.0
31,89,5.0
32,89,2.0
33,89,0.0
34,89,1.0
35,89,5.0
36,89,3.0
37,89,5.0
38,89,4.0
39,89,3.0
40,89,2.0
41,89,5.0
42,89,8.0
43,89,8.0
44,89,8.0
45,89,8.0
46,89,8.0
47,89,8.0
48,89,8.0
49,89,8.0
50,89,7.0
51,89,8.0
52,89,8.0
53,89,8.0
54,89,8.0
55,89,8.0
56,89,8.0
57,89,8.0
58,89,8.0
59,89,5.0
60,89,6.0
61,89,7.0
62,89,6.0
63,89,5.0
64,89,5.0
65,89,5.0
66,89,6.0
67,89,6.0
68,89,4.0
69,89,5.0
70,89,4.0
71,89,4.0
72,89,8.0
73,89,6.0
74,89,5.0
75,89,2.0
76,89,3.0
77,89,5.0
78,89,7.0
79,89,6.0
80,89,5.0
81,89,4.0
82,89,5.0
83,89,6.0
84,89,4.0
85,89,3.0
86,89,2.0
87,89,3.0
88,89,4.0
89,89,4.0
90,89,6.0
91,89,7.0
92,89,7.0
93,89,7.0
94,89,7.0
95,89,5.0
96,89,5.0
97,89,6.0
98,89,3.0
99,89,5.0
100,89,4.0
1,90,6.0
2,90,5.0
3,90,5.0
4,90,7.0
5,90,8.0
6,90,7.0
7,90,8.0
8,90,8.0
9,90,7.0
10,90,7.0
11,90,8.0
12,90,7.0
13,90,7.0
14,90,6.0
15,90,8.0
16,90,8.0
17,90,7.0
18,90,7.0
19,90,5.0
20,90,6.0
21,90,6.0
22,90,6.0
23,90,4.0
24,90,5.0
25,90,6.0
26,90,4.0
27,90,1.0
28,90,0.0
29,90,1.0
30,90,1.0
31,90,3.0
32,90,3.0
33,90,0.0
34,90,0.0
35,90,2.0
36,90,2.0
37,90,2.0
38,90,1.0
39,90,0.0
40,90,3.0
41,90,1.0
42,90,8.0
43,90,8.0
44,90,8.0
45,90,8.0
46,90,8.0
47,90,8.0
48,90,8.0
49,90,8.0
50,90,8.0
51,90,8.0
52,90,8.0
53,90,8.0
54,90,8.0
55,90,8.0
56,90,8.0
57,90,9.0
58,90,8.0
59,90,8.0
60,90,6.0
61,90,7.0
62,90,6.0
63,90,5.0
64,90,5.0
65,90,7.0
66,90,7.0
67,90,6.0
68,90,5.0
69,90,6.0
70,90,5.0
71,90,6.0
72,90,3.0
73,90,3.0
74,90,3.0
75,90,3.0
76,90,1.0
77,90,3.0
78,90,3.0
79,90,6.0
80,90,5.0
81,90,2.0
82,90,5.0
83,90,5.0
84,90,5.0
85,90,5.0
86,90,4.0
87,90,4.0
88,90,7.0
89,90,6.0
90,90,5.0
91,90,6.0
92,90,7.0
93,90,8.0
94,90,7.0
95,90,6.0
96,90,6.0
97,90,6.0
98,90,5.0
99,90,4.0
100,90,3.0
1,91,6.0
2,91,6.0
3,91,6.0
4,91,7.0
5,91,7.0
6,91,7.0
7,91,6.0
8,91,7.0
9,91,8.0
10,91,8.0
11,91,8.0
12,91,7.0
13,91,7.0
14,91,6.0
15,91,7.0
16,91,6.0
17,91,4.0
18,91,5.0
19,91,6.0
20,91,7.0
21,91,7.0
22,91,6.0
23,91,3.0
24,91,6.0
25,91,3.0
26,91,2.0
27,91,1.0
28,91,0.0
29,91,1.0
30,91,0.0
31,91,3.0
32,91,1.0
33,91,0.0
34,91,0.0
35,91,1.0
36,91,1.0
37,91,0.0
38,91,2.0
39,91,3.0
40,91,5.0
41,91,5.0
42,91,8.0
43,91,8.0
44,91,8.0
45,91,8.0
46,91,8.0
47,91,8.0
48,91,8.0
49,91,8.0
50,91,8.0
51,91,8.0
52,91,8.0
53,91,8.0
54,91,8.0
55,91,8.0
56,91,8.0
57,91,8.0
58,91,8.0
59,91,8.0
60,91,8.0
61,91,7.0
62,91,5.0
63,91,3.0
64,91,3.0
65,91,7.0
66,91,7.0
67,91,6.0
68,91,6.0
69,91,5.0
70,91,6.0
71,91,3.0
72,91,3.0
73,91,4.0
74,91,2.0
75,91,4.0
76,91,1.0
77,91,4.0
78,91,6.0
79,91,5.0
80,91,4.0
81,91,4.0
82,91,4.0
83,91,3.0
84,91,6.0
85,91,3.0
86,91,2.0
87,91,4.0
88,91,6.0
89,91,6.0
90,91,7.0
91,91,7.0
92,91,6.0
93,91,7.0
94,91,7.0
95,91,7.0
96,91,7.0
97,91,7.0
98,91,4.0
99,91,4.0
100,91,2.0
1,92,8.0
2,92,8.0
3,92,7.0
4,92,7.0
5,92,7.0
6,92,5.0
7,92,4.0
8,92,7.0
9,92,8.0
10,92,8.0
11,92,8.0
12,92,7.0
13,92,8.0
14,92,7.0
15,92,7.0
16,92,4.0
17,92,5.0
18,92,3.0
19,92,4.0
20,92,7.0
21,92,6.0
22,92,7.0
23,92,6.0
24,92,4.0
25,92,5.0
26,92,2.0
27,92,2.0
28,92,1.0
29,92,1.0
30,92,2.0
31,92,2.0
32,92,4.0
33,92,1.0
34,92,3.0
35,92,3.0
36,92,2.0
37,92,0.0
38,92,3.0
39,92,4.0
40,92,6.0
41,92,8.0
42,92,8.0
43,92,8.0
44,92,8.0
45,92,8.0
46,92,8.0
47,92,8.0
48,92,8.0
49,92,8.0
50,92,8.0
51,92,8.0
52,92,8.0
53,92,8.0
54,92,8.0
55,92,8.0
56,92,8.0
57,92,8.0
58,92,9.0
59,92,9.0
60,92,8.0
61,92,8.0
62,92,8.0
63,92,8.0
64,92,7.0
65,92,7.0
66,92,7.0
67,92,8.0
68,92,8.0
69,92,7.0
70,92,7.0
71,92,6.0
72,92,4.0
73,92,5.0
74,92,4.0
75,92,2.0
76,92,2.0
77,92,1.0
78,92,2.0
79,92,2.0
80,92,4.0
81,92,2.0
82,92,4.0
83,92,2.0
84,92,3.0
85,92,2.0
86,92,1.0
87,92,5.0
88,92,6.0
89,92,7.0
90,92,6.0
91,92,7.0
92,92,7.0
93,92,7.0
94,92,5.0
95,92,5.0
96,92,7.0
97,92,8.0
98,92,7.0
99,92,6.0
100,92,2.0
1,93,7.0
2,93,7.0
3,93,7.0
4,93,7.0
5,93,8.0
6,93,7.0
7,93,7.0
8,93,8.0
9,93,8.0
10,93,8.0
11,93,7.0
12,93,8.0
13,93,7.0
14,93,7.0
15,93,6.0
16,93,4.0
17,93,5.0
18,93,5.0
19,93,5.0
20,93,5.0
21,93,6.0
22,93,7.0
23,93,6.0
24,93,5.0
25,93,4.0
26,93,3.0
27,93,0.0
28,93,1.0
29,93,1.0
30,93,4.0
31,93,2.0
32,93,3.0
33,93,4.0
34,93,5.0
35,93,4.0
36,93,2.0
37,93,1.0
38,93,2.0
39,93,2.0
40,93,6.0
41,93,7.0
42,93,8.0
43,93,8.0
44,93,8.0
45,93,8.0
46,93,8.0
47,93,8.0
48,93,8.0
49,93,8.0
50,93,7.0
51,93,8.0
52,93,8.0
53,93,8.0
54,93,8.0
55,93,8.0
56,93,8.0
57,93,9.0
58,93,9.0
59,93,9.0
60,93,8.0
61,93,8.0
62,93,8.0
63,93,9.0
64,93,8.0
65,93,8.0
66,93,8.0
67,93,8.0
68,93,8.0
69,93,8.0
70,93,7.0
71,93,7.0
72,93,4.0
73,93,6.0
74,93,5.0
75,93,4.0
76,93,2.0
77,93,1.0
78,93,2.0
79,93,4.0
80,93,3.0
81,93,4.0
82,93,5.0
83,93,4.0
84,93,3.0
85,93,5.0
86,93,3.0
87,93,7.0
88,93,7.0
89,93,3.0
90,93,4.0
91,93,5.0
92,93,7.0
93,93,7.0
94,93,7.0
95,93,7.0
96,93,6.0
97,93,7.0
98,93,7.0
99,93,5.0
100,93,4.0
1,94,3.0
2,94,5.0
3,94,6.0
4,94,6.0
5,94,5.0
6,94,5.0
7,94,6.0
8,94,7.0
9,94,7.0
10,94,7.0
11,94,7.0
12,94,6.0
13,94,6.0
14,94,6.0
15,94,6.0
16,94,4.0
17,94,3.0
18,94,4.0
19,94,6.0
20,94,6.0
21,94,4.0
22,94,4.0
23,94,3.0
24,94,4.0
25,94,3.0
26,94,3.0
27,94,1.0
28,94,1.0
29,94,1.0
30,94,2.0
31,94,2.0
32,94,6.0
33,94,6.0
34,94,5.0
35,94,5.0
36,94,1.0
37,94,2.0
38,94,3.0
39,94,4.0
40,94,5.0
41,94,7.0
42,94,8.0
43,94,8.0
44,94,8.0
45,94,8.0
46,94,8.0
47,94,8.0
48,94,8.0
49,94,8.0
50,94,8.0
51,94,8.0
52,94,8.0
53,94,8.0
54,94,8.0
55,94,8.0
56,94,8.0
57,94,9.0
58,94,9.0
59,94,9.0
60,94,8.0
61,94,8.0
62,94,9.0
63,94,8.0
64,94,8.0
65,94,9.0
66,94,9.0
67,94,8.0
68,94,8.0
69,94,8.0
70,94,8.0
71,94,8.0
72,94,7.0
73,94,5.0
74,94,5.0
75,94,5.0
76,94,3.0
77,94,4.0
78,94,1.0
79,94,3.0
80,94,2.0
81,94,3.0
82,94,5.0
83,94,4.0
84,94,6.0
85,94,6.0
86,94,4.0
87,94,4.0
88,94,2.0
89,94,3.0
90,94,3.0
91,94,6.0
92,94,8.0
93,94,6.0
94,94,7.0
95,94,7.0
96,94,6.0
97,94,6.0
98,94,6.0
99,94,4.0
100,94,3.0
1,95,3.0
2,95,6.0
3,95,7.0
4,95,7.0
5,95,6.0
6,95,5.0
7,95,6.0
8,95,7.0
9,95,6.0
10,95,4.0
11,95,4.0
12,95,4.0
13,95,7.0
14,95,6.0
15,95,5.0
16,95,3.0
17,95,5.0
18,95,7.0
19,95,6.0
20,95,3.0
21,95,3.0
22,95,1.0
23,95,2.0
24,95,1.0
25,95,4.0
26,95,1.0
27,95,1.0
28,95,1.0
29,95,0.0
30,95,1.0
31,95,1.0
32,95,2.0
33,95,7.0
34,95,5.0
35,95,5.0
36,95,4.0
37,95,5.0
38,95,2.0
39,95,5.0
40,95,3.0
41,95,7.0
42,95,8.0
43,95,8.0
44,95,8.0
45,95,8.0
46,95,8.0
47,95,8.0
48,95,8.0
49,95,8.0
50,95,8.0
51,95,7.0
52,95,7.0
53,95,8.0
54,95,8.0
55,95,8.0
56,95,8.0
57,95,9.0
58,95,8.0
59,95,8.0
60,95,8.0
61,95,8.0
62,95,8.0
63,95,8.0
64,95,9.0
65,95,9.0
66,95,9.0
67,95,9.0
68,95,9.0
69,95,9.0
70,95,9.0
71,95,7.0
72,95,7.0
73,95,7.0
74,95,6.0
75,95,2.0
76,95,2.0
77,95,2.0
78,95,1.0
79,95,2.0
80,95,1.0
81,95,3.0
82,95,3.0
83,95,6.0
84,95,2.0
85,95,3.0
86,95,5.0
87,95,5.0
88,95,4.0
89,95,1.0
90,95,5.0
91,95,7.0
92,95,6.0
93,95,5.0
94,95,6.0
95,95,7.0
96,95,7.0
97,95,7.0
98,95,5.0
99,95,7.0
100,95,4.0
1,96,2.0
2,96,4.0
3,96,6.0
4,96,6.0
5,96,6.0
6,96,7.0
7,96,5.0
8,96,6.0
9,96,5.0
10,96,4.0
11,96,6.0
12,96,6.0
13,96,5.0
14,96,6.0
15,96,4.0
16,96,2.0
17,96,2.0
18,96,5.0
19,96,4.0
20,96,5.0
21,96,4.0
22,96,1.0
23,96,1.0
24,96,2.0
25,96,1.0
26,96,0.0
27,96,0.0
28,96,1.0
29,96,0.0
30,96,0.0
31,96,1.0
32,96,3.0
33,96,3.0
34,96,4.0
35,96,5.0
36,96,5.0
37,96,2.0
38,96,4.0
39,96,4.0
40,96,4.0
41,96,4.0
42,96,8.0
43,96,8.0
44,96,8.0
45,96,8.0
46,96,8.0
47,96,8.0
48,96,8.0
49,96,8.0
50,96,8.0
51,96,8.0
52,96,7.0
53,96,3.0
54,96,7.0
55,96,7.0
56,96,9.0
57,96,8.0
58,96,8.0
59,96,8.0
60,96,8.0
61,96,8.0
62,96,9.0
63,96,9.0
64,96,9.0
65,96,8.0
66,96,9.0
67,96,9.0
68,96,9.0
69,96,9.0
70,96,9.0
71,96,8.0
72,96,9.0
73,96,9.0
74,96,7.0
75,96,9.0
76,96,2.0
77,96,3.0
78,96,1.0
79,96,1.0
80,96,4.0
81,96,4.0
82,96,4.0
83,96,2.0
84,96,5.0
85,96,4.0
86,96,1.0
87,96,5.0
88,96,2.0
89,96,2.0
90,96,5.0
91,96,4.0
92,96,5.0
93,96,5.0
94,96,7.0
95,96,6.0
96,96,7.0
97,96,7.0
98,96,7.0
99,96,7.0
100,96,6.0
1,97,0.0
2,97,1.0
3,97,3.0
4,97,5.0
5,97,5.0
6,97,6.0
7,97,3.0
8,97,4.0
9,97,2.0
10,97,2.0
11,97,4.0
12,97,5.0
13,97,4.0
14,97,6.0
15,97,4.0
16,97,4.0
17,97,2.0
18,97,2.0
19,97,3.0
20,97,2.0
21,97,3.0
22,97,1.0
23,97,0.0
24,97,1.0
25,97,1.0
26,97,2.0
27,97,1.0
28,97,1.0
29,97,0.0
30,97,1.0
31,97,3.0
32,97,3.0
33,97,3.0
34,97,4.0
35,97,7.0
36,97,6.0
37,97,5.0
38,97,4.0
39,97,2.0
40,97,6.0
41,97,7.0
42,97,7.0
43,97,8.0
44,97,8.0
45,97,8.0
46,97,8.0
47,97,8.0
48,97,8.0
49,97,8.0
50,97,8.0
51,97,8.0
52,97,7.0
53,97,7.0
54,97,5.0
55,97,4.0
56,97,2.0
57,97,8.0
58,97,8.0
59,97,8.0
60,97,8.0
61,97,8.0
62,97,8.0
63,97,8.0
64,97,9.0
65,97,9.0
66,97,9.0
67,97,9.0
68,97,9.0
69,97,9.0
70,97,9.0
71,97,9.0
72,97,8.0
73,97,9.0
74,97,9.0
75,97,9.0
76,97,9.0
77,97,9.0
78,97,7.0
79,97,3.0
80,97,2.0
81,97,2.0
82,97,3.0
83,97,1.0
84,97,4.0
85,97,3.0
86,97,4.0
87,97,1.0
88,97,2.0
89,97,2.0
90,97,5.0
91,97,6.0
92,97,6.0
93,97,5.0
94,97,5.0
95,97,7.0
96,97,7.0
97,97,6.0
98,97,8.0
99,97,7.0
100,97,7.0
1,98,0.0
2,98,1.0
3,98,1.0
4,98,3.0
5,98,2.0
6,98,3.0
7,98,5.0
8,98,4.0
9,98,2.0
10,98,1.0
11,98,5.0
12,98,2.0
13,98,2.0
14,98,3.0
15,98,0.0
16,98,1.0
17,98,0.0
18,98,2.0
19,98,5.0
20,98,4.0
21,98,3.0
22,98,1.0
23,98,1.0
24,98,3.0
25,98,5.0
26,98,4.0
27,98,2.0
28,98,0.0
29,98,0.0
30,98,0.0
31,98,3.0
32,98,2.0
33,98,4.0
34,98,4.0
35,98,5.0
36,98,5.0
37,98,3.0
38,98,2.0
39,98,2.0
40,98,4.0
41,98,5.0
42,98,5.0
43,98,8.0
44,98,8.0
45,98,8.0
46,98,8.0
47,98,8.0
48,98,8.0
49,98,8.0
50,98,8.0
51,98,8.0
52,98,8.0
53,98,7.0
54,98,2.0
55,98,1.0
56,98,3.0
57,98,6.0
58,98,7.0
59,98,7.0
60,98,7.0
61,98,7.0
62,98,8.0
63,98,8.0
64,98,8.0
65,98,9.0
66,98,9.0
67,98,9.0
68,98,9.0
69,98,9.0
70,98,9.0
71,98,9.0
72,98,9.0
73,98,9.0
74,98,9.0
75,98,9.0
76,98,9.0
77,98,9.0
78,98,9.0
79,98,8.0
80,98,7.0
81,98,2.0
82,98,0.0
83,98,3.0
84,98,5.0
85,98,3.0
86,98,1.0
87,98,2.0
88,98,2.0
89,98,4.0
90,98,4.0
91,98,5.0
92,98,6.0
93,98,4.0
94,98,7.0
95,98,7.0
96,98,8.0
97,98,6.0
98,98,7.0
99,98,7.0
100,98,4.0
1,99,0.0
2,99,0.0
3,99,0.0
4,99,0.0
5,99,2.0
6,99,2.0
7,99,4.0
8,99,4.0
9,99,4.0
10,99,1.0
11,99,1.0
12,99,1.0
13,99,1.0
14,99,0.0
15,99,0.0
16,99,0.0
17,99,0.0
18,99,3.0
19,99,4.0
20,99,3.0
21,99,1.0
22,99,2.0
23,99,1.0
24,99,2.0
25,99,4.0
26,99,6.0
27,99,4.0
28,99,2.0
29,99,2.0
30,99,1.0
31,99,3.0
32,99,5.0
33,99,6.0
34,99,4.0
35,99,4.0
36,99,5.0
37,99,1.0
38,99,1.0
39,99,3.0
40,99,3.0
41,99,5.0
42,99,5.0
43,99,7.0
44,99,8.0
45,99,8.0
46,99,8.0
47,99,8.0
48,99,8.0
49,99,8.0
50,99,8.0
51,99,8.0
52,99,9.0
53,99,7.0
54,99,7.0
55,99,3.0
56,99,6.0
57,99,7.0
58,99,7.0
59,99,8.0
60,99,8.0
61,99,7.0
62,99,6.0
63,99,7.0
64,99,7.0
65,99,6.0
66,99,9.0
67,99,9.0
68,99,9.0
69,99,9.0
70,99,9.0
71,99,9.0
72,99,9.0
73,99,9.0
74,99,9.0
75,99,9.0
76,99,9.0
77,99,9.0
78,99,9.0
79,99,9.0
80,99,7.0
81,99,7.0
82,99,1.0
83,99,1.0
84,99,3.0
85,99,1.0
86,99,3.0
87,99,2.0
88,99,3.0
89,99,5.0
90,99,4.0
91,99,6.0
92,99,5.0
93,99,6.0
94,99,4.0
95,99,4.0
96,99,4.0
97,99,5.0
98,99,5.0
99,99,5.0
100,99,5.0
1,100,0.0
2,100,0.0
3,100,0.0
4,100,0.0
5,100,1.0
6,100,3.0
7,100,4.0
8,100,2.0
9,100,2.0
10,100,0.0
11,100,0.0
12,100,0.0
13,100,1.0
14,100,0.0
15,100,0.0
16,100,0.0
17,100,0.0
18,100,2.0
19,100,3.0
20,100,2.0
21,100,2.0
22,100,3.0
23,100,5.0
24,100,5.0
25,100,4.0
26,100,2.0
27,100,1.0
28,100,2.0
29,100,3.0
30,100,6.0
31,100,6.0
32,100,6.0
33,100,6.0
34,100,3.0
35,100,5.0
36,100,3.0
37,100,4.0
38,100,3.0
39,100,3.0
40,100,3.0
41,100,1.0
42,100,3.0
43,100,2.0
44,100,7.0
45,100,8.0
46,100,8.0
47,100,8.0
48,100,8.0
49,100,8.0
50,100,8.0
51,100,8.0
52,100,9.0
53,100,9.0
54,100,7.0
55,100,4.0
56,100,5.0
57,100,5.0
58,100,7.0
59,100,8.0
60,100,7.0
61,100,6.0
62,100,7.0
63,100,7.0
64,100,7.0
65,100,7.0
66,100,6.0
67,100,5.0
68,100,5.0
69,100,7.0
70,100,9.0
71,100,9.0
72,100,9.0
73,100,9.0
74,100,9.0
75,100,9.0
76,100,9.0
77,100,9.0
78,100,9.0
79,100,8.0
80,100,9.0
81,100,6.0
82,100,6.0
83,100,4.0
84,100,2.0
85,100,1.0
86,100,3.0
87,100,2.0
88,100,1.0
89,100,2.0
90,100,3.0
91,100,5.0
92,100,4.0
93,100,6.0
94,100,6.0
95,100,6.0
96,100,3.0
97,100,4.0
98,100,3.0
99,100,1.0
100,100,4.0
1,101,0.0
2,101,0.0
3,101,1.0
4,101,2.0
5,101,3.0
6,101,3.0
7,101,4.0
8,101,3.0
9,101,3.0
10,101,2.0
11,101,1.0
12,101,1.0
13,101,1.0
14,101,0.0
15,101,0.0
16,101,0.0
17,101,0.0
18,101,1.0
19,101,2.0
20,101,1.0
21,101,1.0
22,101,3.0
23,101,3.0
24,101,4.0
25,101,3.0
26,101,2.0
27,101,1.0
28,101,1.0
29,101,1.0
30,101,3.0
31,101,6.0
32,101,6.0
33,101,3.0
34,101,2.0
35,101,4.0
36,101,2.0
37,101,4.0
38,101,2.0
39,101,2.0
40,101,3.0
41,101,3.0
42,101,4.0
43,101,3.0
44,101,2.0
45,101,8.0
46,101,8.0
47,101,8.0
48,101,8.0
49,101,8.0
50,101,8.0
51,101,8.0
52,101,9.0
53,101,9.0
54,101,8.0
55,101,8.0
56,101,7.0
57,101,6.0
58,101,5.0
59,101,7.0
60,101,7.0
61,101,7.0
62,101,7.0
63,101,7.0
64,101,8.0
65,101,6.0
66,101,7.0
67,101,3.0
68,101,3.0
69,101,5.0
70,101,7.0
71,101,9.0
72,101,9.0
73,101,9.0
74,101,9.0
75,101,9.0
76,101,9.0
77,101,9.0
78,101,9.0
79,101,9.0
80,101,9.0
81,101,9.0
82,101,9.0
83,101,4.0
84,101,4.0
85,101,2.0
86,101,4.0
87,101,2.0
88,101,3.0
89,101,2.0
90,101,4.0
91,101,5.0
92,101,3.0
93,101,5.0
94,101,5.0
95,101,5.0
96,101,5.0
97,101,4.0
98,101,0.0
99,101,0.0
100,101,0.0
1,102,0.0
2,102,0.0
3,102,1.0
4,102,3.0
5,102,5.0
6,102,1.0
7,102,2.0
8,102,3.0
9,102,2.0
10,102,2.0
11,102,1.0
12,102,0.0
13,102,0.0
14,102,0.0
15,102,0.0
16,102,0.0
17,102,0.0
18,102,0.0
19,102,2.0
20,102,0.0
21,102,3.0
22,102,6.0
23,102,4.0
24,102,3.0
25,102,4.0
26,102,1.0
27,102,3.0
28,102,1.0
29,102,2.0
30,102,4.0
31,102,7.0
32,102,5.0
33,102,4.0
34,102,2.0
35,102,2.0
36,102,3.0
37,102,3.0
38,102,2.0
39,102,5.0
40,102,3.0
41,102,5.0
42,102,7.0
43,102,4.0
44,102,1.0
45,102,2.0
46,102,8.0
47,102,8.0
48,102,8.0
49,102,8.0
50,102,8.0
51,102,8.0
52,102,8.0
53,102,8.0
54,102,8.0
55,102,7.0
56,102,5.0
57,102,5.0
58,102,6.0
59,102,6.0
60,102,7.0
61,102,6.0
62,102,7.0
63,102,6.0
64,102,7.0
65,102,6.0
66,102,6.0
67,102,5.0
68,102,5.0
69,102,5.0
70,102,4.0
71,102,7.0
72,102,9.0
73,102,9.0
74,102,9.0
75,102,9.0
76,102,9.0
77,102,9.0
78,102,9.0
79,102,9.0
80,102,9.0
81,102,9.0
82,102,8.0
83,102,7.0
84,102,2.0
85,102,0.0
86,102,4.0
87,102,1.0
88,102,4.0
89,102,5.0
90,102,5.0
91,102,5.0
92,102,2.0
93,102,4.0
94,102,6.0
95,102,6.0
96,102,4.0
97,102,0.0
98,102,0.0
99,102,0.0
100,102,1.0
1,103,0.0
2,103,0.0
3,103,2.0
4,103,2.0
5,103,3.0
6,103,4.0
7,103,4.0
8,103,6.0
9,103,5.0
10,103,1.0
11,103,1.0
12,103,1.0
13,103,0.0
14,103,2.0
15,103,0.0
16,103,0.0
17,103,0.0
18,103,2.0
19,103,1.0
20,103,1.0
21,103,4.0
22,103,2.0
23,103,3.0
24,103,2.0
25,103,3.0
26,103,2.0
27,103,1.0
28,103,3.0
29,103,3.0
30,103,2.0
31,103,4.0
32,103,2.0
33,103,4.0
34,103,3.0
35,103,1.0
36,103,2.0
37,103,4.0
38,103,4.0
39,103,5.0
40,103,6.0
41,103,5.0
42,103,6.0
43,103,6.0
44,103,5.0
45,103,3.0
46,103,1.0
47,103,8.0
48,103,8.0
49,103,8.0
50,103,8.0
51,103,8.0
52,103,8.0
53,103,8.0
54,103,8.0
55,103,8.0
56,103,7.0
57,103,4.0
58,103,6.0
59,103,4.0
60,103,7.0
61,103,6.0
62,103,6.0
63,103,6.0
64,103,6.0
65,103,6.0
66,103,5.0
67,103,4.0
68,103,3.0
69,103,5.0
70,103,4.0
71,103,1.0
72,103,2.0
73,103,6.0
74,103,9.0
75,103,9.0
76,103,9.0
77,103,9.0
78,103,9.0
79,103,9.0
80,103,9.0
81,103,9.0
82,103,7.0
83,103,3.0
84,103,1.0
85,103,3.0
86,103,4.0
87,103,3.0
88,103,4.0
89,103,5.0
90,103,2.0
91,103,3.0
92,103,1.0
93,103,0.0
94,103,2.0
95,103,4.0
96,103,3.0
97,103,1.0
98,103,1.0
99,103,0.0
100,103,1.0
1,104,1.0
2,104,2.0
3,104,3.0
4,104,6.0
5,104,6.0
6,104,5.0
7,104,4.0
8,104,2.0
9,104,3.0
10,104,2.0
11,104,1.0
12,104,1.0
13,104,4.0
14,104,6.0
15,104,2.0
16,104,2.0
17,104,4.0
18,104,5.0
19,104,3.0
20,104,3.0
21,104,3.0
22,104,2.0
23,104,2.0
24,104,2.0
25,104,1.0
26,104,2.0
27,104,2.0
28,104,2.0
29,104,4.0
30,104,2.0
31,104,2.0
32,104,3.0
33,104,3.0
34,104,2.0
35,104,4.0
36,104,3.0
37,104,3.0
38,104,5.0
39,104,3.0
40,104,4.0
41,104,5.0
42,104,3.0
43,104,6.0
44,104,5.0
45,104,4.0
46,104,1.0
47,104,8.0
48,104,8.0
49,104,8.0
50,104,8.0
51,104,8.0
52,104,8.0
53,104,8.0
54,104,8.0
55,104,8.0
56,104,7.0
57,104,3.0
58,104,5.0
59,104,6.0
60,104,7.0
61,104,7.0
62,104,7.0
63,104,7.0
64,104,7.0
65,104,5.0
66,104,5.0
67,104,4.0
68,104,5.0
69,104,2.0
70,104,4.0
71,104,2.0
72,104,1.0
73,104,6.0
74,104,9.0
75,104,9.0
76,104,9.0
77,104,9.0
78,104,9.0
79,104,9.0
80,104,9.0
81,104,9.0
82,104,9.0
83,104,6.0
84,104,5.0
85,104,2.0
86,104,3.0
87,104,2.0
88,104,3.0
89,104,4.0
90,104,2.0
91,104,2.0
92,104,1.0
93,104,2.0
94,104,2.0
95,104,0.0
96,104,1.0
97,104,0.0
98,104,0.0
99,104,0.0
100,104,2.0
1,105,1.0
2,105,5.0
3,105,6.0
4,105,6.0
5,105,6.0
6,105,4.0
7,105,5.0
8,105,4.0
9,105,1.0
10,105,4.0
11,105,3.0
12,105,2.0
13,105,3.0
14,105,3.0
15,105,3.0
16,105,3.0
17,105,3.0
18,105,3.0
19,105,3.0
20,105,0.0
21,105,2.0
22,105,2.0
23,105,3.0
24,105,2.0
25,105,3.0
26,105,3.0
27,105,2.0
28,105,1.0
29,105,3.0
30,105,3.0
31,105,2.0
32,105,1.0
33,105,3.0
34,105,1.0
35,105,5.0
36,105,4.0
37,105,0.0
38,105,2.0
39,105,3.0
40,105,2.0
41,105,3.0
42,105,5.0
43,105,5.0
44,105,7.0
45,105,5.0
46,105,1.0
47,105,3.0
48,105,8.0
49,105,8.0
50,105,8.0
51,105,8.0
52,105,8.0
53,105,8.0
54,105,8.0
55,105,8.0
56,105,8.0
57,105,2.0
58,105,3.0
59,105,2.0
60,105,5.0
61,105,7.0
62,105,6.0
63,105,4.0
64,105,4.0
65,105,2.0
66,105,3.0
67,105,3.0
68,105,2.0
69,105,3.0
70,105,2.0
71,105,3.0
72,105,5.0
73,105,5.0
74,105,5.0
75,105,9.0
76,105,9.0
77,105,9.0
78,105,9.0
79,105,9.0
80,105,9.0
81,105,9.0
82,105,9.0
83,105,5.0
84,105,5.0
85,105,2.0
86,105,4.0
87,105,5.0
88,105,4.0
89,105,4.0
90,105,3.0
91,105,2.0
92,105,4.0
93,105,3.0
94,105,2.0
95,105,1.0
96,105,0.0
97,105,0.0
98,105,1.0
99,105,1.0
100,105,2.0
1,106,4.0
2,106,5.0
3,106,6.0
4,106,7.0
5,106,6.0
6,106,5.0
7,106,2.0
8,106,1.0
9,106,4.0
10,106,4.0
11,106,4.0
12,106,4.0
13,106,4.0
14,106,6.0
15,106,4.0
16,106,5.0
17,106,5.0
18,106,2.0
19,106,2.0
20,106,1.0
21,106,1.0
22,106,0.0
23,106,1.0
24,106,2.0
25,106,0.0
26,106,2.0
27,106,1.0
28,106,1.0
29,106,1.0
30,106,1.0
31,106,1.0
32,106,1.0
33,106,2.0
34,106,2.0
35,106,4.0
36,106,3.0
37,106,3.0
38,106,4.0
39,106,2.0
40,106,1.0
41,106,3.0
42,106,1.0
43,106,3.0
44,106,5.0
45,106,2.0
46,106,2.0
47,106,1.0
48,106,8.0
49,106,8.0
50,106,8.0
51,106,9.0
52,106,8.0
53,106,8.0
54,106,9.0
55,106,8.0
56,106,8.0
57,106,1.0
58,106,0.0
59,106,1.0
60,106,2.0
61,106,5.0
62,106,6.0
63,106,4.0
64,106,5.0
65,106,4.0
66,106,3.0
67,106,2.0
68,106,1.0
69,106,1.0
70,106,1.0
71,106,1.0
72,106,4.0
73,106,6.0
74,106,9.0
75,106,9.0
76,106,9.0
77,106,9.0
78,106,9.0
79,106,9.0
80,106,9.0
81,106,9.0
82,106,6.0
83,106,3.0
84,106,2.0
85,106,3.0
86,106,4.0
87,106,5.0
88,106,3.0
89,106,0.0
90,106,5.0
91,106,2.0
92,106,2.0
93,106,4.0
94,106,2.0
95,106,1.0
96,106,0.0
97,106,1.0
98,106,1.0
99,106,2.0
100,106,2.0
1,107,7.0
2,107,5.0
3,107,6.0
4,107,6.0
5,107,7.0
6,107,5.0
7,107,2.0
8,107,4.0
9,107,4.0
10,107,6.0
11,107,7.0
12,107,5.0
13,107,6.0
14,107,6.0
15,107,7.0
16,107,7.0
17,107,6.0
18,107,3.0
19,107,3.0
20,107,2.0
21,107,3.0
22,107,0.0
23,107,0.0
24,107,0.0
25,107,1.0
26,107,3.0
27,107,2.0
28,107,0.0
29,107,0.0
30,107,0.0
31,107,1.0
32,107,1.0
33,107,1.0
34,107,3.0
35,107,5.0
36,107,3.0
37,107,1.0
38,107,0.0
39,107,0.0
40,107,0.0
41,107,2.0
42,107,0.0
43,107,1.0
44,107,4.0
45,107,5.0
46,107,0.0
47,107,6.0
48,107,9.0
49,107,8.0
50,107,8.0
51,107,8.0
52,107,8.0
53,107,8.0
54,107,9.0
55,107,8.0
56,107,1.0
57,107,1.0
58,107,0.0
59,107,1.0
60,107,4.0
61,107,4.0
62,107,6.0
63,107,5.0
64,107,6.0
65,107,5.0
66,107,4.0
67,107,5.0
68,107,5.0
69,107,4.0
70,107,0.0
71,107,0.0
72,107,3.0
73,107,2.0
74,107,4.0
75,107,9.0
76,107,9.0
77,107,9.0
78,107,9.0
79,107,9.0
80,107,9.0
81,107,9.0
82,107,7.0
83,107,6.0
84,107,2.0
85,107,3.0
86,107,4.0
87,107,6.0
88,107,3.0
89,107,1.0
90,107,1.0
91,107,1.0
92,107,2.0
93,107,5.0
94,107,4.0
95,107,2.0
96,107,0.0
97,107,1.0
98,107,1.0
99,107,5.0
100,107,6.0
1,108,7.0
2,108,5.0
3,108,5.0
4,108,6.0
5,108,7.0
6,108,5.0
7,108,4.0
8,108,3.0
9,108,5.0
10,108,6.0
11,108,6.0
12,108,6.0
13,108,6.0
14,108,6.0
15,108,7.0
16,108,6.0
17,108,6.0
18,108,3.0
19,108,1.0
20,108,1.0
21,108,3.0
22,108,2.0
23,108,0.0
24,108,0.0
25,108,0.0
26,108,2.0
27,108,1.0
28,108,0.0
29,108,0.0
30,108,0.0
31,108,0.0
32,108,0.0
33,108,0.0
34,108,2.0
35,108,2.0
36,108,1.0
37,108,2.0
38,108,1.0
39,108,0.0
40,108,0.0
41,108,1.0
42,108,1.0
43,108,0.0
44,108,1.0
45,108,3.0
46,108,0.0
47,108,5.0
48,108,9.0
49,108,9.0
50,108,9.0
51,108,8.0
52,108,8.0
53,108,8.0
54,108,9.0
55,108,8.0
56,108,8.0
57,108,0.0
58,108,0.0
59,108,1.0
60,108,3.0
61,108,1.0
62,108,0.0
63,108,2.0
64,108,4.0
65,108,5.0
66,108,3.0
67,108,4.0
68,108,2.0
69,108,4.0
70,108,5.0
71,108,4.0
72,108,3.0
73,108,3.0
74,108,9.0
75,108,9.0
76,108,9.0
77,108,9.0
78,108,9.0
79,108,9.0
80,108,9.0
81,108,8.0
82,108,7.0
83,108,6.0
84,108,6.0
85,108,4.0
86,108,4.0
87,108,3.0
88,108,4.0
89,108,1.0
90,108,0.0
91,108,2.0
92,108,2.0
93,108,4.0
94,108,1.0
95,108,2.0
96,108,2.0
97,108,3.0
98,108,2.0
99,108,5.0
100,108,5.0
1,109,6.0
2,109,6.0
3,109,7.0
4,109,6.0
5,109,6.0
6,109,6.0
7,109,2.0
8,109,4.0
9,109,3.0
10,109,3.0
11,109,4.0
12,109,6.0
13,109,4.0
14,109,6.0
15,109,8.0
16,109,6.0
17,109,5.0
18,109,3.0
19,109,0.0
20,109,1.0
21,109,1.0
22,109,1.0
23,109,5.0
24,109,1.0
25,109,0.0
26,109,1.0
27,109,0.0
28,109,0.0
29,109,0.0
30,109,0.0
31,109,0.0
32,109,0.0
33,109,0.0
34,109,1.0
35,109,1.0
36,109,0.0
37,109,0.0
38,109,0.0
39,109,0.0
40,109,0.0
41,109,0.0
42,109,2.0
43,109,1.0
44,109,3.0
45,109,0.0
46,109,1.0
47,109,1.0
48,109,9.0
49,109,9.0
50,109,9.0
51,109,8.0
52,109,8.0
53,109,8.0
54,109,9.0
55,109,8.0
56,109,6.0
57,109,0.0
58,109,2.0
59,109,2.0
60,109,1.0
61,109,0.0
62,109,0.0
63,109,2.0
64,109,0.0
65,109,6.0
66,109,4.0
67,109,3.0
68,109,2.0
69,109,6.0
70,109,4.0
71,109,4.0
72,109,3.0
73,109,7.0
74,109,9.0
75,109,9.0
76,109,9.0
77,109,9.0
78,109,9.0
79,109,9.0
80,109,3.0
81,109,6.0
82,109,5.0
83,109,7.0
84,109,6.0
85,109,4.0
86,109,5.0
87,109,5.0
88,109,2.0
89,109,0.0
90,109,0.0
91,109,1.0
92,109,0.0
93,109,1.0
94,109,1.0
95,109,2.0
96,109,2.0
97,109,3.0
98,109,5.0
99,109,5.0
100,109,4.0
1,110,2.0
2,110,3.0
3,110,5.0
4,110,4.0
5,110,4.0
6,110,4.0
7,110,4.0
8,110,5.0
9,110,4.0
10,110,5.0
11,110,3.0
12,110,4.0
13,110,1.0
14,110,2.0
15,110,6.0
16,110,4.0
17,110,2.0
18,110,4.0
19,110,1.0
20,110,0.0
21,110,0.0
22,110,1.0
23,110,1.0
24,110,3.0
25,110,2.0
26,110,1.0
27,110,0.0
28,110,0.0
29,110,0.0
30,110,0.0
31,110,0.0
32,110,0.0
33,110,0.0
34,110,0.0
35,110,0.0
36,110,0.0
37,110,1.0
38,110,2.0
39,110,3.0
40,110,2.0
41,110,2.0
42,110,2.0
43,110,5.0
44,110,1.0
45,110,1.0
46,110,2.0
47,110,2.0
48,110,3.0
49,110,9.0
50,110,9.0
51,110,8.0
52,110,8.0
53,110,8.0
54,110,8.0
55,110,8.0
56,110,5.0
57,110,0.0
58,110,1.0
59,110,1.0
60,110,0.0
61,110,0.0
62,110,1.0
63,110,1.0
64,110,2.0
65,110,3.0
66,110,6.0
67,110,4.0
68,110,4.0
69,110,7.0
70,110,8.0
71,110,6.0
72,110,7.0
73,110,9.0
74,110,9.0
75,110,9.0
76,110,9.0
77,110,9.0
78,110,9.0
79,110,0.0
80,110,4.0
81,110,5.0
82,110,5.0
83,110,6.0
84,110,6.0
85,110,7.0
86,110,4.0
87,110,5.0
88,110,4.0
89,110,2.0
90,110,3.0
91,110,1.0
92,110,1.0
93,110,1.0
94,110,0.0
95,110,2.0
96,110,3.0
97,110,2.0
98,110,2.0
99,110,3.0
100,110,4.0
1,111,5.0
2,111,3.0
3,111,5.0
4,111,4.0
5,111,2.0
6,111,2.0
7,111,1.0
8,111,6.0
9,111,7.0
10,111,6.0
11,111,4.0
12,111,4.0
13,111,4.0
14,111,2.0
15,111,3.0
16,111,3.0
17,111,2.0
18,111,1.0
19,111,0.0
20,111,0.0
21,111,0.0
22,111,0.0
23,111,0.0
24,111,4.0
25,111,2.0
26,111,1.0
27,111,0.0
28,111,0.0
29,111,0.0
30,111,0.0
31,111,0.0
32,111,0.0
33,111,0.0
34,111,1.0
35,111,0.0
36,111,0.0
37,111,1.0
38,111,3.0
39,111,5.0
40,111,2.0
41,111,2.0
42,111,4.0
43,111,4.0
44,111,4.0
45,111,1.0
46,111,1.0
47,111,4.0
48,111,9.0
49,111,9.0
50,111,9.0
51,111,8.0
52,111,8.0
53,111,8.0
54,111,8.0
55,111,8.0
56,111,0.0
57,111,0.0
58,111,0.0
59,111,0.0
60,111,1.0
61,111,0.0
62,111,0.0
63,111,2.0
64,111,1.0
65,111,2.0
66,111,6.0
67,111,6.0
68,111,5.0
69,111,8.0
70,111,8.0
71,111,6.0
72,111,9.0
73,111,9.0
74,111,9.0
75,111,9.0
76,111,9.0
77,111,9.0
78,111,9.0
79,111,6.0
80,111,6.0
81,111,5.0
82,111,5.0
83,111,6.0
84,111,7.0
85,111,6.0
86,111,6.0
87,111,6.0
88,111,5.0
89,111,4.0
90,111,5.0
91,111,3.0
92,111,3.0
93,111,2.0
94,111,0.0
95,111,2.0
96,111,0.0
97,111,0.0
98,111,1.0
99,111,2.0
100,111,2.0
1,112,2.0
2,112,4.0
3,112,3.0
4,112,4.0
5,112,4.0
6,112,3.0
7,112,1.0
8,112,5.0
9,112,3.0
10,112,2.0
11,112,3.0
12,112,4.0
13,112,2.0
14,112,3.0
15,112,1.0
16,112,5.0
17,112,1.0
18,112,1.0
19,112,1.0
20,112,0.0
21,112,1.0
22,112,0.0
23,112,2.0
24,112,1.0
25,112,3.0
26,112,3.0
27,112,0.0
28,112,0.0
29,112,1.0
30,112,2.0
31,112,0.0
32,112,0.0
33,112,0.0
34,112,1.0
35,112,0.0
36,112,1.0
37,112,0.0
38,112,2.0
39,112,0.0
40,112,1.0
41,112,3.0
42,112,3.0
43,112,5.0
44,112,2.0
45,112,0.0
46,112,1.0
47,112,7.0
48,112,9.0
49,112,9.0
50,112,9.0
51,112,8.0
52,112,8.0
53,112,9.0
54,112,8.0
55,112,7.0
56,112,0.0
57,112,0.0
58,112,1.0
59,112,1.0
60,112,3.0
61,112,2.0
62,112,3.0
63,112,3.0
64,112,3.0
65,112,4.0
66,112,5.0
67,112,6.0
68,112,7.0
69,112,8.0
70,112,8.0
71,112,7.0
72,112,9.0
73,112,9.0
74,112,9.0
75,112,9.0
76,112,9.0
77,112,9.0
78,112,7.0
79,112,7.0
80,112,6.0
81,112,6.0
82,112,4.0
83,112,6.0
84,112,7.0
85,112,5.0
86,112,3.0
87,112,3.0
88,112,3.0
89,112,4.0
90,112,3.0
91,112,1.0
92,112,0.0
93,112,0.0
94,112,0.0
95,112,1.0
96,112,0.0
97,112,0.0
98,112,1.0
99,112,2.0
100,112,4.0
1,113,3.0
2,113,1.0
3,113,2.0
4,113,3.0
5,113,1.0
6,113,0.0
7,113,2.0
8,113,1.0
9,113,0.0
10,113,0.0
11,113,0.0
12,113,1.0
13,113,1.0
14,113,1.0
15,113,1.0
16,113,2.0
17,113,1.0
18,113,1.0
19,113,1.0
20,113,0.0
21,113,2.0
22,113,4.0
23,113,4.0
24,113,0.0
25,113,4.0
26,113,1.0
27,113,1.0
28,113,0.0
29,113,1.0
30,113,2.0
31,113,0.0
32,113,0.0
33,113,0.0
34,113,3.0
35,113,3.0
36,113,1.0
37,113,2.0
38,113,1.0
39,113,0.0
40,113,0.0
41,113,1.0
42,113,3.0
43,113,4.0
44,113,4.0
45,113,3.0
46,113,7.0
47,113,9.0
48,113,8.0
49,113,8.0
50,113,8.0
51,113,8.0
52,113,8.0
53,113,8.0
54,113,8.0
55,113,0.0
56,113,0.0
57,113,0.0
58,113,1.0
59,113,0.0
60,113,1.0
61,113,1.0
62,113,1.0
63,113,3.0
64,113,2.0
65,113,3.0
66,113,3.0
67,113,4.0
68,113,7.0
69,113,8.0
70,113,8.0
71,113,8.0
72,113,9.0
73,113,9.0
74,113,9.0
75,113,9.0
76,113,9.0
77,113,7.0
78,113,7.0
79,113,7.0
80,113,8.0
81,113,6.0
82,113,5.0
83,113,7.0
84,113,6.0
85,113,5.0
86,113,4.0
87,113,3.0
88,113,4.0
89,113,2.0
90,113,4.0
91,113,0.0
92,113,1.0
93,113,0.0
94,113,0.0
95,113,2.0
96,113,2.0
97,113,1.0
98,113,1.0
99,113,3.0
100,113,4.0
1,114,1.0
2,114,2.0
3,114,2.0
4,114,2.0
5,114,0.0
6,114,2.0
7,114,2.0
8,114,1.0
9,114,1.0
10,114,0.0
11,114,0.0
12,114,0.0
13,114,1.0
14,114,0.0
15,114,2.0
16,114,2.0
17,114,2.0
18,114,1.0
19,114,0.0
20,114,0.0
21,114,2.0
22,114,1.0
23,114,2.0
24,114,1.0
25,114,0.0
26,114,0.0
27,114,0.0
28,114,3.0
29,114,5.0
30,114,2.0
31,114,2.0
32,114,1.0
33,114,1.0
34,114,3.0
35,114,4.0
36,114,4.0
37,114,2.0
38,114,1.0
39,114,1.0
40,114,2.0
41,114,2.0
42,114,5.0
43,114,5.0
44,114,4.0
45,114,5.0
46,114,7.0
47,114,9.0
48,114,9.0
49,114,8.0
50,114,8.0
51,114,8.0
52,114,8.0
53,114,8.0
54,114,3.0
55,114,0.0
56,114,0.0
57,114,0.0
58,114,0.0
59,114,0.0
60,114,2.0
61,114,3.0
62,114,3.0
63,114,4.0
64,114,4.0
65,114,3.0
66,114,5.0
67,114,4.0
68,114,7.0
69,114,8.0
70,114,8.0
71,114,8.0
72,114,9.0
73,114,9.0
74,114,9.0
75,114,9.0
76,114,9.0
77,114,7.0
78,114,7.0
79,114,8.0
80,114,6.0
81,114,7.0
82,114,5.0
83,114,6.0
84,114,3.0
85,114,5.0
86,114,6.0
87,114,2.0
88,114,1.0
89,114,3.0
90,114,2.0
91,114,4.0
92,114,0.0
93,114,0.0
94,114,1.0
95,114,1.0
96,114,3.0
97,114,1.0
98,114,3.0
99,114,4.0
100,114,7.0
1,115,2.0
2,115,4.0
3,115,3.0
4,115,5.0
5,115,1.0
6,115,2.0
7,115,1.0
8,115,1.0
9,115,0.0
10,115,0.0
11,115,2.0
12,115,1.0
13,115,0.0
14,115,1.0
15,115,2.0
16,115,3.0
17,115,2.0
18,115,5.0
19,115,1.0
20,115,0.0
21,115,2.0
22,115,4.0
23,115,2.0
24,115,0.0
25,115,0.0
26,115,1.0
27,115,3.0
28,115,2.0
29,115,1.0
30,115,3.0
31,115,2.0
32,115,2.0
33,115,1.0
34,115,3.0
35,115,4.0
36,115,5.0
37,115,4.0
38,115,4.0
39,115,2.0
40,115,4.0
41,115,6.0
42,115,6.0
43,115,3.0
44,115,3.0
45,115,8.0
46,115,8.0
47,115,8.0
48,115,9.0
49,115,9.0
50,115,8.0
51,115,9.0
52,115,8.0
53,115,8.0
54,115,0.0
55,115,0.0
56,115,0.0
57,115,1.0
58,115,0.0
59,115,0.0
60,115,1.0
61,115,3.0
62,115,4.0
63,115,4.0
64,115,4.0
65,115,2.0
66,115,3.0
67,115,3.0
68,115,7.0
69,115,7.0
70,115,8.0
71,115,8.0
72,115,9.0
73,115,9.0
74,115,9.0
75,115,9.0
76,115,5.0
77,115,8.0
78,115,6.0
79,115,6.0
80,115,5.0
81,115,4.0
82,115,6.0
83,115,4.0
84,115,3.0
85,115,4.0
86,115,3.0
87,115,1.0
88,115,4.0
89,115,6.0
90,115,4.0
91,115,3.0
92,115,1.0
93,115,5.0
94,115,5.0
95,115,3.0
96,115,2.0
97,115,2.0
98,115,2.0
99,115,5.0
100,115,5.0
1,116,6.0
2,116,4.0
3,116,2.0
4,116,2.0
5,116,1.0
6,116,4.0
7,116,2.0
8,116,3.0
9,116,4.0
10,116,1.0
11,116,4.0
12,116,2.0
13,116,3.0
14,116,4.0
15,116,3.0
16,116,1.0
17,116,3.0
18,116,3.0
19,116,3.0
20,116,2.0
21,116,2.0
22,116,3.0
23,116,1.0
24,116,2.0
25,116,0.0
26,116,1.0
27,116,2.0
28,116,1.0
29,116,3.0
30,116,4.0
31,116,4.0
32,116,3.0
33,116,1.0
34,116,2.0
35,116,5.0
36,116,5.0
37,116,5.0
38,116,5.0
39,116,3.0
40,116,6.0
41,116,4.0
42,116,6.0
43,116,2.0
44,116,3.0
45,116,7.0
46,116,9.0
47,116,8.0
48,116,9.0
49,116,8.0
50,116,8.0
51,116,9.0
52,116,9.0
53,116,6.0
54,116,1.0
55,116,0.0
56,116,0.0
57,116,0.0
58,116,1.0
59,116,0.0
60,116,3.0
61,116,1.0
62,116,3.0
63,116,4.0
64,116,4.0
65,116,2.0
66,116,4.0
67,116,5.0
68,116,7.0
69,116,9.0
70,116,9.0
71,116,8.0
72,116,8.0
73,116,9.0
74,116,9.0
75,116,9.0
76,116,7.0
77,116,7.0
78,116,7.0
79,116,7.0
80,116,7.0
81,116,5.0
82,116,5.0
83,116,2.0
84,116,2.0
85,116,2.0
86,116,2.0
87,116,2.0
88,116,4.0
89,116,5.0
90,116,2.0
91,116,3.0
92,116,4.0
93,116,3.0
94,116,4.0
95,116,4.0
96,116,0.0
97,116,2.0
98,116,5.0
99,116,6.0
100,116,6.0
1,117,6.0
2,117,5.0
3,117,3.0
4,117,3.0
5,117,4.0
6,117,6.0
7,117,5.0
8,117,5.0
9,117,6.0
10,117,5.0
11,117,5.0
12,117,4.0
13,117,5.0
14,117,7.0
15,117,6.0
16,117,5.0
17,117,2.0
18,117,4.0
19,117,6.0
20,117,3.0
21,117,6.0
22,117,3.0
23,117,4.0
24,117,1.0
25,117,1.0
26,117,0.0
27,117,2.0
28,117,3.0
29,117,4.0
30,117,6.0
31,117,4.0
32,117,3.0
33,117,3.0
34,117,5.0
35,117,5.0
36,117,3.0
37,117,5.0
38,117,4.0
39,117,6.0
40,117,4.0
41,117,6.0
42,117,6.0
43,117,2.0
44,117,2.0
45,117,7.0
46,117,9.0
47,117,9.0
48,117,9.0
49,117,9.0
50,117,9.0
51,117,8.0
52,117,7.0
53,117,0.0
54,117,1.0
55,117,2.0
56,117,3.0
57,117,3.0
58,117,5.0
59,117,2.0
60,117,3.0
61,117,3.0
62,117,6.0
63,117,4.0
64,117,3.0
65,117,7.0
66,117,4.0
67,117,5.0
68,117,8.0
69,117,9.0
70,117,8.0
71,117,8.0
72,117,8.0
73,117,9.0
74,117,9.0
75,117,9.0
76,117,7.0
77,117,7.0
78,117,7.0
79,117,6.0
80,117,7.0
81,117,5.0
82,117,4.0
83,117,3.0
84,117,0.0
85,117,0.0
86,117,1.0
87,117,1.0
88,117,2.0
89,117,6.0
90,117,3.0
91,117,4.0
92,117,4.0
93,117,6.0
94,117,3.0
95,117,4.0
96,117,1.0
97,117,2.0
98,117,4.0
99,117,5.0
100,117,5.0
1,118,2.0
2,118,6.0
3,118,3.0
4,118,6.0
5,118,6.0
6,118,6.0
7,118,5.0
8,118,4.0
9,118,7.0
10,118,7.0
11,118,6.0
12,118,4.0
13,118,4.0
14,118,6.0
15,118,6.0
16,118,3.0
17,118,1.0
18,118,4.0
19,118,7.0
20,118,4.0
21,118,6.0
22,118,3.0
23,118,4.0
24,118,4.0
25,118,2.0
26,118,4.0
27,118,3.0
28,118,5.0
29,118,5.0
30,118,5.0
31,118,5.0
32,118,2.0
33,118,4.0
34,118,6.0
35,118,5.0
36,118,6.0
37,118,4.0
38,118,6.0
39,118,3.0
40,118,3.0
41,118,6.0
42,118,4.0
43,118,4.0
44,118,7.0
45,118,9.0
46,118,9.0
47,118,9.0
48,118,9.0
49,118,9.0
50,118,9.0
51,118,8.0
52,118,7.0
53,118,0.0
54,118,1.0
55,118,1.0
56,118,1.0
57,118,4.0
58,118,2.0
59,118,5.0
60,118,4.0
61,118,2.0
62,118,3.0
63,118,1.0
64,118,1.0
65,118,4.0
66,118,4.0
67,118,2.0
68,118,9.0
69,118,9.0
70,118,8.0
71,118,8.0
72,118,9.0
73,118,9.0
74,118,9.0
75,118,7.0
76,118,7.0
77,118,7.0
78,118,7.0
79,118,6.0
80,118,6.0
81,118,7.0
82,118,5.0
83,118,3.0
84,118,1.0
85,118,0.0
86,118,0.0
87,118,2.0
88,118,2.0
89,118,5.0
90,118,3.0
91,118,5.0
92,118,5.0
93,118,6.0
94,118,3.0
95,118,5.0
96,118,3.0
97,118,3.0
98,118,4.0
99,118,4.0
100,118,4.0
1,119,4.0
2,119,5.0
3,119,2.0
4,119,3.0
5,119,6.0
6,119,5.0
7,119,6.0
8,119,6.0
9,119,7.0
10,119,7.0
11,119,7.0
12,119,6.0
13,119,6.0
14,119,4.0
15,119,1.0
16,119,1.0
17,119,4.0
18,119,2.0
19,119,5.0
20,119,4.0
21,119,5.0
22,119,4.0
23,119,4.0
24,119,5.0
25,119,1.0
26,119,1.0
27,119,3.0
28,119,2.0
29,119,3.0
30,119,5.0
31,119,7.0
32,119,6.0
33,119,4.0
34,119,6.0
35,119,4.0
36,119,4.0
37,119,5.0
38,119,6.0
39,119,3.0
40,119,5.0
41,119,6.0
42,119,4.0
43,119,7.0
44,119,8.0
45,119,9.0
46,119,9.0
47,119,9.0
48,119,9.0
49,119,9.0
50,119,9.0
51,119,8.0
52,119,7.0
53,119,0.0
54,119,0.0
55,119,0.0
56,119,2.0
57,119,1.0
58,119,1.0
59,119,1.0
60,119,2.0
61,119,0.0
62,119,5.0
63,119,2.0
64,119,1.0
65,119,4.0
66,119,2.0
67,119,4.0
68,119,9.0
69,119,9.0
70,119,8.0
71,119,9.0
72,119,9.0
73,119,9.0
74,119,9.0
75,119,8.0
76,119,6.0
77,119,7.0
78,119,6.0
79,119,4.0
80,119,3.0
81,119,6.0
82,119,5.0
83,119,4.0
84,119,2.0
85,119,1.0
86,119,4.0
87,119,1.0
88,119,1.0
89,119,3.0
90,119,4.0
91,119,4.0
92,119,3.0
93,119,3.0
94,119,4.0
95,119,4.0
96,119,0.0
97,119,2.0
98,119,4.0
99,119,3.0
100,119,4.0
1,120,4.0
2,120,3.0
3,120,2.0
4,120,4.0
5,120,6.0
6,120,6.0
7,120,7.0
8,120,6.0
9,120,7.0
10,120,7.0
11,120,5.0
12,120,5.0
13,120,3.0
14,120,2.0
15,120,1.0
16,120,1.0
17,120,2.0
18,120,4.0
19,120,5.0
20,120,5.0
21,120,7.0
22,120,5.0
23,120,5.0
24,120,5.0
25,120,2.0
26,120,4.0
27,120,5.0
28,120,2.0
29,120,3.0
30,120,2.0
31,120,2.0
32,120,6.0
33,120,4.0
34,120,6.0
35,120,5.0
36,120,6.0
37,120,6.0
38,120,6.0
39,120,5.0
40,120,4.0
41,120,5.0
42,120,5.0
43,120,6.0
44,120,9.0
45,120,9.0
46,120,9.0
47,120,9.0
48,120,9.0
49,120,9.0
50,120,9.0
51,120,7.0
52,120,0.0
53,120,0.0
54,120,2.0
55,120,1.0
56,120,1.0
57,120,2.0
58,120,3.0
59,120,5.0
60,120,2.0
61,120,2.0
62,120,6.0
63,120,2.0
64,120,2.0
65,120,2.0
66,120,3.0
67,120,8.0
68,120,8.0
69,120,9.0
70,120,8.0
71,120,8.0
72,120,9.0
73,120,9.0
74,120,8.0
75,120,6.0
76,120,5.0
77,120,3.0
78,120,6.0
79,120,3.0
80,120,3.0
81,120,3.0
82,120,4.0
83,120,2.0
84,120,3.0
85,120,2.0
86,120,2.0
87,120,1.0
88,120,2.0
89,120,3.0
90,120,1.0
91,120,3.0
92,120,4.0
93,120,5.0
94,120,4.0
95,120,3.0
96,120,1.0
97,120,1.0
98,120,1.0
99,120,3.0
100,120,1.0
1,121,4.0
2,121,6.0
3,121,7.0
4,121,4.0
5,121,5.0
6,121,6.0
7,121,6.0
8,121,7.0
9,121,7.0
10,121,6.0
11,121,7.0
12,121,5.0
13,121,4.0
14,121,5.0
15,121,3.0
16,121,3.0
17,121,1.0
18,121,1.0
19,121,3.0
20,121,3.0
21,121,5.0
22,121,6.0
23,121,4.0
24,121,3.0
25,121,2.0
26,121,4.0
27,121,3.0
28,121,3.0
29,121,3.0
30,121,2.0
31,121,1.0
32,121,5.0
33,121,5.0
34,121,6.0
35,121,4.0
36,121,5.0
37,121,5.0
38,121,3.0
39,121,2.0
40,121,2.0
41,121,3.0
42,121,3.0
43,121,7.0
44,121,9.0
45,121,9.0
46,121,9.0
47,121,9.0
48,121,9.0
49,121,9.0
50,121,6.0
51,121,1.0
52,121,1.0
53,121,0.0
54,121,1.0
55,121,1.0
56,121,1.0
57,121,3.0
58,121,4.0
59,121,5.0
60,121,5.0
61,121,5.0
62,121,4.0
63,121,3.0
64,121,1.0
65,121,3.0
66,121,1.0
67,121,8.0
68,121,9.0
69,121,9.0
70,121,8.0
71,121,9.0
72,121,9.0
73,121,9.0
74,121,9.0
75,121,7.0
76,121,3.0
77,121,2.0
78,121,5.0
79,121,4.0
80,121,2.0
81,121,4.0
82,121,6.0
83,121,6.0
84,121,4.0
85,121,1.0
86,121,2.0
87,121,1.0
88,121,1.0
89,121,1.0
90,121,2.0
91,121,3.0
92,121,2.0
93,121,5.0
94,121,5.0
95,121,2.0
96,121,4.0
97,121,4.0
98,121,2.0
99,121,1.0
100,121,2.0
1,122,6.0
2,122,6.0
3,122,5.0
4,122,3.0
5,122,5.0
6,122,6.0
7,122,5.0
8,122,7.0
9,122,7.0
10,122,7.0
11,122,6.0
12,122,6.0
13,122,6.0
14,122,6.0
15,122,6.0
16,122,3.0
17,122,3.0
18,122,2.0
19,122,6.0
20,122,6.0
21,122,4.0
22,122,5.0
23,122,3.0
24,122,3.0
25,122,3.0
26,122,1.0
27,122,1.0
28,122,3.0
29,122,3.0
30,122,2.0
31,122,2.0
32,122,1.0
33,122,1.0
34,122,3.0
35,122,3.0
36,122,6.0
37,122,4.0
38,122,4.0
39,122,4.0
40,122,3.0
41,122,4.0
42,122,6.0
43,122,9.0
44,122,9.0
45,122,9.0
46,122,9.0
47,122,9.0
48,122,9.0
49,122,9.0
50,122,9.0
51,122,2.0
52,122,1.0
53,122,1.0
54,122,0.0
55,122,0.0
56,122,0.0
57,122,4.0
58,122,5.0
59,122,5.0
60,122,3.0
61,122,6.0
62,122,4.0
63,122,2.0
64,122,3.0
65,122,2.0
66,122,5.0
67,122,9.0
68,122,8.0
69,122,9.0
70,122,9.0
71,122,9.0
72,122,9.0
73,122,9.0
74,122,6.0
75,122,6.0
76,122,7.0
77,122,3.0
78,122,7.0
79,122,4.0
80,122,3.0
81,122,3.0
82,122,6.0
83,122,5.0
84,122,6.0
85,122,3.0
86,122,1.0
87,122,2.0
88,122,3.0
89,122,1.0
90,122,0.0
91,122,1.0
92,122,3.0
93,122,4.0
94,122,2.0
95,122,4.0
96,122,5.0
97,122,7.0
98,122,5.0
99,122,4.0
100,122,4.0
1,123,7.0
2,123,6.0
3,123,6.0
4,123,5.0
5,123,5.0
6,123,5.0
7,123,6.0
8,123,6.0
9,123,7.0
10,123,7.0
11,123,7.0
12,123,7.0
13,123,7.0
14,123,7.0
15,123,7.0
16,123,5.0
17,123,5.0
18,123,6.0
19,123,3.0
20,123,4.0
21,123,4.0
22,123,5.0
23,123,1.0
24,123,1.0
25,123,1.0
26,123,0.0
27,123,3.0
28,123,2.0
29,123,1.0
30,123,0.0
31,123,1.0
32,123,3.0
33,123,3.0
34,123,5.0
35,123,4.0
36,123,4.0
37,123,5.0
38,123,7.0
39,123,7.0
40,123,5.0
41,123,3.0
42,123,9.0
43,123,9.0
44,123,9.0
45,123,9.0
46,123,9.0
47,123,8.0
48,123,9.0
49,123,9.0
50,123,5.0
51,123,3.0
52,123,1.0
53,123,0.0
54,123,0.0
55,123,0.0
56,123,0.0
57,123,1.0
58,123,4.0
59,123,6.0
60,123,4.0
61,123,3.0
62,123,3.0
63,123,2.0
64,123,2.0
65,123,2.0
66,123,8.0
67,123,8.0
68,123,8.0
69,123,8.0
70,123,8.0
71,123,9.0
72,123,9.0
73,123,9.0
74,123,9.0
75,123,5.0
76,123,2.0
77,123,5.0
78,123,4.0
79,123,1.0
80,123,1.0
81,123,1.0
82,123,4.0
83,123,3.0
84,123,4.0
85,123,1.0
86,123,2.0
87,123,2.0
88,123,3.0
89,123,0.0
90,123,1.0
91,123,1.0
92,123,3.0
93,123,4.0
94,123,2.0
95,123,4.0
96,123,4.0
97,123,4.0
98,123,5.0
99,123,4.0
100,123,4.0
1,124,7.0
2,124,6.0
3,124,7.0
4,124,5.0
5,124,4.0
6,124,5.0
7,124,4.0
8,124,7.0
9,124,8.0
10,124,7.0
11,124,7.0
12,124,7.0
13,124,8.0
14,124,8.0
15,124,7.0
16,124,6.0
17,124,4.0
18,124,6.0
19,124,3.0
20,124,6.0
21,124,4.0
22,124,5.0
23,124,1.0
24,124,0.0
25,124,1.0
26,124,2.0
27,124,3.0
28,124,3.0
29,124,2.0
30,124,3.0
31,124,2.0
32,124,1.0
33,124,3.0
34,124,1.0
35,124,3.0
36,124,6.0
37,124,6.0
38,124,7.0
39,124,7.0
40,124,5.0
41,124,6.0
42,124,9.0
43,124,9.0
44,124,9.0
45,124,9.0
46,124,9.0
47,124,9.0
48,124,9.0
49,124,9.0
50,124,5.0
51,124,1.0
52,124,0.0
53,124,0.0
54,124,1.0
55,124,1.0
56,124,2.0
57,124,5.0
58,124,5.0
59,124,3.0
60,124,5.0
61,124,3.0
62,124,3.0
63,124,3.0
64,124,3.0
65,124,3.0
66,124,7.0
67,124,8.0
68,124,8.0
69,124,8.0
70,124,8.0
71,124,9.0
72,124,9.0
73,124,9.0
74,124,7.0
75,124,4.0
76,124,4.0
77,124,5.0
78,124,5.0
79,124,1.0
80,124,0.0
81,124,1.0
82,124,2.0
83,124,2.0
84,124,3.0
85,124,4.0
86,124,3.0
87,124,5.0
88,124,1.0
89,124,2.0
90,124,0.0
91,124,1.0
92,124,3.0
93,124,3.0
94,124,5.0
95,124,5.0
96,124,4.0
97,124,5.0
98,124,4.0
99,124,3.0
100,124,5.0
1,125,7.0
2,125,6.0
3,125,5.0
4,125,5.0
5,125,5.0
6,125,6.0
7,125,4.0
8,125,7.0
9,125,7.0
10,125,6.0
11,125,7.0
12,125,7.0
13,125,7.0
14,125,7.0
15,125,7.0
16,125,5.0
17,125,1.0
18,125,3.0
19,125,3.0
20,125,5.0
21,125,5.0
22,125,4.0
23,125,3.0
24,125,5.0
25,125,3.0
26,125,1.0
27,125,2.0
28,125,2.0
29,125,1.0
30,125,2.0
31,125,1.0
32,125,0.0
33,125,1.0
34,125,0.0
35,125,1.0
36,125,3.0
37,125,6.0
38,125,7.0
39,125,7.0
40,125,7.0
41,125,9.0
42,125,9.0
43,125,9.0
44,125,9.0
45,125,9.0
46,125,9.0
47,125,9.0
48,125,9.0
49,125,6.0
50,125,1.0
51,125,0.0
52,125,0.0
53,125,2.0
54,125,0.0
55,125,1.0
56,125,1.0
57,125,0.0
58,125,0.0
59,125,1.0
60,125,3.0
61,125,3.0
62,125,3.0
63,125,3.0
64,125,3.0
65,125,3.0
66,125,3.0
67,125,8.0
68,125,8.0
69,125,8.0
70,125,8.0
71,125,9.0
72,125,9.0
73,125,9.0
74,125,9.0
75,125,7.0
76,125,6.0
77,125,6.0
78,125,4.0
79,125,1.0
80,125,0.0
81,125,2.0
82,125,4.0
83,125,2.0
84,125,2.0
85,125,3.0
86,125,5.0
87,125,4.0
88,125,1.0
89,125,2.0
90,125,2.0
91,125,2.0
92,125,4.0
93,125,2.0
94,125,3.0
95,125,4.0
96,125,5.0
97,125,4.0
98,125,7.0
99,125,8.0
100,125,5.0
1,126,6.0
2,126,6.0
3,126,6.0
4,126,8.0
5,126,7.0
6,126,7.0
7,126,6.0
8,126,6.0
9,126,6.0
10,126,5.0
11,126,4.0
12,126,7.0
13,126,6.0
14,126,6.0
15,126,6.0
16,126,5.0
17,126,2.0
18,126,3.0
19,126,3.0
20,126,2.0
21,126,4.0
22,126,6.0
23,126,3.0
24,126,3.0
25,126,5.0
26,126,3.0
27,126,5.0
28,126,4.0
29,126,5.0
30,126,1.0
31,126,2.0
32,126,1.0
33,126,4.0
34,126,1.0
35,126,2.0
36,126,3.0
37,126,6.0
38,126,7.0
39,126,7.0
40,126,8.0
41,126,9.0
42,126,9.0
43,126,9.0
44,126,9.0
45,126,9.0
46,126,9.0
47,126,9.0
48,126,7.0
49,126,3.0
50,126,2.0
51,126,2.0
52,126,1.0
53,126,0.0
54,126,0.0
55,126,2.0
56,126,3.0
57,126,0.0
58,126,1.0
59,126,1.0
60,126,1.0
61,126,1.0
62,126,1.0
63,126,1.0
64,126,1.0
65,126,1.0
66,126,1.0
67,126,8.0
68,126,8.0
69,126,8.0
70,126,9.0
71,126,9.0
72,126,9.0
73,126,9.0
74,126,9.0
75,126,5.0
76,126,6.0
77,126,7.0
78,126,2.0
79,126,1.0
80,126,1.0
81,126,3.0
82,126,4.0
83,126,5.0
84,126,4.0
85,126,4.0
86,126,5.0
87,126,2.0
88,126,3.0
89,126,2.0
90,126,2.0
91,126,3.0
92,126,5.0
93,126,6.0
94,126,4.0
95,126,4.0
96,126,5.0
97,126,5.0
98,126,7.0
99,126,7.0
100,126,5.0
1,127,5.0
2,127,7.0
3,127,5.0
4,127,6.0
5,127,7.0
6,127,7.0
7,127,4.0
8,127,5.0
9,127,5.0
10,127,5.0
11,127,5.0
12,127,7.0
13,127,7.0
14,127,6.0
15,127,5.0
16,127,5.0
17,127,4.0
18,127,3.0
19,127,4.0
20,127,3.0
21,127,5.0
22,127,6.0
23,127,4.0
24,127,2.0
25,127,4.0
26,127,5.0
27,127,5.0
28,127,5.0
29,127,4.0
30,127,3.0
31,127,2.0
32,127,1.0
33,127,2.0
34,127,3.0
35,127,5.0
36,127,6.0
37,127,7.0
38,127,5.0
39,127,7.0
40,127,9.0
41,127,9.0
42,127,9.0
43,127,9.0
44,127,9.0
45,127,9.0
46,127,9.0
47,127,9.0
48,127,9.0
49,127,1.0
50,127,3.0
51,127,2.0
52,127,3.0
53,127,1.0
54,127,2.0
55,127,4.0
56,127,5.0
57,127,1.0
58,127,1.0
59,127,1.0
60,127,1.0
61,127,1.0
62,127,1.0
63,127,1.0
64,127,1.0
65,127,1.0
66,127,1.0
67,127,9.0
68,127,9.0
69,127,8.0
70,127,9.0
71,127,9.0
72,127,9.0
73,127,9.0
74,127,9.0
75,127,9.0
76,127,7.0
77,127,7.0
78,127,5.0
79,127,1.0
80,127,2.0
81,127,3.0
82,127,3.0
83,127,4.0
84,127,6.0
85,127,6.0
86,127,4.0
87,127,3.0
88,127,1.0
89,127,4.0
90,127,1.0
91,127,1.0
92,127,4.0
93,127,3.0
94,127,6.0
95,127,4.0
96,127,5.0
97,127,6.0
98,127,7.0
99,127,7.0
100,127,6.0
1,128,4.0
2,128,2.0
3,128,3.0
4,128,6.0
5,128,7.0
6,128,5.0
7,128,3.0
8,128,3.0
9,128,5.0
10,128,5.0
11,128,6.0
12,128,7.0
13,128,7.0
14,128,6.0
15,128,5.0
16,128,6.0
17,128,5.0
18,128,2.0
19,128,2.0
20,128,5.0
21,128,3.0
22,128,5.0
23,128,4.0
24,128,1.0
25,128,3.0
26,128,2.0
27,128,4.0
28,128,4.0
29,128,2.0
30,128,3.0
31,128,0.0
32,128,1.0
33,128,1.0
34,128,0.0
35,128,2.0
36,128,6.0
37,128,5.0
38,128,4.0
39,128,5.0
40,128,6.0
41,128,9.0
42,128,9.0
43,128,9.0
44,128,9.0
45,128,9.0
46,128,9.0
47,128,9.0
48,128,7.0
49,128,0.0
50,128,4.0
51,128,2.0
52,128,1.0
53,128,3.0
54,128,3.0
55,128,3.0
56,128,3.0
57,128,2.0
58,128,3.0
59,128,3.0
60,128,3.0
61,128,3.0
62,128,3.0
63,128,3.0
64,128,3.0
65,128,3.0
66,128,3.0
67,128,9.0
68,128,9.0
69,128,9.0
70,128,9.0
71,128,9.0
72,128,9.0
73,128,9.0
74,128,9.0
75,128,9.0
76,128,9.0
77,128,6.0
78,128,6.0
79,128,3.0
80,128,4.0
81,128,5.0
82,128,3.0
83,128,4.0
84,128,4.0
85,128,5.0
86,128,2.0
87,128,1.0
88,128,3.0
89,128,5.0
90,128,3.0
91,128,1.0
92,128,1.0
93,128,4.0
94,128,7.0
95,128,7.0
96,128,7.0
97,128,7.0
98,128,6.0
99,128,6.0
100,128,7.0
1,129,2.0
2,129,2.0
3,129,5.0
4,129,6.0
5,129,7.0
6,129,4.0
7,129,5.0
8,129,3.0
9,129,3.0
10,129,4.0
11,129,5.0
12,129,4.0
13,129,2.0
14,129,2.0
15,129,4.0
16,129,4.0
17,129,4.0
18,129,2.0
19,129,3.0
20,129,4.0
21,129,1.0
22,129,1.0
23,129,4.0
24,129,2.0
25,129,3.0
26,129,3.0
27,129,3.0
28,129,2.0
29,129,1.0
30,129,1.0
31,129,0.0
32,129,1.0
33,129,1.0
34,129,0.0
35,129,4.0
36,129,6.0
37,129,5.0
38,129,2.0
39,129,7.0
40,129,9.0
41,129,9.0
42,129,9.0
43,129,9.0
44,129,9.0
45,129,9.0
46,129,8.0
47,129,9.0
48,129,6.0
49,129,4.0
50,129,2.0
51,129,1.0
52,129,2.0
53,129,1.0
54,129,2.0
55,129,1.0
56,129,5.0
57,129,3.0
58,129,4.0
59,129,4.0
60,129,4.0
61,129,4.0
62,129,4.0
63,129,4.0
64,129,4.0
65,129,4.0
66,129,4.0
67,129,4.0
68,129,9.0
69,129,9.0
70,129,9.0
71,129,9.0
72,129,9.0
73,129,9.0
74,129,9.0
75,129,9.0
76,129,9.0
77,129,9.0
78,129,7.0
79,129,6.0
80,129,1.0
81,129,5.0
82,129,5.0
83,129,3.0
84,129,3.0
85,129,3.0
86,129,4.0
87,129,3.0
88,129,6.0
89,129,5.0
90,129,3.0
91,129,5.0
92,129,5.0
93,129,6.0
94,129,6.0
95,129,7.0
96,129,7.0
97,129,6.0
98,129,4.0
99,129,5.0
100,129,5.0
1,130,1.0
2,130,2.0
3,130,5.0
4,130,7.0
5,130,7.0
6,130,6.0
7,130,4.0
8,130,6.0
9,130,3.0
10,130,7.0
11,130,6.0
12,130,3.0
13,130,2.0
14,130,2.0
15,130,4.0
16,130,5.0
17,130,5.0
18,130,4.0
19,130,2.0
20,130,1.0
21,130,0.0
22,130,2.0
23,130,2.0
24,130,2.0
25,130,1.0
26,130,6.0
27,130,5.0
28,130,1.0
29,130,4.0
30,130,2.0
31,130,3.0
32,130,2.0
33,130,1.0
34,130,1.0
35,130,6.0
36,130,5.0
37,130,5.0
38,130,3.0
39,130,7.0
40,130,9.0
41,130,8.0
42,130,9.0
43,130,9.0
44,130,9.0
45,130,9.0
46,130,9.0
47,130,7.0
48,130,4.0
49,130,3.0
50,130,1.0
51,130,0.0
52,130,1.0
53,130,1.0
54,130,1.0
55,130,3.0
56,130,5.0
57,130,4.0
58,130,5.0
59,130,5.0
60,130,5.0
61,130,5.0
62,130,5.0
63,130,5.0
64,130,5.0
65,130,5.0
66,130,5.0
67,130,5.0
68,130,9.0
69,130,9.0
70,130,9.0
71,130,9.0
72,130,9.0
73,130,9.0
74,130,9.0
75,130,9.0
76,130,9.0
77,130,9.0
78,130,9.0
79,130,9.0
80,130,5.0
81,130,7.0
82,130,1.0
83,130,1.0
84,130,2.0
85,130,3.0
86,130,4.0
87,130,2.0
88,130,4.0
89,130,4.0
90,130,5.0
91,130,4.0
92,130,4.0
93,130,6.0
94,130,7.0
95,130,7.0
96,130,7.0
97,130,7.0
98,130,6.0
99,130,6.0
100,130,4.0
