X,Y,V
1,1,3.0
2,1,1.0
3,1,3.0
4,1,5.0
5,1,6.0
6,1,11.0
7,1,6.0
8,1,7.0
9,1,7.0
10,1,8.0
11,1,7.0
12,1,4.0
13,1,4.0
14,1,5.0
15,1,9.0
16,1,5.0
17,1,3.0
18,1,6.0
19,1,5.0
20,1,3.0
21,1,8.0
22,1,8.0
23,1,12.0
24,1,19.0
25,1,19.0
26,1,19.0
27,1,19.0
28,1,19.0
29,1,19.0
30,1,19.0
31,1,19.0
32,1,14.0
33,1,4.0
34,1,3.0
35,1,3.0
36,1,18.0
37,1,18.0
38,1,17.0
39,1,17.0
40,1,17.0
41,1,18.0
42,1,10.0
43,1,9.0
44,1,9.0
45,1,5.0
46,1,3.0
47,1,3.0
48,1,0.0
49,1,4.0
50,1,5.0
51,1,5.0
52,1,3.0
53,1,1.0
54,1,4.0
55,1,1.0
56,1,2.0
57,1,2.0
58,1,2.0
59,1,2.0
60,1,8.0
61,1,8.0
62,1,6.0
63,1,9.0
64,1,9.0
65,1,7.0
66,1,10.0
67,1,13.0
68,1,14.0
69,1,10.0
70,1,8.0
71,1,10.0
72,1,13.0
73,1,14.0
74,1,15.0
75,1,13.0
76,1,16.0
77,1,13.0
78,1,14.0
79,1,14.0
80,1,9.0
81,1,10.0
82,1,4.0
83,1,4.0
84,1,5.0
85,1,8.0
86,1,4.0
87,1,10.0
88,1,7.0
89,1,3.0
90,1,0.0
91,1,2.0
92,1,3.0
93,1,8.0
94,1,0.0
95,1,2.0
96,1,1.0
97,1,2.0
98,1,1.0
99,1,2.0
100,1,2.0
1,2,5.0
2,2,2.0
3,2,1.0
4,2,6.0
5,2,3.0
6,2,10.0
7,2,8.0
8,2,8.0
9,2,9.0
10,2,12.0
11,2,12.0
12,2,5.0
13,2,7.0
14,2,9.0
15,2,10.0
16,2,5.0
17,2,5.0
18,2,10.0
19,2,11.0
20,2,5.0
21,2,8.0
22,2,12.0
23,2,18.0
24,2,19.0
25,2,19.0
26,2,19.0
27,2,19.0
28,2,19.0
29,2,19.0
30,2,19.0
31,2,19.0
32,2,15.0
33,2,9.0
34,2,7.0
35,2,19.0
36,2,18.0
37,2,18.0
38,2,18.0
39,2,17.0
40,2,17.0
41,2,4.0
42,2,8.0
43,2,10.0
44,2,9.0
45,2,7.0
46,2,3.0
47,2,3.0
48,2,6.0
49,2,3.0
50,2,6.0
51,2,8.0
52,2,5.0
53,2,3.0
54,2,2.0
55,2,3.0
56,2,1.0
57,2,1.0
58,2,2.0
59,2,1.0
60,2,3.0
61,2,2.0
62,2,2.0
63,2,3.0
64,2,4.0
65,2,8.0
66,2,10.0
67,2,12.0
68,2,14.0
69,2,13.0
70,2,13.0
71,2,11.0
72,2,11.0
73,2,15.0
74,2,15.0
75,2,16.0
76,2,15.0
77,2,16.0
78,2,16.0
79,2,15.0
80,2,10.0
81,2,10.0
82,2,6.0
83,2,2.0
84,2,8.0
85,2,9.0
86,2,4.0
87,2,7.0
88,2,7.0
89,2,3.0
90,2,2.0
91,2,1.0
92,2,3.0
93,2,1.0
94,2,2.0
95,2,7.0
96,2,2.0
97,2,5.0
98,2,5.0
99,2,6.0
100,2,7.0
1,3,2.0
2,3,5.0
3,3,1.0
4,3,3.0
5,3,4.0
6,3,10.0
7,3,4.0
8,3,4.0
9,3,7.0
10,3,8.0
11,3,10.0
12,3,8.0
13,3,9.0
14,3,8.0
15,3,8.0
16,3,5.0
17,3,12.0
18,3,12.0
19,3,12.0
20,3,10.0
21,3,11.0
22,3,15.0
23,3,14.0
24,3,19.0
25,3,19.0
26,3,19.0
27,3,19.0
28,3,19.0
29,3,18.0
30,3,18.0
31,3,18.0
32,3,15.0
33,3,5.0
34,3,18.0
35,3,19.0
36,3,19.0
37,3,19.0
38,3,18.0
39,3,18.0
40,3,12.0
41,3,4.0
42,3,10.0
43,3,12.0
44,3,10.0
45,3,5.0
46,3,1.0
47,3,1.0
48,3,4.0
49,3,0.0
50,3,1.0
51,3,5.0
52,3,5.0
53,3,4.0
54,3,1.0
55,3,3.0
56,3,3.0
57,3,3.0
58,3,2.0
59,3,4.0
60,3,2.0
61,3,2.0
62,3,5.0
63,3,2.0
64,3,2.0
65,3,6.0
66,3,4.0
67,3,3.0
68,3,11.0
69,3,13.0
70,3,13.0
71,3,14.0
72,3,14.0
73,3,16.0
74,3,16.0
75,3,16.0
76,3,15.0
77,3,16.0
78,3,15.0
79,3,12.0
80,3,7.0
81,3,6.0
82,3,4.0
83,3,4.0
84,3,9.0
85,3,9.0
86,3,4.0
87,3,5.0
88,3,3.0
89,3,1.0
90,3,2.0
91,3,2.0
92,3,1.0
93,3,0.0
94,3,1.0
95,3,9.0
96,3,6.0
97,3,3.0
98,3,10.0
99,3,10.0
100,3,7.0
1,4,1.0
2,4,1.0
3,4,4.0
4,4,4.0
5,4,7.0
6,4,4.0
7,4,3.0
8,4,1.0
9,4,4.0
10,4,5.0
11,4,8.0
12,4,13.0
13,4,11.0
14,4,14.0
15,4,13.0
16,4,10.0
17,4,14.0
18,4,14.0
19,4,12.0
20,4,11.0
21,4,6.0
22,4,11.0
23,4,15.0
24,4,19.0
25,4,19.0
26,4,18.0
27,4,18.0
28,4,19.0
29,4,18.0
30,4,19.0
31,4,19.0
32,4,15.0
33,4,18.0
34,4,18.0
35,4,19.0
36,4,19.0
37,4,19.0
38,4,18.0
39,4,10.0
40,4,3.0
41,4,6.0
42,4,6.0
43,4,12.0
44,4,12.0
45,4,6.0
46,4,4.0
47,4,1.0
48,4,2.0
49,4,0.0
50,4,1.0
51,4,1.0
52,4,5.0
53,4,7.0
54,4,4.0
55,4,4.0
56,4,6.0
57,4,2.0
58,4,4.0
59,4,2.0
60,4,0.0
61,4,1.0
62,4,1.0
63,4,1.0
64,4,0.0
65,4,1.0
66,4,2.0
67,4,0.0
68,4,7.0
69,4,12.0
70,4,13.0
71,4,15.0
72,4,16.0
73,4,16.0
74,4,16.0
75,4,15.0
76,4,15.0
77,4,15.0
78,4,12.0
79,4,10.0
80,4,7.0
81,4,4.0
82,4,6.0
83,4,4.0
84,4,3.0
85,4,6.0
86,4,4.0
87,4,4.0
88,4,4.0
89,4,6.0
90,4,3.0
91,4,5.0
92,4,1.0
93,4,0.0
94,4,1.0
95,4,5.0
96,4,2.0
97,4,5.0
98,4,9.0
99,4,9.0
100,4,10.0
1,5,2.0
2,5,2.0
3,5,2.0
4,5,1.0
5,5,8.0
6,5,2.0
7,5,3.0
8,5,1.0
9,5,1.0
10,5,3.0
11,5,12.0
12,5,11.0
13,5,10.0
14,5,15.0
15,5,12.0
16,5,9.0
17,5,11.0
18,5,12.0
19,5,11.0
20,5,14.0
21,5,9.0
22,5,12.0
23,5,14.0
24,5,19.0
25,5,19.0
26,5,19.0
27,5,18.0
28,5,18.0
29,5,19.0
30,5,19.0
31,5,18.0
32,5,18.0
33,5,18.0
34,5,18.0
35,5,18.0
36,5,19.0
37,5,19.0
38,5,13.0
39,5,2.0
40,5,3.0
41,5,6.0
42,5,6.0
43,5,7.0
44,5,8.0
45,5,4.0
46,5,4.0
47,5,1.0
48,5,1.0
49,5,0.0
50,5,1.0
51,5,1.0
52,5,7.0
53,5,6.0
54,5,9.0
55,5,8.0
56,5,4.0
57,5,7.0
58,5,1.0
59,5,1.0
60,5,1.0
61,5,1.0
62,5,0.0
63,5,1.0
64,5,1.0
65,5,3.0
66,5,1.0
67,5,5.0
68,5,8.0
69,5,10.0
70,5,14.0
71,5,14.0
72,5,14.0
73,5,16.0
74,5,16.0
75,5,16.0
76,5,15.0
77,5,14.0
78,5,12.0
79,5,6.0
80,5,7.0
81,5,3.0
82,5,3.0
83,5,5.0
84,5,4.0
85,5,3.0
86,5,3.0
87,5,6.0
88,5,5.0
89,5,3.0
90,5,8.0
91,5,3.0
92,5,4.0
93,5,2.0
94,5,7.0
95,5,10.0
96,5,8.0
97,5,8.0
98,5,13.0
99,5,14.0
100,5,14.0
1,6,1.0
2,6,2.0
3,6,5.0
4,6,3.0
5,6,2.0
6,6,0.0
7,6,2.0
8,6,1.0
9,6,0.0
10,6,2.0
11,6,8.0
12,6,7.0
13,6,4.0
14,6,12.0
15,6,13.0
16,6,13.0
17,6,11.0
18,6,9.0
19,6,10.0
20,6,11.0
21,6,8.0
22,6,11.0
23,6,14.0
24,6,18.0
25,6,19.0
26,6,18.0
27,6,19.0
28,6,18.0
29,6,19.0
30,6,18.0
31,6,18.0
32,6,18.0
33,6,15.0
34,6,18.0
35,6,18.0
36,6,19.0
37,6,19.0
38,6,1.0
39,6,1.0
40,6,2.0
41,6,5.0
42,6,7.0
43,6,8.0
44,6,7.0
45,6,6.0
46,6,4.0
47,6,2.0
48,6,1.0
49,6,3.0
50,6,2.0
51,6,2.0
52,6,7.0
53,6,5.0
54,6,2.0
55,6,1.0
56,6,2.0
57,6,2.0
58,6,1.0
59,6,3.0
60,6,2.0
61,6,1.0
62,6,1.0
63,6,1.0
64,6,2.0
65,6,3.0
66,6,1.0
67,6,5.0
68,6,11.0
69,6,12.0
70,6,13.0
71,6,15.0
72,6,12.0
73,6,15.0
74,6,16.0
75,6,14.0
76,6,13.0
77,6,10.0
78,6,5.0
79,6,4.0
80,6,7.0
81,6,5.0
82,6,12.0
83,6,9.0
84,6,11.0
85,6,12.0
86,6,12.0
87,6,4.0
88,6,7.0
89,6,5.0
90,6,6.0
91,6,6.0
92,6,1.0
93,6,1.0
94,6,6.0
95,6,12.0
96,6,14.0
97,6,14.0
98,6,14.0
99,6,16.0
100,6,16.0
1,7,2.0
2,7,3.0
3,7,4.0
4,7,1.0
5,7,1.0
6,7,2.0
7,7,3.0
8,7,1.0
9,7,1.0
10,7,1.0
11,7,2.0
12,7,4.0
13,7,8.0
14,7,7.0
15,7,14.0
16,7,13.0
17,7,8.0
18,7,4.0
19,7,3.0
20,7,5.0
21,7,13.0
22,7,12.0
23,7,13.0
24,7,7.0
25,7,19.0
26,7,18.0
27,7,17.0
28,7,18.0
29,7,19.0
30,7,18.0
31,7,19.0
32,7,18.0
33,7,15.0
34,7,18.0
35,7,18.0
36,7,18.0
37,7,3.0
38,7,1.0
39,7,2.0
40,7,4.0
41,7,9.0
42,7,9.0
43,7,4.0
44,7,9.0
45,7,5.0
46,7,6.0
47,7,3.0
48,7,1.0
49,7,3.0
50,7,7.0
51,7,3.0
52,7,7.0
53,7,3.0
54,7,3.0
55,7,3.0
56,7,1.0
57,7,1.0
58,7,1.0
59,7,0.0
60,7,0.0
61,7,3.0
62,7,1.0
63,7,1.0
64,7,6.0
65,7,7.0
66,7,8.0
67,7,9.0
68,7,13.0
69,7,13.0
70,7,13.0
71,7,15.0
72,7,14.0
73,7,12.0
74,7,16.0
75,7,16.0
76,7,14.0
77,7,10.0
78,7,13.0
79,7,2.0
80,7,6.0
81,7,7.0
82,7,8.0
83,7,12.0
84,7,9.0
85,7,4.0
86,7,7.0
87,7,2.0
88,7,11.0
89,7,7.0
90,7,11.0
91,7,5.0
92,7,8.0
93,7,14.0
94,7,8.0
95,7,12.0
96,7,15.0
97,7,13.0
98,7,16.0
99,7,16.0
100,7,16.0
1,8,0.0
2,8,1.0
3,8,2.0
4,8,1.0
5,8,0.0
6,8,1.0
7,8,6.0
8,8,2.0
9,8,7.0
10,8,6.0
11,8,11.0
12,8,3.0
13,8,6.0
14,8,7.0
15,8,11.0
16,8,9.0
17,8,5.0
18,8,4.0
19,8,11.0
20,8,7.0
21,8,6.0
22,8,10.0
23,8,9.0
24,8,0.0
25,8,18.0
26,8,18.0
27,8,17.0
28,8,18.0
29,8,19.0
30,8,18.0
31,8,19.0
32,8,18.0
33,8,15.0
34,8,18.0
35,8,18.0
36,8,0.0
37,8,1.0
38,8,2.0
39,8,3.0
40,8,9.0
41,8,12.0
42,8,9.0
43,8,6.0
44,8,7.0
45,8,9.0
46,8,8.0
47,8,1.0
48,8,1.0
49,8,3.0
50,8,5.0
51,8,5.0
52,8,5.0
53,8,1.0
54,8,2.0
55,8,3.0
56,8,1.0
57,8,6.0
58,8,1.0
59,8,0.0
60,8,0.0
61,8,0.0
62,8,2.0
63,8,3.0
64,8,2.0
65,8,3.0
66,8,6.0
67,8,8.0
68,8,11.0
69,8,9.0
70,8,13.0
71,8,11.0
72,8,12.0
73,8,15.0
74,8,16.0
75,8,15.0
76,8,15.0
77,8,15.0
78,8,10.0
79,8,6.0
80,8,7.0
81,8,6.0
82,8,11.0
83,8,11.0
84,8,8.0
85,8,11.0
86,8,12.0
87,8,4.0
88,8,11.0
89,8,12.0
90,8,8.0
91,8,5.0
92,8,11.0
93,8,14.0
94,8,14.0
95,8,15.0
96,8,15.0
97,8,14.0
98,8,16.0
99,8,16.0
100,8,16.0
1,9,0.0
2,9,0.0
3,9,4.0
4,9,0.0
5,9,1.0
6,9,4.0
7,9,10.0
8,9,4.0
9,9,8.0
10,9,9.0
11,9,5.0
12,9,9.0
13,9,6.0
14,9,7.0
15,9,8.0
16,9,12.0
17,9,12.0
18,9,8.0
19,9,12.0
20,9,11.0
21,9,11.0
22,9,10.0
23,9,10.0
24,9,0.0
25,9,19.0
26,9,18.0
27,9,18.0
28,9,18.0
29,9,19.0
30,9,19.0
31,9,19.0
32,9,19.0
33,9,15.0
34,9,18.0
35,9,2.0
36,9,2.0
37,9,6.0
38,9,2.0
39,9,2.0
40,9,5.0
41,9,7.0
42,9,8.0
43,9,10.0
44,9,12.0
45,9,11.0
46,9,6.0
47,9,7.0
48,9,2.0
49,9,0.0
50,9,1.0
51,9,3.0
52,9,3.0
53,9,1.0
54,9,2.0
55,9,0.0
56,9,1.0
57,9,0.0
58,9,0.0
59,9,0.0
60,9,0.0
61,9,0.0
62,9,3.0
63,9,1.0
64,9,1.0
65,9,3.0
66,9,5.0
67,9,7.0
68,9,8.0
69,9,6.0
70,9,8.0
71,9,7.0
72,9,8.0
73,9,12.0
74,9,16.0
75,9,15.0
76,9,15.0
77,9,12.0
78,9,13.0
79,9,8.0
80,9,10.0
81,9,4.0
82,9,7.0
83,9,3.0
84,9,5.0
85,9,10.0
86,9,8.0
87,9,10.0
88,9,12.0
89,9,11.0
90,9,11.0
91,9,10.0
92,9,11.0
93,9,14.0
94,9,14.0
95,9,15.0
96,9,14.0
97,9,16.0
98,9,15.0
99,9,16.0
100,9,15.0
1,10,2.0
2,10,0.0
3,10,1.0
4,10,4.0
5,10,4.0
6,10,4.0
7,10,11.0
8,10,9.0
9,10,14.0
10,10,7.0
11,10,7.0
12,10,3.0
13,10,4.0
14,10,1.0
15,10,3.0
16,10,5.0
17,10,5.0
18,10,6.0
19,10,5.0
20,10,11.0
21,10,11.0
22,10,11.0
23,10,8.0
24,10,12.0
25,10,18.0
26,10,17.0
27,10,18.0
28,10,19.0
29,10,18.0
30,10,18.0
31,10,18.0
32,10,19.0
33,10,19.0
34,10,15.0
35,10,2.0
36,10,5.0
37,10,2.0
38,10,1.0
39,10,1.0
40,10,5.0
41,10,3.0
42,10,5.0
43,10,6.0
44,10,7.0
45,10,5.0
46,10,1.0
47,10,0.0
48,10,0.0
49,10,0.0
50,10,0.0
51,10,0.0
52,10,0.0
53,10,0.0
54,10,1.0
55,10,0.0
56,10,0.0
57,10,0.0
58,10,0.0
59,10,0.0
60,10,0.0
61,10,3.0
62,10,3.0
63,10,4.0
64,10,1.0
65,10,4.0
66,10,4.0
67,10,5.0
68,10,6.0
69,10,2.0
70,10,7.0
71,10,7.0
72,10,7.0
73,10,11.0
74,10,15.0
75,10,15.0
76,10,14.0
77,10,13.0
78,10,13.0
79,10,13.0
80,10,12.0
81,10,11.0
82,10,15.0
83,10,14.0
84,10,14.0
85,10,14.0
86,10,14.0
87,10,16.0
88,10,16.0
89,10,13.0
90,10,13.0
91,10,14.0
92,10,13.0
93,10,14.0
94,10,12.0
95,10,11.0
96,10,15.0
97,10,14.0
98,10,14.0
99,10,14.0
100,10,12.0
1,11,1.0
2,11,2.0
3,11,3.0
4,11,3.0
5,11,7.0
6,11,6.0
7,11,10.0
8,11,11.0
9,11,6.0
10,11,7.0
11,11,6.0
12,11,5.0
13,11,5.0
14,11,2.0
15,11,2.0
16,11,0.0
17,11,2.0
18,11,6.0
19,11,8.0
20,11,8.0
21,11,8.0
22,11,13.0
23,11,12.0
24,11,12.0
25,11,18.0
26,11,18.0
27,11,18.0
28,11,18.0
29,11,18.0
30,11,18.0
31,11,18.0
32,11,19.0
33,11,18.0
34,11,10.0
35,11,7.0
36,11,5.0
37,11,1.0
38,11,1.0
39,11,0.0
40,11,5.0
41,11,5.0
42,11,3.0
43,11,7.0
44,11,4.0
45,11,2.0
46,11,1.0
47,11,1.0
48,11,0.0
49,11,0.0
50,11,0.0
51,11,0.0
52,11,0.0
53,11,0.0
54,11,2.0
55,11,0.0
56,11,0.0
57,11,0.0
58,11,0.0
59,11,0.0
60,11,0.0
61,11,1.0
62,11,1.0
63,11,2.0
64,11,1.0
65,11,6.0
66,11,6.0
67,11,5.0
68,11,11.0
69,11,3.0
70,11,4.0
71,11,12.0
72,11,13.0
73,11,16.0
74,11,13.0
75,11,15.0
76,11,15.0
77,11,13.0
78,11,11.0
79,11,14.0
80,11,16.0
81,11,15.0
82,11,12.0
83,11,15.0
84,11,15.0
85,11,7.0
86,11,15.0
87,11,16.0
88,11,15.0
89,11,14.0
90,11,15.0
91,11,15.0
92,11,14.0
93,11,9.0
94,11,8.0
95,11,10.0
96,11,10.0
97,11,14.0
98,11,10.0
99,11,12.0
100,11,13.0
1,12,1.0
2,12,3.0
3,12,3.0
4,12,7.0
5,12,6.0
6,12,6.0
7,12,6.0
8,12,9.0
9,12,2.0
10,12,2.0
11,12,2.0
12,12,10.0
13,12,3.0
14,12,3.0
15,12,2.0
16,12,3.0
17,12,1.0
18,12,10.0
19,12,12.0
20,12,14.0
21,12,11.0
22,12,14.0
23,12,12.0
24,12,12.0
25,12,0.0
26,12,19.0
27,12,17.0
28,12,18.0
29,12,17.0
30,12,18.0
31,12,18.0
32,12,18.0
33,12,18.0
34,12,18.0
35,12,15.0
36,12,8.0
37,12,5.0
38,12,1.0
39,12,1.0
40,12,5.0
41,12,4.0
42,12,1.0
43,12,4.0
44,12,6.0
45,12,2.0
46,12,1.0
47,12,4.0
48,12,1.0
49,12,0.0
50,12,0.0
51,12,0.0
52,12,0.0
53,12,0.0
54,12,1.0
55,12,2.0
56,12,1.0
57,12,1.0
58,12,0.0
59,12,0.0
60,12,0.0
61,12,2.0
62,12,1.0
63,12,6.0
64,12,4.0
65,12,8.0
66,12,10.0
67,12,8.0
68,12,9.0
69,12,6.0
70,12,8.0
71,12,12.0
72,12,13.0
73,12,15.0
74,12,14.0
75,12,15.0
76,12,12.0
77,12,11.0
78,12,14.0
79,12,14.0
80,12,15.0
81,12,14.0
82,12,16.0
83,12,15.0
84,12,16.0
85,12,14.0
86,12,14.0
87,12,15.0
88,12,15.0
89,12,15.0
90,12,16.0
91,12,14.0
92,12,13.0
93,12,7.0
94,12,9.0
95,12,3.0
96,12,6.0
97,12,6.0
98,12,8.0
99,12,9.0
100,12,9.0
1,13,8.0
2,13,3.0
3,13,2.0
4,13,9.0
5,13,8.0
6,13,7.0
7,13,6.0
8,13,4.0
9,13,5.0
10,13,4.0
11,13,8.0
12,13,6.0
13,13,8.0
14,13,8.0
15,13,8.0
16,13,10.0
17,13,5.0
18,13,12.0
19,13,16.0
20,13,13.0
21,13,10.0
22,13,14.0
23,13,10.0
24,13,10.0
25,13,8.0
26,13,9.0
27,13,18.0
28,13,18.0
29,13,17.0
30,13,17.0
31,13,17.0
32,13,17.0
33,13,18.0
34,13,17.0
35,13,18.0
36,13,15.0
37,13,7.0
38,13,4.0
39,13,5.0
40,13,10.0
41,13,6.0
42,13,4.0
43,13,1.0
44,13,10.0
45,13,6.0
46,13,4.0
47,13,3.0
48,13,1.0
49,13,0.0
50,13,0.0
51,13,0.0
52,13,0.0
53,13,1.0
54,13,3.0
55,13,3.0
56,13,1.0
57,13,0.0
58,13,0.0
59,13,0.0
60,13,0.0
61,13,2.0
62,13,3.0
63,13,6.0
64,13,11.0
65,13,10.0
66,13,4.0
67,13,5.0
68,13,7.0
69,13,8.0
70,13,7.0
71,13,10.0
72,13,13.0
73,13,16.0
74,13,14.0
75,13,14.0
76,13,7.0
77,13,10.0
78,13,13.0
79,13,15.0
80,13,15.0
81,13,15.0
82,13,15.0
83,13,16.0
84,13,15.0
85,13,15.0
86,13,16.0
87,13,15.0
88,13,16.0
89,13,16.0
90,13,13.0
91,13,15.0
92,13,16.0
93,13,13.0
94,13,14.0
95,13,5.0
96,13,6.0
97,13,7.0
98,13,5.0
99,13,6.0
100,13,8.0
1,14,3.0
2,14,4.0
3,14,1.0
4,14,3.0
5,14,3.0
6,14,6.0
7,14,6.0
8,14,4.0
9,14,11.0
10,14,10.0
11,14,5.0
12,14,9.0
13,14,4.0
14,14,6.0
15,14,11.0
16,14,11.0
17,14,6.0
18,14,10.0
19,14,13.0
20,14,8.0
21,14,10.0
22,14,12.0
23,14,8.0
24,14,0.0
25,14,17.0
26,14,18.0
27,14,3.0
28,14,18.0
29,14,17.0
30,14,18.0
31,14,18.0
32,14,17.0
33,14,18.0
34,14,17.0
35,14,18.0
36,14,19.0
37,14,8.0
38,14,3.0
39,14,5.0
40,14,8.0
41,14,8.0
42,14,5.0
43,14,1.0
44,14,5.0
45,14,9.0
46,14,11.0
47,14,6.0
48,14,2.0
49,14,1.0
50,14,0.0
51,14,1.0
52,14,2.0
53,14,2.0
54,14,3.0
55,14,5.0
56,14,3.0
57,14,0.0
58,14,0.0
59,14,1.0
60,14,0.0
61,14,1.0
62,14,0.0
63,14,4.0
64,14,3.0
65,14,4.0
66,14,5.0
67,14,4.0
68,14,5.0
69,14,5.0
70,14,7.0
71,14,1.0
72,14,2.0
73,14,13.0
74,14,14.0
75,14,14.0
76,14,8.0
77,14,9.0
78,14,13.0
79,14,15.0
80,14,16.0
81,14,15.0
82,14,9.0
83,14,16.0
84,14,16.0
85,14,15.0
86,14,14.0
87,14,16.0
88,14,15.0
89,14,14.0
90,14,12.0
91,14,16.0
92,14,16.0
93,14,14.0
94,14,13.0
95,14,5.0
96,14,5.0
97,14,7.0
98,14,4.0
99,14,2.0
100,14,3.0
1,15,7.0
2,15,2.0
3,15,1.0
4,15,1.0
5,15,3.0
6,15,8.0
7,15,9.0
8,15,5.0
9,15,6.0
10,15,2.0
11,15,4.0
12,15,5.0
13,15,5.0
14,15,9.0
15,15,12.0
16,15,10.0
17,15,10.0
18,15,15.0
19,15,11.0
20,15,13.0
21,15,11.0
22,15,11.0
23,15,0.0
24,15,17.0
25,15,18.0
26,15,18.0
27,15,4.0
28,15,18.0
29,15,17.0
30,15,17.0
31,15,18.0
32,15,18.0
33,15,18.0
34,15,18.0
35,15,19.0
36,15,18.0
37,15,15.0
38,15,1.0
39,15,6.0
40,15,5.0
41,15,8.0
42,15,10.0
43,15,9.0
44,15,7.0
45,15,9.0
46,15,9.0
47,15,9.0
48,15,6.0
49,15,4.0
50,15,5.0
51,15,4.0
52,15,5.0
53,15,8.0
54,15,6.0
55,15,9.0
56,15,11.0
57,15,7.0
58,15,4.0
59,15,3.0
60,15,1.0
61,15,2.0
62,15,2.0
63,15,1.0
64,15,2.0
65,15,3.0
66,15,3.0
67,15,2.0
68,15,2.0
69,15,4.0
70,15,5.0
71,15,2.0
72,15,3.0
73,15,14.0
74,15,15.0
75,15,14.0
76,15,13.0
77,15,11.0
78,15,13.0
79,15,14.0
80,15,14.0
81,15,9.0
82,15,10.0
83,15,12.0
84,15,13.0
85,15,15.0
86,15,16.0
87,15,15.0
88,15,14.0
89,15,13.0
90,15,14.0
91,15,16.0
92,15,16.0
93,15,15.0
94,15,13.0
95,15,14.0
96,15,5.0
97,15,1.0
98,15,0.0
99,15,1.0
100,15,1.0
1,16,7.0
2,16,2.0
3,16,4.0
4,16,3.0
5,16,9.0
6,16,12.0
7,16,9.0
8,16,4.0
9,16,3.0
10,16,3.0
11,16,3.0
12,16,4.0
13,16,5.0
14,16,7.0
15,16,13.0
16,16,10.0
17,16,14.0
18,16,12.0
19,16,9.0
20,16,13.0
21,16,11.0
22,16,0.0
23,16,17.0
24,16,17.0
25,16,17.0
26,16,18.0
27,16,18.0
28,16,11.0
29,16,18.0
30,16,17.0
31,16,18.0
32,16,18.0
33,16,18.0
34,16,17.0
35,16,18.0
36,16,18.0
37,16,19.0
38,16,12.0
39,16,4.0
40,16,7.0
41,16,13.0
42,16,8.0
43,16,5.0
44,16,6.0
45,16,12.0
46,16,15.0
47,16,15.0
48,16,11.0
49,16,8.0
50,16,4.0
51,16,1.0
52,16,2.0
53,16,8.0
54,16,5.0
55,16,11.0
56,16,8.0
57,16,10.0
58,16,9.0
59,16,4.0
60,16,4.0
61,16,4.0
62,16,1.0
63,16,3.0
64,16,1.0
65,16,1.0
66,16,7.0
67,16,3.0
68,16,3.0
69,16,3.0
70,16,3.0
71,16,9.0
72,16,12.0
73,16,14.0
74,16,15.0
75,16,9.0
76,16,14.0
77,16,11.0
78,16,11.0
79,16,11.0
80,16,9.0
81,16,8.0
82,16,13.0
83,16,15.0
84,16,15.0
85,16,15.0
86,16,16.0
87,16,15.0
88,16,15.0
89,16,15.0
90,16,14.0
91,16,16.0
92,16,16.0
93,16,15.0
94,16,15.0
95,16,11.0
96,16,3.0
97,16,2.0
98,16,2.0
99,16,0.0
100,16,3.0
1,17,3.0
2,17,8.0
3,17,2.0
4,17,4.0
5,17,5.0
6,17,10.0
7,17,5.0
8,17,2.0
9,17,3.0
10,17,4.0
11,17,4.0
12,17,7.0
13,17,8.0
14,17,3.0
15,17,6.0
16,17,9.0
17,17,13.0
18,17,8.0
19,17,12.0
20,17,11.0
21,17,4.0
22,17,18.0
23,17,17.0
24,17,17.0
25,17,18.0
26,17,18.0
27,17,18.0
28,17,12.0
29,17,15.0
30,17,18.0
31,17,17.0
32,17,18.0
33,17,17.0
34,17,17.0
35,17,18.0
36,17,18.0
37,17,19.0
38,17,19.0
39,17,18.0
40,17,6.0
41,17,11.0
42,17,13.0
43,17,8.0
44,17,10.0
45,17,13.0
46,17,14.0
47,17,14.0
48,17,16.0
49,17,13.0
50,17,14.0
51,17,9.0
52,17,9.0
53,17,10.0
54,17,10.0
55,17,10.0
56,17,5.0
57,17,11.0
58,17,13.0
59,17,5.0
60,17,6.0
61,17,0.0
62,17,0.0
63,17,4.0
64,17,4.0
65,17,8.0
66,17,6.0
67,17,2.0
68,17,0.0
69,17,0.0
70,17,10.0
71,17,12.0
72,17,9.0
73,17,15.0
74,17,15.0
75,17,15.0
76,17,15.0
77,17,13.0
78,17,10.0
79,17,14.0
80,17,15.0
81,17,13.0
82,17,12.0
83,17,15.0
84,17,15.0
85,17,15.0
86,17,15.0
87,17,15.0
88,17,15.0
89,17,15.0
90,17,14.0
91,17,15.0
92,17,13.0
93,17,14.0
94,17,11.0
95,17,6.0
96,17,7.0
97,17,4.0
98,17,8.0
99,17,2.0
100,17,9.0
1,18,4.0
2,18,3.0
3,18,5.0
4,18,4.0
5,18,8.0
6,18,8.0
7,18,5.0
8,18,6.0
9,18,3.0
10,18,7.0
11,18,4.0
12,18,4.0
13,18,2.0
14,18,3.0
15,18,3.0
16,18,6.0
17,18,12.0
18,18,9.0
19,18,4.0
20,18,14.0
21,18,18.0
22,18,18.0
23,18,18.0
24,18,17.0
25,18,19.0
26,18,18.0
27,18,15.0
28,18,10.0
29,18,5.0
30,18,18.0
31,18,18.0
32,18,17.0
33,18,17.0
34,18,16.0
35,18,18.0
36,18,18.0
37,18,18.0
38,18,18.0
39,18,19.0
40,18,18.0
41,18,18.0
42,18,6.0
43,18,5.0
44,18,11.0
45,18,13.0
46,18,13.0
47,18,16.0
48,18,13.0
49,18,7.0
50,18,11.0
51,18,9.0
52,18,13.0
53,18,12.0
54,18,11.0
55,18,7.0
56,18,6.0
57,18,15.0
58,18,14.0
59,18,11.0
60,18,11.0
61,18,0.0
62,18,0.0
63,18,1.0
64,18,1.0
65,18,3.0
66,18,4.0
67,18,1.0
68,18,1.0
69,18,6.0
70,18,6.0
71,18,12.0
72,18,12.0
73,18,10.0
74,18,14.0
75,18,16.0
76,18,15.0
77,18,12.0
78,18,14.0
79,18,10.0
80,18,14.0
81,18,14.0
82,18,13.0
83,18,14.0
84,18,15.0
85,18,16.0
86,18,16.0
87,18,16.0
88,18,16.0
89,18,11.0
90,18,15.0
91,18,16.0
92,18,15.0
93,18,13.0
94,18,13.0
95,18,7.0
96,18,4.0
97,18,1.0
98,18,5.0
99,18,7.0
100,18,9.0
1,19,3.0
2,19,5.0
3,19,3.0
4,19,3.0
5,19,2.0
6,19,0.0
7,19,3.0
8,19,9.0
9,19,6.0
10,19,6.0
11,19,6.0
12,19,3.0
13,19,1.0
14,19,2.0
15,19,4.0
16,19,2.0
17,19,10.0
18,19,8.0
19,19,10.0
20,19,18.0
21,19,19.0
22,19,18.0
23,19,18.0
24,19,18.0
25,19,18.0
26,19,17.0
27,19,12.0
28,19,10.0
29,19,7.0
30,19,2.0
31,19,14.0
32,19,18.0
33,19,10.0
34,19,17.0
35,19,17.0
36,19,18.0
37,19,18.0
38,19,18.0
39,19,18.0
40,19,19.0
41,19,18.0
42,19,18.0
43,19,18.0
44,19,18.0
45,19,13.0
46,19,15.0
47,19,15.0
48,19,13.0
49,19,11.0
50,19,12.0
51,19,8.0
52,19,14.0
53,19,15.0
54,19,14.0
55,19,15.0
56,19,16.0
57,19,16.0
58,19,13.0
59,19,10.0
60,19,5.0
61,19,1.0
62,19,1.0
63,19,0.0
64,19,1.0
65,19,4.0
66,19,3.0
67,19,3.0
68,19,3.0
69,19,10.0
70,19,7.0
71,19,5.0
72,19,13.0
73,19,15.0
74,19,15.0
75,19,16.0
76,19,16.0
77,19,15.0
78,19,14.0
79,19,13.0
80,19,13.0
81,19,11.0
82,19,12.0
83,19,16.0
84,19,16.0
85,19,16.0
86,19,16.0
87,19,16.0
88,19,16.0
89,19,13.0
90,19,12.0
91,19,11.0
92,19,15.0
93,19,11.0
94,19,12.0
95,19,6.0
96,19,5.0
97,19,6.0
98,19,4.0
99,19,5.0
100,19,10.0
1,20,9.0
2,20,3.0
3,20,5.0
4,20,6.0
5,20,2.0
6,20,2.0
7,20,5.0
8,20,5.0
9,20,5.0
10,20,4.0
11,20,5.0
12,20,4.0
13,20,2.0
14,20,5.0
15,20,4.0
16,20,2.0
17,20,6.0
18,20,6.0
19,20,13.0
20,20,19.0
21,20,18.0
22,20,18.0
23,20,18.0
24,20,18.0
25,20,18.0
26,20,18.0
27,20,4.0
28,20,11.0
29,20,7.0
30,20,1.0
31,20,4.0
32,20,8.0
33,20,5.0
34,20,17.0
35,20,17.0
36,20,18.0
37,20,18.0
38,20,18.0
39,20,18.0
40,20,19.0
41,20,18.0
42,20,18.0
43,20,18.0
44,20,19.0
45,20,19.0
46,20,3.0
47,20,15.0
48,20,15.0
49,20,12.0
50,20,9.0
51,20,10.0
52,20,15.0
53,20,16.0
54,20,15.0
55,20,16.0
56,20,13.0
57,20,16.0
58,20,12.0
59,20,12.0
60,20,7.0
61,20,3.0
62,20,1.0
63,20,1.0
64,20,2.0
65,20,4.0
66,20,5.0
67,20,8.0
68,20,4.0
69,20,6.0
70,20,8.0
71,20,8.0
72,20,10.0
73,20,16.0
74,20,16.0
75,20,15.0
76,20,16.0
77,20,16.0
78,20,16.0
79,20,13.0
80,20,15.0
81,20,13.0
82,20,12.0
83,20,11.0
84,20,15.0
85,20,15.0
86,20,16.0
87,20,16.0
88,20,14.0
89,20,14.0
90,20,13.0
91,20,13.0
92,20,15.0
93,20,13.0
94,20,13.0
95,20,6.0
96,20,3.0
97,20,6.0
98,20,7.0
99,20,7.0
100,20,7.0
1,21,4.0
2,21,1.0
3,21,3.0
4,21,3.0
5,21,7.0
6,21,3.0
7,21,7.0
8,21,2.0
9,21,2.0
10,21,6.0
11,21,9.0
12,21,3.0
13,21,2.0
14,21,6.0
15,21,8.0
16,21,7.0
17,21,10.0
18,21,13.0
19,21,18.0
20,21,19.0
21,21,19.0
22,21,19.0
23,21,18.0
24,21,18.0
25,21,18.0
26,21,12.0
27,21,4.0
28,21,4.0
29,21,3.0
30,21,7.0
31,21,2.0
32,21,8.0
33,21,7.0
34,21,5.0
35,21,12.0
36,21,17.0
37,21,18.0
38,21,19.0
39,21,18.0
40,21,19.0
41,21,18.0
42,21,17.0
43,21,19.0
44,21,19.0
45,21,19.0
46,21,19.0
47,21,19.0
48,21,19.0
49,21,14.0
50,21,13.0
51,21,13.0
52,21,13.0
53,21,12.0
54,21,12.0
55,21,13.0
56,21,15.0
57,21,16.0
58,21,16.0
59,21,16.0
60,21,13.0
61,21,7.0
62,21,3.0
63,21,5.0
64,21,11.0
65,21,10.0
66,21,9.0
67,21,13.0
68,21,13.0
69,21,10.0
70,21,9.0
71,21,11.0
72,21,11.0
73,21,12.0
74,21,14.0
75,21,15.0
76,21,15.0
77,21,16.0
78,21,14.0
79,21,15.0
80,21,14.0
81,21,11.0
82,21,12.0
83,21,9.0
84,21,13.0
85,21,14.0
86,21,14.0
87,21,15.0
88,21,13.0
89,21,14.0
90,21,14.0
91,21,14.0
92,21,13.0
93,21,13.0
94,21,10.0
95,21,4.0
96,21,6.0
97,21,9.0
98,21,6.0
99,21,8.0
100,21,10.0
1,22,7.0
2,22,5.0
3,22,7.0
4,22,7.0
5,22,10.0
6,22,8.0
7,22,5.0
8,22,3.0
9,22,2.0
10,22,5.0
11,22,4.0
12,22,4.0
13,22,7.0
14,22,12.0
15,22,8.0
16,22,9.0
17,22,12.0
18,22,12.0
19,22,19.0
20,22,18.0
21,22,18.0
22,22,18.0
23,22,18.0
24,22,18.0
25,22,17.0
26,22,14.0
27,22,7.0
28,22,3.0
29,22,2.0
30,22,5.0
31,22,5.0
32,22,7.0
33,22,8.0
34,22,7.0
35,22,13.0
36,22,7.0
37,22,6.0
38,22,18.0
39,22,19.0
40,22,19.0
41,22,19.0
42,22,17.0
43,22,18.0
44,22,18.0
45,22,19.0
46,22,19.0
47,22,19.0
48,22,19.0
49,22,19.0
50,22,19.0
51,22,2.0
52,22,14.0
53,22,14.0
54,22,13.0
55,22,13.0
56,22,16.0
57,22,16.0
58,22,16.0
59,22,16.0
60,22,15.0
61,22,11.0
62,22,12.0
63,22,7.0
64,22,8.0
65,22,11.0
66,22,12.0
67,22,13.0
68,22,7.0
69,22,8.0
70,22,11.0
71,22,13.0
72,22,13.0
73,22,6.0
74,22,7.0
75,22,11.0
76,22,15.0
77,22,14.0
78,22,11.0
79,22,13.0
80,22,15.0
81,22,13.0
82,22,14.0
83,22,15.0
84,22,14.0
85,22,13.0
86,22,15.0
87,22,16.0
88,22,15.0
89,22,16.0
90,22,16.0
91,22,15.0
92,22,15.0
93,22,14.0
94,22,11.0
95,22,5.0
96,22,3.0
97,22,8.0
98,22,1.0
99,22,4.0
100,22,8.0
1,23,14.0
2,23,14.0
3,23,10.0
4,23,7.0
5,23,10.0
6,23,3.0
7,23,5.0
8,23,3.0
9,23,0.0
10,23,1.0
11,23,2.0
12,23,8.0
13,23,12.0
14,23,9.0
15,23,10.0
16,23,14.0
17,23,14.0
18,23,18.0
19,23,19.0
20,23,18.0
21,23,18.0
22,23,18.0
23,23,18.0
24,23,18.0
25,23,17.0
26,23,9.0
27,23,6.0
28,23,10.0
29,23,9.0
30,23,10.0
31,23,10.0
32,23,6.0
33,23,9.0
34,23,8.0
35,23,5.0
36,23,3.0
37,23,2.0
38,23,2.0
39,23,5.0
40,23,9.0
41,23,18.0
42,23,17.0
43,23,18.0
44,23,18.0
45,23,19.0
46,23,19.0
47,23,19.0
48,23,19.0
49,23,19.0
50,23,19.0
51,23,19.0
52,23,19.0
53,23,0.0
54,23,12.0
55,23,12.0
56,23,15.0
57,23,16.0
58,23,16.0
59,23,16.0
60,23,14.0
61,23,14.0
62,23,12.0
63,23,12.0
64,23,9.0
65,23,11.0
66,23,13.0
67,23,14.0
68,23,13.0
69,23,11.0
70,23,10.0
71,23,13.0
72,23,12.0
73,23,8.0
74,23,13.0
75,23,15.0
76,23,13.0
77,23,16.0
78,23,14.0
79,23,10.0
80,23,12.0
81,23,14.0
82,23,16.0
83,23,15.0
84,23,15.0
85,23,15.0
86,23,16.0
87,23,15.0
88,23,13.0
89,23,15.0
90,23,16.0
91,23,16.0
92,23,13.0
93,23,10.0
94,23,7.0
95,23,6.0
96,23,4.0
97,23,4.0
98,23,4.0
99,23,7.0
100,23,5.0
1,24,14.0
2,24,13.0
3,24,13.0
4,24,8.0
5,24,8.0
6,24,1.0
7,24,3.0
8,24,1.0
9,24,1.0
10,24,1.0
11,24,1.0
12,24,1.0
13,24,8.0
14,24,10.0
15,24,11.0
16,24,15.0
17,24,11.0
18,24,18.0
19,24,19.0
20,24,19.0
21,24,18.0
22,24,17.0
23,24,18.0
24,24,17.0
25,24,13.0
26,24,15.0
27,24,6.0
28,24,4.0
29,24,10.0
30,24,9.0
31,24,7.0
32,24,7.0
33,24,9.0
34,24,6.0
35,24,3.0
36,24,1.0
37,24,1.0
38,24,0.0
39,24,4.0
40,24,7.0
41,24,3.0
42,24,14.0
43,24,18.0
44,24,18.0
45,24,19.0
46,24,19.0
47,24,19.0
48,24,19.0
49,24,19.0
50,24,19.0
51,24,19.0
52,24,19.0
53,24,19.0
54,24,19.0
55,24,9.0
56,24,16.0
57,24,16.0
58,24,16.0
59,24,16.0
60,24,15.0
61,24,11.0
62,24,13.0
63,24,13.0
64,24,12.0
65,24,13.0
66,24,11.0
67,24,12.0
68,24,10.0
69,24,9.0
70,24,12.0
71,24,14.0
72,24,13.0
73,24,9.0
74,24,13.0
75,24,16.0
76,24,14.0
77,24,13.0
78,24,12.0
79,24,8.0
80,24,15.0
81,24,16.0
82,24,15.0
83,24,16.0
84,24,16.0
85,24,16.0
86,24,15.0
87,24,15.0
88,24,15.0
89,24,14.0
90,24,14.0
91,24,13.0
92,24,7.0
93,24,10.0
94,24,8.0
95,24,8.0
96,24,4.0
97,24,3.0
98,24,3.0
99,24,3.0
100,24,3.0
1,25,11.0
2,25,13.0
3,25,13.0
4,25,9.0
5,25,7.0
6,25,0.0
7,25,2.0
8,25,2.0
9,25,0.0
10,25,1.0
11,25,1.0
12,25,1.0
13,25,5.0
14,25,7.0
15,25,12.0
16,25,16.0
17,25,14.0
18,25,18.0
19,25,19.0
20,25,19.0
21,25,19.0
22,25,18.0
23,25,18.0
24,25,18.0
25,25,18.0
26,25,11.0
27,25,11.0
28,25,8.0
29,25,8.0
30,25,6.0
31,25,6.0
32,25,3.0
33,25,3.0
34,25,3.0
35,25,1.0
36,25,1.0
37,25,0.0
38,25,0.0
39,25,1.0
40,25,0.0
41,25,5.0
42,25,9.0
43,25,3.0
44,25,9.0
45,25,11.0
46,25,19.0
47,25,19.0
48,25,19.0
49,25,19.0
50,25,19.0
51,25,19.0
52,25,19.0
53,25,19.0
54,25,19.0
55,25,19.0
56,25,19.0
57,25,16.0
58,25,15.0
59,25,12.0
60,25,14.0
61,25,12.0
62,25,13.0
63,25,11.0
64,25,8.0
65,25,12.0
66,25,12.0
67,25,14.0
68,25,13.0
69,25,13.0
70,25,8.0
71,25,15.0
72,25,10.0
73,25,10.0
74,25,15.0
75,25,16.0
76,25,13.0
77,25,7.0
78,25,9.0
79,25,5.0
80,25,14.0
81,25,15.0
82,25,15.0
83,25,14.0
84,25,16.0
85,25,14.0
86,25,15.0
87,25,13.0
88,25,15.0
89,25,13.0
90,25,11.0
91,25,11.0
92,25,9.0
93,25,12.0
94,25,6.0
95,25,6.0
96,25,4.0
97,25,1.0
98,25,3.0
99,25,9.0
100,25,5.0
1,26,7.0
2,26,11.0
3,26,8.0
4,26,8.0
5,26,3.0
6,26,3.0
7,26,2.0
8,26,1.0
9,26,2.0
10,26,0.0
11,26,1.0
12,26,2.0
13,26,4.0
14,26,3.0
15,26,12.0
16,26,14.0
17,26,19.0
18,26,18.0
19,26,19.0
20,26,19.0
21,26,18.0
22,26,18.0
23,26,18.0
24,26,19.0
25,26,19.0
26,26,15.0
27,26,12.0
28,26,12.0
29,26,9.0
30,26,5.0
31,26,2.0
32,26,1.0
33,26,2.0
34,26,4.0
35,26,1.0
36,26,0.0
37,26,0.0
38,26,0.0
39,26,0.0
40,26,1.0
41,26,6.0
42,26,5.0
43,26,6.0
44,26,11.0
45,26,5.0
46,26,1.0
47,26,19.0
48,26,19.0
49,26,19.0
50,26,19.0
51,26,19.0
52,26,19.0
53,26,19.0
54,26,19.0
55,26,19.0
56,26,19.0
57,26,19.0
58,26,19.0
59,26,8.0
60,26,10.0
61,26,13.0
62,26,9.0
63,26,6.0
64,26,10.0
65,26,15.0
66,26,16.0
67,26,14.0
68,26,12.0
69,26,15.0
70,26,15.0
71,26,12.0
72,26,14.0
73,26,15.0
74,26,16.0
75,26,16.0
76,26,13.0
77,26,6.0
78,26,5.0
79,26,11.0
80,26,14.0
81,26,16.0
82,26,15.0
83,26,15.0
84,26,16.0
85,26,14.0
86,26,16.0
87,26,16.0
88,26,15.0
89,26,15.0
90,26,11.0
91,26,12.0
92,26,7.0
93,26,10.0
94,26,4.0
95,26,2.0
96,26,2.0
97,26,1.0
98,26,6.0
99,26,10.0
100,26,8.0
1,27,12.0
2,27,7.0
3,27,6.0
4,27,15.0
5,27,13.0
6,27,7.0
7,27,1.0
8,27,4.0
9,27,4.0
10,27,3.0
11,27,1.0
12,27,0.0
13,27,4.0
14,27,6.0
15,27,12.0
16,27,11.0
17,27,19.0
18,27,18.0
19,27,19.0
20,27,19.0
21,27,19.0
22,27,18.0
23,27,19.0
24,27,19.0
25,27,19.0
26,27,18.0
27,27,15.0
28,27,8.0
29,27,4.0
30,27,0.0
31,27,1.0
32,27,2.0
33,27,8.0
34,27,4.0
35,27,1.0
36,27,2.0
37,27,0.0
38,27,2.0
39,27,4.0
40,27,5.0
41,27,8.0
42,27,5.0
43,27,4.0
44,27,7.0
45,27,7.0
46,27,9.0
47,27,11.0
48,27,0.0
49,27,19.0
50,27,19.0
51,27,19.0
52,27,19.0
53,27,19.0
54,27,19.0
55,27,19.0
56,27,19.0
57,27,19.0
58,27,19.0
59,27,19.0
60,27,5.0
61,27,11.0
62,27,10.0
63,27,5.0
64,27,12.0
65,27,15.0
66,27,16.0
67,27,16.0
68,27,13.0
69,27,12.0
70,27,13.0
71,27,15.0
72,27,14.0
73,27,16.0
74,27,14.0
75,27,11.0
76,27,13.0
77,27,9.0
78,27,7.0
79,27,11.0
80,27,15.0
81,27,12.0
82,27,15.0
83,27,13.0
84,27,14.0
85,27,12.0
86,27,12.0
87,27,15.0
88,27,15.0
89,27,15.0
90,27,7.0
91,27,7.0
92,27,5.0
93,27,5.0
94,27,5.0
95,27,2.0
96,27,2.0
97,27,1.0
98,27,2.0
99,27,8.0
100,27,6.0
1,28,11.0
2,28,11.0
3,28,9.0
4,28,11.0
5,28,6.0
6,28,6.0
7,28,3.0
8,28,1.0
9,28,1.0
10,28,2.0
11,28,2.0
12,28,7.0
13,28,3.0
14,28,8.0
15,28,8.0
16,28,15.0
17,28,19.0
18,28,18.0
19,28,18.0
20,28,19.0
21,28,19.0
22,28,19.0
23,28,18.0
24,28,19.0
25,28,18.0
26,28,18.0
27,28,19.0
28,28,15.0
29,28,4.0
30,28,3.0
31,28,3.0
32,28,2.0
33,28,5.0
34,28,4.0
35,28,1.0
36,28,0.0
37,28,0.0
38,28,3.0
39,28,5.0
40,28,6.0
41,28,8.0
42,28,6.0
43,28,10.0
44,28,8.0
45,28,2.0
46,28,8.0
47,28,6.0
48,28,2.0
49,28,4.0
50,28,3.0
51,28,19.0
52,28,19.0
53,28,19.0
54,28,19.0
55,28,19.0
56,28,19.0
57,28,19.0
58,28,19.0
59,28,19.0
60,28,19.0
61,28,19.0
62,28,6.0
63,28,7.0
64,28,9.0
65,28,11.0
66,28,14.0
67,28,14.0
68,28,14.0
69,28,14.0
70,28,10.0
71,28,10.0
72,28,14.0
73,28,15.0
74,28,12.0
75,28,11.0
76,28,11.0
77,28,13.0
78,28,9.0
79,28,13.0
80,28,13.0
81,28,10.0
82,28,13.0
83,28,12.0
84,28,13.0
85,28,14.0
86,28,14.0
87,28,15.0
88,28,16.0
89,28,14.0
90,28,12.0
91,28,9.0
92,28,6.0
93,28,1.0
94,28,4.0
95,28,5.0
96,28,6.0
97,28,6.0
98,28,2.0
99,28,2.0
100,28,2.0
1,29,9.0
2,29,11.0
3,29,8.0
4,29,7.0
5,29,1.0
6,29,1.0
7,29,3.0
8,29,4.0
9,29,3.0
10,29,0.0
11,29,1.0
12,29,1.0
13,29,4.0
14,29,4.0
15,29,9.0
16,29,9.0
17,29,14.0
18,29,19.0
19,29,18.0
20,29,19.0
21,29,19.0
22,29,18.0
23,29,19.0
24,29,19.0
25,29,18.0
26,29,18.0
27,29,18.0
28,29,18.0
29,29,15.0
30,29,2.0
31,29,0.0
32,29,3.0
33,29,5.0
34,29,3.0
35,29,1.0
36,29,1.0
37,29,3.0
38,29,3.0
39,29,7.0
40,29,8.0
41,29,8.0
42,29,4.0
43,29,1.0
44,29,4.0
45,29,2.0
46,29,3.0
47,29,5.0
48,29,3.0
49,29,3.0
50,29,0.0
51,29,2.0
52,29,2.0
53,29,19.0
54,29,19.0
55,29,19.0
56,29,19.0
57,29,19.0
58,29,19.0
59,29,19.0
60,29,19.0
61,29,19.0
62,29,18.0
63,29,11.0
64,29,7.0
65,29,12.0
66,29,15.0
67,29,14.0
68,29,14.0
69,29,14.0
70,29,13.0
71,29,12.0
72,29,11.0
73,29,12.0
74,29,10.0
75,29,9.0
76,29,12.0
77,29,10.0
78,29,8.0
79,29,9.0
80,29,12.0
81,29,12.0
82,29,14.0
83,29,13.0
84,29,14.0
85,29,13.0
86,29,14.0
87,29,14.0
88,29,15.0
89,29,14.0
90,29,14.0
91,29,8.0
92,29,3.0
93,29,1.0
94,29,1.0
95,29,3.0
96,29,4.0
97,29,3.0
98,29,1.0
99,29,0.0
100,29,5.0
1,30,7.0
2,30,10.0
3,30,10.0
4,30,4.0
5,30,6.0
6,30,10.0
7,30,8.0
8,30,7.0
9,30,3.0
10,30,3.0
11,30,2.0
12,30,1.0
13,30,7.0
14,30,7.0
15,30,6.0
16,30,4.0
17,30,9.0
18,30,16.0
19,30,19.0
20,30,19.0
21,30,19.0
22,30,19.0
23,30,19.0
24,30,19.0
25,30,19.0
26,30,18.0
27,30,19.0
28,30,19.0
29,30,19.0
30,30,15.0
31,30,1.0
32,30,5.0
33,30,5.0
34,30,3.0
35,30,3.0
36,30,4.0
37,30,4.0
38,30,6.0
39,30,10.0
40,30,8.0
41,30,5.0
42,30,3.0
43,30,1.0
44,30,5.0
45,30,8.0
46,30,12.0
47,30,10.0
48,30,5.0
49,30,4.0
50,30,1.0
51,30,5.0
52,30,4.0
53,30,7.0
54,30,10.0
55,30,19.0
56,30,19.0
57,30,19.0
58,30,19.0
59,30,19.0
60,30,19.0
61,30,19.0
62,30,19.0
63,30,19.0
64,30,18.0
65,30,3.0
66,30,14.0
67,30,15.0
68,30,15.0
69,30,13.0
70,30,11.0
71,30,7.0
72,30,15.0
73,30,11.0
74,30,15.0
75,30,12.0
76,30,14.0
77,30,13.0
78,30,11.0
79,30,6.0
80,30,10.0
81,30,8.0
82,30,9.0
83,30,15.0
84,30,13.0
85,30,13.0
86,30,12.0
87,30,12.0
88,30,13.0
89,30,13.0
90,30,11.0
91,30,9.0
92,30,7.0
93,30,2.0
94,30,2.0
95,30,2.0
96,30,3.0
97,30,4.0
98,30,4.0
99,30,3.0
100,30,9.0
1,31,9.0
2,31,12.0
3,31,10.0
4,31,11.0
5,31,6.0
6,31,7.0
7,31,10.0
8,31,10.0
9,31,8.0
10,31,8.0
11,31,4.0
12,31,5.0
13,31,4.0
14,31,4.0
15,31,6.0
16,31,10.0
17,31,11.0
18,31,13.0
19,31,15.0
20,31,19.0
21,31,19.0
22,31,19.0
23,31,19.0
24,31,18.0
25,31,18.0
26,31,19.0
27,31,19.0
28,31,19.0
29,31,19.0
30,31,19.0
31,31,18.0
32,31,6.0
33,31,10.0
34,31,7.0
35,31,5.0
36,31,5.0
37,31,10.0
38,31,10.0
39,31,10.0
40,31,6.0
41,31,7.0
42,31,1.0
43,31,1.0
44,31,2.0
45,31,5.0
46,31,9.0
47,31,7.0
48,31,9.0
49,31,8.0
50,31,10.0
51,31,7.0
52,31,7.0
53,31,4.0
54,31,3.0
55,31,19.0
56,31,19.0
57,31,19.0
58,31,19.0
59,31,19.0
60,31,19.0
61,31,19.0
62,31,18.0
63,31,19.0
64,31,19.0
65,31,13.0
66,31,14.0
67,31,13.0
68,31,13.0
69,31,11.0
70,31,6.0
71,31,2.0
72,31,8.0
73,31,14.0
74,31,11.0
75,31,9.0
76,31,11.0
77,31,3.0
78,31,9.0
79,31,9.0
80,31,9.0
81,31,6.0
82,31,12.0
83,31,14.0
84,31,13.0
85,31,15.0
86,31,11.0
87,31,15.0
88,31,14.0
89,31,14.0
90,31,9.0
91,31,11.0
92,31,4.0
93,31,6.0
94,31,2.0
95,31,3.0
96,31,1.0
97,31,7.0
98,31,5.0
99,31,3.0
100,31,3.0
1,32,11.0
2,32,11.0
3,32,8.0
4,32,8.0
5,32,10.0
6,32,13.0
7,32,12.0
8,32,12.0
9,32,11.0
10,32,3.0
11,32,6.0
12,32,2.0
13,32,2.0
14,32,1.0
15,32,3.0
16,32,9.0
17,32,14.0
18,32,14.0
19,32,15.0
20,32,15.0
21,32,19.0
22,32,19.0
23,32,19.0
24,32,19.0
25,32,18.0
26,32,19.0
27,32,18.0
28,32,19.0
29,32,19.0
30,32,19.0
31,32,18.0
32,32,14.0
33,32,7.0
34,32,13.0
35,32,6.0
36,32,2.0
37,32,4.0
38,32,5.0
39,32,4.0
40,32,2.0
41,32,8.0
42,32,3.0
43,32,3.0
44,32,4.0
45,32,2.0
46,32,8.0
47,32,6.0
48,32,12.0
49,32,5.0
50,32,11.0
51,32,10.0
52,32,4.0
53,32,4.0
54,32,3.0
55,32,5.0
56,32,15.0
57,32,19.0
58,32,19.0
59,32,19.0
60,32,19.0
61,32,19.0
62,32,19.0
63,32,19.0
64,32,19.0
65,32,18.0
66,32,15.0
67,32,13.0
68,32,9.0
69,32,12.0
70,32,5.0
71,32,3.0
72,32,5.0
73,32,13.0
74,32,13.0
75,32,10.0
76,32,12.0
77,32,6.0
78,32,6.0
79,32,6.0
80,32,8.0
81,32,11.0
82,32,12.0
83,32,15.0
84,32,15.0
85,32,15.0
86,32,15.0
87,32,16.0
88,32,16.0
89,32,12.0
90,32,7.0
91,32,6.0
92,32,5.0
93,32,7.0
94,32,4.0
95,32,2.0
96,32,2.0
97,32,2.0
98,32,5.0
99,32,4.0
100,32,7.0
1,33,4.0
2,33,8.0
3,33,5.0
4,33,8.0
5,33,11.0
6,33,12.0
7,33,9.0
8,33,5.0
9,33,7.0
10,33,4.0
11,33,3.0
12,33,7.0
13,33,6.0
14,33,0.0
15,33,2.0
16,33,9.0
17,33,13.0
18,33,15.0
19,33,12.0
20,33,12.0
21,33,15.0
22,33,19.0
23,33,19.0
24,33,18.0
25,33,18.0
26,33,18.0
27,33,19.0
28,33,19.0
29,33,18.0
30,33,18.0
31,33,17.0
32,33,12.0
33,33,10.0
34,33,11.0
35,33,11.0
36,33,7.0
37,33,6.0
38,33,4.0
39,33,3.0
40,33,3.0
41,33,5.0
42,33,2.0
43,33,4.0
44,33,5.0
45,33,9.0
46,33,8.0
47,33,7.0
48,33,9.0
49,33,7.0
50,33,14.0
51,33,14.0
52,33,9.0
53,33,12.0
54,33,5.0
55,33,5.0
56,33,15.0
57,33,16.0
58,33,19.0
59,33,19.0
60,33,19.0
61,33,19.0
62,33,18.0
63,33,18.0
64,33,19.0
65,33,18.0
66,33,15.0
67,33,6.0
68,33,5.0
69,33,2.0
70,33,2.0
71,33,9.0
72,33,2.0
73,33,6.0
74,33,9.0
75,33,11.0
76,33,12.0
77,33,10.0
78,33,12.0
79,33,11.0
80,33,11.0
81,33,12.0
82,33,12.0
83,33,14.0
84,33,14.0
85,33,15.0
86,33,16.0
87,33,16.0
88,33,14.0
89,33,11.0
90,33,9.0
91,33,7.0
92,33,1.0
93,33,5.0
94,33,4.0
95,33,8.0
96,33,2.0
97,33,2.0
98,33,10.0
99,33,8.0
100,33,11.0
1,34,4.0
2,34,8.0
3,34,6.0
4,34,9.0
5,34,12.0
6,34,12.0
7,34,3.0
8,34,6.0
9,34,5.0
10,34,12.0
11,34,10.0
12,34,9.0
13,34,5.0
14,34,1.0
15,34,1.0
16,34,6.0
17,34,12.0
18,34,11.0
19,34,9.0
20,34,7.0
21,34,2.0
22,34,2.0
23,34,17.0
24,34,18.0
25,34,17.0
26,34,18.0
27,34,18.0
28,34,19.0
29,34,19.0
30,34,18.0
31,34,18.0
32,34,18.0
33,34,15.0
34,34,7.0
35,34,11.0
36,34,4.0
37,34,9.0
38,34,7.0
39,34,5.0
40,34,5.0
41,34,7.0
42,34,4.0
43,34,3.0
44,34,6.0
45,34,5.0
46,34,3.0
47,34,7.0
48,34,6.0
49,34,6.0
50,34,10.0
51,34,13.0
52,34,12.0
53,34,11.0
54,34,15.0
55,34,8.0
56,34,4.0
57,34,14.0
58,34,19.0
59,34,19.0
60,34,19.0
61,34,19.0
62,34,18.0
63,34,19.0
64,34,19.0
65,34,18.0
66,34,15.0
67,34,1.0
68,34,2.0
69,34,7.0
70,34,5.0
71,34,7.0
72,34,3.0
73,34,9.0
74,34,9.0
75,34,10.0
76,34,13.0
77,34,14.0
78,34,14.0
79,34,14.0
80,34,9.0
81,34,15.0
82,34,15.0
83,34,14.0
84,34,12.0
85,34,13.0
86,34,15.0
87,34,16.0
88,34,15.0
89,34,15.0
90,34,14.0
91,34,5.0
92,34,4.0
93,34,6.0
94,34,7.0
95,34,4.0
96,34,4.0
97,34,0.0
98,34,2.0
99,34,5.0
100,34,7.0
1,35,0.0
2,35,2.0
3,35,5.0
4,35,11.0
5,35,14.0
6,35,11.0
7,35,9.0
8,35,6.0
9,35,8.0
10,35,6.0
11,35,3.0
12,35,7.0
13,35,5.0
14,35,4.0
15,35,2.0
16,35,5.0
17,35,10.0
18,35,10.0
19,35,12.0
20,35,5.0
21,35,5.0
22,35,6.0
23,35,15.0
24,35,17.0
25,35,17.0
26,35,18.0
27,35,18.0
28,35,19.0
29,35,19.0
30,35,19.0
31,35,18.0
32,35,18.0
33,35,18.0
34,35,18.0
35,35,9.0
36,35,9.0
37,35,10.0
38,35,7.0
39,35,7.0
40,35,9.0
41,35,5.0
42,35,4.0
43,35,3.0
44,35,5.0
45,35,8.0
46,35,11.0
47,35,11.0
48,35,5.0
49,35,6.0
50,35,8.0
51,35,6.0
52,35,10.0
53,35,10.0
54,35,13.0
55,35,13.0
56,35,6.0
57,35,2.0
58,35,18.0
59,35,19.0
60,35,19.0
61,35,19.0
62,35,19.0
63,35,19.0
64,35,19.0
65,35,18.0
66,35,18.0
67,35,0.0
68,35,3.0
69,35,4.0
70,35,9.0
71,35,9.0
72,35,6.0
73,35,9.0
74,35,11.0
75,35,10.0
76,35,11.0
77,35,14.0
78,35,14.0
79,35,15.0
80,35,12.0
81,35,16.0
82,35,13.0
83,35,11.0
84,35,12.0
85,35,15.0
86,35,15.0
87,35,15.0
88,35,11.0
89,35,11.0
90,35,7.0
91,35,9.0
92,35,11.0
93,35,6.0
94,35,10.0
95,35,7.0
96,35,2.0
97,35,8.0
98,35,4.0
99,35,2.0
100,35,2.0
1,36,2.0
2,36,3.0
3,36,8.0
4,36,9.0
5,36,5.0
6,36,12.0
7,36,7.0
8,36,11.0
9,36,8.0
10,36,10.0
11,36,10.0
12,36,4.0
13,36,6.0
14,36,4.0
15,36,7.0
16,36,3.0
17,36,6.0
18,36,1.0
19,36,2.0
20,36,1.0
21,36,3.0
22,36,1.0
23,36,15.0
24,36,18.0
25,36,18.0
26,36,18.0
27,36,18.0
28,36,18.0
29,36,19.0
30,36,19.0
31,36,18.0
32,36,18.0
33,36,17.0
34,36,17.0
35,36,17.0
36,36,8.0
37,36,6.0
38,36,3.0
39,36,6.0
40,36,8.0
41,36,7.0
42,36,4.0
43,36,10.0
44,36,9.0
45,36,5.0
46,36,9.0
47,36,8.0
48,36,7.0
49,36,10.0
50,36,13.0
51,36,5.0
52,36,7.0
53,36,12.0
54,36,12.0
55,36,14.0
56,36,11.0
57,36,5.0
58,36,13.0
59,36,19.0
60,36,19.0
61,36,19.0
62,36,19.0
63,36,18.0
64,36,19.0
65,36,18.0
66,36,14.0
67,36,4.0
68,36,6.0
69,36,10.0
70,36,7.0
71,36,9.0
72,36,3.0
73,36,5.0
74,36,10.0
75,36,8.0
76,36,7.0
77,36,8.0
78,36,7.0
79,36,12.0
80,36,11.0
81,36,12.0
82,36,13.0
83,36,11.0
84,36,15.0
85,36,12.0
86,36,14.0
87,36,12.0
88,36,11.0
89,36,11.0
90,36,4.0
91,36,6.0
92,36,2.0
93,36,7.0
94,36,3.0
95,36,3.0
96,36,2.0
97,36,3.0
98,36,2.0
99,36,0.0
100,36,1.0
1,37,1.0
2,37,3.0
3,37,9.0
4,37,10.0
5,37,13.0
6,37,13.0
7,37,13.0
8,37,12.0
9,37,10.0
10,37,9.0
11,37,10.0
12,37,7.0
13,37,5.0
14,37,6.0
15,37,3.0
16,37,1.0
17,37,3.0
18,37,0.0
19,37,1.0
20,37,2.0
21,37,1.0
22,37,0.0
23,37,0.0
24,37,15.0
25,37,17.0
26,37,18.0
27,37,17.0
28,37,17.0
29,37,19.0
30,37,19.0
31,37,18.0
32,37,19.0
33,37,18.0
34,37,18.0
35,37,17.0
36,37,17.0
37,37,18.0
38,37,9.0
39,37,4.0
40,37,11.0
41,37,9.0
42,37,11.0
43,37,11.0
44,37,9.0
45,37,7.0
46,37,9.0
47,37,10.0
48,37,9.0
49,37,11.0
50,37,14.0
51,37,7.0
52,37,5.0
53,37,10.0
54,37,12.0
55,37,10.0
56,37,12.0
57,37,15.0
58,37,19.0
59,37,19.0
60,37,19.0
61,37,19.0
62,37,19.0
63,37,18.0
64,37,19.0
65,37,18.0
66,37,3.0
67,37,6.0
68,37,7.0
69,37,11.0
70,37,10.0
71,37,6.0
72,37,5.0
73,37,6.0
74,37,5.0
75,37,4.0
76,37,8.0
77,37,7.0
78,37,10.0
79,37,12.0
80,37,12.0
81,37,8.0
82,37,8.0
83,37,10.0
84,37,11.0
85,37,9.0
86,37,11.0
87,37,9.0
88,37,7.0
89,37,4.0
90,37,8.0
91,37,4.0
92,37,1.0
93,37,2.0
94,37,2.0
95,37,1.0
96,37,3.0
97,37,1.0
98,37,2.0
99,37,1.0
100,37,2.0
1,38,2.0
2,38,3.0
3,38,5.0
4,38,8.0
5,38,11.0
6,38,8.0
7,38,8.0
8,38,5.0
9,38,12.0
10,38,8.0
11,38,12.0
12,38,9.0
13,38,9.0
14,38,7.0
15,38,2.0
16,38,1.0
17,38,1.0
18,38,2.0
19,38,1.0
20,38,2.0
21,38,0.0
22,38,1.0
23,38,0.0
24,38,0.0
25,38,17.0
26,38,18.0
27,38,19.0
28,38,18.0
29,38,19.0
30,38,19.0
31,38,18.0
32,38,19.0
33,38,18.0
34,38,18.0
35,38,17.0
36,38,17.0
37,38,18.0
38,38,13.0
39,38,11.0
40,38,12.0
41,38,10.0
42,38,13.0
43,38,12.0
44,38,11.0
45,38,6.0
46,38,8.0
47,38,5.0
48,38,14.0
49,38,15.0
50,38,15.0
51,38,12.0
52,38,13.0
53,38,12.0
54,38,6.0
55,38,9.0
56,38,8.0
57,38,3.0
58,38,19.0
59,38,19.0
60,38,19.0
61,38,18.0
62,38,18.0
63,38,18.0
64,38,19.0
65,38,18.0
66,38,5.0
67,38,6.0
68,38,11.0
69,38,10.0
70,38,13.0
71,38,7.0
72,38,12.0
73,38,11.0
74,38,4.0
75,38,8.0
76,38,6.0
77,38,6.0
78,38,13.0
79,38,14.0
80,38,11.0
81,38,12.0
82,38,10.0
83,38,13.0
84,38,5.0
85,38,6.0
86,38,9.0
87,38,6.0
88,38,8.0
89,38,4.0
90,38,7.0
91,38,4.0
92,38,0.0
93,38,0.0
94,38,0.0
95,38,0.0
96,38,0.0
97,38,1.0
98,38,0.0
99,38,0.0
100,38,0.0
1,39,8.0
2,39,3.0
3,39,3.0
4,39,3.0
5,39,8.0
6,39,3.0
7,39,4.0
8,39,4.0
9,39,8.0
10,39,10.0
11,39,12.0
12,39,14.0
13,39,13.0
14,39,7.0
15,39,4.0
16,39,1.0
17,39,0.0
18,39,1.0
19,39,0.0
20,39,2.0
21,39,1.0
22,39,1.0
23,39,1.0
24,39,3.0
25,39,2.0
26,39,15.0
27,39,19.0
28,39,19.0
29,39,19.0
30,39,19.0
31,39,18.0
32,39,19.0
33,39,18.0
34,39,18.0
35,39,18.0
36,39,18.0
37,39,18.0
38,39,7.0
39,39,13.0
40,39,10.0
41,39,11.0
42,39,8.0
43,39,14.0
44,39,14.0
45,39,13.0
46,39,8.0
47,39,11.0
48,39,11.0
49,39,14.0
50,39,14.0
51,39,12.0
52,39,13.0
53,39,14.0
54,39,10.0
55,39,8.0
56,39,9.0
57,39,16.0
58,39,19.0
59,39,19.0
60,39,19.0
61,39,19.0
62,39,18.0
63,39,18.0
64,39,18.0
65,39,11.0
66,39,2.0
67,39,5.0
68,39,8.0
69,39,13.0
70,39,14.0
71,39,11.0
72,39,15.0
73,39,11.0
74,39,10.0
75,39,6.0
76,39,9.0
77,39,12.0
78,39,13.0
79,39,11.0
80,39,9.0
81,39,7.0
82,39,11.0
83,39,9.0
84,39,6.0
85,39,10.0
86,39,3.0
87,39,4.0
88,39,4.0
89,39,5.0
90,39,3.0
91,39,0.0
92,39,0.0
93,39,0.0
94,39,0.0
95,39,0.0
96,39,0.0
97,39,0.0
98,39,0.0
99,39,0.0
100,39,0.0
1,40,10.0
2,40,4.0
3,40,2.0
4,40,6.0
5,40,5.0
6,40,3.0
7,40,4.0
8,40,6.0
9,40,7.0
10,40,13.0
11,40,12.0
12,40,10.0
13,40,8.0
14,40,10.0
15,40,5.0
16,40,2.0
17,40,0.0
18,40,0.0
19,40,0.0
20,40,3.0
21,40,1.0
22,40,2.0
23,40,0.0
24,40,0.0
25,40,1.0
26,40,3.0
27,40,4.0
28,40,14.0
29,40,18.0
30,40,18.0
31,40,19.0
32,40,19.0
33,40,18.0
34,40,18.0
35,40,18.0
36,40,18.0
37,40,18.0
38,40,14.0
39,40,13.0
40,40,10.0
41,40,9.0
42,40,7.0
43,40,14.0
44,40,15.0
45,40,14.0
46,40,6.0
47,40,13.0
48,40,11.0
49,40,13.0
50,40,14.0
51,40,14.0
52,40,15.0
53,40,12.0
54,40,9.0
55,40,9.0
56,40,8.0
57,40,19.0
58,40,19.0
59,40,19.0
60,40,19.0
61,40,19.0
62,40,18.0
63,40,18.0
64,40,17.0
65,40,3.0
66,40,3.0
67,40,5.0
68,40,11.0
69,40,15.0
70,40,13.0
71,40,14.0
72,40,16.0
73,40,13.0
74,40,4.0
75,40,2.0
76,40,5.0
77,40,8.0
78,40,9.0
79,40,12.0
80,40,13.0
81,40,10.0
82,40,8.0
83,40,9.0
84,40,10.0
85,40,3.0
86,40,4.0
87,40,6.0
88,40,3.0
89,40,2.0
90,40,1.0
91,40,1.0
92,40,0.0
93,40,0.0
94,40,0.0
95,40,0.0
96,40,0.0
97,40,0.0
98,40,0.0
99,40,0.0
100,40,0.0
1,41,6.0
2,41,2.0
3,41,3.0
4,41,3.0
5,41,7.0
6,41,2.0
7,41,9.0
8,41,5.0
9,41,4.0
10,41,3.0
11,41,5.0
12,41,2.0
13,41,6.0
14,41,9.0
15,41,7.0
16,41,5.0
17,41,5.0
18,41,1.0
19,41,1.0
20,41,2.0
21,41,0.0
22,41,0.0
23,41,0.0
24,41,3.0
25,41,5.0
26,41,3.0
27,41,4.0
28,41,5.0
29,41,19.0
30,41,19.0
31,41,18.0
32,41,19.0
33,41,19.0
34,41,19.0
35,41,18.0
36,41,17.0
37,41,18.0
38,41,18.0
39,41,13.0
40,41,14.0
41,41,6.0
42,41,11.0
43,41,13.0
44,41,14.0
45,41,13.0
46,41,12.0
47,41,14.0
48,41,9.0
49,41,12.0
50,41,11.0
51,41,13.0
52,41,15.0
53,41,14.0
54,41,13.0
55,41,8.0
56,41,15.0
57,41,19.0
58,41,19.0
59,41,19.0
60,41,19.0
61,41,18.0
62,41,18.0
63,41,18.0
64,41,9.0
65,41,7.0
66,41,4.0
67,41,4.0
68,41,4.0
69,41,11.0
70,41,14.0
71,41,11.0
72,41,12.0
73,41,11.0
74,41,9.0
75,41,5.0
76,41,7.0
77,41,5.0
78,41,9.0
79,41,6.0
80,41,10.0
81,41,6.0
82,41,6.0
83,41,10.0
84,41,13.0
85,41,12.0
86,41,4.0
87,41,5.0
88,41,4.0
89,41,0.0
90,41,0.0
91,41,0.0
92,41,0.0
93,41,0.0
94,41,0.0
95,41,0.0
96,41,0.0
97,41,0.0
98,41,0.0
99,41,0.0
100,41,0.0
1,42,2.0
2,42,4.0
3,42,5.0
4,42,3.0
5,42,8.0
6,42,5.0
7,42,7.0
8,42,4.0
9,42,6.0
10,42,6.0
11,42,8.0
12,42,2.0
13,42,1.0
14,42,3.0
15,42,5.0
16,42,0.0
17,42,6.0
18,42,2.0
19,42,2.0
20,42,2.0
21,42,0.0
22,42,1.0
23,42,2.0
24,42,1.0
25,42,0.0
26,42,5.0
27,42,1.0
28,42,1.0
29,42,5.0
30,42,19.0
31,42,17.0
32,42,19.0
33,42,18.0
34,42,18.0
35,42,18.0
36,42,17.0
37,42,17.0
38,42,18.0
39,42,18.0
40,42,13.0
41,42,15.0
42,42,4.0
43,42,10.0
44,42,10.0
45,42,13.0
46,42,10.0
47,42,5.0
48,42,10.0
49,42,11.0
50,42,7.0
51,42,9.0
52,42,15.0
53,42,13.0
54,42,10.0
55,42,13.0
56,42,19.0
57,42,19.0
58,42,19.0
59,42,19.0
60,42,19.0
61,42,18.0
62,42,18.0
63,42,15.0
64,42,9.0
65,42,9.0
66,42,5.0
67,42,1.0
68,42,0.0
69,42,11.0
70,42,12.0
71,42,14.0
72,42,15.0
73,42,15.0
74,42,11.0
75,42,12.0
76,42,6.0
77,42,5.0
78,42,9.0
79,42,5.0
80,42,9.0
81,42,4.0
82,42,3.0
83,42,6.0
84,42,7.0
85,42,2.0
86,42,3.0
87,42,4.0
88,42,1.0
89,42,0.0
90,42,0.0
91,42,0.0
92,42,1.0
93,42,0.0
94,42,0.0
95,42,0.0
96,42,0.0
97,42,0.0
98,42,0.0
99,42,1.0
100,42,0.0
1,43,2.0
2,43,2.0
3,43,4.0
4,43,5.0
5,43,7.0
6,43,9.0
7,43,3.0
8,43,2.0
9,43,4.0
10,43,6.0
11,43,7.0
12,43,1.0
13,43,0.0
14,43,2.0
15,43,1.0
16,43,2.0
17,43,5.0
18,43,2.0
19,43,1.0
20,43,2.0
21,43,0.0
22,43,0.0
23,43,2.0
24,43,0.0
25,43,0.0
26,43,1.0
27,43,0.0
28,43,0.0
29,43,15.0
30,43,18.0
31,43,18.0
32,43,19.0
33,43,18.0
34,43,19.0
35,43,17.0
36,43,18.0
37,43,17.0
38,43,17.0
39,43,19.0
40,43,18.0
41,43,19.0
42,43,15.0
43,43,9.0
44,43,8.0
45,43,9.0
46,43,7.0
47,43,10.0
48,43,12.0
49,43,13.0
50,43,6.0
51,43,13.0
52,43,12.0
53,43,11.0
54,43,12.0
55,43,13.0
56,43,19.0
57,43,19.0
58,43,18.0
59,43,18.0
60,43,18.0
61,43,17.0
62,43,15.0
63,43,12.0
64,43,11.0
65,43,11.0
66,43,5.0
67,43,3.0
68,43,3.0
69,43,5.0
70,43,10.0
71,43,13.0
72,43,11.0
73,43,9.0
74,43,11.0
75,43,14.0
76,43,9.0
77,43,10.0
78,43,10.0
79,43,7.0
80,43,8.0
81,43,9.0
82,43,9.0
83,43,2.0
84,43,4.0
85,43,5.0
86,43,6.0
87,43,4.0
88,43,0.0
89,43,0.0
90,43,0.0
91,43,0.0
92,43,0.0
93,43,0.0
94,43,0.0
95,43,0.0
96,43,0.0
97,43,0.0
98,43,0.0
99,43,0.0
100,43,1.0
1,44,6.0
2,44,3.0
3,44,1.0
4,44,2.0
5,44,7.0
6,44,12.0
7,44,6.0
8,44,3.0
9,44,2.0
10,44,9.0
11,44,2.0
12,44,2.0
13,44,0.0
14,44,1.0
15,44,2.0
16,44,2.0
17,44,3.0
18,44,0.0
19,44,3.0
20,44,1.0
21,44,1.0
22,44,2.0
23,44,3.0
24,44,0.0
25,44,0.0
26,44,0.0
27,44,0.0
28,44,0.0
29,44,1.0
30,44,16.0
31,44,18.0
32,44,17.0
33,44,18.0
34,44,18.0
35,44,18.0
36,44,18.0
37,44,17.0
38,44,18.0
39,44,17.0
40,44,18.0
41,44,19.0
42,44,19.0
43,44,19.0
44,44,19.0
45,44,10.0
46,44,11.0
47,44,13.0
48,44,14.0
49,44,13.0
50,44,14.0
51,44,12.0
52,44,13.0
53,44,13.0
54,44,19.0
55,44,19.0
56,44,19.0
57,44,19.0
58,44,19.0
59,44,18.0
60,44,18.0
61,44,18.0
62,44,15.0
63,44,13.0
64,44,7.0
65,44,9.0
66,44,6.0
67,44,6.0
68,44,8.0
69,44,8.0
70,44,13.0
71,44,7.0
72,44,8.0
73,44,7.0
74,44,9.0
75,44,15.0
76,44,15.0
77,44,14.0
78,44,11.0
79,44,8.0
80,44,10.0
81,44,9.0
82,44,5.0
83,44,0.0
84,44,7.0
85,44,4.0
86,44,5.0
87,44,4.0
88,44,1.0
89,44,0.0
90,44,0.0
91,44,0.0
92,44,0.0
93,44,1.0
94,44,0.0
95,44,1.0
96,44,0.0
97,44,0.0
98,44,0.0
99,44,0.0
100,44,0.0
1,45,0.0
2,45,4.0
3,45,4.0
4,45,5.0
5,45,3.0
6,45,11.0
7,45,7.0
8,45,3.0
9,45,1.0
10,45,12.0
11,45,11.0
12,45,8.0
13,45,4.0
14,45,1.0
15,45,2.0
16,45,3.0
17,45,2.0
18,45,2.0
19,45,8.0
20,45,3.0
21,45,6.0
22,45,5.0
23,45,6.0
24,45,1.0
25,45,0.0
26,45,0.0
27,45,0.0
28,45,0.0
29,45,0.0
30,45,2.0
31,45,16.0
32,45,18.0
33,45,18.0
34,45,17.0
35,45,17.0
36,45,18.0
37,45,17.0
38,45,18.0
39,45,18.0
40,45,18.0
41,45,18.0
42,45,19.0
43,45,18.0
44,45,19.0
45,45,15.0
46,45,7.0
47,45,11.0
48,45,12.0
49,45,10.0
50,45,11.0
51,45,6.0
52,45,8.0
53,45,19.0
54,45,19.0
55,45,19.0
56,45,19.0
57,45,19.0
58,45,18.0
59,45,18.0
60,45,18.0
61,45,13.0
62,45,11.0
63,45,14.0
64,45,13.0
65,45,11.0
66,45,9.0
67,45,8.0
68,45,13.0
69,45,12.0
70,45,12.0
71,45,10.0
72,45,10.0
73,45,13.0
74,45,15.0
75,45,16.0
76,45,14.0
77,45,13.0
78,45,9.0
79,45,8.0
80,45,4.0
81,45,7.0
82,45,1.0
83,45,2.0
84,45,7.0
85,45,5.0
86,45,10.0
87,45,5.0
88,45,0.0
89,45,0.0
90,45,0.0
91,45,0.0
92,45,1.0
93,45,4.0
94,45,0.0
95,45,0.0
96,45,0.0
97,45,0.0
98,45,0.0
99,45,0.0
100,45,0.0
1,46,1.0
2,46,1.0
3,46,2.0
4,46,8.0
5,46,9.0
6,46,10.0
7,46,8.0
8,46,14.0
9,46,12.0
10,46,10.0
11,46,7.0
12,46,8.0
13,46,5.0
14,46,1.0
15,46,5.0
16,46,6.0
17,46,5.0
18,46,5.0
19,46,8.0
20,46,5.0
21,46,6.0
22,46,9.0
23,46,10.0
24,46,9.0
25,46,0.0
26,46,0.0
27,46,1.0
28,46,2.0
29,46,0.0
30,46,1.0
31,46,4.0
32,46,16.0
33,46,16.0
34,46,18.0
35,46,17.0
36,46,17.0
37,46,18.0
38,46,18.0
39,46,18.0
40,46,18.0
41,46,19.0
42,46,19.0
43,46,19.0
44,46,19.0
45,46,14.0
46,46,9.0
47,46,2.0
48,46,14.0
49,46,8.0
50,46,9.0
51,46,8.0
52,46,11.0
53,46,19.0
54,46,19.0
55,46,19.0
56,46,19.0
57,46,19.0
58,46,18.0
59,46,18.0
60,46,14.0
61,46,13.0
62,46,13.0
63,46,14.0
64,46,12.0
65,46,11.0
66,46,11.0
67,46,10.0
68,46,11.0
69,46,13.0
70,46,13.0
71,46,11.0
72,46,9.0
73,46,14.0
74,46,15.0
75,46,15.0
76,46,16.0
77,46,14.0
78,46,5.0
79,46,9.0
80,46,7.0
81,46,3.0
82,46,2.0
83,46,1.0
84,46,6.0
85,46,7.0
86,46,8.0
87,46,2.0
88,46,1.0
89,46,2.0
90,46,0.0
91,46,1.0
92,46,1.0
93,46,3.0
94,46,1.0
95,46,0.0
96,46,0.0
97,46,0.0
98,46,0.0
99,46,0.0
100,46,1.0
1,47,3.0
2,47,0.0
3,47,3.0
4,47,9.0
5,47,3.0
6,47,6.0
7,47,6.0
8,47,12.0
9,47,13.0
10,47,13.0
11,47,6.0
12,47,6.0
13,47,0.0
14,47,5.0
15,47,5.0
16,47,5.0
17,47,5.0
18,47,7.0
19,47,8.0
20,47,4.0
21,47,10.0
22,47,10.0
23,47,7.0
24,47,10.0
25,47,2.0
26,47,0.0
27,47,0.0
28,47,1.0
29,47,1.0
30,47,1.0
31,47,2.0
32,47,8.0
33,47,11.0
34,47,5.0
35,47,18.0
36,47,18.0
37,47,18.0
38,47,18.0
39,47,18.0
40,47,18.0
41,47,18.0
42,47,18.0
43,47,18.0
44,47,19.0
45,47,19.0
46,47,15.0
47,47,4.0
48,47,9.0
49,47,9.0
50,47,6.0
51,47,12.0
52,47,19.0
53,47,19.0
54,47,19.0
55,47,19.0
56,47,19.0
57,47,19.0
58,47,19.0
59,47,14.0
60,47,15.0
61,47,13.0
62,47,11.0
63,47,9.0
64,47,12.0
65,47,9.0
66,47,11.0
67,47,8.0
68,47,12.0
69,47,9.0
70,47,13.0
71,47,12.0
72,47,14.0
73,47,13.0
74,47,13.0
75,47,12.0
76,47,14.0
77,47,16.0
78,47,13.0
79,47,9.0
80,47,3.0
81,47,0.0
82,47,1.0
83,47,9.0
84,47,13.0
85,47,7.0
86,47,11.0
87,47,11.0
88,47,6.0
89,47,6.0
90,47,6.0
91,47,6.0
92,47,7.0
93,47,1.0
94,47,2.0
95,47,1.0
96,47,0.0
97,47,0.0
98,47,1.0
99,47,0.0
100,47,0.0
1,48,0.0
2,48,1.0
3,48,1.0
4,48,3.0
5,48,3.0
6,48,6.0
7,48,6.0
8,48,11.0
9,48,11.0
10,48,11.0
11,48,3.0
12,48,1.0
13,48,0.0
14,48,1.0
15,48,1.0
16,48,1.0
17,48,1.0
18,48,5.0
19,48,8.0
20,48,4.0
21,48,7.0
22,48,9.0
23,48,7.0
24,48,6.0
25,48,1.0
26,48,0.0
27,48,0.0
28,48,0.0
29,48,2.0
30,48,1.0
31,48,5.0
32,48,9.0
33,48,5.0
34,48,2.0
35,48,2.0
36,48,16.0
37,48,17.0
38,48,17.0
39,48,18.0
40,48,18.0
41,48,19.0
42,48,18.0
43,48,18.0
44,48,19.0
45,48,19.0
46,48,19.0
47,48,2.0
48,48,9.0
49,48,9.0
50,48,14.0
51,48,19.0
52,48,19.0
53,48,19.0
54,48,19.0
55,48,19.0
56,48,18.0
57,48,18.0
58,48,15.0
59,48,14.0
60,48,13.0
61,48,11.0
62,48,13.0
63,48,12.0
64,48,6.0
65,48,11.0
66,48,9.0
67,48,6.0
68,48,8.0
69,48,11.0
70,48,13.0
71,48,11.0
72,48,10.0
73,48,12.0
74,48,12.0
75,48,14.0
76,48,11.0
77,48,15.0
78,48,14.0
79,48,10.0
80,48,5.0
81,48,2.0
82,48,5.0
83,48,5.0
84,48,12.0
85,48,11.0
86,48,12.0
87,48,11.0
88,48,11.0
89,48,12.0
90,48,7.0
91,48,13.0
92,48,5.0
93,48,2.0
94,48,11.0
95,48,9.0
96,48,6.0
97,48,0.0
98,48,3.0
99,48,0.0
100,48,0.0
1,49,0.0
2,49,1.0
3,49,0.0
4,49,3.0
5,49,2.0
6,49,4.0
7,49,3.0
8,49,4.0
9,49,7.0
10,49,8.0
11,49,2.0
12,49,1.0
13,49,2.0
14,49,0.0
15,49,2.0
16,49,7.0
17,49,1.0
18,49,5.0
19,49,6.0
20,49,5.0
21,49,2.0
22,49,11.0
23,49,6.0
24,49,5.0
25,49,1.0
26,49,1.0
27,49,2.0
28,49,2.0
29,49,3.0
30,49,5.0
31,49,11.0
32,49,10.0
33,49,2.0
34,49,1.0
35,49,0.0
36,49,16.0
37,49,18.0
38,49,17.0
39,49,18.0
40,49,18.0
41,49,18.0
42,49,17.0
43,49,17.0
44,49,18.0
45,49,19.0
46,49,19.0
47,49,15.0
48,49,5.0
49,49,6.0
50,49,19.0
51,49,19.0
52,49,18.0
53,49,19.0
54,49,19.0
55,49,19.0
56,49,18.0
57,49,7.0
58,49,12.0
59,49,13.0
60,49,14.0
61,49,14.0
62,49,10.0
63,49,11.0
64,49,4.0
65,49,12.0
66,49,7.0
67,49,7.0
68,49,4.0
69,49,4.0
70,49,8.0
71,49,12.0
72,49,12.0
73,49,12.0
74,49,9.0
75,49,11.0
76,49,8.0
77,49,13.0
78,49,13.0
79,49,8.0
80,49,4.0
81,49,2.0
82,49,8.0
83,49,10.0
84,49,13.0
85,49,13.0
86,49,15.0
87,49,13.0
88,49,13.0
89,49,12.0
90,49,11.0
91,49,12.0
92,49,7.0
93,49,3.0
94,49,8.0
95,49,5.0
96,49,6.0
97,49,0.0
98,49,2.0
99,49,0.0
100,49,0.0
1,50,0.0
2,50,1.0
3,50,0.0
4,50,1.0
5,50,2.0
6,50,3.0
7,50,1.0
8,50,5.0
9,50,3.0
10,50,4.0
11,50,1.0
12,50,1.0
13,50,0.0
14,50,0.0
15,50,7.0
16,50,8.0
17,50,11.0
18,50,9.0
19,50,6.0
20,50,5.0
21,50,3.0
22,50,11.0
23,50,7.0
24,50,4.0
25,50,3.0
26,50,1.0
27,50,5.0
28,50,5.0
29,50,3.0
30,50,5.0
31,50,9.0
32,50,11.0
33,50,1.0
34,50,0.0
35,50,0.0
36,50,0.0
37,50,17.0
38,50,17.0
39,50,18.0
40,50,18.0
41,50,17.0
42,50,18.0
43,50,17.0
44,50,18.0
45,50,19.0
46,50,19.0
47,50,15.0
48,50,3.0
49,50,15.0
50,50,19.0
51,50,19.0
52,50,19.0
53,50,19.0
54,50,19.0
55,50,19.0
56,50,18.0
57,50,11.0
58,50,14.0
59,50,13.0
60,50,12.0
61,50,12.0
62,50,10.0
63,50,3.0
64,50,3.0
65,50,9.0
66,50,5.0
67,50,5.0
68,50,4.0
69,50,3.0
70,50,10.0
71,50,15.0
72,50,12.0
73,50,12.0
74,50,13.0
75,50,14.0
76,50,15.0
77,50,14.0
78,50,9.0
79,50,6.0
80,50,6.0
81,50,8.0
82,50,8.0
83,50,8.0
84,50,15.0
85,50,14.0
86,50,15.0
87,50,15.0
88,50,14.0
89,50,13.0
90,50,12.0
91,50,10.0
92,50,11.0
93,50,9.0
94,50,5.0
95,50,7.0
96,50,7.0
97,50,3.0
98,50,2.0
99,50,0.0
100,50,1.0
1,51,0.0
2,51,0.0
3,51,0.0
4,51,1.0
5,51,4.0
6,51,4.0
7,51,4.0
8,51,4.0
9,51,3.0
10,51,1.0
11,51,0.0
12,51,1.0
13,51,5.0
14,51,8.0
15,51,7.0
16,51,10.0
17,51,8.0
18,51,8.0
19,51,9.0
20,51,9.0
21,51,9.0
22,51,11.0
23,51,5.0
24,51,7.0
25,51,5.0
26,51,2.0
27,51,8.0
28,51,6.0
29,51,3.0
30,51,6.0
31,51,7.0
32,51,11.0
33,51,4.0
34,51,0.0
35,51,1.0
36,51,0.0
37,51,0.0
38,51,17.0
39,51,17.0
40,51,17.0
41,51,19.0
42,51,18.0
43,51,18.0
44,51,18.0
45,51,18.0
46,51,19.0
47,51,18.0
48,51,15.0
49,51,19.0
50,51,19.0
51,51,19.0
52,51,19.0
53,51,19.0
54,51,19.0
55,51,19.0
56,51,14.0
57,51,12.0
58,51,9.0
59,51,12.0
60,51,11.0
61,51,11.0
62,51,6.0
63,51,8.0
64,51,1.0
65,51,5.0
66,51,5.0
67,51,8.0
68,51,9.0
69,51,11.0
70,51,12.0
71,51,14.0
72,51,12.0
73,51,13.0
74,51,15.0
75,51,9.0
76,51,13.0
77,51,10.0
78,51,6.0
79,51,11.0
80,51,10.0
81,51,12.0
82,51,10.0
83,51,12.0
84,51,14.0
85,51,15.0
86,51,15.0
87,51,15.0
88,51,15.0
89,51,15.0
90,51,11.0
91,51,12.0
92,51,14.0
93,51,11.0
94,51,12.0
95,51,11.0
96,51,7.0
97,51,11.0
98,51,7.0
99,51,1.0
100,51,1.0
1,52,0.0
2,52,0.0
3,52,1.0
4,52,2.0
5,52,1.0
6,52,7.0
7,52,6.0
8,52,2.0
9,52,5.0
10,52,4.0
11,52,1.0
12,52,2.0
13,52,1.0
14,52,7.0
15,52,9.0
16,52,9.0
17,52,8.0
18,52,11.0
19,52,7.0
20,52,7.0
21,52,9.0
22,52,10.0
23,52,9.0
24,52,3.0
25,52,4.0
26,52,8.0
27,52,7.0
28,52,9.0
29,52,8.0
30,52,6.0
31,52,7.0
32,52,3.0
33,52,4.0
34,52,2.0
35,52,1.0
36,52,1.0
37,52,0.0
38,52,12.0
39,52,18.0
40,52,18.0
41,52,19.0
42,52,18.0
43,52,18.0
44,52,17.0
45,52,19.0
46,52,18.0
47,52,15.0
48,52,18.0
49,52,19.0
50,52,19.0
51,52,18.0
52,52,19.0
53,52,19.0
54,52,19.0
55,52,9.0
56,52,12.0
57,52,12.0
58,52,7.0
59,52,6.0
60,52,1.0
61,52,3.0
62,52,3.0
63,52,3.0
64,52,3.0
65,52,6.0
66,52,3.0
67,52,5.0
68,52,9.0
69,52,9.0
70,52,12.0
71,52,14.0
72,52,12.0
73,52,5.0
74,52,10.0
75,52,9.0
76,52,11.0
77,52,11.0
78,52,13.0
79,52,12.0
80,52,9.0
81,52,10.0
82,52,13.0
83,52,15.0
84,52,15.0
85,52,14.0
86,52,15.0
87,52,16.0
88,52,15.0
89,52,13.0
90,52,12.0
91,52,10.0
92,52,13.0
93,52,13.0
94,52,10.0
95,52,14.0
96,52,14.0
97,52,5.0
98,52,9.0
99,52,4.0
100,52,2.0
1,53,3.0
2,53,1.0
3,53,2.0
4,53,2.0
5,53,5.0
6,53,4.0
7,53,8.0
8,53,4.0
9,53,10.0
10,53,6.0
11,53,3.0
12,53,2.0
13,53,4.0
14,53,10.0
15,53,10.0
16,53,7.0
17,53,8.0
18,53,5.0
19,53,8.0
20,53,5.0
21,53,6.0
22,53,2.0
23,53,6.0
24,53,3.0
25,53,5.0
26,53,2.0
27,53,4.0
28,53,3.0
29,53,4.0
30,53,10.0
31,53,10.0
32,53,9.0
33,53,2.0
34,53,4.0
35,53,4.0
36,53,1.0
37,53,2.0
38,53,13.0
39,53,18.0
40,53,18.0
41,53,18.0
42,53,18.0
43,53,18.0
44,53,17.0
45,53,19.0
46,53,18.0
47,53,18.0
48,53,18.0
49,53,18.0
50,53,18.0
51,53,19.0
52,53,19.0
53,53,19.0
54,53,19.0
55,53,14.0
56,53,10.0
57,53,8.0
58,53,4.0
59,53,5.0
60,53,1.0
61,53,3.0
62,53,4.0
63,53,3.0
64,53,2.0
65,53,10.0
66,53,10.0
67,53,7.0
68,53,10.0
69,53,8.0
70,53,12.0
71,53,9.0
72,53,10.0
73,53,9.0
74,53,10.0
75,53,10.0
76,53,13.0
77,53,9.0
78,53,5.0
79,53,11.0
80,53,10.0
81,53,13.0
82,53,12.0
83,53,15.0
84,53,15.0
85,53,12.0
86,53,14.0
87,53,13.0
88,53,14.0
89,53,16.0
90,53,14.0
91,53,12.0
92,53,9.0
93,53,8.0
94,53,11.0
95,53,15.0
96,53,10.0
97,53,9.0
98,53,5.0
99,53,3.0
100,53,1.0
1,54,2.0
2,54,10.0
3,54,7.0
4,54,4.0
5,54,10.0
6,54,10.0
7,54,10.0
8,54,11.0
9,54,4.0
10,54,4.0
11,54,8.0
12,54,10.0
13,54,7.0
14,54,14.0
15,54,13.0
16,54,11.0
17,54,11.0
18,54,8.0
19,54,10.0
20,54,5.0
21,54,4.0
22,54,4.0
23,54,2.0
24,54,1.0
25,54,2.0
26,54,2.0
27,54,1.0
28,54,3.0
29,54,7.0
30,54,9.0
31,54,4.0
32,54,10.0
33,54,2.0
34,54,4.0
35,54,2.0
36,54,6.0
37,54,2.0
38,54,2.0
39,54,15.0
40,54,18.0
41,54,18.0
42,54,18.0
43,54,17.0
44,54,18.0
45,54,18.0
46,54,10.0
47,54,18.0
48,54,19.0
49,54,18.0
50,54,19.0
51,54,17.0
52,54,18.0
53,54,19.0
54,54,12.0
55,54,12.0
56,54,8.0
57,54,2.0
58,54,3.0
59,54,4.0
60,54,3.0
61,54,0.0
62,54,0.0
63,54,0.0
64,54,3.0
65,54,7.0
66,54,3.0
67,54,2.0
68,54,5.0
69,54,12.0
70,54,13.0
71,54,12.0
72,54,8.0
73,54,9.0
74,54,7.0
75,54,10.0
76,54,11.0
77,54,8.0
78,54,7.0
79,54,4.0
80,54,3.0
81,54,9.0
82,54,7.0
83,54,10.0
84,54,9.0
85,54,9.0
86,54,7.0
87,54,6.0
88,54,9.0
89,54,11.0
90,54,10.0
91,54,13.0
92,54,9.0
93,54,4.0
94,54,10.0
95,54,13.0
96,54,9.0
97,54,7.0
98,54,6.0
99,54,1.0
100,54,3.0
1,55,9.0
2,55,8.0
3,55,12.0
4,55,12.0
5,55,8.0
6,55,10.0
7,55,9.0
8,55,6.0
9,55,9.0
10,55,9.0
11,55,12.0
12,55,9.0
13,55,12.0
14,55,12.0
15,55,15.0
16,55,15.0
17,55,10.0
18,55,9.0
19,55,10.0
20,55,13.0
21,55,8.0
22,55,1.0
23,55,4.0
24,55,3.0
25,55,3.0
26,55,3.0
27,55,0.0
28,55,0.0
29,55,1.0
30,55,1.0
31,55,2.0
32,55,8.0
33,55,7.0
34,55,7.0
35,55,5.0
36,55,10.0
37,55,9.0
38,55,4.0
39,55,6.0
40,55,5.0
41,55,15.0
42,55,17.0
43,55,17.0
44,55,17.0
45,55,18.0
46,55,18.0
47,55,18.0
48,55,18.0
49,55,18.0
50,55,18.0
51,55,18.0
52,55,18.0
53,55,19.0
54,55,14.0
55,55,19.0
56,55,19.0
57,55,18.0
58,55,1.0
59,55,11.0
60,55,1.0
61,55,0.0
62,55,0.0
63,55,1.0
64,55,0.0
65,55,2.0
66,55,1.0
67,55,6.0
68,55,5.0
69,55,13.0
70,55,14.0
71,55,15.0
72,55,12.0
73,55,8.0
74,55,7.0
75,55,10.0
76,55,8.0
77,55,8.0
78,55,5.0
79,55,7.0
80,55,8.0
81,55,11.0
82,55,8.0
83,55,7.0
84,55,8.0
85,55,12.0
86,55,4.0
87,55,13.0
88,55,10.0
89,55,8.0
90,55,10.0
91,55,12.0
92,55,11.0
93,55,7.0
94,55,9.0
95,55,12.0
96,55,9.0
97,55,7.0
98,55,8.0
99,55,4.0
100,55,4.0
1,56,6.0
2,56,13.0
3,56,14.0
4,56,13.0
5,56,14.0
6,56,12.0
7,56,13.0
8,56,11.0
9,56,11.0
10,56,13.0
11,56,11.0
12,56,8.0
13,56,9.0
14,56,13.0
15,56,16.0
16,56,16.0
17,56,15.0
18,56,10.0
19,56,10.0
20,56,14.0
21,56,5.0
22,56,8.0
23,56,2.0
24,56,3.0
25,56,1.0
26,56,2.0
27,56,1.0
28,56,2.0
29,56,2.0
30,56,1.0
31,56,2.0
32,56,5.0
33,56,3.0
34,56,10.0
35,56,5.0
36,56,12.0
37,56,10.0
38,56,9.0
39,56,5.0
40,56,2.0
41,56,2.0
42,56,6.0
43,56,15.0
44,56,17.0
45,56,12.0
46,56,18.0
47,56,18.0
48,56,18.0
49,56,19.0
50,56,19.0
51,56,17.0
52,56,18.0
53,56,13.0
54,56,19.0
55,56,18.0
56,56,19.0
57,56,18.0
58,56,18.0
59,56,18.0
60,56,13.0
61,56,17.0
62,56,16.0
63,56,14.0
64,56,0.0
65,56,13.0
66,56,0.0
67,56,2.0
68,56,10.0
69,56,13.0
70,56,16.0
71,56,12.0
72,56,15.0
73,56,12.0
74,56,8.0
75,56,11.0
76,56,10.0
77,56,7.0
78,56,11.0
79,56,11.0
80,56,13.0
81,56,10.0
82,56,12.0
83,56,11.0
84,56,8.0
85,56,13.0
86,56,8.0
87,56,11.0
88,56,6.0
89,56,10.0
90,56,11.0
91,56,12.0
92,56,13.0
93,56,8.0
94,56,8.0
95,56,9.0
96,56,6.0
97,56,8.0
98,56,6.0
99,56,4.0
100,56,5.0
1,57,10.0
2,57,15.0
3,57,13.0
4,57,15.0
5,57,12.0
6,57,9.0
7,57,10.0
8,57,11.0
9,57,8.0
10,57,10.0
11,57,9.0
12,57,7.0
13,57,11.0
14,57,15.0
15,57,16.0
16,57,14.0
17,57,12.0
18,57,8.0
19,57,14.0
20,57,12.0
21,57,9.0
22,57,9.0
23,57,10.0
24,57,8.0
25,57,4.0
26,57,5.0
27,57,1.0
28,57,2.0
29,57,9.0
30,57,4.0
31,57,4.0
32,57,3.0
33,57,2.0
34,57,3.0
35,57,5.0
36,57,10.0
37,57,12.0
38,57,12.0
39,57,4.0
40,57,9.0
41,57,10.0
42,57,9.0
43,57,3.0
44,57,4.0
45,57,18.0
46,57,18.0
47,57,18.0
48,57,17.0
49,57,18.0
50,57,18.0
51,57,18.0
52,57,18.0
53,57,10.0
54,57,19.0
55,57,19.0
56,57,19.0
57,57,18.0
58,57,17.0
59,57,18.0
60,57,17.0
61,57,17.0
62,57,16.0
63,57,17.0
64,57,17.0
65,57,16.0
66,57,16.0
67,57,15.0
68,57,15.0
69,57,13.0
70,57,14.0
71,57,12.0
72,57,16.0
73,57,14.0
74,57,11.0
75,57,12.0
76,57,9.0
77,57,8.0
78,57,4.0
79,57,8.0
80,57,8.0
81,57,12.0
82,57,11.0
83,57,8.0
84,57,7.0
85,57,9.0
86,57,11.0
87,57,12.0
88,57,6.0
89,57,14.0
90,57,13.0
91,57,12.0
92,57,5.0
93,57,6.0
94,57,10.0
95,57,8.0
96,57,5.0
97,57,11.0
98,57,11.0
99,57,10.0
100,57,7.0
1,58,13.0
2,58,12.0
3,58,10.0
4,58,10.0
5,58,9.0
6,58,12.0
7,58,7.0
8,58,9.0
9,58,5.0
10,58,11.0
11,58,4.0
12,58,8.0
13,58,10.0
14,58,16.0
15,58,15.0
16,58,11.0
17,58,15.0
18,58,14.0
19,58,15.0
20,58,14.0
21,58,13.0
22,58,12.0
23,58,9.0
24,58,6.0
25,58,5.0
26,58,3.0
27,58,2.0
28,58,0.0
29,58,1.0
30,58,3.0
31,58,2.0
32,58,1.0
33,58,1.0
34,58,1.0
35,58,1.0
36,58,6.0
37,58,11.0
38,58,7.0
39,58,6.0
40,58,13.0
41,58,16.0
42,58,12.0
43,58,11.0
44,58,14.0
45,58,18.0
46,58,18.0
47,58,18.0
48,58,17.0
49,58,18.0
50,58,17.0
51,58,17.0
52,58,7.0
53,58,18.0
54,58,18.0
55,58,17.0
56,58,18.0
57,58,16.0
58,58,17.0
59,58,17.0
60,58,17.0
61,58,16.0
62,58,17.0
63,58,17.0
64,58,17.0
65,58,17.0
66,58,17.0
67,58,17.0
68,58,17.0
69,58,15.0
70,58,16.0
71,58,15.0
72,58,16.0
73,58,16.0
74,58,15.0
75,58,11.0
76,58,10.0
77,58,6.0
78,58,3.0
79,58,5.0
80,58,9.0
81,58,6.0
82,58,8.0
83,58,5.0
84,58,3.0
85,58,6.0
86,58,5.0
87,58,9.0
88,58,12.0
89,58,11.0
90,58,12.0
91,58,11.0
92,58,11.0
93,58,7.0
94,58,5.0
95,58,6.0
96,58,8.0
97,58,10.0
98,58,9.0
99,58,10.0
100,58,8.0
1,59,6.0
2,59,14.0
3,59,8.0
4,59,6.0
5,59,5.0
6,59,4.0
7,59,6.0
8,59,10.0
9,59,3.0
10,59,1.0
11,59,4.0
12,59,10.0
13,59,9.0
14,59,15.0
15,59,16.0
16,59,15.0
17,59,14.0
18,59,13.0
19,59,12.0
20,59,12.0
21,59,12.0
22,59,13.0
23,59,7.0
24,59,6.0
25,59,9.0
26,59,2.0
27,59,0.0
28,59,0.0
29,59,0.0
30,59,2.0
31,59,4.0
32,59,2.0
33,59,0.0
34,59,1.0
35,59,2.0
36,59,12.0
37,59,14.0
38,59,7.0
39,59,7.0
40,59,10.0
41,59,10.0
42,59,13.0
43,59,11.0
44,59,17.0
45,59,17.0
46,59,18.0
47,59,18.0
48,59,17.0
49,59,17.0
50,59,18.0
51,59,17.0
52,59,17.0
53,59,17.0
54,59,18.0
55,59,17.0
56,59,17.0
57,59,17.0
58,59,17.0
59,59,17.0
60,59,17.0
61,59,17.0
62,59,17.0
63,59,16.0
64,59,17.0
65,59,17.0
66,59,16.0
67,59,17.0
68,59,17.0
69,59,17.0
70,59,18.0
71,59,15.0
72,59,15.0
73,59,15.0
74,59,11.0
75,59,11.0
76,59,11.0
77,59,4.0
78,59,4.0
79,59,4.0
80,59,4.0
81,59,11.0
82,59,12.0
83,59,4.0
84,59,3.0
85,59,5.0
86,59,9.0
87,59,10.0
88,59,8.0
89,59,10.0
90,59,9.0
91,59,8.0
92,59,4.0
93,59,3.0
94,59,13.0
95,59,11.0
96,59,11.0
97,59,13.0
98,59,9.0
99,59,7.0
100,59,11.0
1,60,6.0
2,60,14.0
3,60,7.0
4,60,2.0
5,60,6.0
6,60,3.0
7,60,6.0
8,60,6.0
9,60,1.0
10,60,0.0
11,60,0.0
12,60,5.0
13,60,7.0
14,60,12.0
15,60,12.0
16,60,14.0
17,60,11.0
18,60,12.0
19,60,9.0
20,60,8.0
21,60,12.0
22,60,11.0
23,60,7.0
24,60,3.0
25,60,2.0
26,60,1.0
27,60,3.0
28,60,0.0
29,60,4.0
30,60,3.0
31,60,3.0
32,60,1.0
33,60,1.0
34,60,4.0
35,60,2.0
36,60,9.0
37,60,8.0
38,60,13.0
39,60,14.0
40,60,12.0
41,60,11.0
42,60,11.0
43,60,6.0
44,60,14.0
45,60,17.0
46,60,17.0
47,60,17.0
48,60,17.0
49,60,17.0
50,60,18.0
51,60,17.0
52,60,15.0
53,60,7.0
54,60,4.0
55,60,6.0
56,60,15.0
57,60,17.0
58,60,16.0
59,60,17.0
60,60,17.0
61,60,17.0
62,60,17.0
63,60,16.0
64,60,17.0
65,60,16.0
66,60,16.0
67,60,17.0
68,60,17.0
69,60,18.0
70,60,17.0
71,60,18.0
72,60,15.0
73,60,15.0
74,60,13.0
75,60,12.0
76,60,10.0
77,60,8.0
78,60,6.0
79,60,6.0
80,60,4.0
81,60,11.0
82,60,7.0
83,60,4.0
84,60,1.0
85,60,2.0
86,60,11.0
87,60,12.0
88,60,3.0
89,60,9.0
90,60,1.0
91,60,4.0
92,60,3.0
93,60,5.0
94,60,11.0
95,60,14.0
96,60,14.0
97,60,14.0
98,60,11.0
99,60,11.0
100,60,10.0
1,61,8.0
2,61,6.0
3,61,8.0
4,61,4.0
5,61,7.0
6,61,5.0
7,61,2.0
8,61,0.0
9,61,0.0
10,61,1.0
11,61,0.0
12,61,7.0
13,61,12.0
14,61,10.0
15,61,13.0
16,61,11.0
17,61,13.0
18,61,13.0
19,61,13.0
20,61,12.0
21,61,10.0
22,61,13.0
23,61,12.0
24,61,9.0
25,61,8.0
26,61,3.0
27,61,9.0
28,61,1.0
29,61,3.0
30,61,2.0
31,61,2.0
32,61,2.0
33,61,2.0
34,61,7.0
35,61,7.0
36,61,12.0
37,61,13.0
38,61,9.0
39,61,11.0
40,61,12.0
41,61,10.0
42,61,9.0
43,61,10.0
44,61,17.0
45,61,17.0
46,61,17.0
47,61,16.0
48,61,17.0
49,61,17.0
50,61,17.0
51,61,17.0
52,61,14.0
53,61,14.0
54,61,4.0
55,61,5.0
56,61,7.0
57,61,8.0
58,61,7.0
59,61,15.0
60,61,16.0
61,61,18.0
62,61,17.0
63,61,17.0
64,61,16.0
65,61,17.0
66,61,17.0
67,61,17.0
68,61,17.0
69,61,17.0
70,61,17.0
71,61,17.0
72,61,18.0
73,61,14.0
74,61,13.0
75,61,12.0
76,61,12.0
77,61,10.0
78,61,9.0
79,61,7.0
80,61,4.0
81,61,8.0
82,61,5.0
83,61,6.0
84,61,2.0
85,61,3.0
86,61,2.0
87,61,4.0
88,61,2.0
89,61,5.0
90,61,6.0
91,61,11.0
92,61,6.0
93,61,7.0
94,61,12.0
95,61,13.0
96,61,16.0
97,61,16.0
98,61,14.0
99,61,13.0
100,61,11.0
1,62,8.0
2,62,4.0
3,62,8.0
4,62,10.0
5,62,7.0
6,62,3.0
7,62,1.0
8,62,1.0
9,62,0.0
10,62,1.0
11,62,3.0
12,62,6.0
13,62,9.0
14,62,10.0
15,62,14.0
16,62,14.0
17,62,15.0
18,62,14.0
19,62,12.0
20,62,15.0
21,62,12.0
22,62,12.0
23,62,7.0
24,62,13.0
25,62,4.0
26,62,9.0
27,62,8.0
28,62,8.0
29,62,5.0
30,62,4.0
31,62,2.0
32,62,3.0
33,62,3.0
34,62,6.0
35,62,11.0
36,62,14.0
37,62,15.0
38,62,15.0
39,62,16.0
40,62,14.0
41,62,15.0
42,62,16.0
43,62,6.0
44,62,17.0
45,62,17.0
46,62,16.0
47,62,17.0
48,62,17.0
49,62,17.0
50,62,17.0
51,62,17.0
52,62,17.0
53,62,13.0
54,62,6.0
55,62,8.0
56,62,8.0
57,62,10.0
58,62,9.0
59,62,6.0
60,62,5.0
61,62,3.0
62,62,15.0
63,62,17.0
64,62,16.0
65,62,17.0
66,62,17.0
67,62,17.0
68,62,17.0
69,62,17.0
70,62,17.0
71,62,17.0
72,62,18.0
73,62,16.0
74,62,9.0
75,62,13.0
76,62,11.0
77,62,10.0
78,62,11.0
79,62,10.0
80,62,5.0
81,62,4.0
82,62,1.0
83,62,5.0
84,62,7.0
85,62,0.0
86,62,2.0
87,62,4.0
88,62,2.0
89,62,5.0
90,62,11.0
91,62,12.0
92,62,11.0
93,62,6.0
94,62,13.0
95,62,16.0
96,62,16.0
97,62,16.0
98,62,14.0
99,62,14.0
100,62,14.0
1,63,6.0
2,63,3.0
3,63,6.0
4,63,3.0
5,63,3.0
6,63,3.0
7,63,4.0
8,63,3.0
9,63,0.0
10,63,2.0
11,63,6.0
12,63,4.0
13,63,7.0
14,63,11.0
15,63,12.0
16,63,12.0
17,63,12.0
18,63,14.0
19,63,13.0
20,63,15.0
21,63,13.0
22,63,13.0
23,63,9.0
24,63,11.0
25,63,9.0
26,63,6.0
27,63,5.0
28,63,5.0
29,63,10.0
30,63,3.0
31,63,4.0
32,63,5.0
33,63,8.0
34,63,10.0
35,63,13.0
36,63,16.0
37,63,16.0
38,63,15.0
39,63,16.0
40,63,15.0
41,63,16.0
42,63,16.0
43,63,16.0
44,63,16.0
45,63,16.0
46,63,17.0
47,63,16.0
48,63,16.0
49,63,17.0
50,63,17.0
51,63,18.0
52,63,17.0
53,63,10.0
54,63,9.0
55,63,5.0
56,63,5.0
57,63,4.0
58,63,10.0
59,63,7.0
60,63,4.0
61,63,5.0
62,63,5.0
63,63,15.0
64,63,16.0
65,63,16.0
66,63,17.0
67,63,17.0
68,63,17.0
69,63,17.0
70,63,17.0
71,63,17.0
72,63,17.0
73,63,16.0
74,63,9.0
75,63,11.0
76,63,9.0
77,63,15.0
78,63,10.0
79,63,9.0
80,63,4.0
81,63,4.0
82,63,6.0
83,63,3.0
84,63,6.0
85,63,1.0
86,63,1.0
87,63,4.0
88,63,2.0
89,63,9.0
90,63,11.0
91,63,15.0
92,63,13.0
93,63,12.0
94,63,11.0
95,63,14.0
96,63,16.0
97,63,16.0
98,63,15.0
99,63,13.0
100,63,13.0
1,64,12.0
2,64,4.0
3,64,4.0
4,64,2.0
5,64,1.0
6,64,1.0
7,64,2.0
8,64,2.0
9,64,2.0
10,64,2.0
11,64,3.0
12,64,0.0
13,64,5.0
14,64,10.0
15,64,10.0
16,64,6.0
17,64,8.0
18,64,10.0
19,64,12.0
20,64,14.0
21,64,12.0
22,64,14.0
23,64,14.0
24,64,11.0
25,64,3.0
26,64,6.0
27,64,7.0
28,64,9.0
29,64,12.0
30,64,11.0
31,64,10.0
32,64,9.0
33,64,13.0
34,64,15.0
35,64,14.0
36,64,16.0
37,64,16.0
38,64,16.0
39,64,16.0
40,64,16.0
41,64,16.0
42,64,16.0
43,64,16.0
44,64,16.0
45,64,16.0
46,64,16.0
47,64,16.0
48,64,16.0
49,64,16.0
50,64,17.0
51,64,17.0
52,64,16.0
53,64,17.0
54,64,5.0
55,64,3.0
56,64,4.0
57,64,3.0
58,64,5.0
59,64,6.0
60,64,2.0
61,64,1.0
62,64,7.0
63,64,15.0
64,64,18.0
65,64,17.0
66,64,17.0
67,64,17.0
68,64,17.0
69,64,17.0
70,64,17.0
71,64,17.0
72,64,16.0
73,64,16.0
74,64,2.0
75,64,6.0
76,64,7.0
77,64,11.0
78,64,12.0
79,64,11.0
80,64,3.0
81,64,0.0
82,64,3.0
83,64,4.0
84,64,5.0
85,64,1.0
86,64,0.0
87,64,1.0
88,64,2.0
89,64,8.0
90,64,9.0
91,64,14.0
92,64,12.0
93,64,11.0
94,64,14.0
95,64,16.0
96,64,15.0
97,64,16.0
98,64,16.0
99,64,11.0
100,64,7.0
1,65,6.0
2,65,3.0
3,65,2.0
4,65,6.0
5,65,2.0
6,65,1.0
7,65,2.0
8,65,9.0
9,65,7.0
10,65,12.0
11,65,9.0
12,65,2.0
13,65,5.0
14,65,9.0
15,65,14.0
16,65,7.0
17,65,9.0
18,65,12.0
19,65,15.0
20,65,14.0
21,65,12.0
22,65,12.0
23,65,15.0
24,65,14.0
25,65,11.0
26,65,5.0
27,65,10.0
28,65,8.0
29,65,15.0
30,65,8.0
31,65,8.0
32,65,8.0
33,65,7.0
34,65,15.0
35,65,13.0
36,65,14.0
37,65,16.0
38,65,16.0
39,65,16.0
40,65,16.0
41,65,16.0
42,65,16.0
43,65,16.0
44,65,16.0
45,65,16.0
46,65,16.0
47,65,16.0
48,65,16.0
49,65,16.0
50,65,16.0
51,65,17.0
52,65,17.0
53,65,17.0
54,65,6.0
55,65,3.0
56,65,3.0
57,65,2.0
58,65,5.0
59,65,4.0
60,65,0.0
61,65,0.0
62,65,1.0
63,65,7.0
64,65,15.0
65,65,17.0
66,65,17.0
67,65,17.0
68,65,16.0
69,65,18.0
70,65,18.0
71,65,17.0
72,65,18.0
73,65,15.0
74,65,2.0
75,65,4.0
76,65,3.0
77,65,8.0
78,65,11.0
79,65,12.0
80,65,8.0
81,65,3.0
82,65,2.0
83,65,3.0
84,65,7.0
85,65,3.0
86,65,3.0
87,65,4.0
88,65,13.0
89,65,13.0
90,65,16.0
91,65,15.0
92,65,16.0
93,65,16.0
94,65,16.0
95,65,16.0
96,65,16.0
97,65,16.0
98,65,14.0
99,65,6.0
100,65,4.0
1,66,1.0
2,66,0.0
3,66,0.0
4,66,3.0
5,66,1.0
6,66,3.0
7,66,5.0
8,66,11.0
9,66,7.0
10,66,8.0
11,66,14.0
12,66,5.0
13,66,7.0
14,66,9.0
15,66,13.0
16,66,7.0
17,66,11.0
18,66,7.0
19,66,12.0
20,66,7.0
21,66,4.0
22,66,8.0
23,66,13.0
24,66,13.0
25,66,4.0
26,66,4.0
27,66,8.0
28,66,10.0
29,66,12.0
30,66,7.0
31,66,2.0
32,66,8.0
33,66,13.0
34,66,15.0
35,66,11.0
36,66,13.0
37,66,13.0
38,66,14.0
39,66,14.0
40,66,14.0
41,66,14.0
42,66,14.0
43,66,14.0
44,66,14.0
45,66,14.0
46,66,16.0
47,66,16.0
48,66,16.0
49,66,16.0
50,66,17.0
51,66,18.0
52,66,17.0
53,66,17.0
54,66,15.0
55,66,7.0
56,66,7.0
57,66,5.0
58,66,1.0
59,66,0.0
60,66,1.0
61,66,5.0
62,66,2.0
63,66,2.0
64,66,15.0
65,66,17.0
66,66,17.0
67,66,17.0
68,66,16.0
69,66,17.0
70,66,18.0
71,66,18.0
72,66,17.0
73,66,6.0
74,66,7.0
75,66,6.0
76,66,5.0
77,66,4.0
78,66,7.0
79,66,7.0
80,66,6.0
81,66,6.0
82,66,5.0
83,66,5.0
84,66,5.0
85,66,4.0
86,66,7.0
87,66,9.0
88,66,9.0
89,66,13.0
90,66,16.0
91,66,16.0
92,66,16.0
93,66,16.0
94,66,16.0
95,66,16.0
96,66,15.0
97,66,13.0
98,66,9.0
99,66,2.0
100,66,2.0
1,67,0.0
2,67,1.0
3,67,0.0
4,67,0.0
5,67,0.0
6,67,1.0
7,67,2.0
8,67,7.0
9,67,8.0
10,67,8.0
11,67,9.0
12,67,10.0
13,67,9.0
14,67,3.0
15,67,3.0
16,67,9.0
17,67,6.0
18,67,6.0
19,67,5.0
20,67,10.0
21,67,2.0
22,67,10.0
23,67,12.0
24,67,7.0
25,67,1.0
26,67,4.0
27,67,9.0
28,67,8.0
29,67,7.0
30,67,4.0
31,67,4.0
32,67,4.0
33,67,11.0
34,67,15.0
35,67,12.0
36,67,9.0
37,67,13.0
38,67,11.0
39,67,11.0
40,67,11.0
41,67,11.0
42,67,11.0
43,67,11.0
44,67,11.0
45,67,11.0
46,67,17.0
47,67,16.0
48,67,16.0
49,67,16.0
50,67,17.0
51,67,17.0
52,67,17.0
53,67,17.0
54,67,15.0
55,67,10.0
56,67,2.0
57,67,2.0
58,67,0.0
59,67,0.0
60,67,0.0
61,67,1.0
62,67,2.0
63,67,2.0
64,67,13.0
65,67,17.0
66,67,17.0
67,67,17.0
68,67,17.0
69,67,18.0
70,67,18.0
71,67,18.0
72,67,4.0
73,67,12.0
74,67,9.0
75,67,12.0
76,67,8.0
77,67,5.0
78,67,8.0
79,67,5.0
80,67,7.0
81,67,7.0
82,67,5.0
83,67,4.0
84,67,5.0
85,67,8.0
86,67,9.0
87,67,4.0
88,67,13.0
89,67,15.0
90,67,16.0
91,67,16.0
92,67,16.0
93,67,15.0
94,67,16.0
95,67,15.0
96,67,13.0
97,67,12.0
98,67,5.0
99,67,4.0
100,67,4.0
1,68,0.0
2,68,0.0
3,68,0.0
4,68,0.0
5,68,0.0
6,68,0.0
7,68,4.0
8,68,8.0
9,68,11.0
10,68,9.0
11,68,11.0
12,68,8.0
13,68,8.0
14,68,10.0
15,68,13.0
16,68,8.0
17,68,5.0
18,68,2.0
19,68,6.0
20,68,7.0
21,68,4.0
22,68,6.0
23,68,6.0
24,68,3.0
25,68,1.0
26,68,3.0
27,68,8.0
28,68,6.0
29,68,6.0
30,68,1.0
31,68,2.0
32,68,3.0
33,68,9.0
34,68,15.0
35,68,15.0
36,68,12.0
37,68,15.0
38,68,15.0
39,68,15.0
40,68,15.0
41,68,15.0
42,68,15.0
43,68,15.0
44,68,15.0
45,68,15.0
46,68,17.0
47,68,17.0
48,68,16.0
49,68,17.0
50,68,17.0
51,68,17.0
52,68,16.0
53,68,17.0
54,68,16.0
55,68,2.0
56,68,2.0
57,68,1.0
58,68,0.0
59,68,1.0
60,68,0.0
61,68,0.0
62,68,2.0
63,68,2.0
64,68,17.0
65,68,17.0
66,68,17.0
67,68,17.0
68,68,17.0
69,68,17.0
70,68,19.0
71,68,15.0
72,68,6.0
73,68,11.0
74,68,9.0
75,68,11.0
76,68,7.0
77,68,10.0
78,68,8.0
79,68,12.0
80,68,9.0
81,68,10.0
82,68,7.0
83,68,9.0
84,68,12.0
85,68,10.0
86,68,7.0
87,68,5.0
88,68,15.0
89,68,14.0
90,68,14.0
91,68,16.0
92,68,16.0
93,68,15.0
94,68,15.0
95,68,14.0
96,68,11.0
97,68,9.0
98,68,6.0
99,68,4.0
100,68,3.0
1,69,0.0
2,69,0.0
3,69,0.0
4,69,0.0
5,69,0.0
6,69,1.0
7,69,1.0
8,69,5.0
9,69,7.0
10,69,6.0
11,69,13.0
12,69,6.0
13,69,12.0
14,69,12.0
15,69,13.0
16,69,11.0
17,69,3.0
18,69,1.0
19,69,5.0
20,69,9.0
21,69,10.0
22,69,10.0
23,69,5.0
24,69,5.0
25,69,6.0
26,69,5.0
27,69,8.0
28,69,8.0
29,69,11.0
30,69,1.0
31,69,1.0
32,69,3.0
33,69,12.0
34,69,14.0
35,69,14.0
36,69,15.0
37,69,15.0
38,69,15.0
39,69,16.0
40,69,16.0
41,69,16.0
42,69,16.0
43,69,16.0
44,69,16.0
45,69,16.0
46,69,16.0
47,69,16.0
48,69,16.0
49,69,17.0
50,69,16.0
51,69,16.0
52,69,16.0
53,69,17.0
54,69,17.0
55,69,5.0
56,69,1.0
57,69,0.0
58,69,0.0
59,69,0.0
60,69,0.0
61,69,0.0
62,69,0.0
63,69,1.0
64,69,17.0
65,69,17.0
66,69,17.0
67,69,17.0
68,69,17.0
69,69,17.0
70,69,18.0
71,69,11.0
72,69,9.0
73,69,11.0
74,69,10.0
75,69,7.0
76,69,7.0
77,69,8.0
78,69,11.0
79,69,13.0
80,69,14.0
81,69,12.0
82,69,12.0
83,69,8.0
84,69,10.0
85,69,4.0
86,69,9.0
87,69,8.0
88,69,12.0
89,69,15.0
90,69,15.0
91,69,14.0
92,69,15.0
93,69,14.0
94,69,12.0
95,69,14.0
96,69,9.0
97,69,10.0
98,69,4.0
99,69,4.0
100,69,5.0
1,70,0.0
2,70,0.0
3,70,0.0
4,70,0.0
5,70,0.0
6,70,0.0
7,70,0.0
8,70,1.0
9,70,4.0
10,70,7.0
11,70,8.0
12,70,8.0
13,70,5.0
14,70,6.0
15,70,6.0
16,70,7.0
17,70,3.0
18,70,1.0
19,70,4.0
20,70,4.0
21,70,5.0
22,70,5.0
23,70,4.0
24,70,5.0
25,70,5.0
26,70,9.0
27,70,9.0
28,70,9.0
29,70,6.0
30,70,2.0
31,70,3.0
32,70,7.0
33,70,10.0
34,70,11.0
35,70,14.0
36,70,13.0
37,70,15.0
38,70,16.0
39,70,16.0
40,70,16.0
41,70,16.0
42,70,16.0
43,70,16.0
44,70,16.0
45,70,16.0
46,70,16.0
47,70,17.0
48,70,16.0
49,70,17.0
50,70,17.0
51,70,16.0
52,70,16.0
53,70,16.0
54,70,16.0
55,70,15.0
56,70,4.0
57,70,0.0
58,70,0.0
59,70,0.0
60,70,0.0
61,70,0.0
62,70,0.0
63,70,15.0
64,70,17.0
65,70,18.0
66,70,17.0
67,70,17.0
68,70,17.0
69,70,17.0
70,70,8.0
71,70,10.0
72,70,8.0
73,70,12.0
74,70,12.0
75,70,10.0
76,70,5.0
77,70,6.0
78,70,14.0
79,70,8.0
80,70,13.0
81,70,12.0
82,70,11.0
83,70,14.0
84,70,14.0
85,70,11.0
86,70,9.0
87,70,13.0
88,70,12.0
89,70,14.0
90,70,14.0
91,70,16.0
92,70,15.0
93,70,16.0
94,70,14.0
95,70,16.0
96,70,14.0
97,70,11.0
98,70,3.0
99,70,5.0
100,70,6.0
1,71,2.0
2,71,1.0
3,71,0.0
4,71,0.0
5,71,0.0
6,71,0.0
7,71,1.0
8,71,0.0
9,71,1.0
10,71,2.0
11,71,10.0
12,71,8.0
13,71,6.0
14,71,6.0
15,71,0.0
16,71,2.0
17,71,5.0
18,71,5.0
19,71,4.0
20,71,3.0
21,71,6.0
22,71,6.0
23,71,6.0
24,71,7.0
25,71,9.0
26,71,10.0
27,71,8.0
28,71,7.0
29,71,6.0
30,71,2.0
31,71,3.0
32,71,3.0
33,71,9.0
34,71,15.0
35,71,15.0
36,71,15.0
37,71,15.0
38,71,16.0
39,71,16.0
40,71,16.0
41,71,16.0
42,71,16.0
43,71,16.0
44,71,16.0
45,71,16.0
46,71,13.0
47,71,16.0
48,71,17.0
49,71,17.0
50,71,17.0
51,71,16.0
52,71,16.0
53,71,16.0
54,71,16.0
55,71,15.0
56,71,4.0
57,71,1.0
58,71,1.0
59,71,1.0
60,71,0.0
61,71,0.0
62,71,17.0
63,71,17.0
64,71,17.0
65,71,17.0
66,71,17.0
67,71,17.0
68,71,18.0
69,71,8.0
70,71,7.0
71,71,10.0
72,71,13.0
73,71,9.0
74,71,8.0
75,71,7.0
76,71,3.0
77,71,3.0
78,71,15.0
79,71,14.0
80,71,10.0
81,71,14.0
82,71,11.0
83,71,12.0
84,71,7.0
85,71,9.0
86,71,12.0
87,71,15.0
88,71,15.0
89,71,14.0
90,71,15.0
91,71,14.0
92,71,13.0
93,71,16.0
94,71,15.0
95,71,15.0
96,71,15.0
97,71,15.0
98,71,10.0
99,71,7.0
100,71,9.0
1,72,7.0
2,72,0.0
3,72,0.0
4,72,0.0
5,72,0.0
6,72,0.0
7,72,0.0
8,72,1.0
9,72,0.0
10,72,4.0
11,72,8.0
12,72,5.0
13,72,7.0
14,72,9.0
15,72,2.0
16,72,0.0
17,72,0.0
18,72,0.0
19,72,2.0
20,72,2.0
21,72,5.0
22,72,6.0
23,72,9.0
24,72,6.0
25,72,11.0
26,72,13.0
27,72,11.0
28,72,7.0
29,72,6.0
30,72,0.0
31,72,1.0
32,72,5.0
33,72,12.0
34,72,15.0
35,72,15.0
36,72,15.0
37,72,16.0
38,72,16.0
39,72,16.0
40,72,16.0
41,72,16.0
42,72,15.0
43,72,15.0
44,72,15.0
45,72,15.0
46,72,15.0
47,72,16.0
48,72,17.0
49,72,16.0
50,72,17.0
51,72,17.0
52,72,16.0
53,72,16.0
54,72,16.0
55,72,16.0
56,72,4.0
57,72,1.0
58,72,2.0
59,72,2.0
60,72,3.0
61,72,0.0
62,72,17.0
63,72,17.0
64,72,17.0
65,72,17.0
66,72,17.0
67,72,17.0
68,72,16.0
69,72,9.0
70,72,8.0
71,72,10.0
72,72,4.0
73,72,6.0
74,72,4.0
75,72,6.0
76,72,1.0
77,72,4.0
78,72,13.0
79,72,13.0
80,72,12.0
81,72,15.0
82,72,13.0
83,72,14.0
84,72,12.0
85,72,11.0
86,72,12.0
87,72,12.0
88,72,14.0
89,72,15.0
90,72,15.0
91,72,16.0
92,72,15.0
93,72,14.0
94,72,15.0
95,72,14.0
96,72,15.0
97,72,15.0
98,72,13.0
99,72,15.0
100,72,13.0
1,73,0.0
2,73,0.0
3,73,0.0
4,73,0.0
5,73,0.0
6,73,0.0
7,73,0.0
8,73,0.0
9,73,0.0
10,73,1.0
11,73,1.0
12,73,2.0
13,73,2.0
14,73,1.0
15,73,0.0
16,73,0.0
17,73,0.0
18,73,0.0
19,73,0.0
20,73,1.0
21,73,2.0
22,73,10.0
23,73,13.0
24,73,10.0
25,73,11.0
26,73,12.0
27,73,13.0
28,73,14.0
29,73,8.0
30,73,4.0
31,73,5.0
32,73,7.0
33,73,10.0
34,73,13.0
35,73,10.0
36,73,14.0
37,73,16.0
38,73,16.0
39,73,16.0
40,73,16.0
41,73,16.0
42,73,15.0
43,73,15.0
44,73,16.0
45,73,15.0
46,73,15.0
47,73,17.0
48,73,16.0
49,73,17.0
50,73,17.0
51,73,16.0
52,73,16.0
53,73,16.0
54,73,16.0
55,73,16.0
56,73,4.0
57,73,1.0
58,73,2.0
59,73,3.0
60,73,5.0
61,73,16.0
62,73,17.0
63,73,17.0
64,73,17.0
65,73,17.0
66,73,17.0
67,73,16.0
68,73,3.0
69,73,12.0
70,73,10.0
71,73,12.0
72,73,12.0
73,73,7.0
74,73,9.0
75,73,2.0
76,73,2.0
77,73,6.0
78,73,9.0
79,73,9.0
80,73,14.0
81,73,15.0
82,73,13.0
83,73,14.0
84,73,16.0
85,73,14.0
86,73,14.0
87,73,14.0
88,73,12.0
89,73,13.0
90,73,15.0
91,73,16.0
92,73,16.0
93,73,16.0
94,73,14.0
95,73,12.0
96,73,13.0
97,73,10.0
98,73,14.0
99,73,14.0
100,73,12.0
1,74,0.0
2,74,0.0
3,74,0.0
4,74,1.0
5,74,2.0
6,74,0.0
7,74,0.0
8,74,0.0
9,74,0.0
10,74,0.0
11,74,1.0
12,74,0.0
13,74,0.0
14,74,2.0
15,74,0.0
16,74,0.0
17,74,0.0
18,74,0.0
19,74,0.0
20,74,4.0
21,74,3.0
22,74,7.0
23,74,11.0
24,74,9.0
25,74,6.0
26,74,10.0
27,74,11.0
28,74,12.0
29,74,9.0
30,74,6.0
31,74,5.0
32,74,8.0
33,74,4.0
34,74,11.0
35,74,14.0
36,74,14.0
37,74,11.0
38,74,13.0
39,74,14.0
40,74,14.0
41,74,16.0
42,74,16.0
43,74,13.0
44,74,14.0
45,74,14.0
46,74,15.0
47,74,17.0
48,74,16.0
49,74,17.0
50,74,16.0
51,74,16.0
52,74,16.0
53,74,16.0
54,74,16.0
55,74,17.0
56,74,2.0
57,74,1.0
58,74,2.0
59,74,3.0
60,74,16.0
61,74,16.0
62,74,17.0
63,74,17.0
64,74,17.0
65,74,17.0
66,74,9.0
67,74,13.0
68,74,11.0
69,74,10.0
70,74,9.0
71,74,8.0
72,74,7.0
73,74,5.0
74,74,11.0
75,74,8.0
76,74,5.0
77,74,10.0
78,74,10.0
79,74,9.0
80,74,10.0
81,74,14.0
82,74,10.0
83,74,13.0
84,74,15.0
85,74,16.0
86,74,15.0
87,74,13.0
88,74,14.0
89,74,14.0
90,74,16.0
91,74,15.0
92,74,16.0
93,74,16.0
94,74,16.0
95,74,15.0
96,74,15.0
97,74,10.0
98,74,14.0
99,74,14.0
100,74,13.0
1,75,1.0
2,75,1.0
3,75,5.0
4,75,5.0
5,75,1.0
6,75,0.0
7,75,0.0
8,75,0.0
9,75,0.0
10,75,1.0
11,75,0.0
12,75,0.0
13,75,0.0
14,75,1.0
15,75,0.0
16,75,0.0
17,75,0.0
18,75,0.0
19,75,0.0
20,75,3.0
21,75,7.0
22,75,13.0
23,75,14.0
24,75,13.0
25,75,11.0
26,75,9.0
27,75,10.0
28,75,10.0
29,75,6.0
30,75,13.0
31,75,5.0
32,75,4.0
33,75,6.0
34,75,12.0
35,75,15.0
36,75,14.0
37,75,14.0
38,75,15.0
39,75,13.0
40,75,13.0
41,75,15.0
42,75,16.0
43,75,15.0
44,75,15.0
45,75,14.0
46,75,10.0
47,75,16.0
48,75,16.0
49,75,16.0
50,75,17.0
51,75,16.0
52,75,16.0
53,75,17.0
54,75,16.0
55,75,16.0
56,75,0.0
57,75,0.0
58,75,0.0
59,75,16.0
60,75,16.0
61,75,17.0
62,75,17.0
63,75,17.0
64,75,17.0
65,75,16.0
66,75,7.0
67,75,12.0
68,75,12.0
69,75,8.0
70,75,8.0
71,75,13.0
72,75,12.0
73,75,10.0
74,75,13.0
75,75,12.0
76,75,8.0
77,75,12.0
78,75,10.0
79,75,14.0
80,75,14.0
81,75,15.0
82,75,11.0
83,75,13.0
84,75,16.0
85,75,14.0
86,75,16.0
87,75,14.0
88,75,14.0
89,75,15.0
90,75,16.0
91,75,16.0
92,75,16.0
93,75,16.0
94,75,16.0
95,75,16.0
96,75,15.0
97,75,10.0
98,75,11.0
99,75,13.0
100,75,13.0
1,76,1.0
2,76,2.0
3,76,1.0
4,76,0.0
5,76,0.0
6,76,0.0
7,76,1.0
8,76,1.0
9,76,0.0
10,76,1.0
11,76,0.0
12,76,0.0
13,76,0.0
14,76,0.0
15,76,0.0
16,76,0.0
17,76,0.0
18,76,0.0
19,76,1.0
20,76,3.0
21,76,9.0
22,76,10.0
23,76,15.0
24,76,15.0
25,76,12.0
26,76,11.0
27,76,8.0
28,76,7.0
29,76,4.0
30,76,8.0
31,76,5.0
32,76,2.0
33,76,1.0
34,76,5.0
35,76,11.0
36,76,13.0
37,76,14.0
38,76,13.0
39,76,13.0
40,76,12.0
41,76,15.0
42,76,16.0
43,76,16.0
44,76,13.0
45,76,15.0
46,76,10.0
47,76,16.0
48,76,17.0
49,76,16.0
50,76,16.0
51,76,16.0
52,76,16.0
53,76,16.0
54,76,14.0
55,76,16.0
56,76,2.0
57,76,1.0
58,76,16.0
59,76,17.0
60,76,16.0
61,76,16.0
62,76,17.0
63,76,17.0
64,76,15.0
65,76,3.0
66,76,8.0
67,76,15.0
68,76,16.0
69,76,13.0
70,76,12.0
71,76,12.0
72,76,12.0
73,76,7.0
74,76,10.0
75,76,10.0
76,76,9.0
77,76,14.0
78,76,14.0
79,76,14.0
80,76,15.0
81,76,16.0
82,76,15.0
83,76,14.0
84,76,11.0
85,76,15.0
86,76,13.0
87,76,15.0
88,76,15.0
89,76,16.0
90,76,16.0
91,76,16.0
92,76,16.0
93,76,16.0
94,76,16.0
95,76,15.0
96,76,10.0
97,76,10.0
98,76,9.0
99,76,11.0
100,76,14.0
1,77,2.0
2,77,1.0
3,77,0.0
4,77,0.0
5,77,0.0
6,77,2.0
7,77,2.0
8,77,1.0
9,77,1.0
10,77,1.0
11,77,1.0
12,77,0.0
13,77,0.0
14,77,0.0
15,77,0.0
16,77,0.0
17,77,0.0
18,77,1.0
19,77,2.0
20,77,4.0
21,77,5.0
22,77,11.0
23,77,14.0
24,77,15.0
25,77,14.0
26,77,10.0
27,77,12.0
28,77,10.0
29,77,2.0
30,77,4.0
31,77,2.0
32,77,3.0
33,77,3.0
34,77,6.0
35,77,8.0
36,77,12.0
37,77,11.0
38,77,12.0
39,77,9.0
40,77,16.0
41,77,13.0
42,77,13.0
43,77,9.0
44,77,13.0
45,77,11.0
46,77,15.0
47,77,16.0
48,77,17.0
49,77,16.0
50,77,16.0
51,77,17.0
52,77,17.0
53,77,16.0
54,77,16.0
55,77,2.0
56,77,1.0
57,77,16.0
58,77,17.0
59,77,17.0
60,77,16.0
61,77,16.0
62,77,16.0
63,77,17.0
64,77,2.0
65,77,6.0
66,77,6.0
67,77,12.0
68,77,15.0
69,77,15.0
70,77,13.0
71,77,12.0
72,77,13.0
73,77,12.0
74,77,9.0
75,77,12.0
76,77,12.0
77,77,13.0
78,77,16.0
79,77,16.0
80,77,16.0
81,77,16.0
82,77,15.0
83,77,14.0
84,77,14.0
85,77,14.0
86,77,15.0
87,77,16.0
88,77,14.0
89,77,16.0
90,77,16.0
91,77,16.0
92,77,16.0
93,77,16.0
94,77,16.0
95,77,15.0
96,77,7.0
97,77,6.0
98,77,11.0
99,77,14.0
100,77,14.0
1,78,0.0
2,78,0.0
3,78,0.0
4,78,0.0
5,78,0.0
6,78,1.0
7,78,0.0
8,78,0.0
9,78,1.0
10,78,3.0
11,78,1.0
12,78,1.0
13,78,0.0
14,78,0.0
15,78,0.0
16,78,0.0
17,78,2.0
18,78,3.0
19,78,6.0
20,78,7.0
21,78,9.0
22,78,7.0
23,78,14.0
24,78,13.0
25,78,13.0
26,78,8.0
27,78,9.0
28,78,5.0
29,78,8.0
30,78,5.0
31,78,1.0
32,78,3.0
33,78,3.0
34,78,8.0
35,78,6.0
36,78,7.0
37,78,9.0
38,78,11.0
39,78,13.0
40,78,15.0
41,78,13.0
42,78,8.0
43,78,8.0
44,78,7.0
45,78,8.0
46,78,6.0
47,78,17.0
48,78,16.0
49,78,16.0
50,78,16.0
51,78,16.0
52,78,16.0
53,78,16.0
54,78,16.0
55,78,4.0
56,78,16.0
57,78,17.0
58,78,17.0
59,78,17.0
60,78,17.0
61,78,16.0
62,78,17.0
63,78,9.0
64,78,7.0
65,78,4.0
66,78,11.0
67,78,10.0
68,78,8.0
69,78,6.0
70,78,10.0
71,78,14.0
72,78,11.0
73,78,14.0
74,78,14.0
75,78,13.0
76,78,14.0
77,78,15.0
78,78,16.0
79,78,16.0
80,78,16.0
81,78,16.0
82,78,16.0
83,78,15.0
84,78,15.0
85,78,14.0
86,78,13.0
87,78,13.0
88,78,10.0
89,78,14.0
90,78,13.0
91,78,12.0
92,78,12.0
93,78,13.0
94,78,12.0
95,78,13.0
96,78,8.0
97,78,9.0
98,78,12.0
99,78,10.0
100,78,12.0
1,79,0.0
2,79,0.0
3,79,0.0
4,79,0.0
5,79,0.0
6,79,0.0
7,79,1.0
8,79,1.0
9,79,1.0
10,79,1.0
11,79,0.0
12,79,1.0
13,79,1.0
14,79,2.0
15,79,3.0
16,79,3.0
17,79,3.0
18,79,7.0
19,79,4.0
20,79,6.0
21,79,7.0
22,79,10.0
23,79,13.0
24,79,12.0
25,79,12.0
26,79,12.0
27,79,5.0
28,79,3.0
29,79,2.0
30,79,2.0
31,79,0.0
32,79,1.0
33,79,3.0
34,79,7.0
35,79,8.0
36,79,6.0
37,79,9.0
38,79,12.0
39,79,15.0
40,79,11.0
41,79,7.0
42,79,5.0
43,79,10.0
44,79,4.0
45,79,15.0
46,79,17.0
47,79,16.0
48,79,16.0
49,79,16.0
50,79,16.0
51,79,16.0
52,79,17.0
53,79,16.0
54,79,0.0
55,79,15.0
56,79,16.0
57,79,16.0
58,79,18.0
59,79,17.0
60,79,17.0
61,79,17.0
62,79,15.0
63,79,10.0
64,79,4.0
65,79,10.0
66,79,7.0
67,79,9.0
68,79,5.0
69,79,2.0
70,79,10.0
71,79,7.0
72,79,6.0
73,79,14.0
74,79,15.0
75,79,15.0
76,79,15.0
77,79,14.0
78,79,15.0
79,79,15.0
80,79,16.0
81,79,14.0
82,79,15.0
83,79,15.0
84,79,16.0
85,79,14.0
86,79,15.0
87,79,15.0
88,79,9.0
89,79,12.0
90,79,14.0
91,79,14.0
92,79,13.0
93,79,10.0
94,79,11.0
95,79,14.0
96,79,8.0
97,79,6.0
98,79,10.0
99,79,15.0
100,79,13.0
1,80,0.0
2,80,0.0
3,80,0.0
4,80,0.0
5,80,0.0
6,80,1.0
7,80,2.0
8,80,3.0
9,80,0.0
10,80,0.0
11,80,0.0
12,80,4.0
13,80,4.0
14,80,5.0
15,80,5.0
16,80,2.0
17,80,3.0
18,80,7.0
19,80,7.0
20,80,11.0
21,80,10.0
22,80,6.0
23,80,13.0
24,80,11.0
25,80,10.0
26,80,13.0
27,80,6.0
28,80,3.0
29,80,2.0
30,80,5.0
31,80,0.0
32,80,0.0
33,80,3.0
34,80,2.0
35,80,6.0
36,80,7.0
37,80,9.0
38,80,11.0
39,80,15.0
40,80,12.0
41,80,7.0
42,80,7.0
43,80,4.0
44,80,7.0
45,80,15.0
46,80,17.0
47,80,16.0
48,80,16.0
49,80,16.0
50,80,16.0
51,80,16.0
52,80,16.0
53,80,15.0
54,80,15.0
55,80,16.0
56,80,17.0
57,80,17.0
58,80,18.0
59,80,17.0
60,80,17.0
61,80,17.0
62,80,0.0
63,80,0.0
64,80,1.0
65,80,2.0
66,80,4.0
67,80,8.0
68,80,5.0
69,80,1.0
70,80,8.0
71,80,12.0
72,80,9.0
73,80,11.0
74,80,13.0
75,80,16.0
76,80,15.0
77,80,15.0
78,80,14.0
79,80,15.0
80,80,13.0
81,80,14.0
82,80,13.0
83,80,10.0
84,80,14.0
85,80,12.0
86,80,12.0
87,80,13.0
88,80,10.0
89,80,12.0
90,80,10.0
91,80,12.0
92,80,13.0
93,80,9.0
94,80,12.0
95,80,7.0
96,80,7.0
97,80,11.0
98,80,10.0
99,80,15.0
100,80,14.0
1,81,0.0
2,81,0.0
3,81,3.0
4,81,1.0
5,81,1.0
6,81,4.0
7,81,0.0
8,81,2.0
9,81,1.0
10,81,1.0
11,81,2.0
12,81,6.0
13,81,7.0
14,81,8.0
15,81,2.0
16,81,1.0
17,81,2.0
18,81,3.0
19,81,11.0
20,81,11.0
21,81,13.0
22,81,9.0
23,81,12.0
24,81,9.0
25,81,5.0
26,81,5.0
27,81,3.0
28,81,0.0
29,81,2.0
30,81,5.0
31,81,2.0
32,81,2.0
33,81,8.0
34,81,3.0
35,81,2.0
36,81,7.0
37,81,5.0
38,81,7.0
39,81,12.0
40,81,5.0
41,81,11.0
42,81,4.0
43,81,4.0
44,81,15.0
45,81,17.0
46,81,16.0
47,81,16.0
48,81,17.0
49,81,16.0
50,81,16.0
51,81,16.0
52,81,17.0
53,81,1.0
54,81,16.0
55,81,16.0
56,81,17.0
57,81,16.0
58,81,17.0
59,81,17.0
60,81,17.0
61,81,0.0
62,81,0.0
63,81,0.0
64,81,0.0
65,81,0.0
66,81,6.0
67,81,10.0
68,81,13.0
69,81,8.0
70,81,10.0
71,81,11.0
72,81,12.0
73,81,11.0
74,81,15.0
75,81,14.0
76,81,15.0
77,81,14.0
78,81,14.0
79,81,15.0
80,81,14.0
81,81,11.0
82,81,12.0
83,81,11.0
84,81,10.0
85,81,15.0
86,81,8.0
87,81,11.0
88,81,7.0
89,81,9.0
90,81,13.0
91,81,8.0
92,81,12.0
93,81,8.0
94,81,13.0
95,81,10.0
96,81,8.0
97,81,8.0
98,81,4.0
99,81,8.0
100,81,15.0
1,82,0.0
2,82,0.0
3,82,1.0
4,82,1.0
5,82,0.0
6,82,0.0
7,82,0.0
8,82,0.0
9,82,1.0
10,82,1.0
11,82,2.0
12,82,2.0
13,82,7.0
14,82,5.0
15,82,2.0
16,82,8.0
17,82,3.0
18,82,5.0
19,82,7.0
20,82,11.0
21,82,8.0
22,82,6.0
23,82,5.0
24,82,7.0
25,82,5.0
26,82,6.0
27,82,0.0
28,82,0.0
29,82,1.0
30,82,2.0
31,82,4.0
32,82,6.0
33,82,7.0
34,82,9.0
35,82,9.0
36,82,9.0
37,82,8.0
38,82,7.0
39,82,7.0
40,82,7.0
41,82,7.0
42,82,7.0
43,82,3.0
44,82,4.0
45,82,16.0
46,82,16.0
47,82,16.0
48,82,17.0
49,82,16.0
50,82,16.0
51,82,17.0
52,82,16.0
53,82,15.0
54,82,16.0
55,82,15.0
56,82,16.0
57,82,17.0
58,82,17.0
59,82,17.0
60,82,16.0
61,82,1.0
62,82,0.0
63,82,0.0
64,82,0.0
65,82,0.0
66,82,1.0
67,82,3.0
68,82,9.0
69,82,13.0
70,82,14.0
71,82,14.0
72,82,13.0
73,82,11.0
74,82,12.0
75,82,12.0
76,82,12.0
77,82,14.0
78,82,13.0
79,82,13.0
80,82,13.0
81,82,12.0
82,82,12.0
83,82,7.0
84,82,12.0
85,82,14.0
86,82,13.0
87,82,9.0
88,82,10.0
89,82,9.0
90,82,12.0
91,82,13.0
92,82,12.0
93,82,10.0
94,82,12.0
95,82,12.0
96,82,12.0
97,82,11.0
98,82,7.0
99,82,6.0
100,82,11.0
1,83,0.0
2,83,0.0
3,83,0.0
4,83,0.0
5,83,1.0
6,83,1.0
7,83,0.0
8,83,1.0
9,83,0.0
10,83,2.0
11,83,3.0
12,83,1.0
13,83,5.0
14,83,9.0
15,83,5.0
16,83,7.0
17,83,6.0
18,83,9.0
19,83,10.0
20,83,11.0
21,83,7.0
22,83,5.0
23,83,10.0
24,83,3.0
25,83,0.0
26,83,2.0
27,83,0.0
28,83,2.0
29,83,2.0
30,83,3.0
31,83,3.0
32,83,3.0
33,83,3.0
34,83,9.0
35,83,9.0
36,83,5.0
37,83,6.0
38,83,5.0
39,83,8.0
40,83,14.0
41,83,12.0
42,83,13.0
43,83,14.0
44,83,17.0
45,83,17.0
46,83,16.0
47,83,16.0
48,83,16.0
49,83,16.0
50,83,17.0
51,83,17.0
52,83,0.0
53,83,16.0
54,83,16.0
55,83,16.0
56,83,17.0
57,83,17.0
58,83,17.0
59,83,17.0
60,83,0.0
61,83,2.0
62,83,0.0
63,83,1.0
64,83,1.0
65,83,1.0
66,83,3.0
67,83,4.0
68,83,10.0
69,83,11.0
70,83,14.0
71,83,12.0
72,83,14.0
73,83,12.0
74,83,7.0
75,83,12.0
76,83,11.0
77,83,15.0
78,83,16.0
79,83,14.0
80,83,14.0
81,83,14.0
82,83,12.0
83,83,14.0
84,83,15.0
85,83,15.0
86,83,13.0
87,83,13.0
88,83,13.0
89,83,9.0
90,83,9.0
91,83,7.0
92,83,9.0
93,83,11.0
94,83,14.0
95,83,14.0
96,83,10.0
97,83,10.0
98,83,9.0
99,83,6.0
100,83,11.0
1,84,4.0
2,84,0.0
3,84,0.0
4,84,0.0
5,84,0.0
6,84,0.0
7,84,0.0
8,84,1.0
9,84,2.0
10,84,1.0
11,84,2.0
12,84,3.0
13,84,4.0
14,84,11.0
15,84,7.0
16,84,7.0
17,84,12.0
18,84,10.0
19,84,7.0
20,84,10.0
21,84,6.0
22,84,8.0
23,84,5.0
24,84,2.0
25,84,0.0
26,84,2.0
27,84,1.0
28,84,1.0
29,84,3.0
30,84,5.0
31,84,5.0
32,84,4.0
33,84,8.0
34,84,5.0
35,84,10.0
36,84,6.0
37,84,9.0
38,84,9.0
39,84,12.0
40,84,8.0
41,84,9.0
42,84,8.0
43,84,10.0
44,84,17.0
45,84,17.0
46,84,17.0
47,84,16.0
48,84,16.0
49,84,16.0
50,84,17.0
51,84,16.0
52,84,16.0
53,84,15.0
54,84,15.0
55,84,16.0
56,84,17.0
57,84,17.0
58,84,17.0
59,84,15.0
60,84,4.0
61,84,5.0
62,84,1.0
63,84,4.0
64,84,5.0
65,84,9.0
66,84,7.0
67,84,3.0
68,84,9.0
69,84,7.0
70,84,12.0
71,84,14.0
72,84,15.0
73,84,14.0
74,84,8.0
75,84,10.0
76,84,14.0
77,84,14.0
78,84,14.0
79,84,15.0
80,84,16.0
81,84,14.0
82,84,12.0
83,84,14.0
84,84,14.0
85,84,14.0
86,84,11.0
87,84,12.0
88,84,10.0
89,84,7.0
90,84,10.0
91,84,13.0
92,84,13.0
93,84,12.0
94,84,14.0
95,84,12.0
96,84,14.0
97,84,14.0
98,84,14.0
99,84,10.0
100,84,13.0
1,85,2.0
2,85,1.0
3,85,1.0
4,85,0.0
5,85,0.0
6,85,4.0
7,85,1.0
8,85,3.0
9,85,5.0
10,85,6.0
11,85,2.0
12,85,8.0
13,85,11.0
14,85,12.0
15,85,9.0
16,85,11.0
17,85,13.0
18,85,11.0
19,85,7.0
20,85,5.0
21,85,5.0
22,85,6.0
23,85,5.0
24,85,6.0
25,85,0.0
26,85,0.0
27,85,1.0
28,85,4.0
29,85,2.0
30,85,9.0
31,85,6.0
32,85,8.0
33,85,6.0
34,85,6.0
35,85,6.0
36,85,4.0
37,85,13.0
38,85,11.0
39,85,3.0
40,85,8.0
41,85,7.0
42,85,7.0
43,85,15.0
44,85,17.0
45,85,17.0
46,85,16.0
47,85,17.0
48,85,17.0
49,85,17.0
50,85,16.0
51,85,16.0
52,85,16.0
53,85,16.0
54,85,16.0
55,85,16.0
56,85,16.0
57,85,17.0
58,85,16.0
59,85,9.0
60,85,13.0
61,85,8.0
62,85,7.0
63,85,4.0
64,85,11.0
65,85,12.0
66,85,11.0
67,85,2.0
68,85,7.0
69,85,6.0
70,85,9.0
71,85,8.0
72,85,14.0
73,85,12.0
74,85,5.0
75,85,2.0
76,85,4.0
77,85,13.0
78,85,13.0
79,85,15.0
80,85,15.0
81,85,15.0
82,85,16.0
83,85,16.0
84,85,15.0
85,85,13.0
86,85,4.0
87,85,9.0
88,85,11.0
89,85,7.0
90,85,12.0
91,85,13.0
92,85,15.0
93,85,14.0
94,85,9.0
95,85,11.0
96,85,8.0
97,85,11.0
98,85,12.0
99,85,14.0
100,85,12.0
1,86,5.0
2,86,2.0
3,86,1.0
4,86,3.0
5,86,3.0
6,86,1.0
7,86,2.0
8,86,6.0
9,86,8.0
10,86,7.0
11,86,10.0
12,86,12.0
13,86,11.0
14,86,13.0
15,86,11.0
16,86,8.0
17,86,12.0
18,86,13.0
19,86,12.0
20,86,13.0
21,86,11.0
22,86,2.0
23,86,4.0
24,86,5.0
25,86,2.0
26,86,1.0
27,86,3.0
28,86,2.0
29,86,5.0
30,86,6.0
31,86,5.0
32,86,9.0
33,86,4.0
34,86,5.0
35,86,6.0
36,86,5.0
37,86,7.0
38,86,13.0
39,86,11.0
40,86,10.0
41,86,11.0
42,86,15.0
43,86,17.0
44,86,17.0
45,86,17.0
46,86,17.0
47,86,17.0
48,86,17.0
49,86,16.0
50,86,16.0
51,86,16.0
52,86,16.0
53,86,16.0
54,86,16.0
55,86,16.0
56,86,16.0
57,86,17.0
58,86,15.0
59,86,11.0
60,86,14.0
61,86,6.0
62,86,5.0
63,86,6.0
64,86,8.0
65,86,7.0
66,86,9.0
67,86,5.0
68,86,5.0
69,86,8.0
70,86,8.0
71,86,10.0
72,86,12.0
73,86,12.0
74,86,6.0
75,86,3.0
76,86,4.0
77,86,10.0
78,86,9.0
79,86,12.0
80,86,12.0
81,86,15.0
82,86,16.0
83,86,14.0
84,86,15.0
85,86,13.0
86,86,12.0
87,86,13.0
88,86,11.0
89,86,8.0
90,86,11.0
91,86,9.0
92,86,15.0
93,86,14.0
94,86,11.0
95,86,6.0
96,86,10.0
97,86,12.0
98,86,15.0
99,86,14.0
100,86,11.0
1,87,11.0
2,87,10.0
3,87,5.0
4,87,5.0
5,87,5.0
6,87,6.0
7,87,11.0
8,87,12.0
9,87,11.0
10,87,14.0
11,87,11.0
12,87,14.0
13,87,13.0
14,87,13.0
15,87,10.0
16,87,13.0
17,87,14.0
18,87,13.0
19,87,11.0
20,87,7.0
21,87,7.0
22,87,6.0
23,87,3.0
24,87,7.0
25,87,4.0
26,87,1.0
27,87,0.0
28,87,3.0
29,87,2.0
30,87,5.0
31,87,4.0
32,87,9.0
33,87,5.0
34,87,8.0
35,87,7.0
36,87,12.0
37,87,8.0
38,87,12.0
39,87,14.0
40,87,13.0
41,87,11.0
42,87,13.0
43,87,17.0
44,87,17.0
45,87,16.0
46,87,16.0
47,87,17.0
48,87,17.0
49,87,16.0
50,87,15.0
51,87,14.0
52,87,16.0
53,87,16.0
54,87,16.0
55,87,16.0
56,87,17.0
57,87,17.0
58,87,16.0
59,87,12.0
60,87,15.0
61,87,13.0
62,87,7.0
63,87,12.0
64,87,12.0
65,87,10.0
66,87,12.0
67,87,9.0
68,87,7.0
69,87,11.0
70,87,8.0
71,87,7.0
72,87,10.0
73,87,7.0
74,87,6.0
75,87,6.0
76,87,7.0
77,87,8.0
78,87,8.0
79,87,14.0
80,87,14.0
81,87,15.0
82,87,14.0
83,87,14.0
84,87,13.0
85,87,14.0
86,87,11.0
87,87,10.0
88,87,13.0
89,87,13.0
90,87,14.0
91,87,9.0
92,87,13.0
93,87,11.0
94,87,10.0
95,87,6.0
96,87,9.0
97,87,12.0
98,87,12.0
99,87,13.0
100,87,7.0
1,88,8.0
2,88,5.0
3,88,7.0
4,88,7.0
5,88,6.0
6,88,2.0
7,88,13.0
8,88,13.0
9,88,16.0
10,88,14.0
11,88,16.0
12,88,15.0
13,88,16.0
14,88,14.0
15,88,12.0
16,88,14.0
17,88,9.0
18,88,8.0
19,88,14.0
20,88,12.0
21,88,10.0
22,88,14.0
23,88,10.0
24,88,6.0
25,88,4.0
26,88,4.0
27,88,0.0
28,88,1.0
29,88,6.0
30,88,13.0
31,88,7.0
32,88,10.0
33,88,4.0
34,88,6.0
35,88,9.0
36,88,11.0
37,88,13.0
38,88,11.0
39,88,9.0
40,88,12.0
41,88,14.0
42,88,17.0
43,88,16.0
44,88,17.0
45,88,16.0
46,88,17.0
47,88,17.0
48,88,16.0
49,88,16.0
50,88,15.0
51,88,16.0
52,88,16.0
53,88,17.0
54,88,16.0
55,88,17.0
56,88,17.0
57,88,17.0
58,88,16.0
59,88,13.0
60,88,16.0
61,88,16.0
62,88,12.0
63,88,10.0
64,88,12.0
65,88,10.0
66,88,8.0
67,88,7.0
68,88,9.0
69,88,8.0
70,88,9.0
71,88,7.0
72,88,9.0
73,88,9.0
74,88,5.0
75,88,8.0
76,88,4.0
77,88,12.0
78,88,11.0
79,88,12.0
80,88,12.0
81,88,12.0
82,88,14.0
83,88,10.0
84,88,12.0
85,88,12.0
86,88,10.0
87,88,11.0
88,88,5.0
89,88,6.0
90,88,7.0
91,88,9.0
92,88,13.0
93,88,13.0
94,88,10.0
95,88,5.0
96,88,8.0
97,88,6.0
98,88,10.0
99,88,13.0
100,88,11.0
1,89,9.0
2,89,12.0
3,89,10.0
4,89,13.0
5,89,9.0
6,89,12.0
7,89,14.0
8,89,15.0
9,89,14.0
10,89,16.0
11,89,16.0
12,89,16.0
13,89,16.0
14,89,14.0
15,89,13.0
16,89,12.0
17,89,13.0
18,89,15.0
19,89,15.0
20,89,13.0
21,89,14.0
22,89,8.0
23,89,6.0
24,89,4.0
25,89,2.0
26,89,2.0
27,89,1.0
28,89,1.0
29,89,7.0
30,89,9.0
31,89,11.0
32,89,5.0
33,89,1.0
34,89,2.0
35,89,10.0
36,89,7.0
37,89,11.0
38,89,9.0
39,89,6.0
40,89,5.0
41,89,11.0
42,89,17.0
43,89,17.0
44,89,17.0
45,89,17.0
46,89,17.0
47,89,16.0
48,89,16.0
49,89,16.0
50,89,15.0
51,89,16.0
52,89,16.0
53,89,17.0
54,89,17.0
55,89,16.0
56,89,17.0
57,89,17.0
58,89,17.0
59,89,10.0
60,89,13.0
61,89,14.0
62,89,13.0
63,89,10.0
64,89,11.0
65,89,11.0
66,89,13.0
67,89,13.0
68,89,9.0
69,89,10.0
70,89,8.0
71,89,8.0
72,89,16.0
73,89,13.0
74,89,10.0
75,89,5.0
76,89,7.0
77,89,10.0
78,89,14.0
79,89,13.0
80,89,10.0
81,89,8.0
82,89,10.0
83,89,12.0
84,89,9.0
85,89,7.0
86,89,4.0
87,89,6.0
88,89,8.0
89,89,8.0
90,89,12.0
91,89,14.0
92,89,14.0
93,89,14.0
94,89,14.0
95,89,10.0
96,89,11.0
97,89,13.0
98,89,6.0
99,89,10.0
100,89,8.0
1,90,12.0
2,90,11.0
3,90,11.0
4,90,14.0
5,90,16.0
6,90,14.0
7,90,16.0
8,90,16.0
9,90,14.0
10,90,15.0
11,90,16.0
12,90,14.0
13,90,15.0
14,90,13.0
15,90,16.0
16,90,16.0
17,90,14.0
18,90,14.0
19,90,11.0
20,90,13.0
21,90,13.0
22,90,13.0
23,90,9.0
24,90,10.0
25,90,12.0
26,90,8.0
27,90,2.0
28,90,0.0
29,90,2.0
30,90,3.0
31,90,7.0
32,90,6.0
33,90,1.0
34,90,0.0
35,90,4.0
36,90,5.0
37,90,5.0
38,90,3.0
39,90,0.0
40,90,6.0
41,90,2.0
42,90,17.0
43,90,16.0
44,90,16.0
45,90,16.0
46,90,17.0
47,90,17.0
48,90,16.0
49,90,16.0
50,90,16.0
51,90,16.0
52,90,16.0
53,90,17.0
54,90,16.0
55,90,17.0
56,90,17.0
57,90,18.0
58,90,17.0
59,90,17.0
60,90,13.0
61,90,14.0
62,90,13.0
63,90,11.0
64,90,11.0
65,90,15.0
66,90,14.0
67,90,13.0
68,90,10.0
69,90,13.0
70,90,11.0
71,90,12.0
72,90,6.0
73,90,7.0
74,90,6.0
75,90,7.0
76,90,3.0
77,90,6.0
78,90,7.0
79,90,13.0
80,90,11.0
81,90,4.0
82,90,11.0
83,90,10.0
84,90,10.0
85,90,10.0
86,90,9.0
87,90,9.0
88,90,14.0
89,90,13.0
90,90,10.0
91,90,13.0
92,90,15.0
93,90,16.0
94,90,15.0
95,90,12.0
96,90,12.0
97,90,13.0
98,90,11.0
99,90,8.0
100,90,6.0
1,91,13.0
2,91,13.0
3,91,13.0
4,91,14.0
5,91,14.0
6,91,14.0
7,91,13.0
8,91,14.0
9,91,16.0
10,91,16.0
11,91,16.0
12,91,15.0
13,91,15.0
14,91,13.0
15,91,14.0
16,91,13.0
17,91,9.0
18,91,11.0
19,91,13.0
20,91,14.0
21,91,14.0
22,91,12.0
23,91,7.0
24,91,13.0
25,91,7.0
26,91,4.0
27,91,3.0
28,91,1.0
29,91,2.0
30,91,1.0
31,91,6.0
32,91,3.0
33,91,1.0
34,91,1.0
35,91,2.0
36,91,2.0
37,91,1.0
38,91,4.0
39,91,7.0
40,91,11.0
41,91,10.0
42,91,16.0
43,91,16.0
44,91,16.0
45,91,16.0
46,91,17.0
47,91,16.0
48,91,17.0
49,91,16.0
50,91,16.0
51,91,16.0
52,91,16.0
53,91,17.0
54,91,16.0
55,91,17.0
56,91,17.0
57,91,17.0
58,91,17.0
59,91,17.0
60,91,16.0
61,91,14.0
62,91,10.0
63,91,6.0
64,91,7.0
65,91,15.0
66,91,15.0
67,91,13.0
68,91,13.0
69,91,11.0
70,91,12.0
71,91,7.0
72,91,6.0
73,91,9.0
74,91,5.0
75,91,8.0
76,91,3.0
77,91,9.0
78,91,12.0
79,91,11.0
80,91,8.0
81,91,8.0
82,91,9.0
83,91,7.0
84,91,12.0
85,91,7.0
86,91,4.0
87,91,9.0
88,91,12.0
89,91,13.0
90,91,14.0
91,91,15.0
92,91,13.0
93,91,15.0
94,91,14.0
95,91,15.0
96,91,15.0
97,91,14.0
98,91,8.0
99,91,9.0
100,91,5.0
1,92,16.0
2,92,16.0
3,92,15.0
4,92,15.0
5,92,15.0
6,92,11.0
7,92,9.0
8,92,15.0
9,92,16.0
10,92,16.0
11,92,16.0
12,92,15.0
13,92,16.0
14,92,15.0
15,92,14.0
16,92,9.0
17,92,10.0
18,92,7.0
19,92,8.0
20,92,14.0
21,92,12.0
22,92,14.0
23,92,12.0
24,92,9.0
25,92,10.0
26,92,5.0
27,92,4.0
28,92,2.0
29,92,2.0
30,92,4.0
31,92,4.0
32,92,8.0
33,92,2.0
34,92,6.0
35,92,6.0
36,92,4.0
37,92,1.0
38,92,6.0
39,92,8.0
40,92,12.0
41,92,17.0
42,92,16.0
43,92,16.0
44,92,16.0
45,92,17.0
46,92,17.0
47,92,17.0
48,92,17.0
49,92,16.0
50,92,16.0
51,92,16.0
52,92,17.0
53,92,17.0
54,92,17.0
55,92,17.0
56,92,17.0
57,92,17.0
58,92,18.0
59,92,18.0
60,92,17.0
61,92,17.0
62,92,16.0
63,92,16.0
64,92,14.0
65,92,14.0
66,92,14.0
67,92,16.0
68,92,16.0
69,92,15.0
70,92,15.0
71,92,12.0
72,92,9.0
73,92,11.0
74,92,9.0
75,92,5.0
76,92,5.0
77,92,3.0
78,92,5.0
79,92,4.0
80,92,8.0
81,92,5.0
82,92,8.0
83,92,4.0
84,92,7.0
85,92,5.0
86,92,2.0
87,92,10.0
88,92,13.0
89,92,15.0
90,92,13.0
91,92,14.0
92,92,14.0
93,92,14.0
94,92,10.0
95,92,10.0
96,92,14.0
97,92,16.0
98,92,14.0
99,92,13.0
100,92,4.0
1,93,15.0
2,93,15.0
3,93,15.0
4,93,15.0
5,93,16.0
6,93,15.0
7,93,14.0
8,93,16.0
9,93,16.0
10,93,16.0
11,93,14.0
12,93,16.0
13,93,14.0
14,93,14.0
15,93,13.0
16,93,8.0
17,93,11.0
18,93,11.0
19,93,11.0
20,93,11.0
21,93,12.0
22,93,14.0
23,93,12.0
24,93,11.0
25,93,9.0
26,93,7.0
27,93,1.0
28,93,3.0
29,93,2.0
30,93,9.0
31,93,4.0
32,93,6.0
33,93,9.0
34,93,11.0
35,93,9.0
36,93,5.0
37,93,2.0
38,93,5.0
39,93,5.0
40,93,12.0
41,93,15.0
42,93,17.0
43,93,16.0
44,93,17.0
45,93,16.0
46,93,16.0
47,93,17.0
48,93,16.0
49,93,16.0
50,93,15.0
51,93,16.0
52,93,16.0
53,93,16.0
54,93,17.0
55,93,17.0
56,93,17.0
57,93,18.0
58,93,18.0
59,93,18.0
60,93,17.0
61,93,17.0
62,93,17.0
63,93,18.0
64,93,16.0
65,93,16.0
66,93,16.0
67,93,16.0
68,93,16.0
69,93,16.0
70,93,15.0
71,93,14.0
72,93,9.0
73,93,12.0
74,93,11.0
75,93,8.0
76,93,4.0
77,93,3.0
78,93,4.0
79,93,9.0
80,93,7.0
81,93,8.0
82,93,11.0
83,93,9.0
84,93,6.0
85,93,11.0
86,93,7.0
87,93,14.0
88,93,14.0
89,93,7.0
90,93,8.0
91,93,11.0
92,93,14.0
93,93,14.0
94,93,14.0
95,93,15.0
96,93,13.0
97,93,14.0
98,93,14.0
99,93,11.0
100,93,8.0
1,94,7.0
2,94,11.0
3,94,13.0
4,94,12.0
5,94,11.0
6,94,10.0
7,94,13.0
8,94,15.0
9,94,14.0
10,94,15.0
11,94,14.0
12,94,12.0
13,94,13.0
14,94,12.0
15,94,12.0
16,94,9.0
17,94,7.0
18,94,9.0
19,94,12.0
20,94,12.0
21,94,9.0
22,94,8.0
23,94,7.0
24,94,9.0
25,94,7.0
26,94,7.0
27,94,3.0
28,94,3.0
29,94,2.0
30,94,4.0
31,94,5.0
32,94,13.0
33,94,13.0
34,94,10.0
35,94,10.0
36,94,3.0
37,94,5.0
38,94,7.0
39,94,8.0
40,94,10.0
41,94,14.0
42,94,17.0
43,94,16.0
44,94,17.0
45,94,16.0
46,94,17.0
47,94,16.0
48,94,16.0
49,94,16.0
50,94,16.0
51,94,16.0
52,94,16.0
53,94,16.0
54,94,16.0
55,94,17.0
56,94,17.0
57,94,18.0
58,94,18.0
59,94,18.0
60,94,17.0
61,94,17.0
62,94,18.0
63,94,17.0
64,94,17.0
65,94,18.0
66,94,18.0
67,94,16.0
68,94,16.0
69,94,16.0
70,94,16.0
71,94,16.0
72,94,15.0
73,94,10.0
74,94,10.0
75,94,10.0
76,94,7.0
77,94,8.0
78,94,2.0
79,94,6.0
80,94,5.0
81,94,6.0
82,94,11.0
83,94,8.0
84,94,12.0
85,94,12.0
86,94,8.0
87,94,9.0
88,94,5.0
89,94,7.0
90,94,7.0
91,94,12.0
92,94,16.0
93,94,12.0
94,94,14.0
95,94,14.0
96,94,13.0
97,94,13.0
98,94,13.0
99,94,8.0
100,94,7.0
1,95,6.0
2,95,12.0
3,95,14.0
4,95,15.0
5,95,13.0
6,95,10.0
7,95,12.0
8,95,15.0
9,95,12.0
10,95,9.0
11,95,9.0
12,95,9.0
13,95,14.0
14,95,13.0
15,95,10.0
16,95,7.0
17,95,11.0
18,95,14.0
19,95,12.0
20,95,7.0
21,95,7.0
22,95,3.0
23,95,4.0
24,95,3.0
25,95,9.0
26,95,3.0
27,95,2.0
28,95,2.0
29,95,1.0
30,95,2.0
31,95,3.0
32,95,4.0
33,95,14.0
34,95,11.0
35,95,11.0
36,95,8.0
37,95,10.0
38,95,4.0
39,95,10.0
40,95,7.0
41,95,15.0
42,95,17.0
43,95,16.0
44,95,16.0
45,95,16.0
46,95,17.0
47,95,16.0
48,95,16.0
49,95,16.0
50,95,17.0
51,95,15.0
52,95,15.0
53,95,16.0
54,95,16.0
55,95,17.0
56,95,17.0
57,95,18.0
58,95,17.0
59,95,17.0
60,95,17.0
61,95,17.0
62,95,17.0
63,95,17.0
64,95,18.0
65,95,18.0
66,95,18.0
67,95,18.0
68,95,18.0
69,95,18.0
70,95,18.0
71,95,14.0
72,95,15.0
73,95,14.0
74,95,13.0
75,95,5.0
76,95,4.0
77,95,4.0
78,95,3.0
79,95,5.0
80,95,3.0
81,95,7.0
82,95,7.0
83,95,12.0
84,95,5.0
85,95,6.0
86,95,10.0
87,95,11.0
88,95,8.0
89,95,3.0
90,95,10.0
91,95,14.0
92,95,13.0
93,95,11.0
94,95,13.0
95,95,14.0
96,95,14.0
97,95,14.0
98,95,10.0
99,95,15.0
100,95,9.0
1,96,4.0
2,96,9.0
3,96,13.0
4,96,13.0
5,96,12.0
6,96,14.0
7,96,11.0
8,96,13.0
9,96,10.0
10,96,9.0
11,96,12.0
12,96,12.0
13,96,10.0
14,96,13.0
15,96,9.0
16,96,5.0
17,96,5.0
18,96,10.0
19,96,8.0
20,96,11.0
21,96,8.0
22,96,2.0
23,96,3.0
24,96,4.0
25,96,3.0
26,96,1.0
27,96,1.0
28,96,2.0
29,96,0.0
30,96,0.0
31,96,2.0
32,96,6.0
33,96,6.0
34,96,8.0
35,96,10.0
36,96,10.0
37,96,5.0
38,96,8.0
39,96,8.0
40,96,8.0
41,96,8.0
42,96,17.0
43,96,16.0
44,96,17.0
45,96,17.0
46,96,17.0
47,96,17.0
48,96,16.0
49,96,16.0
50,96,17.0
51,96,16.0
52,96,15.0
53,96,6.0
54,96,15.0
55,96,15.0
56,96,18.0
57,96,17.0
58,96,17.0
59,96,17.0
60,96,17.0
61,96,17.0
62,96,18.0
63,96,18.0
64,96,18.0
65,96,17.0
66,96,18.0
67,96,18.0
68,96,19.0
69,96,19.0
70,96,18.0
71,96,17.0
72,96,18.0
73,96,19.0
74,96,14.0
75,96,18.0
76,96,4.0
77,96,6.0
78,96,3.0
79,96,3.0
80,96,8.0
81,96,8.0
82,96,8.0
83,96,5.0
84,96,11.0
85,96,9.0
86,96,3.0
87,96,11.0
88,96,4.0
89,96,4.0
90,96,10.0
91,96,9.0
92,96,11.0
93,96,11.0
94,96,15.0
95,96,12.0
96,96,15.0
97,96,15.0
98,96,15.0
99,96,14.0
100,96,12.0
1,97,0.0
2,97,3.0
3,97,7.0
4,97,10.0
5,97,10.0
6,97,12.0
7,97,7.0
8,97,8.0
9,97,4.0
10,97,5.0
11,97,9.0
12,97,10.0
13,97,8.0
14,97,13.0
15,97,8.0
16,97,8.0
17,97,4.0
18,97,4.0
19,97,7.0
20,97,5.0
21,97,7.0
22,97,3.0
23,97,0.0
24,97,2.0
25,97,3.0
26,97,4.0
27,97,3.0
28,97,2.0
29,97,1.0
30,97,2.0
31,97,6.0
32,97,6.0
33,97,6.0
34,97,9.0
35,97,14.0
36,97,12.0
37,97,10.0
38,97,9.0
39,97,5.0
40,97,12.0
41,97,15.0
42,97,15.0
43,97,16.0
44,97,17.0
45,97,17.0
46,97,17.0
47,97,17.0
48,97,16.0
49,97,17.0
50,97,17.0
51,97,17.0
52,97,15.0
53,97,15.0
54,97,11.0
55,97,8.0
56,97,5.0
57,97,17.0
58,97,17.0
59,97,17.0
60,97,17.0
61,97,17.0
62,97,17.0
63,97,17.0
64,97,18.0
65,97,18.0
66,97,18.0
67,97,18.0
68,97,19.0
69,97,19.0
70,97,18.0
71,97,18.0
72,97,17.0
73,97,18.0
74,97,18.0
75,97,18.0
76,97,19.0
77,97,19.0
78,97,14.0
79,97,7.0
80,97,5.0
81,97,5.0
82,97,7.0
83,97,3.0
84,97,8.0
85,97,7.0
86,97,8.0
87,97,3.0
88,97,4.0
89,97,5.0
90,97,10.0
91,97,13.0
92,97,12.0
93,97,11.0
94,97,11.0
95,97,14.0
96,97,15.0
97,97,13.0
98,97,16.0
99,97,14.0
100,97,15.0
1,98,0.0
2,98,2.0
3,98,3.0
4,98,7.0
5,98,4.0
6,98,7.0
7,98,11.0
8,98,8.0
9,98,5.0
10,98,3.0
11,98,11.0
12,98,5.0
13,98,5.0
14,98,6.0
15,98,1.0
16,98,3.0
17,98,0.0
18,98,4.0
19,98,10.0
20,98,9.0
21,98,6.0
22,98,3.0
23,98,3.0
24,98,6.0
25,98,11.0
26,98,8.0
27,98,4.0
28,98,1.0
29,98,0.0
30,98,1.0
31,98,7.0
32,98,5.0
33,98,9.0
34,98,8.0
35,98,11.0
36,98,11.0
37,98,7.0
38,98,5.0
39,98,4.0
40,98,8.0
41,98,11.0
42,98,10.0
43,98,16.0
44,98,17.0
45,98,17.0
46,98,17.0
47,98,17.0
48,98,17.0
49,98,17.0
50,98,17.0
51,98,17.0
52,98,17.0
53,98,15.0
54,98,4.0
55,98,3.0
56,98,7.0
57,98,13.0
58,98,14.0
59,98,14.0
60,98,14.0
61,98,15.0
62,98,17.0
63,98,17.0
64,98,17.0
65,98,18.0
66,98,19.0
67,98,18.0
68,98,18.0
69,98,19.0
70,98,19.0
71,98,18.0
72,98,19.0
73,98,18.0
74,98,18.0
75,98,19.0
76,98,19.0
77,98,19.0
78,98,18.0
79,98,17.0
80,98,14.0
81,98,4.0
82,98,1.0
83,98,7.0
84,98,10.0
85,98,6.0
86,98,3.0
87,98,4.0
88,98,4.0
89,98,9.0
90,98,9.0
91,98,11.0
92,98,13.0
93,98,9.0
94,98,14.0
95,98,14.0
96,98,16.0
97,98,12.0
98,98,15.0
99,98,14.0
100,98,8.0
1,99,0.0
2,99,1.0
3,99,0.0
4,99,1.0
5,99,5.0
6,99,4.0
7,99,8.0
8,99,9.0
9,99,8.0
10,99,2.0
11,99,3.0
12,99,2.0
13,99,3.0
14,99,1.0
15,99,0.0
16,99,0.0
17,99,0.0
18,99,7.0
19,99,9.0
20,99,6.0
21,99,2.0
22,99,4.0
23,99,2.0
24,99,5.0
25,99,8.0
26,99,12.0
27,99,8.0
28,99,5.0
29,99,4.0
30,99,3.0
31,99,6.0
32,99,11.0
33,99,13.0
34,99,9.0
35,99,9.0
36,99,10.0
37,99,3.0
38,99,3.0
39,99,6.0
40,99,6.0
41,99,11.0
42,99,11.0
43,99,15.0
44,99,17.0
45,99,17.0
46,99,17.0
47,99,17.0
48,99,17.0
49,99,17.0
50,99,17.0
51,99,17.0
52,99,18.0
53,99,15.0
54,99,14.0
55,99,7.0
56,99,12.0
57,99,14.0
58,99,15.0
59,99,16.0
60,99,16.0
61,99,14.0
62,99,13.0
63,99,15.0
64,99,15.0
65,99,13.0
66,99,18.0
67,99,18.0
68,99,18.0
69,99,18.0
70,99,18.0
71,99,19.0
72,99,19.0
73,99,19.0
74,99,19.0
75,99,19.0
76,99,19.0
77,99,19.0
78,99,18.0
79,99,18.0
80,99,14.0
81,99,14.0
82,99,2.0
83,99,2.0
84,99,7.0
85,99,3.0
86,99,6.0
87,99,4.0
88,99,7.0
89,99,10.0
90,99,8.0
91,99,12.0
92,99,11.0
93,99,12.0
94,99,9.0
95,99,9.0
96,99,8.0
97,99,11.0
98,99,11.0
99,99,10.0
100,99,11.0
1,100,0.0
2,100,0.0
3,100,1.0
4,100,0.0
5,100,3.0
6,100,7.0
7,100,8.0
8,100,5.0
9,100,5.0
10,100,1.0
11,100,0.0
12,100,1.0
13,100,2.0
14,100,0.0
15,100,0.0
16,100,0.0
17,100,0.0
18,100,4.0
19,100,6.0
20,100,4.0
21,100,5.0
22,100,7.0
23,100,10.0
24,100,11.0
25,100,8.0
26,100,4.0
27,100,2.0
28,100,4.0
29,100,6.0
30,100,12.0
31,100,12.0
32,100,13.0
33,100,12.0
34,100,7.0
35,100,11.0
36,100,6.0
37,100,8.0
38,100,6.0
39,100,6.0
40,100,7.0
41,100,2.0
42,100,7.0
43,100,5.0
44,100,15.0
45,100,17.0
46,100,16.0
47,100,17.0
48,100,17.0
49,100,17.0
50,100,17.0
51,100,17.0
52,100,18.0
53,100,18.0
54,100,15.0
55,100,8.0
56,100,11.0
57,100,11.0
58,100,15.0
59,100,16.0
60,100,15.0
61,100,13.0
62,100,14.0
63,100,14.0
64,100,14.0
65,100,15.0
66,100,13.0
67,100,11.0
68,100,10.0
69,100,15.0
70,100,18.0
71,100,19.0
72,100,18.0
73,100,19.0
74,100,19.0
75,100,19.0
76,100,19.0
77,100,19.0
78,100,19.0
79,100,17.0
80,100,18.0
81,100,13.0
82,100,12.0
83,100,8.0
84,100,4.0
85,100,3.0
86,100,7.0
87,100,4.0
88,100,3.0
89,100,5.0
90,100,6.0
91,100,10.0
92,100,9.0
93,100,12.0
94,100,12.0
95,100,12.0
96,100,7.0
97,100,9.0
98,100,6.0
99,100,2.0
100,100,9.0
1,101,0.0
2,101,0.0
3,101,2.0
4,101,5.0
5,101,6.0
6,101,7.0
7,101,8.0
8,101,6.0
9,101,6.0
10,101,4.0
11,101,2.0
12,101,2.0
13,101,3.0
14,101,0.0
15,101,0.0
16,101,0.0
17,101,1.0
18,101,2.0
19,101,4.0
20,101,3.0
21,101,2.0
22,101,6.0
23,101,6.0
24,101,9.0
25,101,7.0
26,101,5.0
27,101,3.0
28,101,2.0
29,101,3.0
30,101,7.0
31,101,12.0
32,101,13.0
33,101,7.0
34,101,5.0
35,101,8.0
36,101,5.0
37,101,8.0
38,101,5.0
39,101,5.0
40,101,7.0
41,101,7.0
42,101,9.0
43,101,7.0
44,101,5.0
45,101,16.0
46,101,17.0
47,101,17.0
48,101,17.0
49,101,17.0
50,101,17.0
51,101,17.0
52,101,18.0
53,101,18.0
54,101,17.0
55,101,16.0
56,101,14.0
57,101,12.0
58,101,11.0
59,101,15.0
60,101,14.0
61,101,14.0
62,101,15.0
63,101,15.0
64,101,16.0
65,101,12.0
66,101,14.0
67,101,6.0
68,101,6.0
69,101,10.0
70,101,15.0
71,101,19.0
72,101,19.0
73,101,18.0
74,101,19.0
75,101,19.0
76,101,18.0
77,101,18.0
78,101,19.0
79,101,18.0
80,101,18.0
81,101,18.0
82,101,18.0
83,101,9.0
84,101,9.0
85,101,5.0
86,101,8.0
87,101,4.0
88,101,7.0
89,101,5.0
90,101,9.0
91,101,10.0
92,101,7.0
93,101,11.0
94,101,10.0
95,101,10.0
96,101,10.0
97,101,8.0
98,101,1.0
99,101,1.0
100,101,1.0
1,102,0.0
2,102,1.0
3,102,3.0
4,102,7.0
5,102,10.0
6,102,3.0
7,102,4.0
8,102,6.0
9,102,4.0
10,102,5.0
11,102,3.0
12,102,0.0
13,102,0.0
14,102,1.0
15,102,0.0
16,102,0.0
17,102,1.0
18,102,1.0
19,102,4.0
20,102,1.0
21,102,7.0
22,102,12.0
23,102,9.0
24,102,6.0
25,102,8.0
26,102,3.0
27,102,6.0
28,102,3.0
29,102,4.0
30,102,9.0
31,102,15.0
32,102,11.0
33,102,9.0
34,102,5.0
35,102,4.0
36,102,7.0
37,102,6.0
38,102,5.0
39,102,10.0
40,102,6.0
41,102,10.0
42,102,15.0
43,102,8.0
44,102,2.0
45,102,4.0
46,102,17.0
47,102,17.0
48,102,17.0
49,102,17.0
50,102,17.0
51,102,17.0
52,102,17.0
53,102,17.0
54,102,17.0
55,102,15.0
56,102,11.0
57,102,11.0
58,102,12.0
59,102,12.0
60,102,15.0
61,102,13.0
62,102,15.0
63,102,13.0
64,102,14.0
65,102,12.0
66,102,12.0
67,102,10.0
68,102,10.0
69,102,10.0
70,102,9.0
71,102,15.0
72,102,19.0
73,102,19.0
74,102,19.0
75,102,19.0
76,102,18.0
77,102,19.0
78,102,18.0
79,102,19.0
80,102,18.0
81,102,18.0
82,102,17.0
83,102,15.0
84,102,5.0
85,102,1.0
86,102,9.0
87,102,3.0
88,102,8.0
89,102,11.0
90,102,10.0
91,102,10.0
92,102,4.0
93,102,9.0
94,102,12.0
95,102,12.0
96,102,9.0
97,102,1.0
98,102,0.0
99,102,0.0
100,102,2.0
1,103,1.0
2,103,0.0
3,103,4.0
4,103,5.0
5,103,6.0
6,103,8.0
7,103,8.0
8,103,12.0
9,103,10.0
10,103,3.0
11,103,2.0
12,103,2.0
13,103,1.0
14,103,5.0
15,103,0.0
16,103,0.0
17,103,0.0
18,103,4.0
19,103,3.0
20,103,3.0
21,103,8.0
22,103,5.0
23,103,6.0
24,103,4.0
25,103,7.0
26,103,4.0
27,103,3.0
28,103,6.0
29,103,6.0
30,103,5.0
31,103,8.0
32,103,5.0
33,103,9.0
34,103,7.0
35,103,3.0
36,103,5.0
37,103,9.0
38,103,8.0
39,103,11.0
40,103,13.0
41,103,11.0
42,103,13.0
43,103,13.0
44,103,10.0
45,103,6.0
46,103,3.0
47,103,17.0
48,103,17.0
49,103,17.0
50,103,17.0
51,103,17.0
52,103,17.0
53,103,17.0
54,103,17.0
55,103,17.0
56,103,15.0
57,103,8.0
58,103,12.0
59,103,9.0
60,103,14.0
61,103,12.0
62,103,13.0
63,103,12.0
64,103,12.0
65,103,13.0
66,103,11.0
67,103,8.0
68,103,6.0
69,103,10.0
70,103,8.0
71,103,3.0
72,103,5.0
73,103,13.0
74,103,19.0
75,103,19.0
76,103,19.0
77,103,19.0
78,103,18.0
79,103,19.0
80,103,18.0
81,103,18.0
82,103,14.0
83,103,6.0
84,103,3.0
85,103,7.0
86,103,8.0
87,103,7.0
88,103,9.0
89,103,10.0
90,103,5.0
91,103,6.0
92,103,3.0
93,103,1.0
94,103,5.0
95,103,9.0
96,103,6.0
97,103,2.0
98,103,2.0
99,103,1.0
100,103,2.0
1,104,3.0
2,104,5.0
3,104,7.0
4,104,13.0
5,104,13.0
6,104,10.0
7,104,8.0
8,104,5.0
9,104,6.0
10,104,5.0
11,104,3.0
12,104,2.0
13,104,8.0
14,104,12.0
15,104,4.0
16,104,5.0
17,104,9.0
18,104,10.0
19,104,7.0
20,104,6.0
21,104,7.0
22,104,5.0
23,104,5.0
24,104,5.0
25,104,3.0
26,104,5.0
27,104,4.0
28,104,5.0
29,104,9.0
30,104,5.0
31,104,5.0
32,104,7.0
33,104,7.0
34,104,5.0
35,104,9.0
36,104,6.0
37,104,7.0
38,104,10.0
39,104,7.0
40,104,8.0
41,104,11.0
42,104,7.0
43,104,12.0
44,104,10.0
45,104,9.0
46,104,2.0
47,104,17.0
48,104,17.0
49,104,17.0
50,104,17.0
51,104,17.0
52,104,17.0
53,104,17.0
54,104,17.0
55,104,17.0
56,104,15.0
57,104,6.0
58,104,10.0
59,104,12.0
60,104,15.0
61,104,15.0
62,104,14.0
63,104,14.0
64,104,14.0
65,104,11.0
66,104,10.0
67,104,8.0
68,104,11.0
69,104,5.0
70,104,9.0
71,104,5.0
72,104,3.0
73,104,13.0
74,104,19.0
75,104,19.0
76,104,19.0
77,104,19.0
78,104,19.0
79,104,19.0
80,104,19.0
81,104,18.0
82,104,19.0
83,104,12.0
84,104,11.0
85,104,4.0
86,104,7.0
87,104,5.0
88,104,7.0
89,104,8.0
90,104,4.0
91,104,5.0
92,104,3.0
93,104,4.0
94,104,4.0
95,104,1.0
96,104,2.0
97,104,1.0
98,104,1.0
99,104,1.0
100,104,4.0
1,105,2.0
2,105,10.0
3,105,12.0
4,105,13.0
5,105,12.0
6,105,8.0
7,105,10.0
8,105,8.0
9,105,3.0
10,105,8.0
11,105,6.0
12,105,4.0
13,105,7.0
14,105,7.0
15,105,7.0
16,105,7.0
17,105,6.0
18,105,6.0
19,105,6.0
20,105,1.0
21,105,4.0
22,105,5.0
23,105,6.0
24,105,4.0
25,105,6.0
26,105,6.0
27,105,4.0
28,105,3.0
29,105,7.0
30,105,6.0
31,105,5.0
32,105,3.0
33,105,6.0
34,105,3.0
35,105,10.0
36,105,9.0
37,105,1.0
38,105,4.0
39,105,7.0
40,105,4.0
41,105,7.0
42,105,11.0
43,105,11.0
44,105,15.0
45,105,11.0
46,105,3.0
47,105,6.0
48,105,17.0
49,105,17.0
50,105,17.0
51,105,17.0
52,105,17.0
53,105,17.0
54,105,17.0
55,105,17.0
56,105,17.0
57,105,4.0
58,105,7.0
59,105,5.0
60,105,11.0
61,105,15.0
62,105,13.0
63,105,8.0
64,105,8.0
65,105,5.0
66,105,6.0
67,105,7.0
68,105,5.0
69,105,6.0
70,105,4.0
71,105,7.0
72,105,10.0
73,105,10.0
74,105,10.0
75,105,19.0
76,105,19.0
77,105,19.0
78,105,19.0
79,105,19.0
80,105,19.0
81,105,19.0
82,105,19.0
83,105,10.0
84,105,10.0
85,105,4.0
86,105,9.0
87,105,11.0
88,105,8.0
89,105,9.0
90,105,6.0
91,105,4.0
92,105,9.0
93,105,6.0
94,105,4.0
95,105,2.0
96,105,1.0
97,105,0.0
98,105,2.0
99,105,3.0
100,105,4.0
1,106,9.0
2,106,10.0
3,106,13.0
4,106,15.0
5,106,13.0
6,106,10.0
7,106,4.0
8,106,3.0
9,106,8.0
10,106,9.0
11,106,8.0
12,106,9.0
13,106,8.0
14,106,13.0
15,106,8.0
16,106,10.0
17,106,11.0
18,106,5.0
19,106,5.0
20,106,3.0
21,106,2.0
22,106,1.0
23,106,2.0
24,106,4.0
25,106,1.0
26,106,5.0
27,106,3.0
28,106,3.0
29,106,3.0
30,106,2.0
31,106,2.0
32,106,3.0
33,106,4.0
34,106,5.0
35,106,8.0
36,106,7.0
37,106,7.0
38,106,9.0
39,106,4.0
40,106,2.0
41,106,7.0
42,106,2.0
43,106,6.0
44,106,10.0
45,106,5.0
46,106,4.0
47,106,2.0
48,106,17.0
49,106,17.0
50,106,17.0
51,106,18.0
52,106,17.0
53,106,16.0
54,106,18.0
55,106,17.0
56,106,17.0
57,106,3.0
58,106,1.0
59,106,2.0
60,106,4.0
61,106,11.0
62,106,13.0
63,106,9.0
64,106,10.0
65,106,8.0
66,106,6.0
67,106,4.0
68,106,3.0
69,106,3.0
70,106,3.0
71,106,3.0
72,106,8.0
73,106,12.0
74,106,19.0
75,106,19.0
76,106,19.0
77,106,19.0
78,106,19.0
79,106,19.0
80,106,19.0
81,106,19.0
82,106,12.0
83,106,7.0
84,106,5.0
85,106,6.0
86,106,9.0
87,106,11.0
88,106,6.0
89,106,1.0
90,106,10.0
91,106,4.0
92,106,4.0
93,106,8.0
94,106,5.0
95,106,2.0
96,106,1.0
97,106,3.0
98,106,2.0
99,106,4.0
100,106,5.0
1,107,14.0
2,107,11.0
3,107,13.0
4,107,13.0
5,107,15.0
6,107,10.0
7,107,5.0
8,107,8.0
9,107,8.0
10,107,13.0
11,107,14.0
12,107,10.0
13,107,13.0
14,107,12.0
15,107,14.0
16,107,14.0
17,107,12.0
18,107,6.0
19,107,6.0
20,107,5.0
21,107,7.0
22,107,1.0
23,107,1.0
24,107,1.0
25,107,3.0
26,107,6.0
27,107,4.0
28,107,1.0
29,107,1.0
30,107,0.0
31,107,3.0
32,107,3.0
33,107,2.0
34,107,6.0
35,107,11.0
36,107,6.0
37,107,3.0
38,107,1.0
39,107,1.0
40,107,1.0
41,107,5.0
42,107,1.0
43,107,2.0
44,107,9.0
45,107,10.0
46,107,1.0
47,107,13.0
48,107,18.0
49,107,17.0
50,107,17.0
51,107,17.0
52,107,17.0
53,107,17.0
54,107,18.0
55,107,17.0
56,107,3.0
57,107,3.0
58,107,1.0
59,107,2.0
60,107,8.0
61,107,9.0
62,107,12.0
63,107,11.0
64,107,12.0
65,107,11.0
66,107,9.0
67,107,11.0
68,107,11.0
69,107,8.0
70,107,1.0
71,107,1.0
72,107,7.0
73,107,5.0
74,107,9.0
75,107,19.0
76,107,19.0
77,107,19.0
78,107,19.0
79,107,19.0
80,107,18.0
81,107,19.0
82,107,15.0
83,107,13.0
84,107,4.0
85,107,6.0
86,107,9.0
87,107,12.0
88,107,7.0
89,107,2.0
90,107,2.0
91,107,2.0
92,107,5.0
93,107,10.0
94,107,8.0
95,107,4.0
96,107,0.0
97,107,3.0
98,107,2.0
99,107,11.0
100,107,13.0
1,108,14.0
2,108,11.0
3,108,11.0
4,108,12.0
5,108,14.0
6,108,10.0
7,108,8.0
8,108,6.0
9,108,10.0
10,108,13.0
11,108,13.0
12,108,12.0
13,108,12.0
14,108,12.0
15,108,14.0
16,108,12.0
17,108,13.0
18,108,7.0
19,108,2.0
20,108,2.0
21,108,6.0
22,108,4.0
23,108,1.0
24,108,1.0
25,108,0.0
26,108,4.0
27,108,2.0
28,108,0.0
29,108,0.0
30,108,1.0
31,108,1.0
32,108,1.0
33,108,1.0
34,108,4.0
35,108,4.0
36,108,3.0
37,108,4.0
38,108,2.0
39,108,1.0
40,108,0.0
41,108,2.0
42,108,2.0
43,108,1.0
44,108,2.0
45,108,7.0
46,108,1.0
47,108,11.0
48,108,18.0
49,108,18.0
50,108,18.0
51,108,17.0
52,108,17.0
53,108,17.0
54,108,18.0
55,108,17.0
56,108,17.0
57,108,0.0
58,108,1.0
59,108,3.0
60,108,7.0
61,108,2.0
62,108,1.0
63,108,4.0
64,108,9.0
65,108,10.0
66,108,7.0
67,108,8.0
68,108,5.0
69,108,9.0
70,108,10.0
71,108,8.0
72,108,6.0
73,108,7.0
74,108,19.0
75,108,19.0
76,108,19.0
77,108,19.0
78,108,19.0
79,108,19.0
80,108,19.0
81,108,16.0
82,108,14.0
83,108,12.0
84,108,13.0
85,108,9.0
86,108,9.0
87,108,6.0
88,108,8.0
89,108,2.0
90,108,1.0
91,108,5.0
92,108,5.0
93,108,9.0
94,108,3.0
95,108,5.0
96,108,4.0
97,108,7.0
98,108,5.0
99,108,10.0
100,108,10.0
1,109,13.0
2,109,13.0
3,109,14.0
4,109,12.0
5,109,13.0
6,109,12.0
7,109,5.0
8,109,9.0
9,109,7.0
10,109,6.0
11,109,8.0
12,109,12.0
13,109,8.0
14,109,13.0
15,109,16.0
16,109,12.0
17,109,10.0
18,109,6.0
19,109,1.0
20,109,2.0
21,109,3.0
22,109,2.0
23,109,10.0
24,109,2.0
25,109,1.0
26,109,2.0
27,109,0.0
28,109,0.0
29,109,0.0
30,109,0.0
31,109,0.0
32,109,0.0
33,109,0.0
34,109,3.0
35,109,3.0
36,109,1.0
37,109,0.0
38,109,1.0
39,109,1.0
40,109,1.0
41,109,1.0
42,109,5.0
43,109,3.0
44,109,7.0
45,109,1.0
46,109,3.0
47,109,2.0
48,109,18.0
49,109,18.0
50,109,18.0
51,109,17.0
52,109,17.0
53,109,17.0
54,109,18.0
55,109,17.0
56,109,12.0
57,109,1.0
58,109,5.0
59,109,4.0
60,109,3.0
61,109,1.0
62,109,0.0
63,109,4.0
64,109,1.0
65,109,12.0
66,109,9.0
67,109,6.0
68,109,4.0
69,109,12.0
70,109,9.0
71,109,8.0
72,109,6.0
73,109,14.0
74,109,19.0
75,109,19.0
76,109,19.0
77,109,19.0
78,109,19.0
79,109,19.0
80,109,7.0
81,109,13.0
82,109,10.0
83,109,14.0
84,109,13.0
85,109,9.0
86,109,11.0
87,109,11.0
88,109,5.0
89,109,0.0
90,109,1.0
91,109,2.0
92,109,1.0
93,109,2.0
94,109,2.0
95,109,4.0
96,109,4.0
97,109,6.0
98,109,11.0
99,109,10.0
100,109,9.0
1,110,5.0
2,110,6.0
3,110,10.0
4,110,8.0
5,110,9.0
6,110,8.0
7,110,8.0
8,110,10.0
9,110,8.0
10,110,11.0
11,110,6.0
12,110,9.0
13,110,3.0
14,110,5.0
15,110,13.0
16,110,9.0
17,110,5.0
18,110,8.0
19,110,2.0
20,110,0.0
21,110,1.0
22,110,2.0
23,110,3.0
24,110,6.0
25,110,4.0
26,110,3.0
27,110,1.0
28,110,0.0
29,110,0.0
30,110,0.0
31,110,0.0
32,110,0.0
33,110,0.0
34,110,0.0
35,110,1.0
36,110,0.0
37,110,3.0
38,110,5.0
39,110,7.0
40,110,4.0
41,110,5.0
42,110,5.0
43,110,10.0
44,110,3.0
45,110,2.0
46,110,5.0
47,110,4.0
48,110,7.0
49,110,18.0
50,110,18.0
51,110,17.0
52,110,17.0
53,110,17.0
54,110,17.0
55,110,17.0
56,110,11.0
57,110,0.0
58,110,2.0
59,110,3.0
60,110,1.0
61,110,1.0
62,110,3.0
63,110,3.0
64,110,4.0
65,110,7.0
66,110,12.0
67,110,8.0
68,110,9.0
69,110,14.0
70,110,16.0
71,110,12.0
72,110,14.0
73,110,19.0
74,110,19.0
75,110,19.0
76,110,19.0
77,110,19.0
78,110,19.0
79,110,0.0
80,110,8.0
81,110,11.0
82,110,11.0
83,110,12.0
84,110,13.0
85,110,14.0
86,110,8.0
87,110,11.0
88,110,9.0
89,110,4.0
90,110,6.0
91,110,3.0
92,110,2.0
93,110,2.0
94,110,1.0
95,110,4.0
96,110,7.0
97,110,4.0
98,110,5.0
99,110,7.0
100,110,8.0
1,111,11.0
2,111,7.0
3,111,10.0
4,111,8.0
5,111,4.0
6,111,4.0
7,111,3.0
8,111,13.0
9,111,15.0
10,111,12.0
11,111,8.0
12,111,9.0
13,111,8.0
14,111,4.0
15,111,6.0
16,111,6.0
17,111,4.0
18,111,2.0
19,111,1.0
20,111,1.0
21,111,0.0
22,111,1.0
23,111,1.0
24,111,9.0
25,111,4.0
26,111,2.0
27,111,1.0
28,111,0.0
29,111,0.0
30,111,0.0
31,111,0.0
32,111,0.0
33,111,0.0
34,111,2.0
35,111,1.0
36,111,1.0
37,111,3.0
38,111,6.0
39,111,10.0
40,111,5.0
41,111,5.0
42,111,9.0
43,111,8.0
44,111,8.0
45,111,3.0
46,111,2.0
47,111,9.0
48,111,18.0
49,111,18.0
50,111,19.0
51,111,17.0
52,111,17.0
53,111,17.0
54,111,17.0
55,111,17.0
56,111,0.0
57,111,0.0
58,111,0.0
59,111,1.0
60,111,2.0
61,111,0.0
62,111,1.0
63,111,4.0
64,111,2.0
65,111,4.0
66,111,13.0
67,111,12.0
68,111,11.0
69,111,16.0
70,111,16.0
71,111,13.0
72,111,19.0
73,111,19.0
74,111,19.0
75,111,19.0
76,111,19.0
77,111,19.0
78,111,19.0
79,111,13.0
80,111,13.0
81,111,11.0
82,111,11.0
83,111,13.0
84,111,15.0
85,111,12.0
86,111,13.0
87,111,13.0
88,111,11.0
89,111,8.0
90,111,11.0
91,111,6.0
92,111,6.0
93,111,4.0
94,111,0.0
95,111,4.0
96,111,1.0
97,111,0.0
98,111,3.0
99,111,5.0
100,111,4.0
1,112,4.0
2,112,8.0
3,112,7.0
4,112,8.0
5,112,9.0
6,112,6.0
7,112,3.0
8,112,11.0
9,112,7.0
10,112,5.0
11,112,6.0
12,112,8.0
13,112,4.0
14,112,6.0
15,112,3.0
16,112,11.0
17,112,2.0
18,112,2.0
19,112,3.0
20,112,0.0
21,112,3.0
22,112,1.0
23,112,4.0
24,112,3.0
25,112,7.0
26,112,6.0
27,112,0.0
28,112,0.0
29,112,2.0
30,112,4.0
31,112,0.0
32,112,0.0
33,112,1.0
34,112,2.0
35,112,1.0
36,112,3.0
37,112,1.0
38,112,4.0
39,112,1.0
40,112,2.0
41,112,7.0
42,112,7.0
43,112,11.0
44,112,5.0
45,112,1.0
46,112,2.0
47,112,15.0
48,112,18.0
49,112,18.0
50,112,18.0
51,112,17.0
52,112,17.0
53,112,18.0
54,112,17.0
55,112,15.0
56,112,0.0
57,112,0.0
58,112,3.0
59,112,3.0
60,112,6.0
61,112,5.0
62,112,6.0
63,112,6.0
64,112,6.0
65,112,9.0
66,112,10.0
67,112,12.0
68,112,14.0
69,112,16.0
70,112,16.0
71,112,15.0
72,112,19.0
73,112,19.0
74,112,19.0
75,112,19.0
76,112,19.0
77,112,19.0
78,112,14.0
79,112,15.0
80,112,13.0
81,112,13.0
82,112,8.0
83,112,13.0
84,112,15.0
85,112,11.0
86,112,7.0
87,112,7.0
88,112,7.0
89,112,8.0
90,112,7.0
91,112,3.0
92,112,0.0
93,112,1.0
94,112,0.0
95,112,2.0
96,112,1.0
97,112,1.0
98,112,2.0
99,112,5.0
100,112,9.0
1,113,6.0
2,113,2.0
3,113,4.0
4,113,7.0
5,113,2.0
6,113,1.0
7,113,5.0
8,113,3.0
9,113,0.0
10,113,1.0
11,113,0.0
12,113,2.0
13,113,2.0
14,113,3.0
15,113,3.0
16,113,5.0
17,113,2.0
18,113,2.0
19,113,2.0
20,113,1.0
21,113,4.0
22,113,9.0
23,113,8.0
24,113,1.0
25,113,8.0
26,113,2.0
27,113,3.0
28,113,1.0
29,113,2.0
30,113,5.0
31,113,1.0
32,113,0.0
33,113,1.0
34,113,7.0
35,113,6.0
36,113,3.0
37,113,5.0
38,113,3.0
39,113,1.0
40,113,0.0
41,113,3.0
42,113,7.0
43,113,8.0
44,113,8.0
45,113,6.0
46,113,15.0
47,113,18.0
48,113,17.0
49,113,17.0
50,113,17.0
51,113,17.0
52,113,17.0
53,113,17.0
54,113,17.0
55,113,0.0
56,113,0.0
57,113,0.0
58,113,2.0
59,113,1.0
60,113,2.0
61,113,3.0
62,113,2.0
63,113,6.0
64,113,4.0
65,113,6.0
66,113,6.0
67,113,8.0
68,113,14.0
69,113,16.0
70,113,16.0
71,113,17.0
72,113,19.0
73,113,19.0
74,113,19.0
75,113,19.0
76,113,19.0
77,113,15.0
78,113,14.0
79,113,15.0
80,113,16.0
81,113,13.0
82,113,11.0
83,113,14.0
84,113,12.0
85,113,11.0
86,113,9.0
87,113,7.0
88,113,9.0
89,113,5.0
90,113,8.0
91,113,1.0
92,113,2.0
93,113,0.0
94,113,1.0
95,113,4.0
96,113,4.0
97,113,2.0
98,113,2.0
99,113,6.0
100,113,9.0
1,114,2.0
2,114,4.0
3,114,5.0
4,114,5.0
5,114,1.0
6,114,5.0
7,114,5.0
8,114,2.0
9,114,2.0
10,114,0.0
11,114,1.0
12,114,1.0
13,114,2.0
14,114,1.0
15,114,4.0
16,114,5.0
17,114,5.0
18,114,3.0
19,114,1.0
20,114,1.0
21,114,4.0
22,114,3.0
23,114,5.0
24,114,2.0
25,114,1.0
26,114,0.0
27,114,1.0
28,114,7.0
29,114,10.0
30,114,4.0
31,114,5.0
32,114,2.0
33,114,2.0
34,114,6.0
35,114,8.0
36,114,8.0
37,114,4.0
38,114,2.0
39,114,2.0
40,114,5.0
41,114,4.0
42,114,10.0
43,114,11.0
44,114,8.0
45,114,11.0
46,114,15.0
47,114,18.0
48,114,18.0
49,114,17.0
50,114,17.0
51,114,17.0
52,114,17.0
53,114,17.0
54,114,7.0
55,114,0.0
56,114,1.0
57,114,1.0
58,114,1.0
59,114,0.0
60,114,4.0
61,114,6.0
62,114,6.0
63,114,9.0
64,114,9.0
65,114,6.0
66,114,10.0
67,114,8.0
68,114,15.0
69,114,16.0
70,114,17.0
71,114,17.0
72,114,18.0
73,114,19.0
74,114,19.0
75,114,19.0
76,114,19.0
77,114,14.0
78,114,15.0
79,114,16.0
80,114,13.0
81,114,14.0
82,114,11.0
83,114,12.0
84,114,6.0
85,114,10.0
86,114,12.0
87,114,4.0
88,114,3.0
89,114,7.0
90,114,5.0
91,114,9.0
92,114,1.0
93,114,1.0
94,114,3.0
95,114,2.0
96,114,6.0
97,114,2.0
98,114,7.0
99,114,9.0
100,114,14.0
1,115,4.0
2,115,9.0
3,115,6.0
4,115,10.0
5,115,2.0
6,115,5.0
7,115,2.0
8,115,2.0
9,115,1.0
10,115,0.0
11,115,4.0
12,115,2.0
13,115,1.0
14,115,3.0
15,115,4.0
16,115,6.0
17,115,4.0
18,115,10.0
19,115,2.0
20,115,0.0
21,115,4.0
22,115,9.0
23,115,5.0
24,115,0.0
25,115,1.0
26,115,3.0
27,115,6.0
28,115,4.0
29,115,3.0
30,115,6.0
31,115,4.0
32,115,4.0
33,115,2.0
34,115,7.0
35,115,9.0
36,115,10.0
37,115,9.0
38,115,8.0
39,115,4.0
40,115,9.0
41,115,12.0
42,115,13.0
43,115,6.0
44,115,7.0
45,115,16.0
46,115,17.0
47,115,17.0
48,115,18.0
49,115,18.0
50,115,17.0
51,115,18.0
52,115,17.0
53,115,17.0
54,115,0.0
55,115,0.0
56,115,0.0
57,115,3.0
58,115,1.0
59,115,1.0
60,115,2.0
61,115,7.0
62,115,9.0
63,115,8.0
64,115,8.0
65,115,5.0
66,115,7.0
67,115,7.0
68,115,14.0
69,115,15.0
70,115,17.0
71,115,17.0
72,115,18.0
73,115,19.0
74,115,19.0
75,115,19.0
76,115,11.0
77,115,16.0
78,115,13.0
79,115,12.0
80,115,10.0
81,115,9.0
82,115,12.0
83,115,8.0
84,115,7.0
85,115,8.0
86,115,6.0
87,115,3.0
88,115,8.0
89,115,13.0
90,115,9.0
91,115,7.0
92,115,3.0
93,115,11.0
94,115,10.0
95,115,6.0
96,115,4.0
97,115,4.0
98,115,4.0
99,115,10.0
100,115,11.0
1,116,12.0
2,116,8.0
3,116,5.0
4,116,4.0
5,116,3.0
6,116,9.0
7,116,4.0
8,116,6.0
9,116,9.0
10,116,2.0
11,116,8.0
12,116,5.0
13,116,7.0
14,116,9.0
15,116,6.0
16,116,2.0
17,116,6.0
18,116,7.0
19,116,6.0
20,116,4.0
21,116,5.0
22,116,7.0
23,116,3.0
24,116,4.0
25,116,0.0
26,116,2.0
27,116,4.0
28,116,3.0
29,116,6.0
30,116,8.0
31,116,8.0
32,116,6.0
33,116,2.0
34,116,5.0
35,116,10.0
36,116,11.0
37,116,11.0
38,116,11.0
39,116,7.0
40,116,12.0
41,116,8.0
42,116,12.0
43,116,4.0
44,116,6.0
45,116,15.0
46,116,18.0
47,116,17.0
48,116,18.0
49,116,17.0
50,116,17.0
51,116,18.0
52,116,18.0
53,116,13.0
54,116,2.0
55,116,0.0
56,116,1.0
57,116,1.0
58,116,2.0
59,116,1.0
60,116,7.0
61,116,3.0
62,116,7.0
63,116,8.0
64,116,8.0
65,116,4.0
66,116,8.0
67,116,10.0
68,116,15.0
69,116,18.0
70,116,18.0
71,116,17.0
72,116,17.0
73,116,18.0
74,116,19.0
75,116,19.0
76,116,15.0
77,116,15.0
78,116,15.0
79,116,14.0
80,116,15.0
81,116,10.0
82,116,11.0
83,116,4.0
84,116,5.0
85,116,4.0
86,116,4.0
87,116,4.0
88,116,8.0
89,116,11.0
90,116,5.0
91,116,6.0
92,116,8.0
93,116,6.0
94,116,8.0
95,116,8.0
96,116,1.0
97,116,5.0
98,116,11.0
99,116,13.0
100,116,12.0
1,117,12.0
2,117,10.0
3,117,6.0
4,117,7.0
5,117,9.0
6,117,13.0
7,117,11.0
8,117,11.0
9,117,12.0
10,117,10.0
11,117,10.0
12,117,8.0
13,117,10.0
14,117,14.0
15,117,13.0
16,117,11.0
17,117,5.0
18,117,9.0
19,117,12.0
20,117,7.0
21,117,12.0
22,117,6.0
23,117,8.0
24,117,3.0
25,117,2.0
26,117,1.0
27,117,5.0
28,117,7.0
29,117,8.0
30,117,13.0
31,117,9.0
32,117,6.0
33,117,6.0
34,117,10.0
35,117,10.0
36,117,7.0
37,117,11.0
38,117,8.0
39,117,12.0
40,117,9.0
41,117,13.0
42,117,13.0
43,117,4.0
44,117,5.0
45,117,15.0
46,117,18.0
47,117,18.0
48,117,18.0
49,117,18.0
50,117,18.0
51,117,17.0
52,117,15.0
53,117,0.0
54,117,2.0
55,117,5.0
56,117,6.0
57,117,6.0
58,117,10.0
59,117,4.0
60,117,6.0
61,117,7.0
62,117,12.0
63,117,8.0
64,117,6.0
65,117,14.0
66,117,9.0
67,117,11.0
68,117,17.0
69,117,18.0
70,117,17.0
71,117,17.0
72,117,17.0
73,117,19.0
74,117,19.0
75,117,19.0
76,117,15.0
77,117,14.0
78,117,15.0
79,117,13.0
80,117,15.0
81,117,11.0
82,117,8.0
83,117,7.0
84,117,1.0
85,117,1.0
86,117,2.0
87,117,2.0
88,117,5.0
89,117,12.0
90,117,7.0
91,117,8.0
92,117,9.0
93,117,12.0
94,117,6.0
95,117,9.0
96,117,3.0
97,117,5.0
98,117,8.0
99,117,10.0
100,117,10.0
1,118,4.0
2,118,12.0
3,118,7.0
4,118,12.0
5,118,12.0
6,118,12.0
7,118,10.0
8,118,9.0
9,118,14.0
10,118,14.0
11,118,13.0
12,118,9.0
13,118,8.0
14,118,13.0
15,118,12.0
16,118,7.0
17,118,3.0
18,118,8.0
19,118,14.0
20,118,9.0
21,118,12.0
22,118,7.0
23,118,8.0
24,118,9.0
25,118,5.0
26,118,8.0
27,118,6.0
28,118,10.0
29,118,11.0
30,118,10.0
31,118,10.0
32,118,5.0
33,118,8.0
34,118,13.0
35,118,11.0
36,118,13.0
37,118,9.0
38,118,13.0
39,118,7.0
40,118,6.0
41,118,12.0
42,118,9.0
43,118,8.0
44,118,14.0
45,118,18.0
46,118,18.0
47,118,18.0
48,118,18.0
49,118,19.0
50,118,18.0
51,118,17.0
52,118,15.0
53,118,0.0
54,118,3.0
55,118,2.0
56,118,2.0
57,118,8.0
58,118,5.0
59,118,11.0
60,118,9.0
61,118,5.0
62,118,7.0
63,118,2.0
64,118,3.0
65,118,8.0
66,118,9.0
67,118,5.0
68,118,18.0
69,118,18.0
70,118,17.0
71,118,17.0
72,118,18.0
73,118,19.0
74,118,19.0
75,118,15.0
76,118,15.0
77,118,15.0
78,118,14.0
79,118,12.0
80,118,13.0
81,118,14.0
82,118,11.0
83,118,6.0
84,118,2.0
85,118,1.0
86,118,0.0
87,118,4.0
88,118,5.0
89,118,11.0
90,118,6.0
91,118,10.0
92,118,10.0
93,118,12.0
94,118,7.0
95,118,10.0
96,118,7.0
97,118,7.0
98,118,8.0
99,118,9.0
100,118,9.0
1,119,8.0
2,119,10.0
3,119,5.0
4,119,6.0
5,119,12.0
6,119,11.0
7,119,13.0
8,119,12.0
9,119,14.0
10,119,15.0
11,119,14.0
12,119,13.0
13,119,12.0
14,119,8.0
15,119,2.0
16,119,3.0
17,119,8.0
18,119,5.0
19,119,11.0
20,119,9.0
21,119,10.0
22,119,9.0
23,119,8.0
24,119,10.0
25,119,3.0
26,119,3.0
27,119,6.0
28,119,5.0
29,119,6.0
30,119,11.0
31,119,14.0
32,119,12.0
33,119,8.0
34,119,13.0
35,119,9.0
36,119,9.0
37,119,11.0
38,119,13.0
39,119,7.0
40,119,11.0
41,119,12.0
42,119,9.0
43,119,14.0
44,119,17.0
45,119,18.0
46,119,18.0
47,119,18.0
48,119,18.0
49,119,18.0
50,119,18.0
51,119,17.0
52,119,15.0
53,119,1.0
54,119,0.0
55,119,1.0
56,119,5.0
57,119,2.0
58,119,2.0
59,119,3.0
60,119,5.0
61,119,1.0
62,119,11.0
63,119,4.0
64,119,3.0
65,119,8.0
66,119,4.0
67,119,9.0
68,119,18.0
69,119,19.0
70,119,17.0
71,119,18.0
72,119,18.0
73,119,19.0
74,119,19.0
75,119,16.0
76,119,13.0
77,119,14.0
78,119,13.0
79,119,8.0
80,119,6.0
81,119,12.0
82,119,10.0
83,119,9.0
84,119,4.0
85,119,2.0
86,119,8.0
87,119,2.0
88,119,3.0
89,119,7.0
90,119,8.0
91,119,9.0
92,119,6.0
93,119,7.0
94,119,8.0
95,119,9.0
96,119,1.0
97,119,4.0
98,119,8.0
99,119,7.0
100,119,8.0
1,120,8.0
2,120,6.0
3,120,4.0
4,120,8.0
5,120,12.0
6,120,13.0
7,120,14.0
8,120,13.0
9,120,14.0
10,120,14.0
11,120,11.0
12,120,11.0
13,120,7.0
14,120,5.0
15,120,2.0
16,120,3.0
17,120,4.0
18,120,8.0
19,120,11.0
20,120,11.0
21,120,14.0
22,120,10.0
23,120,10.0
24,120,11.0
25,120,4.0
26,120,9.0
27,120,10.0
28,120,4.0
29,120,7.0
30,120,5.0
31,120,4.0
32,120,12.0
33,120,9.0
34,120,13.0
35,120,11.0
36,120,12.0
37,120,12.0
38,120,13.0
39,120,10.0
40,120,9.0
41,120,11.0
42,120,11.0
43,120,13.0
44,120,18.0
45,120,18.0
46,120,19.0
47,120,18.0
48,120,18.0
49,120,18.0
50,120,18.0
51,120,15.0
52,120,1.0
53,120,1.0
54,120,4.0
55,120,2.0
56,120,2.0
57,120,4.0
58,120,7.0
59,120,10.0
60,120,5.0
61,120,5.0
62,120,13.0
63,120,4.0
64,120,5.0
65,120,4.0
66,120,7.0
67,120,17.0
68,120,17.0
69,120,18.0
70,120,17.0
71,120,17.0
72,120,18.0
73,120,19.0
74,120,16.0
75,120,12.0
76,120,10.0
77,120,7.0
78,120,12.0
79,120,7.0
80,120,7.0
81,120,6.0
82,120,9.0
83,120,4.0
84,120,6.0
85,120,4.0
86,120,4.0
87,120,3.0
88,120,4.0
89,120,6.0
90,120,3.0
91,120,6.0
92,120,8.0
93,120,11.0
94,120,9.0
95,120,7.0
96,120,2.0
97,120,3.0
98,120,3.0
99,120,7.0
100,120,3.0
1,121,9.0
2,121,12.0
3,121,14.0
4,121,9.0
5,121,10.0
6,121,13.0
7,121,12.0
8,121,14.0
9,121,14.0
10,121,12.0
11,121,14.0
12,121,10.0
13,121,8.0
14,121,10.0
15,121,7.0
16,121,7.0
17,121,2.0
18,121,3.0
19,121,7.0
20,121,7.0
21,121,10.0
22,121,12.0
23,121,8.0
24,121,7.0
25,121,4.0
26,121,8.0
27,121,6.0
28,121,7.0
29,121,6.0
30,121,5.0
31,121,2.0
32,121,11.0
33,121,10.0
34,121,13.0
35,121,8.0
36,121,11.0
37,121,10.0
38,121,6.0
39,121,4.0
40,121,5.0
41,121,6.0
42,121,6.0
43,121,14.0
44,121,18.0
45,121,18.0
46,121,18.0
47,121,18.0
48,121,18.0
49,121,18.0
50,121,13.0
51,121,2.0
52,121,3.0
53,121,0.0
54,121,2.0
55,121,2.0
56,121,3.0
57,121,7.0
58,121,9.0
59,121,10.0
60,121,10.0
61,121,11.0
62,121,8.0
63,121,6.0
64,121,3.0
65,121,6.0
66,121,2.0
67,121,17.0
68,121,18.0
69,121,18.0
70,121,17.0
71,121,18.0
72,121,19.0
73,121,19.0
74,121,18.0
75,121,15.0
76,121,6.0
77,121,5.0
78,121,11.0
79,121,8.0
80,121,5.0
81,121,9.0
82,121,12.0
83,121,13.0
84,121,9.0
85,121,3.0
86,121,4.0
87,121,2.0
88,121,3.0
89,121,2.0
90,121,4.0
91,121,7.0
92,121,5.0
93,121,11.0
94,121,11.0
95,121,4.0
96,121,8.0
97,121,8.0
98,121,5.0
99,121,3.0
100,121,4.0
1,122,13.0
2,122,13.0
3,122,11.0
4,122,7.0
5,122,10.0
6,122,12.0
7,122,11.0
8,122,14.0
9,122,15.0
10,122,14.0
11,122,13.0
12,122,13.0
13,122,13.0
14,122,13.0
15,122,12.0
16,122,7.0
17,122,6.0
18,122,5.0
19,122,12.0
20,122,12.0
21,122,9.0
22,122,10.0
23,122,6.0
24,122,7.0
25,122,6.0
26,122,2.0
27,122,3.0
28,122,7.0
29,122,6.0
30,122,5.0
31,122,4.0
32,122,3.0
33,122,3.0
34,122,7.0
35,122,7.0
36,122,12.0
37,122,8.0
38,122,9.0
39,122,9.0
40,122,7.0
41,122,8.0
42,122,12.0
43,122,19.0
44,122,18.0
45,122,18.0
46,122,18.0
47,122,18.0
48,122,18.0
49,122,18.0
50,122,18.0
51,122,4.0
52,122,3.0
53,122,2.0
54,122,1.0
55,122,1.0
56,122,1.0
57,122,9.0
58,122,11.0
59,122,11.0
60,122,7.0
61,122,12.0
62,122,8.0
63,122,5.0
64,122,7.0
65,122,5.0
66,122,10.0
67,122,18.0
68,122,17.0
69,122,18.0
70,122,18.0
71,122,18.0
72,122,18.0
73,122,19.0
74,122,12.0
75,122,12.0
76,122,14.0
77,122,7.0
78,122,15.0
79,122,9.0
80,122,7.0
81,122,7.0
82,122,12.0
83,122,10.0
84,122,13.0
85,122,6.0
86,122,2.0
87,122,5.0
88,122,7.0
89,122,3.0
90,122,1.0
91,122,2.0
92,122,6.0
93,122,9.0
94,122,5.0
95,122,9.0
96,122,11.0
97,122,14.0
98,122,11.0
99,122,9.0
100,122,9.0
1,123,15.0
2,123,13.0
3,123,13.0
4,123,10.0
5,123,10.0
6,123,11.0
7,123,13.0
8,123,13.0
9,123,15.0
10,123,14.0
11,123,15.0
12,123,14.0
13,123,14.0
14,123,15.0
15,123,15.0
16,123,10.0
17,123,10.0
18,123,13.0
19,123,7.0
20,123,8.0
21,123,9.0
22,123,10.0
23,123,3.0
24,123,3.0
25,123,2.0
26,123,0.0
27,123,7.0
28,123,4.0
29,123,3.0
30,123,1.0
31,123,2.0
32,123,7.0
33,123,6.0
34,123,10.0
35,123,9.0
36,123,8.0
37,123,10.0
38,123,14.0
39,123,15.0
40,123,10.0
41,123,7.0
42,123,19.0
43,123,19.0
44,123,18.0
45,123,19.0
46,123,18.0
47,123,17.0
48,123,18.0
49,123,18.0
50,123,10.0
51,123,6.0
52,123,2.0
53,123,1.0
54,123,1.0
55,123,1.0
56,123,1.0
57,123,3.0
58,123,9.0
59,123,12.0
60,123,9.0
61,123,6.0
62,123,7.0
63,123,4.0
64,123,4.0
65,123,4.0
66,123,17.0
67,123,17.0
68,123,17.0
69,123,17.0
70,123,17.0
71,123,18.0
72,123,18.0
73,123,19.0
74,123,19.0
75,123,10.0
76,123,5.0
77,123,10.0
78,123,8.0
79,123,3.0
80,123,3.0
81,123,2.0
82,123,9.0
83,123,6.0
84,123,9.0
85,123,2.0
86,123,5.0
87,123,4.0
88,123,6.0
89,123,1.0
90,123,2.0
91,123,2.0
92,123,7.0
93,123,8.0
94,123,4.0
95,123,9.0
96,123,9.0
97,123,9.0
98,123,11.0
99,123,8.0
100,123,8.0
1,124,14.0
2,124,13.0
3,124,14.0
4,124,10.0
5,124,9.0
6,124,10.0
7,124,8.0
8,124,14.0
9,124,16.0
10,124,15.0
11,124,15.0
12,124,15.0
13,124,16.0
14,124,16.0
15,124,15.0
16,124,13.0
17,124,9.0
18,124,13.0
19,124,6.0
20,124,12.0
21,124,9.0
22,124,10.0
23,124,2.0
24,124,1.0
25,124,2.0
26,124,4.0
27,124,7.0
28,124,6.0
29,124,5.0
30,124,6.0
31,124,4.0
32,124,3.0
33,124,6.0
34,124,2.0
35,124,7.0
36,124,12.0
37,124,12.0
38,124,14.0
39,124,15.0
40,124,10.0
41,124,12.0
42,124,19.0
43,124,19.0
44,124,18.0
45,124,19.0
46,124,19.0
47,124,18.0
48,124,18.0
49,124,18.0
50,124,10.0
51,124,2.0
52,124,1.0
53,124,1.0
54,124,2.0
55,124,3.0
56,124,4.0
57,124,10.0
58,124,11.0
59,124,6.0
60,124,10.0
61,124,6.0
62,124,6.0
63,124,6.0
64,124,6.0
65,124,6.0
66,124,15.0
67,124,17.0
68,124,17.0
69,124,17.0
70,124,17.0
71,124,18.0
72,124,18.0
73,124,19.0
74,124,15.0
75,124,8.0
76,124,8.0
77,124,10.0
78,124,10.0
79,124,2.0
80,124,1.0
81,124,2.0
82,124,5.0
83,124,4.0
84,124,6.0
85,124,8.0
86,124,7.0
87,124,11.0
88,124,3.0
89,124,4.0
90,124,1.0
91,124,2.0
92,124,6.0
93,124,6.0
94,124,10.0
95,124,11.0
96,124,8.0
97,124,10.0
98,124,8.0
99,124,6.0
100,124,10.0
1,125,14.0
2,125,13.0
3,125,11.0
4,125,11.0
5,125,10.0
6,125,12.0
7,125,9.0
8,125,14.0
9,125,14.0
10,125,12.0
11,125,14.0
12,125,15.0
13,125,14.0
14,125,14.0
15,125,14.0
16,125,10.0
17,125,2.0
18,125,7.0
19,125,7.0
20,125,11.0
21,125,10.0
22,125,9.0
23,125,6.0
24,125,11.0
25,125,7.0
26,125,3.0
27,125,5.0
28,125,4.0
29,125,2.0
30,125,4.0
31,125,3.0
32,125,0.0
33,125,2.0
34,125,1.0
35,125,3.0
36,125,6.0
37,125,13.0
38,125,14.0
39,125,15.0
40,125,15.0
41,125,19.0
42,125,19.0
43,125,18.0
44,125,19.0
45,125,19.0
46,125,19.0
47,125,18.0
48,125,18.0
49,125,13.0
50,125,3.0
51,125,1.0
52,125,1.0
53,125,4.0
54,125,0.0
55,125,3.0
56,125,2.0
57,125,1.0
58,125,1.0
59,125,2.0
60,125,6.0
61,125,6.0
62,125,6.0
63,125,6.0
64,125,6.0
65,125,6.0
66,125,6.0
67,125,16.0
68,125,17.0
69,125,17.0
70,125,17.0
71,125,18.0
72,125,19.0
73,125,19.0
74,125,19.0
75,125,14.0
76,125,13.0
77,125,13.0
78,125,9.0
79,125,3.0
80,125,1.0
81,125,4.0
82,125,9.0
83,125,5.0
84,125,5.0
85,125,7.0
86,125,11.0
87,125,8.0
88,125,3.0
89,125,5.0
90,125,4.0
91,125,5.0
92,125,9.0
93,125,5.0
94,125,7.0
95,125,8.0
96,125,10.0
97,125,9.0
98,125,14.0
99,125,16.0
100,125,10.0
1,126,12.0
2,126,13.0
3,126,13.0
4,126,16.0
5,126,15.0
6,126,14.0
7,126,13.0
8,126,12.0
9,126,13.0
10,126,10.0
11,126,9.0
12,126,15.0
13,126,13.0
14,126,12.0
15,126,13.0
16,126,10.0
17,126,5.0
18,126,7.0
19,126,7.0
20,126,5.0
21,126,9.0
22,126,12.0
23,126,7.0
24,126,6.0
25,126,10.0
26,126,7.0
27,126,11.0
28,126,8.0
29,126,10.0
30,126,3.0
31,126,4.0
32,126,3.0
33,126,8.0
34,126,3.0
35,126,5.0
36,126,6.0
37,126,12.0
38,126,14.0
39,126,14.0
40,126,16.0
41,126,18.0
42,126,19.0
43,126,19.0
44,126,19.0
45,126,19.0
46,126,19.0
47,126,19.0
48,126,14.0
49,126,7.0
50,126,4.0
51,126,4.0
52,126,3.0
53,126,1.0
54,126,0.0
55,126,5.0
56,126,6.0
57,126,1.0
58,126,2.0
59,126,2.0
60,126,2.0
61,126,2.0
62,126,2.0
63,126,2.0
64,126,2.0
65,126,2.0
66,126,2.0
67,126,17.0
68,126,17.0
69,126,17.0
70,126,18.0
71,126,18.0
72,126,19.0
73,126,19.0
74,126,19.0
75,126,10.0
76,126,13.0
77,126,15.0
78,126,5.0
79,126,3.0
80,126,3.0
81,126,7.0
82,126,8.0
83,126,10.0
84,126,9.0
85,126,8.0
86,126,10.0
87,126,5.0
88,126,7.0
89,126,5.0
90,126,4.0
91,126,7.0
92,126,10.0
93,126,12.0
94,126,8.0
95,126,9.0
96,126,11.0
97,126,10.0
98,126,14.0
99,126,15.0
100,126,10.0
1,127,11.0
2,127,14.0
3,127,11.0
4,127,13.0
5,127,14.0
6,127,14.0
7,127,9.0
8,127,11.0
9,127,10.0
10,127,10.0
11,127,11.0
12,127,14.0
13,127,14.0
14,127,13.0
15,127,11.0
16,127,11.0
17,127,8.0
18,127,6.0
19,127,9.0
20,127,7.0
21,127,11.0
22,127,12.0
23,127,9.0
24,127,5.0
25,127,9.0
26,127,10.0
27,127,10.0
28,127,11.0
29,127,8.0
30,127,6.0
31,127,5.0
32,127,3.0
33,127,4.0
34,127,6.0
35,127,11.0
36,127,12.0
37,127,14.0
38,127,11.0
39,127,14.0
40,127,18.0
41,127,19.0
42,127,19.0
43,127,19.0
44,127,19.0
45,127,19.0
46,127,18.0
47,127,18.0
48,127,19.0
49,127,3.0
50,127,6.0
51,127,5.0
52,127,6.0
53,127,3.0
54,127,4.0
55,127,8.0
56,127,10.0
57,127,3.0
58,127,3.0
59,127,3.0
60,127,3.0
61,127,3.0
62,127,3.0
63,127,3.0
64,127,3.0
65,127,3.0
66,127,3.0
67,127,18.0
68,127,18.0
69,127,17.0
70,127,18.0
71,127,18.0
72,127,19.0
73,127,19.0
74,127,19.0
75,127,19.0
76,127,14.0
77,127,15.0
78,127,10.0
79,127,2.0
80,127,4.0
81,127,6.0
82,127,7.0
83,127,9.0
84,127,13.0
85,127,12.0
86,127,9.0
87,127,6.0
88,127,3.0
89,127,9.0
90,127,3.0
91,127,3.0
92,127,8.0
93,127,6.0
94,127,13.0
95,127,9.0
96,127,11.0
97,127,13.0
98,127,14.0
99,127,14.0
100,127,13.0
1,128,9.0
2,128,5.0
3,128,7.0
4,128,12.0
5,128,15.0
6,128,10.0
7,128,7.0
8,128,6.0
9,128,10.0
10,128,11.0
11,128,12.0
12,128,15.0
13,128,14.0
14,128,12.0
15,128,11.0
16,128,12.0
17,128,11.0
18,128,4.0
19,128,4.0
20,128,10.0
21,128,6.0
22,128,10.0
23,128,8.0
24,128,3.0
25,128,6.0
26,128,4.0
27,128,8.0
28,128,9.0
29,128,5.0
30,128,7.0
31,128,1.0
32,128,3.0
33,128,2.0
34,128,1.0
35,128,4.0
36,128,12.0
37,128,11.0
38,128,8.0
39,128,11.0
40,128,13.0
41,128,19.0
42,128,19.0
43,128,19.0
44,128,19.0
45,128,19.0
46,128,18.0
47,128,18.0
48,128,15.0
49,128,1.0
50,128,9.0
51,128,4.0
52,128,3.0
53,128,6.0
54,128,6.0
55,128,7.0
56,128,7.0
57,128,5.0
58,128,6.0
59,128,6.0
60,128,6.0
61,128,6.0
62,128,6.0
63,128,6.0
64,128,6.0
65,128,6.0
66,128,6.0
67,128,18.0
68,128,18.0
69,128,18.0
70,128,18.0
71,128,19.0
72,128,19.0
73,128,19.0
74,128,19.0
75,128,19.0
76,128,19.0
77,128,13.0
78,128,12.0
79,128,6.0
80,128,9.0
81,128,10.0
82,128,6.0
83,128,8.0
84,128,9.0
85,128,11.0
86,128,4.0
87,128,3.0
88,128,7.0
89,128,10.0
90,128,6.0
91,128,2.0
92,128,2.0
93,128,9.0
94,128,14.0
95,128,14.0
96,128,15.0
97,128,14.0
98,128,13.0
99,128,13.0
100,128,14.0
1,129,4.0
2,129,5.0
3,129,11.0
4,129,13.0
5,129,14.0
6,129,9.0
7,129,10.0
8,129,7.0
9,129,7.0
10,129,9.0
11,129,10.0
12,129,9.0
13,129,4.0
14,129,5.0
15,129,9.0
16,129,9.0
17,129,8.0
18,129,4.0
19,129,6.0
20,129,8.0
21,129,2.0
22,129,3.0
23,129,8.0
24,129,5.0
25,129,7.0
26,129,6.0
27,129,7.0
28,129,4.0
29,129,2.0
30,129,2.0
31,129,0.0
32,129,2.0
33,129,2.0
34,129,1.0
35,129,8.0
36,129,13.0
37,129,11.0
38,129,5.0
39,129,14.0
40,129,18.0
41,129,18.0
42,129,19.0
43,129,19.0
44,129,19.0
45,129,19.0
46,129,17.0
47,129,18.0
48,129,12.0
49,129,9.0
50,129,4.0
51,129,2.0
52,129,4.0
53,129,2.0
54,129,5.0
55,129,3.0
56,129,10.0
57,129,7.0
58,129,9.0
59,129,9.0
60,129,9.0
61,129,9.0
62,129,9.0
63,129,9.0
64,129,9.0
65,129,9.0
66,129,9.0
67,129,9.0
68,129,18.0
69,129,18.0
70,129,18.0
71,129,19.0
72,129,19.0
73,129,19.0
74,129,19.0
75,129,19.0
76,129,19.0
77,129,18.0
78,129,14.0
79,129,13.0
80,129,3.0
81,129,11.0
82,129,10.0
83,129,7.0
84,129,6.0
85,129,6.0
86,129,8.0
87,129,6.0
88,129,13.0
89,129,11.0
90,129,7.0
91,129,11.0
92,129,11.0
93,129,13.0
94,129,12.0
95,129,15.0
96,129,15.0
97,129,12.0
98,129,9.0
99,129,11.0
100,129,11.0
1,130,3.0
2,130,5.0
3,130,10.0
4,130,14.0
5,130,14.0
6,130,13.0
7,130,8.0
8,130,12.0
9,130,7.0
10,130,14.0
11,130,13.0
12,130,7.0
13,130,4.0
14,130,4.0
15,130,9.0
16,130,11.0
17,130,10.0
18,130,9.0
19,130,5.0
20,130,2.0
21,130,1.0
22,130,4.0
23,130,4.0
24,130,4.0
25,130,2.0
26,130,12.0
27,130,10.0
28,130,3.0
29,130,8.0
30,130,5.0
31,130,6.0
32,130,4.0
33,130,2.0
34,130,2.0
35,130,12.0
36,130,11.0
37,130,10.0
38,130,7.0
39,130,15.0
40,130,19.0
41,130,17.0
42,130,18.0
43,130,19.0
44,130,19.0
45,130,19.0
46,130,18.0
47,130,15.0
48,130,8.0
49,130,7.0
50,130,3.0
51,130,1.0
52,130,2.0
53,130,2.0
54,130,3.0
55,130,7.0
56,130,11.0
57,130,9.0
58,130,10.0
59,130,10.0
60,130,10.0
61,130,10.0
62,130,10.0
63,130,10.0
64,130,10.0
65,130,10.0
66,130,10.0
67,130,10.0
68,130,18.0
69,130,18.0
70,130,19.0
71,130,19.0
72,130,19.0
73,130,19.0
74,130,19.0
75,130,19.0
76,130,19.0
77,130,19.0
78,130,19.0
79,130,19.0
80,130,11.0
81,130,14.0
82,130,3.0
83,130,2.0
84,130,4.0
85,130,7.0
86,130,9.0
87,130,4.0
88,130,8.0
89,130,9.0
90,130,10.0
91,130,9.0
92,130,9.0
93,130,13.0
94,130,15.0
95,130,14.0
96,130,14.0
97,130,15.0
98,130,13.0
99,130,13.0
100,130,9.0
