X,Y,V
1,1,7.0
2,1,3.0
3,1,8.0
4,1,14.0
5,1,15.0
6,1,29.0
7,1,16.0
8,1,19.0
9,1,18.0
10,1,22.0
11,1,17.0
12,1,11.0
13,1,10.0
14,1,13.0
15,1,23.0
16,1,13.0
17,1,8.0
18,1,16.0
19,1,14.0
20,1,9.0
21,1,21.0
22,1,20.0
23,1,31.0
24,1,48.0
25,1,49.0
26,1,48.0
27,1,49.0
28,1,49.0
29,1,49.0
30,1,48.0
31,1,48.0
32,1,37.0
33,1,10.0
34,1,9.0
35,1,8.0
36,1,46.0
37,1,46.0
38,1,44.0
39,1,44.0
40,1,44.0
41,1,45.0
42,1,25.0
43,1,24.0
44,1,23.0
45,1,14.0
46,1,9.0
47,1,9.0
48,1,2.0
49,1,10.0
50,1,14.0
51,1,12.0
52,1,9.0
53,1,3.0
54,1,10.0
55,1,4.0
56,1,7.0
57,1,5.0
58,1,5.0
59,1,6.0
60,1,20.0
61,1,20.0
62,1,15.0
63,1,24.0
64,1,24.0
65,1,18.0
66,1,26.0
67,1,34.0
68,1,35.0
69,1,25.0
70,1,21.0
71,1,26.0
72,1,33.0
73,1,35.0
74,1,38.0
75,1,34.0
76,1,40.0
77,1,34.0
78,1,36.0
79,1,36.0
80,1,23.0
81,1,26.0
82,1,12.0
83,1,11.0
84,1,13.0
85,1,21.0
86,1,11.0
87,1,25.0
88,1,17.0
89,1,9.0
90,1,2.0
91,1,7.0
92,1,9.0
93,1,20.0
94,1,1.0
95,1,5.0
96,1,4.0
97,1,5.0
98,1,2.0
99,1,7.0
100,1,7.0
1,2,12.0
2,2,6.0
3,2,4.0
4,2,15.0
5,2,8.0
6,2,26.0
7,2,20.0
8,2,21.0
9,2,24.0
10,2,32.0
11,2,30.0
12,2,14.0
13,2,19.0
14,2,23.0
15,2,25.0
16,2,14.0
17,2,12.0
18,2,26.0
19,2,27.0
20,2,13.0
21,2,21.0
22,2,30.0
23,2,47.0
24,2,49.0
25,2,49.0
26,2,47.0
27,2,49.0
28,2,49.0
29,2,48.0
30,2,47.0
31,2,48.0
32,2,39.0
33,2,24.0
34,2,19.0
35,2,48.0
36,2,46.0
37,2,46.0
38,2,46.0
39,2,43.0
40,2,43.0
41,2,11.0
42,2,20.0
43,2,26.0
44,2,24.0
45,2,18.0
46,2,8.0
47,2,9.0
48,2,17.0
49,2,9.0
50,2,16.0
51,2,22.0
52,2,14.0
53,2,7.0
54,2,5.0
55,2,8.0
56,2,4.0
57,2,3.0
58,2,6.0
59,2,4.0
60,2,9.0
61,2,6.0
62,2,7.0
63,2,9.0
64,2,10.0
65,2,21.0
66,2,26.0
67,2,31.0
68,2,36.0
69,2,33.0
70,2,33.0
71,2,29.0
72,2,29.0
73,2,39.0
74,2,37.0
75,2,40.0
76,2,39.0
77,2,41.0
78,2,41.0
79,2,38.0
80,2,26.0
81,2,26.0
82,2,16.0
83,2,6.0
84,2,20.0
85,2,24.0
86,2,12.0
87,2,18.0
88,2,18.0
89,2,8.0
90,2,5.0
91,2,4.0
92,2,9.0
93,2,3.0
94,2,5.0
95,2,19.0
96,2,6.0
97,2,13.0
98,2,12.0
99,2,15.0
100,2,17.0
1,3,7.0
2,3,14.0
3,3,3.0
4,3,8.0
5,3,11.0
6,3,26.0
7,3,11.0
8,3,10.0
9,3,18.0
10,3,20.0
11,3,27.0
12,3,22.0
13,3,24.0
14,3,20.0
15,3,20.0
16,3,13.0
17,3,30.0
18,3,32.0
19,3,30.0
20,3,25.0
21,3,28.0
22,3,38.0
23,3,35.0
24,3,48.0
25,3,49.0
26,3,48.0
27,3,48.0
28,3,48.0
29,3,47.0
30,3,47.0
31,3,46.0
32,3,38.0
33,3,12.0
34,3,46.0
35,3,49.0
36,3,48.0
37,3,47.0
38,3,45.0
39,3,45.0
40,3,31.0
41,3,10.0
42,3,26.0
43,3,31.0
44,3,27.0
45,3,14.0
46,3,4.0
47,3,3.0
48,3,10.0
49,3,2.0
50,3,3.0
51,3,14.0
52,3,12.0
53,3,12.0
54,3,4.0
55,3,9.0
56,3,7.0
57,3,8.0
58,3,7.0
59,3,10.0
60,3,5.0
61,3,6.0
62,3,13.0
63,3,6.0
64,3,5.0
65,3,15.0
66,3,10.0
67,3,9.0
68,3,29.0
69,3,33.0
70,3,33.0
71,3,35.0
72,3,37.0
73,3,40.0
74,3,40.0
75,3,41.0
76,3,39.0
77,3,41.0
78,3,38.0
79,3,30.0
80,3,19.0
81,3,15.0
82,3,11.0
83,3,10.0
84,3,24.0
85,3,23.0
86,3,12.0
87,3,14.0
88,3,8.0
89,3,4.0
90,3,7.0
91,3,7.0
92,3,3.0
93,3,1.0
94,3,3.0
95,3,22.0
96,3,16.0
97,3,9.0
98,3,25.0
99,3,27.0
100,3,18.0
1,4,2.0
2,4,3.0
3,4,12.0
4,4,11.0
5,4,18.0
6,4,10.0
7,4,9.0
8,4,3.0
9,4,10.0
10,4,12.0
11,4,21.0
12,4,33.0
13,4,28.0
14,4,36.0
15,4,32.0
16,4,27.0
17,4,36.0
18,4,35.0
19,4,31.0
20,4,29.0
21,4,16.0
22,4,29.0
23,4,38.0
24,4,47.0
25,4,48.0
26,4,47.0
27,4,47.0
28,4,48.0
29,4,46.0
30,4,48.0
31,4,49.0
32,4,39.0
33,4,45.0
34,4,46.0
35,4,47.0
36,4,48.0
37,4,48.0
38,4,45.0
39,4,26.0
40,4,9.0
41,4,16.0
42,4,15.0
43,4,30.0
44,4,30.0
45,4,15.0
46,4,11.0
47,4,3.0
48,4,5.0
49,4,1.0
50,4,2.0
51,4,4.0
52,4,13.0
53,4,19.0
54,4,11.0
55,4,12.0
56,4,17.0
57,4,6.0
58,4,11.0
59,4,5.0
60,4,1.0
61,4,3.0
62,4,4.0
63,4,4.0
64,4,1.0
65,4,4.0
66,4,6.0
67,4,2.0
68,4,19.0
69,4,30.0
70,4,34.0
71,4,38.0
72,4,41.0
73,4,41.0
74,4,40.0
75,4,39.0
76,4,38.0
77,4,39.0
78,4,32.0
79,4,25.0
80,4,18.0
81,4,10.0
82,4,16.0
83,4,11.0
84,4,7.0
85,4,15.0
86,4,12.0
87,4,10.0
88,4,11.0
89,4,16.0
90,4,8.0
91,4,13.0
92,4,2.0
93,4,1.0
94,4,3.0
95,4,13.0
96,4,5.0
97,4,14.0
98,4,23.0
99,4,24.0
100,4,27.0
1,5,6.0
2,5,5.0
3,5,6.0
4,5,4.0
5,5,21.0
6,5,5.0
7,5,8.0
8,5,4.0
9,5,4.0
10,5,8.0
11,5,31.0
12,5,29.0
13,5,27.0
14,5,39.0
15,5,31.0
16,5,24.0
17,5,29.0
18,5,31.0
19,5,29.0
20,5,36.0
21,5,24.0
22,5,30.0
23,5,36.0
24,5,47.0
25,5,47.0
26,5,47.0
27,5,47.0
28,5,46.0
29,5,47.0
30,5,47.0
31,5,46.0
32,5,45.0
33,5,45.0
34,5,45.0
35,5,47.0
36,5,49.0
37,5,48.0
38,5,33.0
39,5,6.0
40,5,7.0
41,5,15.0
42,5,17.0
43,5,18.0
44,5,22.0
45,5,10.0
46,5,11.0
47,5,3.0
48,5,3.0
49,5,0.0
50,5,2.0
51,5,4.0
52,5,18.0
53,5,17.0
54,5,23.0
55,5,21.0
56,5,11.0
57,5,17.0
58,5,3.0
59,5,4.0
60,5,4.0
61,5,4.0
62,5,1.0
63,5,2.0
64,5,2.0
65,5,8.0
66,5,4.0
67,5,12.0
68,5,21.0
69,5,26.0
70,5,35.0
71,5,35.0
72,5,37.0
73,5,41.0
74,5,40.0
75,5,40.0
76,5,38.0
77,5,36.0
78,5,32.0
79,5,17.0
80,5,19.0
81,5,8.0
82,5,8.0
83,5,13.0
84,5,11.0
85,5,8.0
86,5,9.0
87,5,16.0
88,5,13.0
89,5,8.0
90,5,20.0
91,5,8.0
92,5,10.0
93,5,6.0
94,5,18.0
95,5,26.0
96,5,22.0
97,5,22.0
98,5,34.0
99,5,35.0
100,5,36.0
1,6,4.0
2,6,5.0
3,6,13.0
4,6,8.0
5,6,5.0
6,6,1.0
7,6,6.0
8,6,4.0
9,6,1.0
10,6,6.0
11,6,21.0
12,6,19.0
13,6,10.0
14,6,32.0
15,6,33.0
16,6,33.0
17,6,29.0
18,6,23.0
19,6,27.0
20,6,28.0
21,6,22.0
22,6,27.0
23,6,36.0
24,6,46.0
25,6,48.0
26,6,46.0
27,6,47.0
28,6,47.0
29,6,47.0
30,6,46.0
31,6,46.0
32,6,47.0
33,6,39.0
34,6,45.0
35,6,46.0
36,6,47.0
37,6,47.0
38,6,3.0
39,6,2.0
40,6,5.0
41,6,14.0
42,6,19.0
43,6,22.0
44,6,18.0
45,6,16.0
46,6,12.0
47,6,5.0
48,6,4.0
49,6,9.0
50,6,5.0
51,6,7.0
52,6,19.0
53,6,13.0
54,6,6.0
55,6,4.0
56,6,6.0
57,6,5.0
58,6,4.0
59,6,9.0
60,6,6.0
61,6,4.0
62,6,4.0
63,6,4.0
64,6,5.0
65,6,8.0
66,6,3.0
67,6,13.0
68,6,29.0
69,6,30.0
70,6,32.0
71,6,39.0
72,6,30.0
73,6,38.0
74,6,40.0
75,6,37.0
76,6,34.0
77,6,26.0
78,6,14.0
79,6,10.0
80,6,18.0
81,6,13.0
82,6,30.0
83,6,23.0
84,6,27.0
85,6,31.0
86,6,32.0
87,6,12.0
88,6,19.0
89,6,13.0
90,6,16.0
91,6,15.0
92,6,3.0
93,6,4.0
94,6,16.0
95,6,32.0
96,6,35.0
97,6,36.0
98,6,37.0
99,6,40.0
100,6,40.0
1,7,5.0
2,7,7.0
3,7,11.0
4,7,3.0
5,7,3.0
6,7,5.0
7,7,7.0
8,7,4.0
9,7,4.0
10,7,4.0
11,7,5.0
12,7,11.0
13,7,21.0
14,7,17.0
15,7,35.0
16,7,33.0
17,7,20.0
18,7,10.0
19,7,9.0
20,7,14.0
21,7,34.0
22,7,30.0
23,7,33.0
24,7,17.0
25,7,49.0
26,7,47.0
27,7,44.0
28,7,45.0
29,7,48.0
30,7,47.0
31,7,48.0
32,7,46.0
33,7,39.0
34,7,45.0
35,7,45.0
36,7,46.0
37,7,7.0
38,7,2.0
39,7,5.0
40,7,11.0
41,7,23.0
42,7,23.0
43,7,10.0
44,7,23.0
45,7,13.0
46,7,16.0
47,7,7.0
48,7,2.0
49,7,9.0
50,7,17.0
51,7,9.0
52,7,19.0
53,7,7.0
54,7,7.0
55,7,8.0
56,7,3.0
57,7,4.0
58,7,3.0
59,7,2.0
60,7,2.0
61,7,8.0
62,7,4.0
63,7,2.0
64,7,16.0
65,7,19.0
66,7,21.0
67,7,22.0
68,7,32.0
69,7,33.0
70,7,34.0
71,7,38.0
72,7,35.0
73,7,30.0
74,7,41.0
75,7,41.0
76,7,37.0
77,7,26.0
78,7,33.0
79,7,5.0
80,7,16.0
81,7,19.0
82,7,21.0
83,7,30.0
84,7,22.0
85,7,11.0
86,7,17.0
87,7,6.0
88,7,28.0
89,7,17.0
90,7,28.0
91,7,13.0
92,7,21.0
93,7,36.0
94,7,22.0
95,7,32.0
96,7,37.0
97,7,33.0
98,7,41.0
99,7,40.0
100,7,40.0
1,8,1.0
2,8,4.0
3,8,6.0
4,8,4.0
5,8,0.0
6,8,2.0
7,8,15.0
8,8,5.0
9,8,18.0
10,8,15.0
11,8,28.0
12,8,9.0
13,8,16.0
14,8,19.0
15,8,27.0
16,8,24.0
17,8,13.0
18,8,10.0
19,8,29.0
20,8,19.0
21,8,15.0
22,8,25.0
23,8,22.0
24,8,0.0
25,8,46.0
26,8,45.0
27,8,44.0
28,8,45.0
29,8,48.0
30,8,46.0
31,8,48.0
32,8,47.0
33,8,39.0
34,8,46.0
35,8,46.0
36,8,2.0
37,8,4.0
38,8,5.0
39,8,8.0
40,8,23.0
41,8,31.0
42,8,22.0
43,8,17.0
44,8,19.0
45,8,23.0
46,8,21.0
47,8,3.0
48,8,3.0
49,8,8.0
50,8,14.0
51,8,13.0
52,8,14.0
53,8,3.0
54,8,5.0
55,8,8.0
56,8,2.0
57,8,15.0
58,8,3.0
59,8,0.0
60,8,0.0
61,8,0.0
62,8,5.0
63,8,9.0
64,8,7.0
65,8,7.0
66,8,16.0
67,8,20.0
68,8,29.0
69,8,24.0
70,8,33.0
71,8,29.0
72,8,30.0
73,8,37.0
74,8,40.0
75,8,39.0
76,8,39.0
77,8,37.0
78,8,27.0
79,8,15.0
80,8,19.0
81,8,15.0
82,8,29.0
83,8,28.0
84,8,20.0
85,8,29.0
86,8,31.0
87,8,10.0
88,8,28.0
89,8,32.0
90,8,22.0
91,8,13.0
92,8,28.0
93,8,36.0
94,8,36.0
95,8,39.0
96,8,39.0
97,8,35.0
98,8,40.0
99,8,41.0
100,8,41.0
1,9,2.0
2,9,2.0
3,9,10.0
4,9,2.0
5,9,4.0
6,9,11.0
7,9,26.0
8,9,10.0
9,9,20.0
10,9,23.0
11,9,13.0
12,9,22.0
13,9,15.0
14,9,19.0
15,9,20.0
16,9,31.0
17,9,31.0
18,9,21.0
19,9,30.0
20,9,28.0
21,9,29.0
22,9,26.0
23,9,25.0
24,9,0.0
25,9,47.0
26,9,46.0
27,9,45.0
28,9,46.0
29,9,49.0
30,9,47.0
31,9,47.0
32,9,49.0
33,9,39.0
34,9,45.0
35,9,5.0
36,9,6.0
37,9,15.0
38,9,7.0
39,9,6.0
40,9,12.0
41,9,19.0
42,9,22.0
43,9,25.0
44,9,30.0
45,9,28.0
46,9,15.0
47,9,19.0
48,9,5.0
49,9,0.0
50,9,2.0
51,9,7.0
52,9,8.0
53,9,4.0
54,9,5.0
55,9,1.0
56,9,4.0
57,9,2.0
58,9,1.0
59,9,0.0
60,9,0.0
61,9,1.0
62,9,7.0
63,9,3.0
64,9,4.0
65,9,8.0
66,9,12.0
67,9,17.0
68,9,20.0
69,9,16.0
70,9,20.0
71,9,19.0
72,9,20.0
73,9,32.0
74,9,40.0
75,9,39.0
76,9,37.0
77,9,31.0
78,9,33.0
79,9,22.0
80,9,25.0
81,9,11.0
82,9,17.0
83,9,8.0
84,9,14.0
85,9,27.0
86,9,20.0
87,9,26.0
88,9,31.0
89,9,29.0
90,9,29.0
91,9,27.0
92,9,29.0
93,9,35.0
94,9,35.0
95,9,39.0
96,9,37.0
97,9,40.0
98,9,39.0
99,9,41.0
100,9,39.0
1,10,5.0
2,10,0.0
3,10,2.0
4,10,10.0
5,10,11.0
6,10,11.0
7,10,29.0
8,10,23.0
9,10,36.0
10,10,19.0
11,10,18.0
12,10,9.0
13,10,10.0
14,10,4.0
15,10,8.0
16,10,14.0
17,10,12.0
18,10,16.0
19,10,13.0
20,10,27.0
21,10,27.0
22,10,27.0
23,10,22.0
24,10,31.0
25,10,46.0
26,10,44.0
27,10,45.0
28,10,48.0
29,10,46.0
30,10,45.0
31,10,46.0
32,10,47.0
33,10,47.0
34,10,38.0
35,10,5.0
36,10,13.0
37,10,6.0
38,10,2.0
39,10,3.0
40,10,13.0
41,10,9.0
42,10,12.0
43,10,16.0
44,10,19.0
45,10,12.0
46,10,4.0
47,10,0.0
48,10,0.0
49,10,0.0
50,10,0.0
51,10,2.0
52,10,2.0
53,10,1.0
54,10,4.0
55,10,2.0
56,10,0.0
57,10,0.0
58,10,0.0
59,10,0.0
60,10,0.0
61,10,9.0
62,10,8.0
63,10,11.0
64,10,2.0
65,10,10.0
66,10,12.0
67,10,12.0
68,10,15.0
69,10,7.0
70,10,18.0
71,10,19.0
72,10,17.0
73,10,29.0
74,10,38.0
75,10,39.0
76,10,36.0
77,10,33.0
78,10,33.0
79,10,34.0
80,10,32.0
81,10,29.0
82,10,37.0
83,10,37.0
84,10,35.0
85,10,35.0
86,10,37.0
87,10,40.0
88,10,40.0
89,10,32.0
90,10,34.0
91,10,37.0
92,10,33.0
93,10,37.0
94,10,30.0
95,10,29.0
96,10,39.0
97,10,36.0
98,10,37.0
99,10,36.0
100,10,32.0
1,11,4.0
2,11,5.0
3,11,7.0
4,11,8.0
5,11,18.0
6,11,15.0
7,11,26.0
8,11,28.0
9,11,16.0
10,11,18.0
11,11,15.0
12,11,14.0
13,11,12.0
14,11,5.0
15,11,5.0
16,11,0.0
17,11,6.0
18,11,16.0
19,11,20.0
20,11,22.0
21,11,22.0
22,11,33.0
23,11,31.0
24,11,30.0
25,11,45.0
26,11,45.0
27,11,45.0
28,11,46.0
29,11,46.0
30,11,45.0
31,11,46.0
32,11,48.0
33,11,46.0
34,11,27.0
35,11,18.0
36,11,13.0
37,11,3.0
38,11,2.0
39,11,2.0
40,11,13.0
41,11,14.0
42,11,7.0
43,11,17.0
44,11,11.0
45,11,7.0
46,11,2.0
47,11,3.0
48,11,0.0
49,11,0.0
50,11,1.0
51,11,0.0
52,11,0.0
53,11,0.0
54,11,6.0
55,11,2.0
56,11,1.0
57,11,0.0
58,11,0.0
59,11,0.0
60,11,0.0
61,11,4.0
62,11,4.0
63,11,5.0
64,11,4.0
65,11,15.0
66,11,15.0
67,11,14.0
68,11,28.0
69,11,8.0
70,11,11.0
71,11,31.0
72,11,33.0
73,11,40.0
74,11,33.0
75,11,38.0
76,11,39.0
77,11,34.0
78,11,29.0
79,11,35.0
80,11,40.0
81,11,39.0
82,11,32.0
83,11,39.0
84,11,38.0
85,11,19.0
86,11,38.0
87,11,40.0
88,11,39.0
89,11,35.0
90,11,37.0
91,11,37.0
92,11,35.0
93,11,22.0
94,11,21.0
95,11,25.0
96,11,25.0
97,11,37.0
98,11,25.0
99,11,31.0
100,11,32.0
1,12,3.0
2,12,8.0
3,12,7.0
4,12,17.0
5,12,15.0
6,12,16.0
7,12,15.0
8,12,24.0
9,12,5.0
10,12,6.0
11,12,7.0
12,12,26.0
13,12,8.0
14,12,9.0
15,12,6.0
16,12,8.0
17,12,3.0
18,12,25.0
19,12,31.0
20,12,35.0
21,12,28.0
22,12,37.0
23,12,31.0
24,12,30.0
25,12,1.0
26,12,47.0
27,12,43.0
28,12,46.0
29,12,44.0
30,12,45.0
31,12,46.0
32,12,46.0
33,12,47.0
34,12,46.0
35,12,39.0
36,12,20.0
37,12,13.0
38,12,2.0
39,12,4.0
40,12,13.0
41,12,11.0
42,12,3.0
43,12,10.0
44,12,15.0
45,12,5.0
46,12,2.0
47,12,10.0
48,12,2.0
49,12,0.0
50,12,0.0
51,12,2.0
52,12,0.0
53,12,1.0
54,12,4.0
55,12,5.0
56,12,3.0
57,12,4.0
58,12,0.0
59,12,0.0
60,12,0.0
61,12,6.0
62,12,4.0
63,12,15.0
64,12,12.0
65,12,20.0
66,12,27.0
67,12,20.0
68,12,23.0
69,12,16.0
70,12,20.0
71,12,30.0
72,12,34.0
73,12,39.0
74,12,36.0
75,12,37.0
76,12,30.0
77,12,27.0
78,12,35.0
79,12,35.0
80,12,38.0
81,12,36.0
82,12,40.0
83,12,39.0
84,12,41.0
85,12,35.0
86,12,37.0
87,12,38.0
88,12,38.0
89,12,39.0
90,12,40.0
91,12,35.0
92,12,33.0
93,12,19.0
94,12,24.0
95,12,9.0
96,12,17.0
97,12,15.0
98,12,21.0
99,12,24.0
100,12,23.0
1,13,21.0
2,13,7.0
3,13,7.0
4,13,23.0
5,13,20.0
6,13,19.0
7,13,15.0
8,13,11.0
9,13,13.0
10,13,12.0
11,13,21.0
12,13,17.0
13,13,22.0
14,13,20.0
15,13,20.0
16,13,27.0
17,13,13.0
18,13,30.0
19,13,40.0
20,13,34.0
21,13,26.0
22,13,36.0
23,13,27.0
24,13,25.0
25,13,22.0
26,13,24.0
27,13,45.0
28,13,46.0
29,13,44.0
30,13,43.0
31,13,44.0
32,13,44.0
33,13,45.0
34,13,44.0
35,13,45.0
36,13,38.0
37,13,17.0
38,13,11.0
39,13,14.0
40,13,27.0
41,13,15.0
42,13,10.0
43,13,4.0
44,13,27.0
45,13,15.0
46,13,11.0
47,13,9.0
48,13,3.0
49,13,1.0
50,13,0.0
51,13,0.0
52,13,1.0
53,13,3.0
54,13,8.0
55,13,9.0
56,13,3.0
57,13,0.0
58,13,1.0
59,13,0.0
60,13,2.0
61,13,7.0
62,13,7.0
63,13,16.0
64,13,27.0
65,13,26.0
66,13,12.0
67,13,14.0
68,13,18.0
69,13,21.0
70,13,18.0
71,13,27.0
72,13,34.0
73,13,40.0
74,13,36.0
75,13,36.0
76,13,18.0
77,13,26.0
78,13,34.0
79,13,38.0
80,13,39.0
81,13,39.0
82,13,39.0
83,13,40.0
84,13,39.0
85,13,38.0
86,13,41.0
87,13,39.0
88,13,41.0
89,13,40.0
90,13,34.0
91,13,38.0
92,13,40.0
93,13,34.0
94,13,35.0
95,13,12.0
96,13,15.0
97,13,19.0
98,13,12.0
99,13,16.0
100,13,21.0
1,14,7.0
2,14,11.0
3,14,4.0
4,14,8.0
5,14,8.0
6,14,16.0
7,14,16.0
8,14,10.0
9,14,29.0
10,14,27.0
11,14,13.0
12,14,24.0
13,14,10.0
14,14,15.0
15,14,29.0
16,14,29.0
17,14,15.0
18,14,26.0
19,14,34.0
20,14,21.0
21,14,25.0
22,14,30.0
23,14,20.0
24,14,0.0
25,14,43.0
26,14,46.0
27,14,7.0
28,14,45.0
29,14,44.0
30,14,46.0
31,14,45.0
32,14,44.0
33,14,45.0
34,14,44.0
35,14,46.0
36,14,47.0
37,14,20.0
38,14,9.0
39,14,14.0
40,14,20.0
41,14,22.0
42,14,14.0
43,14,4.0
44,14,12.0
45,14,24.0
46,14,27.0
47,14,15.0
48,14,5.0
49,14,3.0
50,14,2.0
51,14,4.0
52,14,7.0
53,14,5.0
54,14,7.0
55,14,13.0
56,14,8.0
57,14,2.0
58,14,1.0
59,14,2.0
60,14,2.0
61,14,4.0
62,14,1.0
63,14,11.0
64,14,9.0
65,14,10.0
66,14,13.0
67,14,11.0
68,14,12.0
69,14,13.0
70,14,17.0
71,14,4.0
72,14,6.0
73,14,32.0
74,14,35.0
75,14,35.0
76,14,20.0
77,14,23.0
78,14,34.0
79,14,39.0
80,14,41.0
81,14,37.0
82,14,24.0
83,14,40.0
84,14,40.0
85,14,39.0
86,14,35.0
87,14,41.0
88,14,38.0
89,14,35.0
90,14,30.0
91,14,40.0
92,14,40.0
93,14,36.0
94,14,33.0
95,14,14.0
96,14,13.0
97,14,19.0
98,14,11.0
99,14,5.0
100,14,7.0
1,15,18.0
2,15,5.0
3,15,3.0
4,15,3.0
5,15,9.0
6,15,21.0
7,15,24.0
8,15,13.0
9,15,17.0
10,15,6.0
11,15,11.0
12,15,14.0
13,15,14.0
14,15,24.0
15,15,30.0
16,15,26.0
17,15,25.0
18,15,38.0
19,15,28.0
20,15,33.0
21,15,29.0
22,15,29.0
23,15,0.0
24,15,44.0
25,15,47.0
26,15,46.0
27,15,11.0
28,15,46.0
29,15,44.0
30,15,44.0
31,15,45.0
32,15,45.0
33,15,46.0
34,15,45.0
35,15,47.0
36,15,46.0
37,15,38.0
38,15,4.0
39,15,17.0
40,15,13.0
41,15,20.0
42,15,26.0
43,15,23.0
44,15,19.0
45,15,23.0
46,15,22.0
47,15,24.0
48,15,15.0
49,15,12.0
50,15,13.0
51,15,10.0
52,15,12.0
53,15,22.0
54,15,15.0
55,15,24.0
56,15,29.0
57,15,18.0
58,15,11.0
59,15,8.0
60,15,3.0
61,15,5.0
62,15,6.0
63,15,4.0
64,15,5.0
65,15,8.0
66,15,7.0
67,15,6.0
68,15,7.0
69,15,11.0
70,15,14.0
71,15,5.0
72,15,9.0
73,15,36.0
74,15,38.0
75,15,36.0
76,15,33.0
77,15,28.0
78,15,33.0
79,15,35.0
80,15,35.0
81,15,24.0
82,15,25.0
83,15,31.0
84,15,34.0
85,15,39.0
86,15,40.0
87,15,38.0
88,15,36.0
89,15,32.0
90,15,37.0
91,15,41.0
92,15,40.0
93,15,39.0
94,15,34.0
95,15,35.0
96,15,12.0
97,15,4.0
98,15,1.0
99,15,2.0
100,15,3.0
1,16,18.0
2,16,5.0
3,16,10.0
4,16,8.0
5,16,23.0
6,16,30.0
7,16,24.0
8,16,10.0
9,16,9.0
10,16,8.0
11,16,8.0
12,16,10.0
13,16,14.0
14,16,18.0
15,16,33.0
16,16,27.0
17,16,35.0
18,16,31.0
19,16,24.0
20,16,33.0
21,16,27.0
22,16,1.0
23,16,44.0
24,16,42.0
25,16,44.0
26,16,45.0
27,16,45.0
28,16,27.0
29,16,45.0
30,16,43.0
31,16,46.0
32,16,45.0
33,16,46.0
34,16,43.0
35,16,45.0
36,16,45.0
37,16,48.0
38,16,30.0
39,16,11.0
40,16,17.0
41,16,33.0
42,16,22.0
43,16,13.0
44,16,16.0
45,16,31.0
46,16,38.0
47,16,39.0
48,16,27.0
49,16,20.0
50,16,10.0
51,16,2.0
52,16,5.0
53,16,22.0
54,16,12.0
55,16,29.0
56,16,20.0
57,16,25.0
58,16,24.0
59,16,10.0
60,16,11.0
61,16,11.0
62,16,2.0
63,16,9.0
64,16,3.0
65,16,3.0
66,16,18.0
67,16,9.0
68,16,8.0
69,16,9.0
70,16,9.0
71,16,23.0
72,16,30.0
73,16,37.0
74,16,38.0
75,16,22.0
76,16,37.0
77,16,28.0
78,16,28.0
79,16,28.0
80,16,24.0
81,16,21.0
82,16,34.0
83,16,39.0
84,16,39.0
85,16,38.0
86,16,40.0
87,16,38.0
88,16,39.0
89,16,37.0
90,16,36.0
91,16,41.0
92,16,41.0
93,16,38.0
94,16,38.0
95,16,28.0
96,16,8.0
97,16,7.0
98,16,5.0
99,16,1.0
100,16,8.0
1,17,9.0
2,17,21.0
3,17,6.0
4,17,11.0
5,17,14.0
6,17,25.0
7,17,14.0
8,17,6.0
9,17,9.0
10,17,11.0
11,17,10.0
12,17,19.0
13,17,22.0
14,17,7.0
15,17,17.0
16,17,23.0
17,17,34.0
18,17,21.0
19,17,30.0
20,17,29.0
21,17,10.0
22,17,45.0
23,17,44.0
24,17,43.0
25,17,45.0
26,17,46.0
27,17,45.0
28,17,31.0
29,17,38.0
30,17,45.0
31,17,44.0
32,17,45.0
33,17,44.0
34,17,42.0
35,17,46.0
36,17,46.0
37,17,47.0
38,17,48.0
39,17,46.0
40,17,17.0
41,17,29.0
42,17,33.0
43,17,20.0
44,17,26.0
45,17,32.0
46,17,35.0
47,17,37.0
48,17,40.0
49,17,32.0
50,17,37.0
51,17,23.0
52,17,23.0
53,17,26.0
54,17,25.0
55,17,26.0
56,17,12.0
57,17,29.0
58,17,32.0
59,17,14.0
60,17,17.0
61,17,2.0
62,17,1.0
63,17,11.0
64,17,11.0
65,17,20.0
66,17,15.0
67,17,7.0
68,17,1.0
69,17,1.0
70,17,25.0
71,17,30.0
72,17,23.0
73,17,38.0
74,17,37.0
75,17,39.0
76,17,39.0
77,17,34.0
78,17,26.0
79,17,35.0
80,17,37.0
81,17,34.0
82,17,31.0
83,17,39.0
84,17,39.0
85,17,38.0
86,17,38.0
87,17,39.0
88,17,39.0
89,17,39.0
90,17,35.0
91,17,39.0
92,17,34.0
93,17,36.0
94,17,29.0
95,17,16.0
96,17,18.0
97,17,10.0
98,17,22.0
99,17,6.0
100,17,22.0
1,18,12.0
2,18,9.0
3,18,13.0
4,18,11.0
5,18,21.0
6,18,22.0
7,18,14.0
8,18,16.0
9,18,8.0
10,18,19.0
11,18,11.0
12,18,10.0
13,18,5.0
14,18,8.0
15,18,9.0
16,18,16.0
17,18,30.0
18,18,23.0
19,18,10.0
20,18,35.0
21,18,45.0
22,18,45.0
23,18,45.0
24,18,44.0
25,18,47.0
26,18,45.0
27,18,37.0
28,18,26.0
29,18,13.0
30,18,45.0
31,18,45.0
32,18,44.0
33,18,43.0
34,18,42.0
35,18,46.0
36,18,46.0
37,18,45.0
38,18,47.0
39,18,47.0
40,18,47.0
41,18,46.0
42,18,16.0
43,18,13.0
44,18,28.0
45,18,33.0
46,18,34.0
47,18,41.0
48,18,34.0
49,18,17.0
50,18,29.0
51,18,23.0
52,18,32.0
53,18,30.0
54,18,28.0
55,18,18.0
56,18,16.0
57,18,38.0
58,18,36.0
59,18,27.0
60,18,28.0
61,18,0.0
62,18,1.0
63,18,2.0
64,18,2.0
65,18,7.0
66,18,11.0
67,18,4.0
68,18,2.0
69,18,16.0
70,18,17.0
71,18,30.0
72,18,31.0
73,18,26.0
74,18,36.0
75,18,40.0
76,18,38.0
77,18,31.0
78,18,36.0
79,18,25.0
80,18,35.0
81,18,36.0
82,18,33.0
83,18,35.0
84,18,37.0
85,18,40.0
86,18,41.0
87,18,41.0
88,18,40.0
89,18,29.0
90,18,39.0
91,18,40.0
92,18,38.0
93,18,33.0
94,18,33.0
95,18,18.0
96,18,10.0
97,18,4.0
98,18,14.0
99,18,18.0
100,18,24.0
1,19,7.0
2,19,14.0
3,19,8.0
4,19,8.0
5,19,6.0
6,19,2.0
7,19,9.0
8,19,23.0
9,19,15.0
10,19,15.0
11,19,15.0
12,19,8.0
13,19,4.0
14,19,6.0
15,19,11.0
16,19,6.0
17,19,27.0
18,19,20.0
19,19,25.0
20,19,46.0
21,19,47.0
22,19,45.0
23,19,45.0
24,19,45.0
25,19,47.0
26,19,43.0
27,19,30.0
28,19,26.0
29,19,18.0
30,19,5.0
31,19,37.0
32,19,45.0
33,19,27.0
34,19,43.0
35,19,44.0
36,19,46.0
37,19,46.0
38,19,47.0
39,19,46.0
40,19,48.0
41,19,46.0
42,19,46.0
43,19,46.0
44,19,46.0
45,19,34.0
46,19,38.0
47,19,38.0
48,19,33.0
49,19,29.0
50,19,30.0
51,19,20.0
52,19,37.0
53,19,39.0
54,19,36.0
55,19,39.0
56,19,40.0
57,19,41.0
58,19,33.0
59,19,26.0
60,19,14.0
61,19,4.0
62,19,3.0
63,19,1.0
64,19,4.0
65,19,11.0
66,19,9.0
67,19,8.0
68,19,9.0
69,19,25.0
70,19,17.0
71,19,13.0
72,19,33.0
73,19,38.0
74,19,38.0
75,19,40.0
76,19,41.0
77,19,37.0
78,19,37.0
79,19,32.0
80,19,34.0
81,19,28.0
82,19,30.0
83,19,40.0
84,19,41.0
85,19,41.0
86,19,41.0
87,19,41.0
88,19,40.0
89,19,33.0
90,19,32.0
91,19,29.0
92,19,38.0
93,19,29.0
94,19,30.0
95,19,15.0
96,19,14.0
97,19,15.0
98,19,10.0
99,19,13.0
100,19,25.0
1,20,22.0
2,20,8.0
3,20,13.0
4,20,16.0
5,20,5.0
6,20,7.0
7,20,14.0
8,20,12.0
9,20,13.0
10,20,11.0
11,20,13.0
12,20,10.0
13,20,5.0
14,20,13.0
15,20,10.0
16,20,5.0
17,20,17.0
18,20,15.0
19,20,33.0
20,20,48.0
21,20,47.0
22,20,45.0
23,20,46.0
24,20,45.0
25,20,45.0
26,20,45.0
27,20,12.0
28,20,29.0
29,20,18.0
30,20,3.0
31,20,11.0
32,20,20.0
33,20,14.0
34,20,43.0
35,20,43.0
36,20,45.0
37,20,46.0
38,20,46.0
39,20,47.0
40,20,47.0
41,20,46.0
42,20,46.0
43,20,46.0
44,20,48.0
45,20,49.0
46,20,7.0
47,20,38.0
48,20,37.0
49,20,30.0
50,20,24.0
51,20,27.0
52,20,39.0
53,20,40.0
54,20,39.0
55,20,40.0
56,20,33.0
57,20,41.0
58,20,31.0
59,20,30.0
60,20,18.0
61,20,8.0
62,20,4.0
63,20,3.0
64,20,6.0
65,20,12.0
66,20,13.0
67,20,20.0
68,20,12.0
69,20,16.0
70,20,22.0
71,20,21.0
72,20,25.0
73,20,40.0
74,20,40.0
75,20,39.0
76,20,40.0
77,20,41.0
78,20,40.0
79,20,34.0
80,20,37.0
81,20,34.0
82,20,32.0
83,20,27.0
84,20,39.0
85,20,39.0
86,20,40.0
87,20,40.0
88,20,36.0
89,20,36.0
90,20,34.0
91,20,33.0
92,20,39.0
93,20,32.0
94,20,33.0
95,20,16.0
96,20,8.0
97,20,16.0
98,20,19.0
99,20,19.0
100,20,17.0
1,21,11.0
2,21,2.0
3,21,7.0
4,21,9.0
5,21,19.0
6,21,9.0
7,21,18.0
8,21,6.0
9,21,7.0
10,21,16.0
11,21,23.0
12,21,9.0
13,21,7.0
14,21,15.0
15,21,20.0
16,21,18.0
17,21,27.0
18,21,33.0
19,21,46.0
20,21,48.0
21,21,49.0
22,21,47.0
23,21,45.0
24,21,45.0
25,21,45.0
26,21,31.0
27,21,10.0
28,21,11.0
29,21,7.0
30,21,18.0
31,21,6.0
32,21,21.0
33,21,18.0
34,21,13.0
35,21,30.0
36,21,44.0
37,21,45.0
38,21,47.0
39,21,47.0
40,21,47.0
41,21,45.0
42,21,44.0
43,21,47.0
44,21,48.0
45,21,49.0
46,21,49.0
47,21,49.0
48,21,49.0
49,21,35.0
50,21,34.0
51,21,32.0
52,21,33.0
53,21,32.0
54,21,32.0
55,21,32.0
56,21,39.0
57,21,41.0
58,21,41.0
59,21,40.0
60,21,34.0
61,21,18.0
62,21,8.0
63,21,14.0
64,21,29.0
65,21,27.0
66,21,24.0
67,21,32.0
68,21,32.0
69,21,27.0
70,21,24.0
71,21,28.0
72,21,28.0
73,21,30.0
74,21,36.0
75,21,38.0
76,21,39.0
77,21,41.0
78,21,37.0
79,21,38.0
80,21,36.0
81,21,29.0
82,21,31.0
83,21,24.0
84,21,34.0
85,21,35.0
86,21,36.0
87,21,39.0
88,21,34.0
89,21,37.0
90,21,37.0
91,21,35.0
92,21,33.0
93,21,34.0
94,21,26.0
95,21,10.0
96,21,17.0
97,21,24.0
98,21,16.0
99,21,21.0
100,21,27.0
1,22,18.0
2,22,13.0
3,22,18.0
4,22,19.0
5,22,25.0
6,22,21.0
7,22,13.0
8,22,9.0
9,22,5.0
10,22,13.0
11,22,12.0
12,22,12.0
13,22,18.0
14,22,30.0
15,22,21.0
16,22,23.0
17,22,31.0
18,22,31.0
19,22,47.0
20,22,47.0
21,22,47.0
22,22,45.0
23,22,46.0
24,22,45.0
25,22,44.0
26,22,35.0
27,22,17.0
28,22,9.0
29,22,6.0
30,22,14.0
31,22,14.0
32,22,18.0
33,22,20.0
34,22,18.0
35,22,32.0
36,22,17.0
37,22,15.0
38,22,45.0
39,22,48.0
40,22,48.0
41,22,47.0
42,22,44.0
43,22,45.0
44,22,47.0
45,22,48.0
46,22,49.0
47,22,49.0
48,22,49.0
49,22,49.0
50,22,49.0
51,22,6.0
52,22,36.0
53,22,35.0
54,22,34.0
55,22,33.0
56,22,40.0
57,22,41.0
58,22,40.0
59,22,40.0
60,22,38.0
61,22,29.0
62,22,30.0
63,22,19.0
64,22,21.0
65,22,28.0
66,22,31.0
67,22,34.0
68,22,19.0
69,22,21.0
70,22,27.0
71,22,33.0
72,22,34.0
73,22,15.0
74,22,19.0
75,22,28.0
76,22,38.0
77,22,36.0
78,22,27.0
79,22,32.0
80,22,38.0
81,22,32.0
82,22,36.0
83,22,39.0
84,22,36.0
85,22,34.0
86,22,39.0
87,22,40.0
88,22,38.0
89,22,40.0
90,22,40.0
91,22,39.0
92,22,38.0
93,22,37.0
94,22,29.0
95,22,13.0
96,22,7.0
97,22,20.0
98,22,2.0
99,22,10.0
100,22,21.0
1,23,37.0
2,23,35.0
3,23,27.0
4,23,19.0
5,23,25.0
6,23,8.0
7,23,14.0
8,23,8.0
9,23,2.0
10,23,3.0
11,23,7.0
12,23,20.0
13,23,30.0
14,23,24.0
15,23,26.0
16,23,36.0
17,23,37.0
18,23,46.0
19,23,49.0
20,23,46.0
21,23,45.0
22,23,45.0
23,23,45.0
24,23,45.0
25,23,44.0
26,23,23.0
27,23,15.0
28,23,26.0
29,23,23.0
30,23,26.0
31,23,25.0
32,23,16.0
33,23,23.0
34,23,22.0
35,23,14.0
36,23,7.0
37,23,6.0
38,23,6.0
39,23,13.0
40,23,24.0
41,23,45.0
42,23,44.0
43,23,45.0
44,23,46.0
45,23,47.0
46,23,49.0
47,23,49.0
48,23,48.0
49,23,49.0
50,23,49.0
51,23,49.0
52,23,48.0
53,23,0.0
54,23,30.0
55,23,31.0
56,23,39.0
57,23,41.0
58,23,41.0
59,23,40.0
60,23,36.0
61,23,37.0
62,23,32.0
63,23,31.0
64,23,24.0
65,23,27.0
66,23,33.0
67,23,37.0
68,23,33.0
69,23,29.0
70,23,26.0
71,23,34.0
72,23,32.0
73,23,21.0
74,23,32.0
75,23,37.0
76,23,33.0
77,23,40.0
78,23,35.0
79,23,25.0
80,23,30.0
81,23,35.0
82,23,40.0
83,23,38.0
84,23,38.0
85,23,38.0
86,23,40.0
87,23,39.0
88,23,34.0
89,23,37.0
90,23,40.0
91,23,40.0
92,23,34.0
93,23,26.0
94,23,18.0
95,23,16.0
96,23,12.0
97,23,11.0
98,23,10.0
99,23,19.0
100,23,13.0
1,24,36.0
2,24,33.0
3,24,34.0
4,24,22.0
5,24,21.0
6,24,3.0
7,24,9.0
8,24,3.0
9,24,3.0
10,24,3.0
11,24,3.0
12,24,3.0
13,24,22.0
14,24,25.0
15,24,27.0
16,24,38.0
17,24,27.0
18,24,47.0
19,24,48.0
20,24,49.0
21,24,46.0
22,24,44.0
23,24,45.0
24,24,44.0
25,24,34.0
26,24,37.0
27,24,15.0
28,24,10.0
29,24,27.0
30,24,24.0
31,24,19.0
32,24,19.0
33,24,24.0
34,24,17.0
35,24,8.0
36,24,3.0
37,24,4.0
38,24,1.0
39,24,10.0
40,24,17.0
41,24,8.0
42,24,36.0
43,24,46.0
44,24,45.0
45,24,47.0
46,24,49.0
47,24,49.0
48,24,48.0
49,24,49.0
50,24,49.0
51,24,49.0
52,24,49.0
53,24,49.0
54,24,48.0
55,24,23.0
56,24,40.0
57,24,41.0
58,24,41.0
59,24,40.0
60,24,38.0
61,24,29.0
62,24,33.0
63,24,32.0
64,24,30.0
65,24,32.0
66,24,29.0
67,24,32.0
68,24,26.0
69,24,22.0
70,24,32.0
71,24,35.0
72,24,33.0
73,24,23.0
74,24,33.0
75,24,40.0
76,24,36.0
77,24,32.0
78,24,31.0
79,24,20.0
80,24,37.0
81,24,41.0
82,24,39.0
83,24,41.0
84,24,40.0
85,24,40.0
86,24,38.0
87,24,38.0
88,24,39.0
89,24,35.0
90,24,35.0
91,24,32.0
92,24,19.0
93,24,26.0
94,24,20.0
95,24,21.0
96,24,12.0
97,24,9.0
98,24,9.0
99,24,8.0
100,24,9.0
1,25,28.0
2,25,33.0
3,25,32.0
4,25,22.0
5,25,18.0
6,25,0.0
7,25,5.0
8,25,6.0
9,25,1.0
10,25,3.0
11,25,2.0
12,25,4.0
13,25,13.0
14,25,18.0
15,25,31.0
16,25,40.0
17,25,37.0
18,25,46.0
19,25,49.0
20,25,48.0
21,25,47.0
22,25,45.0
23,25,45.0
24,25,46.0
25,25,47.0
26,25,28.0
27,25,28.0
28,25,21.0
29,25,21.0
30,25,17.0
31,25,15.0
32,25,7.0
33,25,8.0
34,25,7.0
35,25,4.0
36,25,3.0
37,25,0.0
38,25,0.0
39,25,3.0
40,25,2.0
41,25,12.0
42,25,23.0
43,25,9.0
44,25,23.0
45,25,29.0
46,25,48.0
47,25,49.0
48,25,49.0
49,25,49.0
50,25,48.0
51,25,49.0
52,25,49.0
53,25,49.0
54,25,49.0
55,25,49.0
56,25,49.0
57,25,40.0
58,25,39.0
59,25,31.0
60,25,35.0
61,25,31.0
62,25,34.0
63,25,29.0
64,25,21.0
65,25,31.0
66,25,30.0
67,25,36.0
68,25,33.0
69,25,32.0
70,25,21.0
71,25,38.0
72,25,26.0
73,25,26.0
74,25,39.0
75,25,40.0
76,25,33.0
77,25,19.0
78,25,22.0
79,25,13.0
80,25,36.0
81,25,37.0
82,25,37.0
83,25,37.0
84,25,40.0
85,25,36.0
86,25,39.0
87,25,33.0
88,25,38.0
89,25,34.0
90,25,29.0
91,25,29.0
92,25,23.0
93,25,31.0
94,25,15.0
95,25,15.0
96,25,10.0
97,25,4.0
98,25,8.0
99,25,22.0
100,25,14.0
1,26,18.0
2,26,27.0
3,26,21.0
4,26,22.0
5,26,8.0
6,26,8.0
7,26,7.0
8,26,4.0
9,26,6.0
10,26,2.0
11,26,4.0
12,26,5.0
13,26,11.0
14,26,8.0
15,26,31.0
16,26,35.0
17,26,48.0
18,26,46.0
19,26,49.0
20,26,48.0
21,26,46.0
22,26,46.0
23,26,46.0
24,26,48.0
25,26,48.0
26,26,38.0
27,26,30.0
28,26,30.0
29,26,24.0
30,26,14.0
31,26,5.0
32,26,2.0
33,26,6.0
34,26,10.0
35,26,4.0
36,26,1.0
37,26,2.0
38,26,2.0
39,26,2.0
40,26,4.0
41,26,17.0
42,26,12.0
43,26,17.0
44,26,28.0
45,26,14.0
46,26,3.0
47,26,49.0
48,26,49.0
49,26,49.0
50,26,47.0
51,26,49.0
52,26,49.0
53,26,49.0
54,26,49.0
55,26,49.0
56,26,49.0
57,26,49.0
58,26,49.0
59,26,22.0
60,26,25.0
61,26,32.0
62,26,22.0
63,26,15.0
64,26,25.0
65,26,38.0
66,26,40.0
67,26,36.0
68,26,30.0
69,26,37.0
70,26,38.0
71,26,30.0
72,26,35.0
73,26,39.0
74,26,40.0
75,26,40.0
76,26,33.0
77,26,17.0
78,26,13.0
79,26,28.0
80,26,36.0
81,26,40.0
82,26,39.0
83,26,38.0
84,26,40.0
85,26,36.0
86,26,41.0
87,26,40.0
88,26,37.0
89,26,38.0
90,26,28.0
91,26,32.0
92,26,19.0
93,26,25.0
94,26,11.0
95,26,6.0
96,26,5.0
97,26,3.0
98,26,16.0
99,26,25.0
100,26,22.0
1,27,30.0
2,27,19.0
3,27,17.0
4,27,38.0
5,27,34.0
6,27,17.0
7,27,4.0
8,27,10.0
9,27,10.0
10,27,8.0
11,27,3.0
12,27,1.0
13,27,10.0
14,27,16.0
15,27,31.0
16,27,29.0
17,27,48.0
18,27,47.0
19,27,48.0
20,27,49.0
21,27,47.0
22,27,46.0
23,27,48.0
24,27,48.0
25,27,48.0
26,27,46.0
27,27,39.0
28,27,21.0
29,27,11.0
30,27,2.0
31,27,2.0
32,27,6.0
33,27,21.0
34,27,11.0
35,27,3.0
36,27,5.0
37,27,1.0
38,27,6.0
39,27,11.0
40,27,14.0
41,27,20.0
42,27,14.0
43,27,11.0
44,27,18.0
45,27,18.0
46,27,23.0
47,27,27.0
48,27,0.0
49,27,49.0
50,27,48.0
51,27,49.0
52,27,49.0
53,27,49.0
54,27,49.0
55,27,49.0
56,27,49.0
57,27,48.0
58,27,49.0
59,27,49.0
60,27,13.0
61,27,29.0
62,27,26.0
63,27,14.0
64,27,31.0
65,27,38.0
66,27,40.0
67,27,41.0
68,27,33.0
69,27,30.0
70,27,33.0
71,27,37.0
72,27,35.0
73,27,40.0
74,27,35.0
75,27,28.0
76,27,34.0
77,27,23.0
78,27,19.0
79,27,29.0
80,27,38.0
81,27,32.0
82,27,38.0
83,27,32.0
84,27,36.0
85,27,32.0
86,27,32.0
87,27,39.0
88,27,39.0
89,27,38.0
90,27,19.0
91,27,19.0
92,27,14.0
93,27,14.0
94,27,12.0
95,27,5.0
96,27,5.0
97,27,4.0
98,27,7.0
99,27,21.0
100,27,17.0
1,28,28.0
2,28,28.0
3,28,23.0
4,28,28.0
5,28,15.0
6,28,15.0
7,28,9.0
8,28,4.0
9,28,3.0
10,28,6.0
11,28,7.0
12,28,17.0
13,28,8.0
14,28,20.0
15,28,20.0
16,28,38.0
17,28,49.0
18,28,46.0
19,28,46.0
20,28,48.0
21,28,48.0
22,28,47.0
23,28,46.0
24,28,47.0
25,28,46.0
26,28,45.0
27,28,47.0
28,28,38.0
29,28,11.0
30,28,9.0
31,28,8.0
32,28,6.0
33,28,14.0
34,28,12.0
35,28,2.0
36,28,1.0
37,28,2.0
38,28,8.0
39,28,14.0
40,28,15.0
41,28,20.0
42,28,16.0
43,28,25.0
44,28,21.0
45,28,6.0
46,28,21.0
47,28,17.0
48,28,6.0
49,28,12.0
50,28,7.0
51,28,49.0
52,28,49.0
53,28,49.0
54,28,49.0
55,28,49.0
56,28,49.0
57,28,49.0
58,28,49.0
59,28,49.0
60,28,48.0
61,28,48.0
62,28,17.0
63,28,19.0
64,28,23.0
65,28,29.0
66,28,37.0
67,28,37.0
68,28,37.0
69,28,35.0
70,28,25.0
71,28,26.0
72,28,36.0
73,28,38.0
74,28,31.0
75,28,29.0
76,28,27.0
77,28,33.0
78,28,23.0
79,28,34.0
80,28,34.0
81,28,25.0
82,28,34.0
83,28,30.0
84,28,34.0
85,28,35.0
86,28,35.0
87,28,37.0
88,28,40.0
89,28,35.0
90,28,30.0
91,28,23.0
92,28,15.0
93,28,3.0
94,28,10.0
95,28,13.0
96,28,16.0
97,28,17.0
98,28,5.0
99,28,5.0
100,28,5.0
1,29,24.0
2,29,29.0
3,29,20.0
4,29,18.0
5,29,4.0
6,29,4.0
7,29,8.0
8,29,10.0
9,29,8.0
10,29,2.0
11,29,3.0
12,29,3.0
13,29,10.0
14,29,12.0
15,29,23.0
16,29,23.0
17,29,35.0
18,29,47.0
19,29,46.0
20,29,49.0
21,29,48.0
22,29,47.0
23,29,47.0
24,29,47.0
25,29,46.0
26,29,47.0
27,29,46.0
28,29,47.0
29,29,39.0
30,29,6.0
31,29,2.0
32,29,9.0
33,29,14.0
34,29,9.0
35,29,3.0
36,29,4.0
37,29,8.0
38,29,9.0
39,29,18.0
40,29,20.0
41,29,20.0
42,29,10.0
43,29,2.0
44,29,11.0
45,29,5.0
46,29,7.0
47,29,14.0
48,29,7.0
49,29,8.0
50,29,1.0
51,29,6.0
52,29,6.0
53,29,49.0
54,29,49.0
55,29,49.0
56,29,49.0
57,29,48.0
58,29,49.0
59,29,49.0
60,29,49.0
61,29,48.0
62,29,46.0
63,29,28.0
64,29,19.0
65,29,30.0
66,29,38.0
67,29,36.0
68,29,36.0
69,29,36.0
70,29,34.0
71,29,32.0
72,29,29.0
73,29,30.0
74,29,27.0
75,29,24.0
76,29,32.0
77,29,27.0
78,29,21.0
79,29,24.0
80,29,30.0
81,29,31.0
82,29,36.0
83,29,34.0
84,29,35.0
85,29,33.0
86,29,36.0
87,29,37.0
88,29,38.0
89,29,35.0
90,29,35.0
91,29,22.0
92,29,9.0
93,29,3.0
94,29,4.0
95,29,8.0
96,29,10.0
97,29,8.0
98,29,4.0
99,29,1.0
100,29,14.0
1,30,18.0
2,30,26.0
3,30,27.0
4,30,11.0
5,30,15.0
6,30,25.0
7,30,21.0
8,30,19.0
9,30,9.0
10,30,9.0
11,30,6.0
12,30,2.0
13,30,17.0
14,30,18.0
15,30,17.0
16,30,10.0
17,30,22.0
18,30,40.0
19,30,47.0
20,30,49.0
21,30,48.0
22,30,47.0
23,30,47.0
24,30,48.0
25,30,48.0
26,30,46.0
27,30,47.0
28,30,47.0
29,30,49.0
30,30,39.0
31,30,4.0
32,30,13.0
33,30,13.0
34,30,9.0
35,30,9.0
36,30,10.0
37,30,11.0
38,30,17.0
39,30,25.0
40,30,21.0
41,30,13.0
42,30,9.0
43,30,2.0
44,30,13.0
45,30,21.0
46,30,31.0
47,30,26.0
48,30,12.0
49,30,11.0
50,30,4.0
51,30,13.0
52,30,10.0
53,30,18.0
54,30,27.0
55,30,49.0
56,30,48.0
57,30,48.0
58,30,49.0
59,30,49.0
60,30,49.0
61,30,48.0
62,30,47.0
63,30,47.0
64,30,47.0
65,30,7.0
66,30,35.0
67,30,37.0
68,30,38.0
69,30,34.0
70,30,28.0
71,30,19.0
72,30,38.0
73,30,28.0
74,30,37.0
75,30,31.0
76,30,35.0
77,30,32.0
78,30,29.0
79,30,16.0
80,30,25.0
81,30,22.0
82,30,24.0
83,30,39.0
84,30,34.0
85,30,33.0
86,30,32.0
87,30,30.0
88,30,33.0
89,30,33.0
90,30,29.0
91,30,24.0
92,30,18.0
93,30,5.0
94,30,5.0
95,30,5.0
96,30,8.0
97,30,11.0
98,30,11.0
99,30,9.0
100,30,24.0
1,31,24.0
2,31,32.0
3,31,26.0
4,31,27.0
5,31,15.0
6,31,19.0
7,31,27.0
8,31,25.0
9,31,21.0
10,31,21.0
11,31,11.0
12,31,12.0
13,31,10.0
14,31,11.0
15,31,17.0
16,31,25.0
17,31,28.0
18,31,34.0
19,31,39.0
20,31,48.0
21,31,49.0
22,31,49.0
23,31,48.0
24,31,47.0
25,31,47.0
26,31,47.0
27,31,48.0
28,31,48.0
29,31,48.0
30,31,48.0
31,31,45.0
32,31,16.0
33,31,25.0
34,31,18.0
35,31,13.0
36,31,14.0
37,31,26.0
38,31,26.0
39,31,26.0
40,31,15.0
41,31,18.0
42,31,3.0
43,31,2.0
44,31,5.0
45,31,13.0
46,31,24.0
47,31,19.0
48,31,24.0
49,31,21.0
50,31,26.0
51,31,19.0
52,31,19.0
53,31,10.0
54,31,9.0
55,31,48.0
56,31,49.0
57,31,48.0
58,31,48.0
59,31,48.0
60,31,49.0
61,31,48.0
62,31,47.0
63,31,48.0
64,31,48.0
65,31,33.0
66,31,35.0
67,31,34.0
68,31,34.0
69,31,27.0
70,31,15.0
71,31,5.0
72,31,21.0
73,31,36.0
74,31,29.0
75,31,23.0
76,31,29.0
77,31,7.0
78,31,23.0
79,31,22.0
80,31,23.0
81,31,16.0
82,31,30.0
83,31,35.0
84,31,32.0
85,31,38.0
86,31,28.0
87,31,37.0
88,31,36.0
89,31,36.0
90,31,22.0
91,31,27.0
92,31,11.0
93,31,16.0
94,31,5.0
95,31,9.0
96,31,3.0
97,31,18.0
98,31,13.0
99,31,9.0
100,31,8.0
1,32,29.0
2,32,27.0
3,32,22.0
4,32,20.0
5,32,25.0
6,32,32.0
7,32,30.0
8,32,32.0
9,32,28.0
10,32,7.0
11,32,17.0
12,32,7.0
13,32,7.0
14,32,4.0
15,32,8.0
16,32,24.0
17,32,36.0
18,32,37.0
19,32,38.0
20,32,38.0
21,32,48.0
22,32,48.0
23,32,47.0
24,32,47.0
25,32,46.0
26,32,49.0
27,32,46.0
28,32,48.0
29,32,48.0
30,32,47.0
31,32,46.0
32,32,36.0
33,32,19.0
34,32,34.0
35,32,16.0
36,32,5.0
37,32,11.0
38,32,14.0
39,32,12.0
40,32,6.0
41,32,21.0
42,32,8.0
43,32,8.0
44,32,10.0
45,32,6.0
46,32,21.0
47,32,16.0
48,32,31.0
49,32,13.0
50,32,28.0
51,32,26.0
52,32,10.0
53,32,12.0
54,32,8.0
55,32,13.0
56,32,38.0
57,32,48.0
58,32,48.0
59,32,48.0
60,32,49.0
61,32,48.0
62,32,47.0
63,32,48.0
64,32,47.0
65,32,47.0
66,32,37.0
67,32,33.0
68,32,22.0
69,32,30.0
70,32,13.0
71,32,8.0
72,32,13.0
73,32,32.0
74,32,32.0
75,32,27.0
76,32,30.0
77,32,16.0
78,32,16.0
79,32,17.0
80,32,20.0
81,32,28.0
82,32,30.0
83,32,37.0
84,32,38.0
85,32,38.0
86,32,38.0
87,32,41.0
88,32,40.0
89,32,30.0
90,32,19.0
91,32,16.0
92,32,13.0
93,32,19.0
94,32,10.0
95,32,7.0
96,32,5.0
97,32,5.0
98,32,14.0
99,32,11.0
100,32,18.0
1,33,11.0
2,33,20.0
3,33,14.0
4,33,21.0
5,33,29.0
6,33,31.0
7,33,22.0
8,33,13.0
9,33,18.0
10,33,10.0
11,33,9.0
12,33,18.0
13,33,15.0
14,33,2.0
15,33,7.0
16,33,22.0
17,33,33.0
18,33,38.0
19,33,30.0
20,33,31.0
21,33,38.0
22,33,48.0
23,33,47.0
24,33,45.0
25,33,46.0
26,33,46.0
27,33,48.0
28,33,48.0
29,33,47.0
30,33,46.0
31,33,44.0
32,33,30.0
33,33,26.0
34,33,28.0
35,33,28.0
36,33,17.0
37,33,17.0
38,33,10.0
39,33,7.0
40,33,9.0
41,33,13.0
42,33,6.0
43,33,12.0
44,33,13.0
45,33,24.0
46,33,21.0
47,33,19.0
48,33,24.0
49,33,17.0
50,33,36.0
51,33,35.0
52,33,22.0
53,33,32.0
54,33,14.0
55,33,13.0
56,33,38.0
57,33,40.0
58,33,49.0
59,33,47.0
60,33,49.0
61,33,48.0
62,33,46.0
63,33,47.0
64,33,47.0
65,33,46.0
66,33,37.0
67,33,16.0
68,33,14.0
69,33,5.0
70,33,6.0
71,33,23.0
72,33,5.0
73,33,16.0
74,33,22.0
75,33,28.0
76,33,30.0
77,33,25.0
78,33,31.0
79,33,29.0
80,33,29.0
81,33,32.0
82,33,30.0
83,33,35.0
84,33,36.0
85,33,38.0
86,33,40.0
87,33,41.0
88,33,37.0
89,33,27.0
90,33,23.0
91,33,18.0
92,33,4.0
93,33,13.0
94,33,11.0
95,33,20.0
96,33,7.0
97,33,5.0
98,33,26.0
99,33,21.0
100,33,28.0
1,34,10.0
2,34,20.0
3,34,16.0
4,34,23.0
5,34,30.0
6,34,32.0
7,34,9.0
8,34,15.0
9,34,14.0
10,34,31.0
11,34,25.0
12,34,22.0
13,34,13.0
14,34,4.0
15,34,2.0
16,34,16.0
17,34,30.0
18,34,28.0
19,34,22.0
20,34,19.0
21,34,7.0
22,34,6.0
23,34,44.0
24,34,45.0
25,34,44.0
26,34,45.0
27,34,45.0
28,34,47.0
29,34,47.0
30,34,46.0
31,34,45.0
32,34,45.0
33,34,39.0
34,34,17.0
35,34,29.0
36,34,11.0
37,34,24.0
38,34,19.0
39,34,12.0
40,34,12.0
41,34,18.0
42,34,10.0
43,34,8.0
44,34,15.0
45,34,13.0
46,34,9.0
47,34,17.0
48,34,16.0
49,34,17.0
50,34,25.0
51,34,34.0
52,34,30.0
53,34,27.0
54,34,38.0
55,34,20.0
56,34,12.0
57,34,36.0
58,34,48.0
59,34,48.0
60,34,49.0
61,34,48.0
62,34,46.0
63,34,47.0
64,34,47.0
65,34,45.0
66,34,38.0
67,34,4.0
68,34,6.0
69,34,17.0
70,34,14.0
71,34,19.0
72,34,8.0
73,34,23.0
74,34,23.0
75,34,25.0
76,34,32.0
77,34,36.0
78,34,36.0
79,34,35.0
80,34,23.0
81,34,39.0
82,34,38.0
83,34,35.0
84,34,32.0
85,34,33.0
86,34,39.0
87,34,41.0
88,34,38.0
89,34,37.0
90,34,36.0
91,34,14.0
92,34,11.0
93,34,15.0
94,34,19.0
95,34,11.0
96,34,11.0
97,34,1.0
98,34,6.0
99,34,14.0
100,34,17.0
1,35,2.0
2,35,7.0
3,35,14.0
4,35,27.0
5,35,36.0
6,35,28.0
7,35,22.0
8,35,16.0
9,35,20.0
10,35,17.0
11,35,9.0
12,35,19.0
13,35,13.0
14,35,10.0
15,35,6.0
16,35,14.0
17,35,25.0
18,35,25.0
19,35,30.0
20,35,13.0
21,35,13.0
22,35,17.0
23,35,38.0
24,35,44.0
25,35,44.0
26,35,46.0
27,35,46.0
28,35,48.0
29,35,47.0
30,35,47.0
31,35,46.0
32,35,45.0
33,35,45.0
34,35,46.0
35,35,23.0
36,35,22.0
37,35,26.0
38,35,18.0
39,35,17.0
40,35,23.0
41,35,14.0
42,35,12.0
43,35,7.0
44,35,13.0
45,35,20.0
46,35,28.0
47,35,29.0
48,35,14.0
49,35,16.0
50,35,22.0
51,35,15.0
52,35,26.0
53,35,27.0
54,35,34.0
55,35,33.0
56,35,16.0
57,35,7.0
58,35,47.0
59,35,47.0
60,35,48.0
61,35,49.0
62,35,48.0
63,35,48.0
64,35,48.0
65,35,46.0
66,35,45.0
67,35,1.0
68,35,7.0
69,35,10.0
70,35,23.0
71,35,23.0
72,35,17.0
73,35,24.0
74,35,27.0
75,35,26.0
76,35,28.0
77,35,35.0
78,35,36.0
79,35,38.0
80,35,31.0
81,35,40.0
82,35,32.0
83,35,29.0
84,35,30.0
85,35,39.0
86,35,39.0
87,35,38.0
88,35,28.0
89,35,29.0
90,35,17.0
91,35,24.0
92,35,27.0
93,35,16.0
94,35,26.0
95,35,17.0
96,35,6.0
97,35,21.0
98,35,10.0
99,35,5.0
100,35,5.0
1,36,7.0
2,36,8.0
3,36,20.0
4,36,22.0
5,36,14.0
6,36,31.0
7,36,18.0
8,36,27.0
9,36,20.0
10,36,26.0
11,36,25.0
12,36,10.0
13,36,15.0
14,36,11.0
15,36,18.0
16,36,8.0
17,36,17.0
18,36,3.0
19,36,5.0
20,36,3.0
21,36,8.0
22,36,2.0
23,36,39.0
24,36,45.0
25,36,45.0
26,36,45.0
27,36,45.0
28,36,47.0
29,36,47.0
30,36,47.0
31,36,46.0
32,36,47.0
33,36,43.0
34,36,43.0
35,36,43.0
36,36,20.0
37,36,16.0
38,36,9.0
39,36,16.0
40,36,20.0
41,36,17.0
42,36,11.0
43,36,25.0
44,36,22.0
45,36,14.0
46,36,23.0
47,36,20.0
48,36,19.0
49,36,27.0
50,36,32.0
51,36,13.0
52,36,19.0
53,36,31.0
54,36,31.0
55,36,35.0
56,36,27.0
57,36,13.0
58,36,34.0
59,36,49.0
60,36,49.0
61,36,48.0
62,36,48.0
63,36,47.0
64,36,49.0
65,36,46.0
66,36,36.0
67,36,10.0
68,36,16.0
69,36,25.0
70,36,17.0
71,36,23.0
72,36,7.0
73,36,14.0
74,36,27.0
75,36,20.0
76,36,19.0
77,36,21.0
78,36,19.0
79,36,31.0
80,36,27.0
81,36,32.0
82,36,32.0
83,36,29.0
84,36,37.0
85,36,32.0
86,36,35.0
87,36,30.0
88,36,29.0
89,36,27.0
90,36,11.0
91,36,16.0
92,36,6.0
93,36,19.0
94,36,9.0
95,36,7.0
96,36,5.0
97,36,7.0
98,36,6.0
99,36,2.0
100,36,2.0
1,37,4.0
2,37,8.0
3,37,24.0
4,37,26.0
5,37,33.0
6,37,34.0
7,37,33.0
8,37,31.0
9,37,26.0
10,37,23.0
11,37,26.0
12,37,18.0
13,37,14.0
14,37,15.0
15,37,9.0
16,37,4.0
17,37,8.0
18,37,1.0
19,37,4.0
20,37,7.0
21,37,2.0
22,37,1.0
23,37,2.0
24,37,39.0
25,37,44.0
26,37,47.0
27,37,44.0
28,37,44.0
29,37,48.0
30,37,48.0
31,37,47.0
32,37,49.0
33,37,46.0
34,37,45.0
35,37,43.0
36,37,43.0
37,37,45.0
38,37,22.0
39,37,12.0
40,37,29.0
41,37,24.0
42,37,29.0
43,37,29.0
44,37,22.0
45,37,17.0
46,37,23.0
47,37,25.0
48,37,22.0
49,37,29.0
50,37,35.0
51,37,19.0
52,37,13.0
53,37,25.0
54,37,31.0
55,37,26.0
56,37,31.0
57,37,38.0
58,37,47.0
59,37,49.0
60,37,48.0
61,37,49.0
62,37,49.0
63,37,47.0
64,37,48.0
65,37,46.0
66,37,9.0
67,37,15.0
68,37,19.0
69,37,27.0
70,37,27.0
71,37,16.0
72,37,13.0
73,37,15.0
74,37,14.0
75,37,10.0
76,37,20.0
77,37,18.0
78,37,25.0
79,37,31.0
80,37,31.0
81,37,21.0
82,37,22.0
83,37,27.0
84,37,28.0
85,37,24.0
86,37,27.0
87,37,22.0
88,37,17.0
89,37,10.0
90,37,21.0
91,37,10.0
92,37,4.0
93,37,6.0
94,37,6.0
95,37,4.0
96,37,8.0
97,37,2.0
98,37,5.0
99,37,3.0
100,37,5.0
1,38,6.0
2,38,9.0
3,38,12.0
4,38,20.0
5,38,27.0
6,38,20.0
7,38,20.0
8,38,14.0
9,38,32.0
10,38,22.0
11,38,32.0
12,38,24.0
13,38,22.0
14,38,18.0
15,38,6.0
16,38,2.0
17,38,3.0
18,38,5.0
19,38,3.0
20,38,6.0
21,38,2.0
22,38,2.0
23,38,1.0
24,38,1.0
25,38,44.0
26,38,46.0
27,38,48.0
28,38,45.0
29,38,48.0
30,38,49.0
31,38,46.0
32,38,48.0
33,38,46.0
34,38,45.0
35,38,43.0
36,38,44.0
37,38,45.0
38,38,33.0
39,38,28.0
40,38,30.0
41,38,26.0
42,38,33.0
43,38,31.0
44,38,27.0
45,38,15.0
46,38,21.0
47,38,13.0
48,38,35.0
49,38,39.0
50,38,37.0
51,38,31.0
52,38,34.0
53,38,31.0
54,38,15.0
55,38,23.0
56,38,20.0
57,38,9.0
58,38,49.0
59,38,49.0
60,38,47.0
61,38,47.0
62,38,46.0
63,38,45.0
64,38,47.0
65,38,45.0
66,38,12.0
67,38,16.0
68,38,28.0
69,38,25.0
70,38,32.0
71,38,19.0
72,38,30.0
73,38,28.0
74,38,12.0
75,38,22.0
76,38,17.0
77,38,16.0
78,38,32.0
79,38,35.0
80,38,29.0
81,38,31.0
82,38,26.0
83,38,34.0
84,38,13.0
85,38,16.0
86,38,24.0
87,38,15.0
88,38,22.0
89,38,12.0
90,38,17.0
91,38,12.0
92,38,2.0
93,38,2.0
94,38,1.0
95,38,1.0
96,38,0.0
97,38,4.0
98,38,1.0
99,38,0.0
100,38,1.0
1,39,21.0
2,39,8.0
3,39,8.0
4,39,8.0
5,39,20.0
6,39,9.0
7,39,10.0
8,39,11.0
9,39,20.0
10,39,26.0
11,39,31.0
12,39,36.0
13,39,33.0
14,39,19.0
15,39,10.0
16,39,4.0
17,39,1.0
18,39,3.0
19,39,2.0
20,39,6.0
21,39,3.0
22,39,2.0
23,39,4.0
24,39,8.0
25,39,6.0
26,39,39.0
27,39,48.0
28,39,48.0
29,39,47.0
30,39,48.0
31,39,45.0
32,39,48.0
33,39,46.0
34,39,46.0
35,39,45.0
36,39,45.0
37,39,46.0
38,39,19.0
39,39,33.0
40,39,25.0
41,39,28.0
42,39,20.0
43,39,37.0
44,39,36.0
45,39,33.0
46,39,21.0
47,39,28.0
48,39,28.0
49,39,36.0
50,39,37.0
51,39,31.0
52,39,34.0
53,39,35.0
54,39,26.0
55,39,21.0
56,39,23.0
57,39,40.0
58,39,48.0
59,39,49.0
60,39,48.0
61,39,48.0
62,39,46.0
63,39,45.0
64,39,45.0
65,39,29.0
66,39,7.0
67,39,12.0
68,39,21.0
69,39,33.0
70,39,36.0
71,39,28.0
72,39,38.0
73,39,29.0
74,39,25.0
75,39,15.0
76,39,23.0
77,39,31.0
78,39,34.0
79,39,28.0
80,39,23.0
81,39,18.0
82,39,29.0
83,39,22.0
84,39,15.0
85,39,27.0
86,39,9.0
87,39,12.0
88,39,10.0
89,39,14.0
90,39,8.0
91,39,0.0
92,39,2.0
93,39,0.0
94,39,0.0
95,39,0.0
96,39,0.0
97,39,1.0
98,39,1.0
99,39,2.0
100,39,0.0
1,40,27.0
2,40,12.0
3,40,6.0
4,40,16.0
5,40,14.0
6,40,7.0
7,40,10.0
8,40,15.0
9,40,19.0
10,40,32.0
11,40,30.0
12,40,26.0
13,40,22.0
14,40,25.0
15,40,12.0
16,40,5.0
17,40,1.0
18,40,1.0
19,40,2.0
20,40,7.0
21,40,2.0
22,40,7.0
23,40,0.0
24,40,2.0
25,40,4.0
26,40,9.0
27,40,10.0
28,40,36.0
29,40,46.0
30,40,46.0
31,40,47.0
32,40,49.0
33,40,45.0
34,40,46.0
35,40,46.0
36,40,45.0
37,40,46.0
38,40,36.0
39,40,32.0
40,40,26.0
41,40,24.0
42,40,19.0
43,40,36.0
44,40,37.0
45,40,35.0
46,40,15.0
47,40,33.0
48,40,29.0
49,40,33.0
50,40,35.0
51,40,37.0
52,40,37.0
53,40,31.0
54,40,22.0
55,40,23.0
56,40,21.0
57,40,49.0
58,40,49.0
59,40,48.0
60,40,49.0
61,40,47.0
62,40,46.0
63,40,45.0
64,40,44.0
65,40,8.0
66,40,9.0
67,40,13.0
68,40,29.0
69,40,38.0
70,40,34.0
71,40,37.0
72,40,40.0
73,40,33.0
74,40,11.0
75,40,5.0
76,40,14.0
77,40,20.0
78,40,23.0
79,40,30.0
80,40,32.0
81,40,25.0
82,40,22.0
83,40,22.0
84,40,26.0
85,40,9.0
86,40,10.0
87,40,16.0
88,40,7.0
89,40,5.0
90,40,2.0
91,40,2.0
92,40,0.0
93,40,0.0
94,40,0.0
95,40,0.0
96,40,0.0
97,40,0.0
98,40,0.0
99,40,0.0
100,40,1.0
1,41,15.0
2,41,6.0
3,41,7.0
4,41,8.0
5,41,17.0
6,41,7.0
7,41,22.0
8,41,14.0
9,41,12.0
10,41,8.0
11,41,14.0
12,41,7.0
13,41,15.0
14,41,23.0
15,41,19.0
16,41,12.0
17,41,13.0
18,41,4.0
19,41,2.0
20,41,5.0
21,41,1.0
22,41,1.0
23,41,2.0
24,41,8.0
25,41,14.0
26,41,8.0
27,41,11.0
28,41,12.0
29,41,49.0
30,41,48.0
31,41,46.0
32,41,47.0
33,41,48.0
34,41,48.0
35,41,45.0
36,41,44.0
37,41,45.0
38,41,47.0
39,41,34.0
40,41,36.0
41,41,16.0
42,41,27.0
43,41,33.0
44,41,36.0
45,41,33.0
46,41,30.0
47,41,36.0
48,41,24.0
49,41,30.0
50,41,28.0
51,41,34.0
52,41,38.0
53,41,37.0
54,41,33.0
55,41,21.0
56,41,38.0
57,41,49.0
58,41,49.0
59,41,48.0
60,41,48.0
61,41,45.0
62,41,46.0
63,41,45.0
64,41,23.0
65,41,18.0
66,41,10.0
67,41,11.0
68,41,11.0
69,41,28.0
70,41,36.0
71,41,28.0
72,41,30.0
73,41,28.0
74,41,22.0
75,41,14.0
76,41,17.0
77,41,14.0
78,41,23.0
79,41,17.0
80,41,27.0
81,41,16.0
82,41,15.0
83,41,25.0
84,41,33.0
85,41,30.0
86,41,11.0
87,41,14.0
88,41,10.0
89,41,1.0
90,41,0.0
91,41,0.0
92,41,0.0
93,41,0.0
94,41,0.0
95,41,0.0
96,41,0.0
97,41,0.0
98,41,0.0
99,41,0.0
100,41,0.0
1,42,5.0
2,42,10.0
3,42,12.0
4,42,8.0
5,42,22.0
6,42,13.0
7,42,19.0
8,42,12.0
9,42,17.0
10,42,15.0
11,42,21.0
12,42,5.0
13,42,4.0
14,42,7.0
15,42,13.0
16,42,1.0
17,42,16.0
18,42,7.0
19,42,7.0
20,42,6.0
21,42,1.0
22,42,3.0
23,42,5.0
24,42,3.0
25,42,2.0
26,42,12.0
27,42,2.0
28,42,4.0
29,42,14.0
30,42,47.0
31,42,44.0
32,42,47.0
33,42,46.0
34,42,47.0
35,42,46.0
36,42,44.0
37,42,43.0
38,42,46.0
39,42,46.0
40,42,33.0
41,42,37.0
42,42,11.0
43,42,25.0
44,42,25.0
45,42,34.0
46,42,25.0
47,42,13.0
48,42,25.0
49,42,28.0
50,42,19.0
51,42,23.0
52,42,37.0
53,42,34.0
54,42,25.0
55,42,32.0
56,42,49.0
57,42,48.0
58,42,49.0
59,42,48.0
60,42,47.0
61,42,45.0
62,42,46.0
63,42,38.0
64,42,24.0
65,42,24.0
66,42,13.0
67,42,2.0
68,42,1.0
69,42,28.0
70,42,32.0
71,42,36.0
72,42,38.0
73,42,38.0
74,42,29.0
75,42,30.0
76,42,15.0
77,42,14.0
78,42,22.0
79,42,13.0
80,42,22.0
81,42,12.0
82,42,9.0
83,42,16.0
84,42,19.0
85,42,6.0
86,42,8.0
87,42,10.0
88,42,3.0
89,42,1.0
90,42,1.0
91,42,1.0
92,42,3.0
93,42,0.0
94,42,0.0
95,42,0.0
96,42,0.0
97,42,1.0
98,42,1.0
99,42,3.0
100,42,1.0
1,43,6.0
2,43,6.0
3,43,11.0
4,43,13.0
5,43,19.0
6,43,22.0
7,43,8.0
8,43,6.0
9,43,12.0
10,43,15.0
11,43,17.0
12,43,2.0
13,43,2.0
14,43,5.0
15,43,4.0
16,43,5.0
17,43,12.0
18,43,5.0
19,43,4.0
20,43,6.0
21,43,1.0
22,43,2.0
23,43,6.0
24,43,1.0
25,43,0.0
26,43,3.0
27,43,1.0
28,43,0.0
29,43,39.0
30,43,46.0
31,43,46.0
32,43,47.0
33,43,47.0
34,43,47.0
35,43,44.0
36,43,45.0
37,43,43.0
38,43,44.0
39,43,47.0
40,43,46.0
41,43,48.0
42,43,37.0
43,43,22.0
44,43,21.0
45,43,24.0
46,43,19.0
47,43,26.0
48,43,32.0
49,43,34.0
50,43,15.0
51,43,33.0
52,43,30.0
53,43,27.0
54,43,30.0
55,43,33.0
56,43,49.0
57,43,48.0
58,43,46.0
59,43,46.0
60,43,46.0
61,43,44.0
62,43,37.0
63,43,31.0
64,43,29.0
65,43,29.0
66,43,13.0
67,43,8.0
68,43,8.0
69,43,13.0
70,43,27.0
71,43,32.0
72,43,29.0
73,43,24.0
74,43,29.0
75,43,37.0
76,43,23.0
77,43,26.0
78,43,25.0
79,43,18.0
80,43,21.0
81,43,24.0
82,43,22.0
83,43,6.0
84,43,12.0
85,43,14.0
86,43,16.0
87,43,11.0
88,43,2.0
89,43,1.0
90,43,0.0
91,43,0.0
92,43,1.0
93,43,2.0
94,43,0.0
95,43,0.0
96,43,0.0
97,43,0.0
98,43,1.0
99,43,0.0
100,43,2.0
1,44,15.0
2,44,9.0
3,44,4.0
4,44,6.0
5,44,18.0
6,44,31.0
7,44,17.0
8,44,8.0
9,44,7.0
10,44,23.0
11,44,5.0
12,44,6.0
13,44,2.0
14,44,3.0
15,44,5.0
16,44,6.0
17,44,8.0
18,44,2.0
19,44,8.0
20,44,4.0
21,44,3.0
22,44,5.0
23,44,8.0
24,44,1.0
25,44,0.0
26,44,0.0
27,44,0.0
28,44,0.0
29,44,3.0
30,44,40.0
31,44,47.0
32,44,44.0
33,44,47.0
34,44,46.0
35,44,45.0
36,44,46.0
37,44,44.0
38,44,45.0
39,44,44.0
40,44,46.0
41,44,47.0
42,44,49.0
43,44,49.0
44,44,48.0
45,44,27.0
46,44,28.0
47,44,32.0
48,44,35.0
49,44,33.0
50,44,35.0
51,44,30.0
52,44,33.0
53,44,32.0
54,44,49.0
55,44,49.0
56,44,49.0
57,44,49.0
58,44,48.0
59,44,47.0
60,44,45.0
61,44,45.0
62,44,37.0
63,44,34.0
64,44,19.0
65,44,24.0
66,44,16.0
67,44,15.0
68,44,22.0
69,44,20.0
70,44,34.0
71,44,19.0
72,44,21.0
73,44,19.0
74,44,23.0
75,44,38.0
76,44,38.0
77,44,36.0
78,44,28.0
79,44,21.0
80,44,25.0
81,44,24.0
82,44,14.0
83,44,1.0
84,44,17.0
85,44,10.0
86,44,13.0
87,44,11.0
88,44,2.0
89,44,1.0
90,44,0.0
91,44,0.0
92,44,0.0
93,44,3.0
94,44,0.0
95,44,2.0
96,44,0.0
97,44,2.0
98,44,1.0
99,44,1.0
100,44,1.0
1,45,1.0
2,45,10.0
3,45,10.0
4,45,14.0
5,45,9.0
6,45,28.0
7,45,19.0
8,45,8.0
9,45,3.0
10,45,32.0
11,45,29.0
12,45,22.0
13,45,10.0
14,45,4.0
15,45,5.0
16,45,8.0
17,45,6.0
18,45,7.0
19,45,20.0
20,45,8.0
21,45,16.0
22,45,14.0
23,45,16.0
24,45,3.0
25,45,0.0
26,45,0.0
27,45,0.0
28,45,0.0
29,45,1.0
30,45,5.0
31,45,40.0
32,45,45.0
33,45,45.0
34,45,44.0
35,45,44.0
36,45,46.0
37,45,44.0
38,45,45.0
39,45,47.0
40,45,46.0
41,45,47.0
42,45,48.0
43,45,47.0
44,45,48.0
45,45,39.0
46,45,17.0
47,45,28.0
48,45,30.0
49,45,25.0
50,45,29.0
51,45,16.0
52,45,22.0
53,45,48.0
54,45,49.0
55,45,48.0
56,45,48.0
57,45,48.0
58,45,46.0
59,45,46.0
60,45,46.0
61,45,32.0
62,45,28.0
63,45,35.0
64,45,33.0
65,45,27.0
66,45,23.0
67,45,21.0
68,45,34.0
69,45,30.0
70,45,32.0
71,45,25.0
72,45,26.0
73,45,33.0
74,45,39.0
75,45,40.0
76,45,37.0
77,45,33.0
78,45,22.0
79,45,20.0
80,45,10.0
81,45,18.0
82,45,4.0
83,45,5.0
84,45,18.0
85,45,14.0
86,45,25.0
87,45,12.0
88,45,0.0
89,45,0.0
90,45,2.0
91,45,1.0
92,45,2.0
93,45,11.0
94,45,2.0
95,45,2.0
96,45,1.0
97,45,0.0
98,45,0.0
99,45,0.0
100,45,1.0
1,46,3.0
2,46,4.0
3,46,6.0
4,46,22.0
5,46,24.0
6,46,25.0
7,46,21.0
8,46,35.0
9,46,30.0
10,46,26.0
11,46,18.0
12,46,22.0
13,46,14.0
14,46,3.0
15,46,13.0
16,46,16.0
17,46,14.0
18,46,13.0
19,46,20.0
20,46,12.0
21,46,15.0
22,46,24.0
23,46,25.0
24,46,22.0
25,46,1.0
26,46,0.0
27,46,3.0
28,46,6.0
29,46,0.0
30,46,2.0
31,46,11.0
32,46,40.0
33,46,40.0
34,46,45.0
35,46,44.0
36,46,44.0
37,46,45.0
38,46,45.0
39,46,45.0
40,46,45.0
41,46,47.0
42,46,47.0
43,46,48.0
44,46,49.0
45,46,36.0
46,46,24.0
47,46,7.0
48,46,35.0
49,46,20.0
50,46,24.0
51,46,21.0
52,46,28.0
53,46,48.0
54,46,49.0
55,46,48.0
56,46,49.0
57,46,49.0
58,46,47.0
59,46,45.0
60,46,36.0
61,46,34.0
62,46,33.0
63,46,36.0
64,46,30.0
65,46,29.0
66,46,28.0
67,46,26.0
68,46,27.0
69,46,34.0
70,46,34.0
71,46,27.0
72,46,22.0
73,46,36.0
74,46,38.0
75,46,38.0
76,46,41.0
77,46,36.0
78,46,13.0
79,46,23.0
80,46,18.0
81,46,8.0
82,46,6.0
83,46,4.0
84,46,15.0
85,46,18.0
86,46,22.0
87,46,6.0
88,46,3.0
89,46,6.0
90,46,1.0
91,46,3.0
92,46,3.0
93,46,8.0
94,46,3.0
95,46,2.0
96,46,0.0
97,46,0.0
98,46,0.0
99,46,0.0
100,46,2.0
1,47,9.0
2,47,1.0
3,47,9.0
4,47,23.0
5,47,9.0
6,47,15.0
7,47,15.0
8,47,30.0
9,47,32.0
10,47,34.0
11,47,16.0
12,47,17.0
13,47,1.0
14,47,13.0
15,47,14.0
16,47,13.0
17,47,14.0
18,47,18.0
19,47,22.0
20,47,10.0
21,47,25.0
22,47,25.0
23,47,19.0
24,47,27.0
25,47,6.0
26,47,1.0
27,47,2.0
28,47,2.0
29,47,2.0
30,47,4.0
31,47,5.0
32,47,20.0
33,47,29.0
34,47,13.0
35,47,45.0
36,47,46.0
37,47,45.0
38,47,45.0
39,47,45.0
40,47,46.0
41,47,46.0
42,47,47.0
43,47,46.0
44,47,49.0
45,47,49.0
46,47,39.0
47,47,11.0
48,47,24.0
49,47,22.0
50,47,15.0
51,47,32.0
52,47,49.0
53,47,49.0
54,47,49.0
55,47,48.0
56,47,47.0
57,47,48.0
58,47,47.0
59,47,35.0
60,47,38.0
61,47,33.0
62,47,28.0
63,47,24.0
64,47,32.0
65,47,24.0
66,47,27.0
67,47,20.0
68,47,31.0
69,47,24.0
70,47,33.0
71,47,31.0
72,47,35.0
73,47,33.0
74,47,33.0
75,47,31.0
76,47,35.0
77,47,40.0
78,47,34.0
79,47,23.0
80,47,7.0
81,47,2.0
82,47,3.0
83,47,24.0
84,47,34.0
85,47,17.0
86,47,27.0
87,47,29.0
88,47,15.0
89,47,16.0
90,47,16.0
91,47,15.0
92,47,17.0
93,47,3.0
94,47,5.0
95,47,4.0
96,47,2.0
97,47,1.0
98,47,2.0
99,47,0.0
100,47,0.0
1,48,0.0
2,48,3.0
3,48,4.0
4,48,7.0
5,48,8.0
6,48,15.0
7,48,17.0
8,48,29.0
9,48,28.0
10,48,27.0
11,48,8.0
12,48,3.0
13,48,1.0
14,48,2.0
15,48,3.0
16,48,4.0
17,48,3.0
18,48,12.0
19,48,20.0
20,48,10.0
21,48,18.0
22,48,23.0
23,48,18.0
24,48,16.0
25,48,3.0
26,48,2.0
27,48,1.0
28,48,1.0
29,48,6.0
30,48,3.0
31,48,13.0
32,48,23.0
33,48,14.0
34,48,5.0
35,48,5.0
36,48,40.0
37,48,44.0
38,48,44.0
39,48,45.0
40,48,46.0
41,48,47.0
42,48,45.0
43,48,46.0
44,48,48.0
45,48,48.0
46,48,49.0
47,48,5.0
48,48,24.0
49,48,23.0
50,48,36.0
51,48,48.0
52,48,49.0
53,48,49.0
54,48,49.0
55,48,48.0
56,48,47.0
57,48,47.0
58,48,37.0
59,48,35.0
60,48,33.0
61,48,28.0
62,48,33.0
63,48,30.0
64,48,15.0
65,48,27.0
66,48,24.0
67,48,15.0
68,48,20.0
69,48,29.0
70,48,32.0
71,48,28.0
72,48,26.0
73,48,32.0
74,48,32.0
75,48,36.0
76,48,29.0
77,48,37.0
78,48,37.0
79,48,25.0
80,48,13.0
81,48,6.0
82,48,14.0
83,48,13.0
84,48,30.0
85,48,29.0
86,48,30.0
87,48,29.0
88,48,28.0
89,48,31.0
90,48,19.0
91,48,34.0
92,48,13.0
93,48,6.0
94,48,28.0
95,48,24.0
96,48,15.0
97,48,2.0
98,48,7.0
99,48,0.0
100,48,0.0
1,49,1.0
2,49,3.0
3,49,2.0
4,49,9.0
5,49,6.0
6,49,10.0
7,49,7.0
8,49,10.0
9,49,18.0
10,49,21.0
11,49,7.0
12,49,2.0
13,49,7.0
14,49,1.0
15,49,5.0
16,49,18.0
17,49,4.0
18,49,13.0
19,49,16.0
20,49,14.0
21,49,7.0
22,49,28.0
23,49,15.0
24,49,12.0
25,49,2.0
26,49,3.0
27,49,5.0
28,49,5.0
29,49,7.0
30,49,12.0
31,49,29.0
32,49,26.0
33,49,7.0
34,49,3.0
35,49,1.0
36,49,41.0
37,49,45.0
38,49,43.0
39,49,45.0
40,49,45.0
41,49,46.0
42,49,44.0
43,49,44.0
44,49,46.0
45,49,47.0
46,49,48.0
47,49,39.0
48,49,13.0
49,49,16.0
50,49,49.0
51,49,48.0
52,49,47.0
53,49,48.0
54,49,49.0
55,49,48.0
56,49,46.0
57,49,18.0
58,49,31.0
59,49,33.0
60,49,36.0
61,49,35.0
62,49,25.0
63,49,29.0
64,49,10.0
65,49,30.0
66,49,18.0
67,49,18.0
68,49,11.0
69,49,11.0
70,49,20.0
71,49,32.0
72,49,32.0
73,49,31.0
74,49,23.0
75,49,28.0
76,49,20.0
77,49,33.0
78,49,33.0
79,49,21.0
80,49,11.0
81,49,6.0
82,49,21.0
83,49,27.0
84,49,32.0
85,49,34.0
86,49,39.0
87,49,34.0
88,49,34.0
89,49,31.0
90,49,29.0
91,49,32.0
92,49,18.0
93,49,9.0
94,49,21.0
95,49,13.0
96,49,15.0
97,49,1.0
98,49,6.0
99,49,1.0
100,49,1.0
1,50,0.0
2,50,2.0
3,50,1.0
4,50,3.0
5,50,6.0
6,50,8.0
7,50,4.0
8,50,14.0
9,50,9.0
10,50,11.0
11,50,4.0
12,50,4.0
13,50,2.0
14,50,2.0
15,50,19.0
16,50,21.0
17,50,28.0
18,50,23.0
19,50,16.0
20,50,13.0
21,50,9.0
22,50,27.0
23,50,18.0
24,50,12.0
25,50,7.0
26,50,3.0
27,50,13.0
28,50,13.0
29,50,7.0
30,50,13.0
31,50,22.0
32,50,28.0
33,50,3.0
34,50,1.0
35,50,0.0
36,50,0.0
37,50,42.0
38,50,44.0
39,50,45.0
40,50,45.0
41,50,44.0
42,50,45.0
43,50,43.0
44,50,45.0
45,50,47.0
46,50,49.0
47,50,39.0
48,50,7.0
49,50,39.0
50,50,49.0
51,50,47.0
52,50,48.0
53,50,49.0
54,50,49.0
55,50,49.0
56,50,46.0
57,50,29.0
58,50,36.0
59,50,32.0
60,50,32.0
61,50,30.0
62,50,25.0
63,50,9.0
64,50,8.0
65,50,24.0
66,50,12.0
67,50,12.0
68,50,10.0
69,50,8.0
70,50,27.0
71,50,38.0
72,50,32.0
73,50,31.0
74,50,32.0
75,50,37.0
76,50,38.0
77,50,36.0
78,50,22.0
79,50,15.0
80,50,17.0
81,50,20.0
82,50,21.0
83,50,21.0
84,50,39.0
85,50,37.0
86,50,39.0
87,50,37.0
88,50,36.0
89,50,34.0
90,50,32.0
91,50,27.0
92,50,29.0
93,50,24.0
94,50,14.0
95,50,17.0
96,50,18.0
97,50,9.0
98,50,7.0
99,50,0.0
100,50,3.0
1,51,1.0
2,51,0.0
3,51,0.0
4,51,4.0
5,51,12.0
6,51,10.0
7,51,11.0
8,51,11.0
9,51,8.0
10,51,4.0
11,51,1.0
12,51,4.0
13,51,12.0
14,51,20.0
15,51,17.0
16,51,26.0
17,51,22.0
18,51,21.0
19,51,23.0
20,51,22.0
21,51,24.0
22,51,29.0
23,51,14.0
24,51,17.0
25,51,13.0
26,51,6.0
27,51,21.0
28,51,16.0
29,51,7.0
30,51,16.0
31,51,17.0
32,51,29.0
33,51,11.0
34,51,1.0
35,51,3.0
36,51,0.0
37,51,0.0
38,51,43.0
39,51,44.0
40,51,44.0
41,51,48.0
42,51,46.0
43,51,45.0
44,51,45.0
45,51,47.0
46,51,47.0
47,51,46.0
48,51,39.0
49,51,48.0
50,51,47.0
51,51,48.0
52,51,49.0
53,51,49.0
54,51,48.0
55,51,49.0
56,51,35.0
57,51,30.0
58,51,24.0
59,51,31.0
60,51,29.0
61,51,29.0
62,51,16.0
63,51,21.0
64,51,4.0
65,51,13.0
66,51,12.0
67,51,21.0
68,51,24.0
69,51,29.0
70,51,30.0
71,51,36.0
72,51,30.0
73,51,34.0
74,51,39.0
75,51,24.0
76,51,34.0
77,51,25.0
78,51,17.0
79,51,27.0
80,51,25.0
81,51,31.0
82,51,27.0
83,51,30.0
84,51,36.0
85,51,38.0
86,51,39.0
87,51,39.0
88,51,37.0
89,51,37.0
90,51,28.0
91,51,30.0
92,51,35.0
93,51,28.0
94,51,30.0
95,51,28.0
96,51,18.0
97,51,27.0
98,51,19.0
99,51,3.0
100,51,2.0
1,52,2.0
2,52,0.0
3,52,2.0
4,52,5.0
5,52,4.0
6,52,19.0
7,52,15.0
8,52,5.0
9,52,13.0
10,52,10.0
11,52,3.0
12,52,5.0
13,52,2.0
14,52,18.0
15,52,22.0
16,52,23.0
17,52,21.0
18,52,29.0
19,52,18.0
20,52,19.0
21,52,24.0
22,52,26.0
23,52,24.0
24,52,9.0
25,52,10.0
26,52,21.0
27,52,19.0
28,52,23.0
29,52,22.0
30,52,15.0
31,52,18.0
32,52,8.0
33,52,11.0
34,52,6.0
35,52,2.0
36,52,4.0
37,52,2.0
38,52,30.0
39,52,45.0
40,52,46.0
41,52,47.0
42,52,46.0
43,52,45.0
44,52,44.0
45,52,48.0
46,52,45.0
47,52,37.0
48,52,47.0
49,52,47.0
50,52,47.0
51,52,46.0
52,52,48.0
53,52,49.0
54,52,49.0
55,52,24.0
56,52,30.0
57,52,30.0
58,52,17.0
59,52,16.0
60,52,4.0
61,52,8.0
62,52,9.0
63,52,8.0
64,52,9.0
65,52,16.0
66,52,9.0
67,52,14.0
68,52,22.0
69,52,23.0
70,52,31.0
71,52,35.0
72,52,30.0
73,52,13.0
74,52,27.0
75,52,23.0
76,52,28.0
77,52,28.0
78,52,32.0
79,52,31.0
80,52,24.0
81,52,25.0
82,52,34.0
83,52,38.0
84,52,37.0
85,52,37.0
86,52,38.0
87,52,40.0
88,52,38.0
89,52,34.0
90,52,32.0
91,52,25.0
92,52,32.0
93,52,33.0
94,52,26.0
95,52,35.0
96,52,35.0
97,52,14.0
98,52,23.0
99,52,10.0
100,52,5.0
1,53,9.0
2,53,3.0
3,53,6.0
4,53,5.0
5,53,13.0
6,53,12.0
7,53,20.0
8,53,10.0
9,53,26.0
10,53,16.0
11,53,9.0
12,53,6.0
13,53,11.0
14,53,26.0
15,53,26.0
16,53,18.0
17,53,20.0
18,53,14.0
19,53,20.0
20,53,13.0
21,53,15.0
22,53,6.0
23,53,16.0
24,53,7.0
25,53,12.0
26,53,5.0
27,53,11.0
28,53,9.0
29,53,10.0
30,53,27.0
31,53,26.0
32,53,22.0
33,53,5.0
34,53,11.0
35,53,10.0
36,53,3.0
37,53,6.0
38,53,33.0
39,53,46.0
40,53,45.0
41,53,45.0
42,53,47.0
43,53,45.0
44,53,44.0
45,53,48.0
46,53,45.0
47,53,46.0
48,53,46.0
49,53,46.0
50,53,46.0
51,53,47.0
52,53,49.0
53,53,49.0
54,53,48.0
55,53,36.0
56,53,26.0
57,53,21.0
58,53,10.0
59,53,12.0
60,53,3.0
61,53,8.0
62,53,10.0
63,53,8.0
64,53,7.0
65,53,26.0
66,53,25.0
67,53,19.0
68,53,26.0
69,53,20.0
70,53,32.0
71,53,24.0
72,53,26.0
73,53,24.0
74,53,25.0
75,53,27.0
76,53,33.0
77,53,24.0
78,53,14.0
79,53,28.0
80,53,25.0
81,53,34.0
82,53,30.0
83,53,37.0
84,53,39.0
85,53,30.0
86,53,35.0
87,53,33.0
88,53,36.0
89,53,40.0
90,53,37.0
91,53,31.0
92,53,24.0
93,53,20.0
94,53,27.0
95,53,37.0
96,53,27.0
97,53,24.0
98,53,12.0
99,53,8.0
100,53,3.0
1,54,5.0
2,54,25.0
3,54,17.0
4,54,11.0
5,54,27.0
6,54,27.0
7,54,26.0
8,54,27.0
9,54,11.0
10,54,11.0
11,54,21.0
12,54,26.0
13,54,18.0
14,54,35.0
15,54,33.0
16,54,28.0
17,54,29.0
18,54,20.0
19,54,25.0
20,54,13.0
21,54,12.0
22,54,11.0
23,54,5.0
24,54,4.0
25,54,7.0
26,54,6.0
27,54,4.0
28,54,9.0
29,54,17.0
30,54,24.0
31,54,10.0
32,54,26.0
33,54,5.0
34,54,10.0
35,54,5.0
36,54,16.0
37,54,7.0
38,54,6.0
39,54,38.0
40,54,46.0
41,54,46.0
42,54,45.0
43,54,44.0
44,54,45.0
45,54,46.0
46,54,25.0
47,54,45.0
48,54,47.0
49,54,46.0
50,54,47.0
51,54,43.0
52,54,46.0
53,54,48.0
54,54,32.0
55,54,32.0
56,54,21.0
57,54,7.0
58,54,9.0
59,54,10.0
60,54,9.0
61,54,1.0
62,54,2.0
63,54,1.0
64,54,8.0
65,54,17.0
66,54,9.0
67,54,7.0
68,54,12.0
69,54,30.0
70,54,33.0
71,54,31.0
72,54,22.0
73,54,24.0
74,54,19.0
75,54,26.0
76,54,28.0
77,54,20.0
78,54,19.0
79,54,11.0
80,54,8.0
81,54,22.0
82,54,19.0
83,54,25.0
84,54,23.0
85,54,24.0
86,54,18.0
87,54,16.0
88,54,23.0
89,54,29.0
90,54,27.0
91,54,32.0
92,54,23.0
93,54,10.0
94,54,26.0
95,54,34.0
96,54,24.0
97,54,17.0
98,54,16.0
99,54,4.0
100,54,8.0
1,55,22.0
2,55,21.0
3,55,31.0
4,55,31.0
5,55,20.0
6,55,26.0
7,55,24.0
8,55,15.0
9,55,24.0
10,55,24.0
11,55,32.0
12,55,22.0
13,55,30.0
14,55,30.0
15,55,39.0
16,55,38.0
17,55,26.0
18,55,24.0
19,55,26.0
20,55,33.0
21,55,22.0
22,55,3.0
23,55,10.0
24,55,9.0
25,55,9.0
26,55,7.0
27,55,2.0
28,55,1.0
29,55,2.0
30,55,4.0
31,55,7.0
32,55,20.0
33,55,18.0
34,55,18.0
35,55,14.0
36,55,25.0
37,55,24.0
38,55,11.0
39,55,15.0
40,55,13.0
41,55,38.0
42,55,43.0
43,55,44.0
44,55,44.0
45,55,45.0
46,55,46.0
47,55,45.0
48,55,47.0
49,55,46.0
50,55,45.0
51,55,45.0
52,55,45.0
53,55,49.0
54,55,37.0
55,55,48.0
56,55,47.0
57,55,47.0
58,55,3.0
59,55,27.0
60,55,4.0
61,55,0.0
62,55,2.0
63,55,2.0
64,55,1.0
65,55,6.0
66,55,4.0
67,55,15.0
68,55,13.0
69,55,32.0
70,55,37.0
71,55,37.0
72,55,31.0
73,55,22.0
74,55,18.0
75,55,25.0
76,55,20.0
77,55,21.0
78,55,13.0
79,55,19.0
80,55,20.0
81,55,28.0
82,55,21.0
83,55,19.0
84,55,21.0
85,55,31.0
86,55,10.0
87,55,34.0
88,55,27.0
89,55,21.0
90,55,27.0
91,55,31.0
92,55,29.0
93,55,19.0
94,55,24.0
95,55,31.0
96,55,24.0
97,55,19.0
98,55,20.0
99,55,11.0
100,55,11.0
1,56,16.0
2,56,34.0
3,56,35.0
4,56,34.0
5,56,36.0
6,56,32.0
7,56,32.0
8,56,29.0
9,56,28.0
10,56,33.0
11,56,28.0
12,56,20.0
13,56,24.0
14,56,34.0
15,56,41.0
16,56,40.0
17,56,38.0
18,56,26.0
19,56,25.0
20,56,35.0
21,56,13.0
22,56,21.0
23,56,6.0
24,56,7.0
25,56,2.0
26,56,6.0
27,56,4.0
28,56,6.0
29,56,6.0
30,56,3.0
31,56,6.0
32,56,14.0
33,56,9.0
34,56,26.0
35,56,14.0
36,56,30.0
37,56,25.0
38,56,23.0
39,56,14.0
40,56,7.0
41,56,6.0
42,56,15.0
43,56,37.0
44,56,44.0
45,56,32.0
46,56,45.0
47,56,46.0
48,56,46.0
49,56,48.0
50,56,48.0
51,56,44.0
52,56,45.0
53,56,32.0
54,56,49.0
55,56,46.0
56,56,47.0
57,56,45.0
58,56,45.0
59,56,45.0
60,56,33.0
61,56,43.0
62,56,42.0
63,56,37.0
64,56,0.0
65,56,34.0
66,56,1.0
67,56,6.0
68,56,25.0
69,56,34.0
70,56,40.0
71,56,31.0
72,56,38.0
73,56,32.0
74,56,20.0
75,56,28.0
76,56,26.0
77,56,18.0
78,56,29.0
79,56,29.0
80,56,34.0
81,56,25.0
82,56,30.0
83,56,28.0
84,56,21.0
85,56,33.0
86,56,21.0
87,56,27.0
88,56,16.0
89,56,26.0
90,56,29.0
91,56,31.0
92,56,33.0
93,56,20.0
94,56,20.0
95,56,23.0
96,56,17.0
97,56,22.0
98,56,16.0
99,56,10.0
100,56,12.0
1,57,26.0
2,57,38.0
3,57,32.0
4,57,38.0
5,57,31.0
6,57,22.0
7,57,25.0
8,57,27.0
9,57,20.0
10,57,26.0
11,57,24.0
12,57,19.0
13,57,28.0
14,57,37.0
15,57,40.0
16,57,37.0
17,57,32.0
18,57,22.0
19,57,36.0
20,57,30.0
21,57,24.0
22,57,24.0
23,57,27.0
24,57,21.0
25,57,10.0
26,57,13.0
27,57,3.0
28,57,6.0
29,57,24.0
30,57,11.0
31,57,11.0
32,57,7.0
33,57,5.0
34,57,9.0
35,57,12.0
36,57,25.0
37,57,31.0
38,57,32.0
39,57,12.0
40,57,23.0
41,57,26.0
42,57,23.0
43,57,9.0
44,57,12.0
45,57,45.0
46,57,45.0
47,57,45.0
48,57,44.0
49,57,45.0
50,57,45.0
51,57,46.0
52,57,46.0
53,57,25.0
54,57,47.0
55,57,47.0
56,57,48.0
57,57,45.0
58,57,43.0
59,57,45.0
60,57,43.0
61,57,43.0
62,57,42.0
63,57,42.0
64,57,42.0
65,57,42.0
66,57,42.0
67,57,39.0
68,57,39.0
69,57,34.0
70,57,35.0
71,57,32.0
72,57,41.0
73,57,37.0
74,57,29.0
75,57,31.0
76,57,24.0
77,57,21.0
78,57,10.0
79,57,22.0
80,57,22.0
81,57,32.0
82,57,29.0
83,57,21.0
84,57,18.0
85,57,22.0
86,57,28.0
87,57,31.0
88,57,15.0
89,57,35.0
90,57,34.0
91,57,31.0
92,57,14.0
93,57,16.0
94,57,27.0
95,57,21.0
96,57,14.0
97,57,27.0
98,57,27.0
99,57,25.0
100,57,19.0
1,58,32.0
2,58,30.0
3,58,26.0
4,58,26.0
5,58,22.0
6,58,31.0
7,58,18.0
8,58,23.0
9,58,12.0
10,58,27.0
11,58,10.0
12,58,20.0
13,58,27.0
14,58,40.0
15,58,37.0
16,58,29.0
17,58,38.0
18,58,36.0
19,58,38.0
20,58,37.0
21,58,34.0
22,58,30.0
23,58,24.0
24,58,15.0
25,58,14.0
26,58,9.0
27,58,5.0
28,58,2.0
29,58,3.0
30,58,8.0
31,58,6.0
32,58,3.0
33,58,2.0
34,58,3.0
35,58,4.0
36,58,17.0
37,58,28.0
38,58,19.0
39,58,16.0
40,58,33.0
41,58,40.0
42,58,31.0
43,58,29.0
44,58,36.0
45,58,46.0
46,58,46.0
47,58,45.0
48,58,43.0
49,58,45.0
50,58,44.0
51,58,43.0
52,58,17.0
53,58,46.0
54,58,45.0
55,58,44.0
56,58,45.0
57,58,42.0
58,58,44.0
59,58,44.0
60,58,43.0
61,58,42.0
62,58,42.0
63,58,42.0
64,58,43.0
65,58,42.0
66,58,42.0
67,58,43.0
68,58,43.0
69,58,39.0
70,58,40.0
71,58,38.0
72,58,41.0
73,58,41.0
74,58,38.0
75,58,28.0
76,58,27.0
77,58,15.0
78,58,7.0
79,58,13.0
80,58,23.0
81,58,16.0
82,58,20.0
83,58,12.0
84,58,9.0
85,58,17.0
86,58,14.0
87,58,22.0
88,58,30.0
89,58,29.0
90,58,30.0
91,58,29.0
92,58,28.0
93,58,17.0
94,58,12.0
95,58,17.0
96,58,21.0
97,58,26.0
98,58,24.0
99,58,26.0
100,58,22.0
1,59,17.0
2,59,37.0
3,59,22.0
4,59,15.0
5,59,13.0
6,59,12.0
7,59,16.0
8,59,25.0
9,59,8.0
10,59,3.0
11,59,11.0
12,59,25.0
13,59,24.0
14,59,39.0
15,59,40.0
16,59,38.0
17,59,37.0
18,59,34.0
19,59,30.0
20,59,31.0
21,59,31.0
22,59,32.0
23,59,18.0
24,59,15.0
25,59,24.0
26,59,6.0
27,59,1.0
28,59,0.0
29,59,2.0
30,59,6.0
31,59,10.0
32,59,5.0
33,59,1.0
34,59,3.0
35,59,5.0
36,59,31.0
37,59,35.0
38,59,17.0
39,59,18.0
40,59,27.0
41,59,25.0
42,59,32.0
43,59,28.0
44,59,44.0
45,59,43.0
46,59,45.0
47,59,45.0
48,59,42.0
49,59,44.0
50,59,45.0
51,59,44.0
52,59,44.0
53,59,44.0
54,59,45.0
55,59,44.0
56,59,44.0
57,59,43.0
58,59,43.0
59,59,44.0
60,59,43.0
61,59,44.0
62,59,43.0
63,59,41.0
64,59,42.0
65,59,42.0
66,59,41.0
67,59,42.0
68,59,42.0
69,59,43.0
70,59,46.0
71,59,39.0
72,59,38.0
73,59,39.0
74,59,29.0
75,59,28.0
76,59,28.0
77,59,10.0
78,59,12.0
79,59,10.0
80,59,11.0
81,59,29.0
82,59,30.0
83,59,11.0
84,59,8.0
85,59,13.0
86,59,24.0
87,59,25.0
88,59,20.0
89,59,25.0
90,59,24.0
91,59,20.0
92,59,10.0
93,59,8.0
94,59,33.0
95,59,29.0
96,59,29.0
97,59,34.0
98,59,23.0
99,59,18.0
100,59,28.0
1,60,16.0
2,60,35.0
3,60,18.0
4,60,5.0
5,60,15.0
6,60,7.0
7,60,16.0
8,60,15.0
9,60,4.0
10,60,1.0
11,60,1.0
12,60,12.0
13,60,17.0
14,60,32.0
15,60,32.0
16,60,37.0
17,60,28.0
18,60,30.0
19,60,22.0
20,60,20.0
21,60,32.0
22,60,28.0
23,60,18.0
24,60,9.0
25,60,6.0
26,60,2.0
27,60,9.0
28,60,1.0
29,60,10.0
30,60,7.0
31,60,9.0
32,60,2.0
33,60,2.0
34,60,11.0
35,60,6.0
36,60,24.0
37,60,21.0
38,60,34.0
39,60,37.0
40,60,31.0
41,60,27.0
42,60,28.0
43,60,16.0
44,60,37.0
45,60,43.0
46,60,44.0
47,60,44.0
48,60,43.0
49,60,43.0
50,60,45.0
51,60,44.0
52,60,39.0
53,60,19.0
54,60,11.0
55,60,16.0
56,60,38.0
57,60,42.0
58,60,40.0
59,60,44.0
60,60,42.0
61,60,44.0
62,60,43.0
63,60,42.0
64,60,43.0
65,60,42.0
66,60,42.0
67,60,43.0
68,60,43.0
69,60,45.0
70,60,44.0
71,60,45.0
72,60,39.0
73,60,39.0
74,60,33.0
75,60,31.0
76,60,25.0
77,60,22.0
78,60,16.0
79,60,15.0
80,60,11.0
81,60,29.0
82,60,18.0
83,60,11.0
84,60,2.0
85,60,5.0
86,60,27.0
87,60,31.0
88,60,9.0
89,60,24.0
90,60,4.0
91,60,11.0
92,60,9.0
93,60,14.0
94,60,29.0
95,60,35.0
96,60,35.0
97,60,36.0
98,60,29.0
99,60,27.0
100,60,26.0
1,61,20.0
2,61,15.0
3,61,21.0
4,61,11.0
5,61,17.0
6,61,13.0
7,61,6.0
8,61,0.0
9,61,1.0
10,61,2.0
11,61,1.0
12,61,19.0
13,61,30.0
14,61,26.0
15,61,33.0
16,61,28.0
17,61,33.0
18,61,33.0
19,61,33.0
20,61,30.0
21,61,26.0
22,61,33.0
23,61,31.0
24,61,23.0
25,61,20.0
26,61,9.0
27,61,23.0
28,61,4.0
29,61,9.0
30,61,5.0
31,61,6.0
32,61,7.0
33,61,7.0
34,61,18.0
35,61,19.0
36,61,30.0
37,61,33.0
38,61,23.0
39,61,28.0
40,61,30.0
41,61,26.0
42,61,23.0
43,61,26.0
44,61,42.0
45,61,43.0
46,61,43.0
47,61,41.0
48,61,42.0
49,61,43.0
50,61,43.0
51,61,43.0
52,61,36.0
53,61,36.0
54,61,11.0
55,61,12.0
56,61,18.0
57,61,21.0
58,61,18.0
59,61,39.0
60,61,40.0
61,61,45.0
62,61,42.0
63,61,42.0
64,61,41.0
65,61,43.0
66,61,44.0
67,61,43.0
68,61,44.0
69,61,43.0
70,61,44.0
71,61,44.0
72,61,46.0
73,61,36.0
74,61,34.0
75,61,30.0
76,61,30.0
77,61,26.0
78,61,24.0
79,61,17.0
80,61,12.0
81,61,21.0
82,61,13.0
83,61,17.0
84,61,6.0
85,61,9.0
86,61,7.0
87,61,11.0
88,61,5.0
89,61,13.0
90,61,17.0
91,61,27.0
92,61,16.0
93,61,17.0
94,61,30.0
95,61,33.0
96,61,41.0
97,61,41.0
98,61,36.0
99,61,34.0
100,61,28.0
1,62,20.0
2,62,12.0
3,62,20.0
4,62,25.0
5,62,18.0
6,62,9.0
7,62,3.0
8,62,4.0
9,62,2.0
10,62,2.0
11,62,8.0
12,62,16.0
13,62,23.0
14,62,27.0
15,62,35.0
16,62,37.0
17,62,38.0
18,62,35.0
19,62,31.0
20,62,38.0
21,62,30.0
22,62,30.0
23,62,19.0
24,62,33.0
25,62,11.0
26,62,23.0
27,62,22.0
28,62,21.0
29,62,14.0
30,62,10.0
31,62,5.0
32,62,8.0
33,62,8.0
34,62,15.0
35,62,29.0
36,62,35.0
37,62,37.0
38,62,37.0
39,62,40.0
40,62,36.0
41,62,38.0
42,62,40.0
43,62,16.0
44,62,42.0
45,62,42.0
46,62,41.0
47,62,42.0
48,62,43.0
49,62,43.0
50,62,43.0
51,62,44.0
52,62,42.0
53,62,33.0
54,62,17.0
55,62,20.0
56,62,21.0
57,62,25.0
58,62,23.0
59,62,17.0
60,62,13.0
61,62,8.0
62,62,37.0
63,62,43.0
64,62,42.0
65,62,42.0
66,62,42.0
67,62,42.0
68,62,43.0
69,62,43.0
70,62,44.0
71,62,44.0
72,62,46.0
73,62,40.0
74,62,23.0
75,62,34.0
76,62,28.0
77,62,27.0
78,62,28.0
79,62,25.0
80,62,12.0
81,62,12.0
82,62,4.0
83,62,12.0
84,62,17.0
85,62,1.0
86,62,5.0
87,62,11.0
88,62,6.0
89,62,14.0
90,62,28.0
91,62,31.0
92,62,28.0
93,62,17.0
94,62,32.0
95,62,40.0
96,62,41.0
97,62,41.0
98,62,37.0
99,62,36.0
100,62,37.0
1,63,16.0
2,63,9.0
3,63,16.0
4,63,8.0
5,63,8.0
6,63,8.0
7,63,12.0
8,63,8.0
9,63,1.0
10,63,6.0
11,63,15.0
12,63,12.0
13,63,18.0
14,63,29.0
15,63,30.0
16,63,31.0
17,63,31.0
18,63,35.0
19,63,34.0
20,63,39.0
21,63,33.0
22,63,32.0
23,63,24.0
24,63,29.0
25,63,23.0
26,63,16.0
27,63,12.0
28,63,12.0
29,63,27.0
30,63,8.0
31,63,12.0
32,63,14.0
33,63,20.0
34,63,27.0
35,63,34.0
36,63,40.0
37,63,40.0
38,63,38.0
39,63,40.0
40,63,39.0
41,63,40.0
42,63,41.0
43,63,40.0
44,63,40.0
45,63,41.0
46,63,42.0
47,63,42.0
48,63,42.0
49,63,43.0
50,63,43.0
51,63,45.0
52,63,43.0
53,63,25.0
54,63,22.0
55,63,14.0
56,63,13.0
57,63,12.0
58,63,26.0
59,63,18.0
60,63,12.0
61,63,13.0
62,63,13.0
63,63,39.0
64,63,42.0
65,63,42.0
66,63,42.0
67,63,43.0
68,63,44.0
69,63,43.0
70,63,43.0
71,63,43.0
72,63,44.0
73,63,40.0
74,63,24.0
75,63,28.0
76,63,23.0
77,63,38.0
78,63,26.0
79,63,23.0
80,63,10.0
81,63,11.0
82,63,16.0
83,63,9.0
84,63,17.0
85,63,3.0
86,63,3.0
87,63,11.0
88,63,6.0
89,63,24.0
90,63,29.0
91,63,38.0
92,63,33.0
93,63,31.0
94,63,28.0
95,63,36.0
96,63,40.0
97,63,41.0
98,63,39.0
99,63,34.0
100,63,33.0
1,64,31.0
2,64,11.0
3,64,11.0
4,64,7.0
5,64,2.0
6,64,4.0
7,64,6.0
8,64,7.0
9,64,6.0
10,64,6.0
11,64,8.0
12,64,2.0
13,64,12.0
14,64,26.0
15,64,26.0
16,64,15.0
17,64,20.0
18,64,25.0
19,64,31.0
20,64,36.0
21,64,31.0
22,64,35.0
23,64,35.0
24,64,29.0
25,64,9.0
26,64,16.0
27,64,19.0
28,64,23.0
29,64,31.0
30,64,27.0
31,64,25.0
32,64,23.0
33,64,32.0
34,64,39.0
35,64,35.0
36,64,41.0
37,64,41.0
38,64,41.0
39,64,41.0
40,64,41.0
41,64,41.0
42,64,40.0
43,64,40.0
44,64,40.0
45,64,40.0
46,64,42.0
47,64,41.0
48,64,41.0
49,64,41.0
50,64,42.0
51,64,44.0
52,64,42.0
53,64,43.0
54,64,13.0
55,64,9.0
56,64,11.0
57,64,9.0
58,64,13.0
59,64,17.0
60,64,5.0
61,64,2.0
62,64,18.0
63,64,39.0
64,64,45.0
65,64,44.0
66,64,42.0
67,64,42.0
68,64,42.0
69,64,43.0
70,64,44.0
71,64,43.0
72,64,42.0
73,64,40.0
74,64,6.0
75,64,17.0
76,64,19.0
77,64,28.0
78,64,30.0
79,64,29.0
80,64,9.0
81,64,2.0
82,64,8.0
83,64,11.0
84,64,13.0
85,64,2.0
86,64,1.0
87,64,3.0
88,64,6.0
89,64,20.0
90,64,24.0
91,64,36.0
92,64,31.0
93,64,29.0
94,64,36.0
95,64,40.0
96,64,39.0
97,64,40.0
98,64,41.0
99,64,27.0
100,64,19.0
1,65,16.0
2,65,8.0
3,65,7.0
4,65,16.0
5,65,6.0
6,65,4.0
7,65,7.0
8,65,22.0
9,65,18.0
10,65,31.0
11,65,24.0
12,65,5.0
13,65,14.0
14,65,23.0
15,65,37.0
16,65,17.0
17,65,24.0
18,65,30.0
19,65,39.0
20,65,36.0
21,65,30.0
22,65,30.0
23,65,39.0
24,65,36.0
25,65,27.0
26,65,14.0
27,65,27.0
28,65,21.0
29,65,38.0
30,65,21.0
31,65,20.0
32,65,21.0
33,65,18.0
34,65,38.0
35,65,34.0
36,65,36.0
37,65,41.0
38,65,41.0
39,65,41.0
40,65,41.0
41,65,41.0
42,65,41.0
43,65,41.0
44,65,41.0
45,65,41.0
46,65,41.0
47,65,41.0
48,65,41.0
49,65,41.0
50,65,42.0
51,65,44.0
52,65,44.0
53,65,43.0
54,65,16.0
55,65,8.0
56,65,9.0
57,65,5.0
58,65,14.0
59,65,12.0
60,65,1.0
61,65,1.0
62,65,3.0
63,65,17.0
64,65,39.0
65,65,44.0
66,65,42.0
67,65,43.0
68,65,42.0
69,65,47.0
70,65,46.0
71,65,44.0
72,65,45.0
73,65,39.0
74,65,6.0
75,65,11.0
76,65,9.0
77,65,20.0
78,65,28.0
79,65,30.0
80,65,21.0
81,65,7.0
82,65,5.0
83,65,9.0
84,65,18.0
85,65,9.0
86,65,8.0
87,65,12.0
88,65,33.0
89,65,34.0
90,65,40.0
91,65,39.0
92,65,41.0
93,65,41.0
94,65,41.0
95,65,41.0
96,65,41.0
97,65,41.0
98,65,36.0
99,65,16.0
100,65,11.0
1,66,4.0
2,66,0.0
3,66,0.0
4,66,8.0
5,66,3.0
6,66,7.0
7,66,14.0
8,66,28.0
9,66,17.0
10,66,20.0
11,66,35.0
12,66,14.0
13,66,18.0
14,66,24.0
15,66,32.0
16,66,19.0
17,66,27.0
18,66,18.0
19,66,31.0
20,66,17.0
21,66,12.0
22,66,20.0
23,66,33.0
24,66,33.0
25,66,12.0
26,66,10.0
27,66,22.0
28,66,26.0
29,66,31.0
30,66,17.0
31,66,5.0
32,66,21.0
33,66,32.0
34,66,39.0
35,66,28.0
36,66,34.0
37,66,33.0
38,66,35.0
39,66,35.0
40,66,35.0
41,66,35.0
42,66,35.0
43,66,35.0
44,66,35.0
45,66,35.0
46,66,41.0
47,66,41.0
48,66,41.0
49,66,42.0
50,66,42.0
51,66,45.0
52,66,44.0
53,66,43.0
54,66,38.0
55,66,19.0
56,66,19.0
57,66,13.0
58,66,3.0
59,66,2.0
60,66,3.0
61,66,12.0
62,66,6.0
63,66,6.0
64,66,38.0
65,66,44.0
66,66,42.0
67,66,43.0
68,66,42.0
69,66,44.0
70,66,47.0
71,66,45.0
72,66,44.0
73,66,15.0
74,66,19.0
75,66,16.0
76,66,14.0
77,66,11.0
78,66,19.0
79,66,17.0
80,66,17.0
81,66,15.0
82,66,12.0
83,66,13.0
84,66,14.0
85,66,10.0
86,66,18.0
87,66,22.0
88,66,24.0
89,66,33.0
90,66,41.0
91,66,41.0
92,66,41.0
93,66,41.0
94,66,41.0
95,66,41.0
96,66,37.0
97,66,32.0
98,66,23.0
99,66,5.0
100,66,5.0
1,67,0.0
2,67,4.0
3,67,2.0
4,67,2.0
5,67,0.0
6,67,3.0
7,67,6.0
8,67,18.0
9,67,22.0
10,67,21.0
11,67,23.0
12,67,26.0
13,67,24.0
14,67,9.0
15,67,9.0
16,67,22.0
17,67,16.0
18,67,15.0
19,67,13.0
20,67,26.0
21,67,5.0
22,67,26.0
23,67,30.0
24,67,18.0
25,67,4.0
26,67,10.0
27,67,22.0
28,67,20.0
29,67,19.0
30,67,11.0
31,67,10.0
32,67,11.0
33,67,28.0
34,67,37.0
35,67,31.0
36,67,22.0
37,67,33.0
38,67,28.0
39,67,28.0
40,67,28.0
41,67,28.0
42,67,28.0
43,67,28.0
44,67,28.0
45,67,28.0
46,67,43.0
47,67,41.0
48,67,41.0
49,67,41.0
50,67,42.0
51,67,44.0
52,67,43.0
53,67,44.0
54,67,38.0
55,67,25.0
56,67,5.0
57,67,6.0
58,67,1.0
59,67,1.0
60,67,1.0
61,67,4.0
62,67,7.0
63,67,6.0
64,67,32.0
65,67,43.0
66,67,42.0
67,67,42.0
68,67,43.0
69,67,45.0
70,67,45.0
71,67,46.0
72,67,12.0
73,67,30.0
74,67,24.0
75,67,31.0
76,67,22.0
77,67,14.0
78,67,20.0
79,67,14.0
80,67,17.0
81,67,17.0
82,67,13.0
83,67,10.0
84,67,14.0
85,67,20.0
86,67,23.0
87,67,12.0
88,67,33.0
89,67,37.0
90,67,40.0
91,67,40.0
92,67,40.0
93,67,38.0
94,67,40.0
95,67,39.0
96,67,33.0
97,67,32.0
98,67,13.0
99,67,10.0
100,67,10.0
1,68,0.0
2,68,1.0
3,68,1.0
4,68,1.0
5,68,1.0
6,68,2.0
7,68,12.0
8,68,20.0
9,68,27.0
10,68,24.0
11,68,29.0
12,68,20.0
13,68,22.0
14,68,26.0
15,68,33.0
16,68,21.0
17,68,14.0
18,68,6.0
19,68,15.0
20,68,17.0
21,68,10.0
22,68,15.0
23,68,17.0
24,68,8.0
25,68,3.0
26,68,9.0
27,68,22.0
28,68,15.0
29,68,16.0
30,68,4.0
31,68,5.0
32,68,8.0
33,68,24.0
34,68,39.0
35,68,38.0
36,68,32.0
37,68,38.0
38,68,37.0
39,68,37.0
40,68,37.0
41,68,37.0
42,68,37.0
43,68,37.0
44,68,37.0
45,68,37.0
46,68,42.0
47,68,42.0
48,68,42.0
49,68,42.0
50,68,42.0
51,68,43.0
52,68,42.0
53,68,42.0
54,68,40.0
55,68,7.0
56,68,6.0
57,68,3.0
58,68,0.0
59,68,3.0
60,68,0.0
61,68,1.0
62,68,6.0
63,68,6.0
64,68,43.0
65,68,42.0
66,68,42.0
67,68,44.0
68,68,42.0
69,68,44.0
70,68,48.0
71,68,39.0
72,68,16.0
73,68,28.0
74,68,24.0
75,68,28.0
76,68,17.0
77,68,25.0
78,68,22.0
79,68,31.0
80,68,23.0
81,68,25.0
82,68,19.0
83,68,24.0
84,68,30.0
85,68,27.0
86,68,18.0
87,68,13.0
88,68,39.0
89,68,36.0
90,68,37.0
91,68,40.0
92,68,40.0
93,68,39.0
94,68,39.0
95,68,35.0
96,68,29.0
97,68,24.0
98,68,15.0
99,68,11.0
100,68,9.0
1,69,0.0
2,69,1.0
3,69,1.0
4,69,1.0
5,69,1.0
6,69,2.0
7,69,3.0
8,69,13.0
9,69,19.0
10,69,15.0
11,69,34.0
12,69,16.0
13,69,31.0
14,69,31.0
15,69,33.0
16,69,28.0
17,69,8.0
18,69,4.0
19,69,13.0
20,69,22.0
21,69,25.0
22,69,25.0
23,69,13.0
24,69,12.0
25,69,16.0
26,69,13.0
27,69,21.0
28,69,22.0
29,69,28.0
30,69,3.0
31,69,4.0
32,69,8.0
33,69,30.0
34,69,37.0
35,69,35.0
36,69,38.0
37,69,39.0
38,69,39.0
39,69,41.0
40,69,41.0
41,69,41.0
42,69,41.0
43,69,41.0
44,69,41.0
45,69,41.0
46,69,41.0
47,69,42.0
48,69,42.0
49,69,43.0
50,69,42.0
51,69,42.0
52,69,41.0
53,69,43.0
54,69,43.0
55,69,13.0
56,69,2.0
57,69,2.0
58,69,1.0
59,69,2.0
60,69,2.0
61,69,0.0
62,69,0.0
63,69,3.0
64,69,43.0
65,69,42.0
66,69,43.0
67,69,43.0
68,69,44.0
69,69,43.0
70,69,47.0
71,69,29.0
72,69,23.0
73,69,27.0
74,69,26.0
75,69,19.0
76,69,18.0
77,69,22.0
78,69,29.0
79,69,34.0
80,69,36.0
81,69,30.0
82,69,31.0
83,69,21.0
84,69,25.0
85,69,11.0
86,69,24.0
87,69,21.0
88,69,32.0
89,69,38.0
90,69,39.0
91,69,36.0
92,69,38.0
93,69,35.0
94,69,32.0
95,69,35.0
96,69,24.0
97,69,26.0
98,69,11.0
99,69,12.0
100,69,13.0
1,70,0.0
2,70,0.0
3,70,1.0
4,70,1.0
5,70,0.0
6,70,0.0
7,70,1.0
8,70,4.0
9,70,11.0
10,70,19.0
11,70,20.0
12,70,20.0
13,70,13.0
14,70,15.0
15,70,15.0
16,70,17.0
17,70,9.0
18,70,3.0
19,70,11.0
20,70,10.0
21,70,13.0
22,70,13.0
23,70,11.0
24,70,13.0
25,70,13.0
26,70,24.0
27,70,23.0
28,70,23.0
29,70,17.0
30,70,6.0
31,70,9.0
32,70,17.0
33,70,27.0
34,70,28.0
35,70,35.0
36,70,34.0
37,70,39.0
38,70,41.0
39,70,41.0
40,70,41.0
41,70,41.0
42,70,41.0
43,70,41.0
44,70,41.0
45,70,41.0
46,70,41.0
47,70,42.0
48,70,41.0
49,70,43.0
50,70,43.0
51,70,42.0
52,70,40.0
53,70,41.0
54,70,41.0
55,70,39.0
56,70,10.0
57,70,1.0
58,70,0.0
59,70,0.0
60,70,0.0
61,70,0.0
62,70,0.0
63,70,39.0
64,70,44.0
65,70,45.0
66,70,44.0
67,70,43.0
68,70,43.0
69,70,44.0
70,70,21.0
71,70,26.0
72,70,20.0
73,70,32.0
74,70,31.0
75,70,25.0
76,70,14.0
77,70,16.0
78,70,37.0
79,70,22.0
80,70,32.0
81,70,31.0
82,70,28.0
83,70,36.0
84,70,36.0
85,70,28.0
86,70,24.0
87,70,32.0
88,70,32.0
89,70,35.0
90,70,37.0
91,70,40.0
92,70,39.0
93,70,40.0
94,70,35.0
95,70,40.0
96,70,35.0
97,70,28.0
98,70,8.0
99,70,13.0
100,70,16.0
1,71,6.0
2,71,2.0
3,71,0.0
4,71,0.0
5,71,0.0
6,71,1.0
7,71,3.0
8,71,1.0
9,71,4.0
10,71,5.0
11,71,25.0
12,71,20.0
13,71,15.0
14,71,16.0
15,71,1.0
16,71,6.0
17,71,12.0
18,71,14.0
19,71,10.0
20,71,9.0
21,71,15.0
22,71,15.0
23,71,17.0
24,71,18.0
25,71,24.0
26,71,26.0
27,71,22.0
28,71,19.0
29,71,16.0
30,71,5.0
31,71,9.0
32,71,7.0
33,71,23.0
34,71,37.0
35,71,38.0
36,71,39.0
37,71,39.0
38,71,40.0
39,71,41.0
40,71,41.0
41,71,41.0
42,71,41.0
43,71,41.0
44,71,41.0
45,71,41.0
46,71,34.0
47,71,42.0
48,71,43.0
49,71,42.0
50,71,43.0
51,71,42.0
52,71,41.0
53,71,41.0
54,71,41.0
55,71,39.0
56,71,11.0
57,71,2.0
58,71,4.0
59,71,2.0
60,71,1.0
61,71,0.0
62,71,42.0
63,71,44.0
64,71,43.0
65,71,43.0
66,71,43.0
67,71,43.0
68,71,46.0
69,71,20.0
70,71,19.0
71,71,26.0
72,71,33.0
73,71,23.0
74,71,21.0
75,71,19.0
76,71,8.0
77,71,9.0
78,71,38.0
79,71,36.0
80,71,26.0
81,71,36.0
82,71,27.0
83,71,30.0
84,71,18.0
85,71,23.0
86,71,32.0
87,71,39.0
88,71,39.0
89,71,36.0
90,71,37.0
91,71,37.0
92,71,34.0
93,71,40.0
94,71,39.0
95,71,39.0
96,71,37.0
97,71,38.0
98,71,25.0
99,71,19.0
100,71,23.0
1,72,18.0
2,72,1.0
3,72,0.0
4,72,1.0
5,72,0.0
6,72,0.0
7,72,1.0
8,72,2.0
9,72,1.0
10,72,11.0
11,72,20.0
12,72,13.0
13,72,18.0
14,72,24.0
15,72,5.0
16,72,1.0
17,72,0.0
18,72,0.0
19,72,5.0
20,72,6.0
21,72,13.0
22,72,15.0
23,72,23.0
24,72,16.0
25,72,29.0
26,72,32.0
27,72,29.0
28,72,17.0
29,72,15.0
30,72,1.0
31,72,3.0
32,72,13.0
33,72,30.0
34,72,39.0
35,72,38.0
36,72,38.0
37,72,40.0
38,72,41.0
39,72,41.0
40,72,41.0
41,72,41.0
42,72,39.0
43,72,39.0
44,72,39.0
45,72,39.0
46,72,37.0
47,72,41.0
48,72,42.0
49,72,42.0
50,72,43.0
51,72,43.0
52,72,42.0
53,72,41.0
54,72,41.0
55,72,40.0
56,72,11.0
57,72,4.0
58,72,6.0
59,72,6.0
60,72,7.0
61,72,2.0
62,72,42.0
63,72,43.0
64,72,43.0
65,72,42.0
66,72,42.0
67,72,44.0
68,72,40.0
69,72,23.0
70,72,20.0
71,72,26.0
72,72,10.0
73,72,15.0
74,72,10.0
75,72,16.0
76,72,3.0
77,72,12.0
78,72,34.0
79,72,34.0
80,72,32.0
81,72,39.0
82,72,34.0
83,72,35.0
84,72,32.0
85,72,29.0
86,72,32.0
87,72,32.0
88,72,36.0
89,72,38.0
90,72,37.0
91,72,40.0
92,72,38.0
93,72,35.0
94,72,39.0
95,72,36.0
96,72,38.0
97,72,39.0
98,72,34.0
99,72,37.0
100,72,34.0
1,73,2.0
2,73,0.0
3,73,0.0
4,73,0.0
5,73,0.0
6,73,0.0
7,73,0.0
8,73,1.0
9,73,1.0
10,73,3.0
11,73,4.0
12,73,5.0
13,73,5.0
14,73,2.0
15,73,0.0
16,73,0.0
17,73,0.0
18,73,0.0
19,73,2.0
20,73,4.0
21,73,6.0
22,73,25.0
23,73,33.0
24,73,27.0
25,73,28.0
26,73,31.0
27,73,33.0
28,73,35.0
29,73,21.0
30,73,10.0
31,73,12.0
32,73,17.0
33,73,26.0
34,73,34.0
35,73,26.0
36,73,35.0
37,73,40.0
38,73,40.0
39,73,41.0
40,73,40.0
41,73,41.0
42,73,38.0
43,73,38.0
44,73,41.0
45,73,38.0
46,73,39.0
47,73,42.0
48,73,42.0
49,73,43.0
50,73,42.0
51,73,42.0
52,73,42.0
53,73,41.0
54,73,41.0
55,73,40.0
56,73,11.0
57,73,4.0
58,73,5.0
59,73,8.0
60,73,14.0
61,73,42.0
62,73,43.0
63,73,43.0
64,73,43.0
65,73,43.0
66,73,42.0
67,73,40.0
68,73,9.0
69,73,30.0
70,73,25.0
71,73,31.0
72,73,30.0
73,73,18.0
74,73,22.0
75,73,6.0
76,73,5.0
77,73,15.0
78,73,24.0
79,73,24.0
80,73,36.0
81,73,37.0
82,73,34.0
83,73,36.0
84,73,40.0
85,73,37.0
86,73,37.0
87,73,36.0
88,73,32.0
89,73,33.0
90,73,38.0
91,73,40.0
92,73,41.0
93,73,41.0
94,73,36.0
95,73,32.0
96,73,34.0
97,73,27.0
98,73,36.0
99,73,36.0
100,73,32.0
1,74,1.0
2,74,1.0
3,74,2.0
4,74,2.0
5,74,5.0
6,74,1.0
7,74,1.0
8,74,1.0
9,74,0.0
10,74,2.0
11,74,3.0
12,74,0.0
13,74,0.0
14,74,6.0
15,74,0.0
16,74,0.0
17,74,0.0
18,74,0.0
19,74,1.0
20,74,11.0
21,74,7.0
22,74,18.0
23,74,28.0
24,74,22.0
25,74,15.0
26,74,26.0
27,74,27.0
28,74,30.0
29,74,24.0
30,74,16.0
31,74,13.0
32,74,22.0
33,74,11.0
34,74,28.0
35,74,36.0
36,74,36.0
37,74,29.0
38,74,34.0
39,74,36.0
40,74,36.0
41,74,41.0
42,74,41.0
43,74,34.0
44,74,36.0
45,74,36.0
46,74,37.0
47,74,43.0
48,74,42.0
49,74,42.0
50,74,42.0
51,74,42.0
52,74,41.0
53,74,42.0
54,74,42.0
55,74,42.0
56,74,5.0
57,74,4.0
58,74,7.0
59,74,7.0
60,74,40.0
61,74,42.0
62,74,43.0
63,74,43.0
64,74,44.0
65,74,42.0
66,74,22.0
67,74,33.0
68,74,29.0
69,74,26.0
70,74,22.0
71,74,21.0
72,74,18.0
73,74,13.0
74,74,28.0
75,74,22.0
76,74,12.0
77,74,26.0
78,74,26.0
79,74,24.0
80,74,26.0
81,74,37.0
82,74,25.0
83,74,32.0
84,74,39.0
85,74,40.0
86,74,37.0
87,74,34.0
88,74,35.0
89,74,36.0
90,74,41.0
91,74,39.0
92,74,40.0
93,74,40.0
94,74,40.0
95,74,38.0
96,74,37.0
97,74,25.0
98,74,36.0
99,74,35.0
100,74,34.0
1,75,3.0
2,75,2.0
3,75,14.0
4,75,13.0
5,75,3.0
6,75,1.0
7,75,2.0
8,75,1.0
9,75,1.0
10,75,3.0
11,75,1.0
12,75,0.0
13,75,0.0
14,75,2.0
15,75,0.0
16,75,0.0
17,75,0.0
18,75,0.0
19,75,0.0
20,75,8.0
21,75,19.0
22,75,33.0
23,75,36.0
24,75,34.0
25,75,28.0
26,75,23.0
27,75,26.0
28,75,25.0
29,75,16.0
30,75,34.0
31,75,14.0
32,75,12.0
33,75,15.0
34,75,31.0
35,75,37.0
36,75,36.0
37,75,36.0
38,75,37.0
39,75,33.0
40,75,32.0
41,75,38.0
42,75,41.0
43,75,37.0
44,75,38.0
45,75,35.0
46,75,26.0
47,75,41.0
48,75,42.0
49,75,42.0
50,75,42.0
51,75,42.0
52,75,42.0
53,75,43.0
54,75,41.0
55,75,42.0
56,75,1.0
57,75,1.0
58,75,1.0
59,75,40.0
60,75,42.0
61,75,42.0
62,75,42.0
63,75,43.0
64,75,44.0
65,75,40.0
66,75,18.0
67,75,32.0
68,75,31.0
69,75,20.0
70,75,21.0
71,75,32.0
72,75,30.0
73,75,25.0
74,75,33.0
75,75,32.0
76,75,22.0
77,75,30.0
78,75,26.0
79,75,36.0
80,75,35.0
81,75,38.0
82,75,28.0
83,75,32.0
84,75,40.0
85,75,36.0
86,75,40.0
87,75,35.0
88,75,37.0
89,75,38.0
90,75,40.0
91,75,41.0
92,75,41.0
93,75,41.0
94,75,41.0
95,75,40.0
96,75,38.0
97,75,25.0
98,75,28.0
99,75,33.0
100,75,33.0
1,76,3.0
2,76,7.0
3,76,4.0
4,76,1.0
5,76,0.0
6,76,1.0
7,76,3.0
8,76,2.0
9,76,0.0
10,76,3.0
11,76,1.0
12,76,1.0
13,76,0.0
14,76,0.0
15,76,0.0
16,76,0.0
17,76,0.0
18,76,0.0
19,76,4.0
20,76,8.0
21,76,23.0
22,76,25.0
23,76,39.0
24,76,39.0
25,76,31.0
26,76,29.0
27,76,20.0
28,76,17.0
29,76,10.0
30,76,21.0
31,76,13.0
32,76,6.0
33,76,3.0
34,76,12.0
35,76,28.0
36,76,32.0
37,76,35.0
38,76,33.0
39,76,33.0
40,76,32.0
41,76,37.0
42,76,40.0
43,76,40.0
44,76,32.0
45,76,38.0
46,76,26.0
47,76,40.0
48,76,43.0
49,76,41.0
50,76,42.0
51,76,41.0
52,76,42.0
53,76,42.0
54,76,37.0
55,76,40.0
56,76,5.0
57,76,3.0
58,76,40.0
59,76,42.0
60,76,42.0
61,76,42.0
62,76,42.0
63,76,43.0
64,76,39.0
65,76,9.0
66,76,21.0
67,76,39.0
68,76,40.0
69,76,32.0
70,76,30.0
71,76,31.0
72,76,31.0
73,76,19.0
74,76,27.0
75,76,26.0
76,76,23.0
77,76,36.0
78,76,37.0
79,76,35.0
80,76,38.0
81,76,40.0
82,76,39.0
83,76,36.0
84,76,29.0
85,76,38.0
86,76,34.0
87,76,38.0
88,76,39.0
89,76,41.0
90,76,40.0
91,76,41.0
92,76,41.0
93,76,41.0
94,76,41.0
95,76,39.0
96,76,27.0
97,76,25.0
98,76,24.0
99,76,27.0
100,76,36.0
1,77,6.0
2,77,4.0
3,77,2.0
4,77,0.0
5,77,1.0
6,77,6.0
7,77,5.0
8,77,4.0
9,77,3.0
10,77,2.0
11,77,2.0
12,77,1.0
13,77,0.0
14,77,0.0
15,77,0.0
16,77,0.0
17,77,0.0
18,77,2.0
19,77,7.0
20,77,12.0
21,77,14.0
22,77,29.0
23,77,35.0
24,77,37.0
25,77,36.0
26,77,25.0
27,77,31.0
28,77,26.0
29,77,6.0
30,77,11.0
31,77,7.0
32,77,7.0
33,77,9.0
34,77,17.0
35,77,21.0
36,77,30.0
37,77,29.0
38,77,30.0
39,77,24.0
40,77,41.0
41,77,34.0
42,77,34.0
43,77,24.0
44,77,33.0
45,77,28.0
46,77,39.0
47,77,42.0
48,77,43.0
49,77,41.0
50,77,41.0
51,77,42.0
52,77,42.0
53,77,41.0
54,77,40.0
55,77,5.0
56,77,4.0
57,77,40.0
58,77,42.0
59,77,42.0
60,77,42.0
61,77,41.0
62,77,41.0
63,77,44.0
64,77,6.0
65,77,17.0
66,77,16.0
67,77,31.0
68,77,38.0
69,77,38.0
70,77,34.0
71,77,31.0
72,77,34.0
73,77,30.0
74,77,22.0
75,77,31.0
76,77,30.0
77,77,33.0
78,77,40.0
79,77,41.0
80,77,40.0
81,77,40.0
82,77,39.0
83,77,37.0
84,77,37.0
85,77,37.0
86,77,39.0
87,77,41.0
88,77,36.0
89,77,41.0
90,77,41.0
91,77,41.0
92,77,40.0
93,77,41.0
94,77,41.0
95,77,38.0
96,77,18.0
97,77,16.0
98,77,29.0
99,77,35.0
100,77,35.0
1,78,0.0
2,78,1.0
3,78,0.0
4,78,1.0
5,78,1.0
6,78,3.0
7,78,1.0
8,78,1.0
9,78,4.0
10,78,8.0
11,78,4.0
12,78,2.0
13,78,1.0
14,78,0.0
15,78,0.0
16,78,0.0
17,78,6.0
18,78,8.0
19,78,15.0
20,78,19.0
21,78,24.0
22,78,19.0
23,78,36.0
24,78,33.0
25,78,33.0
26,78,21.0
27,78,22.0
28,78,13.0
29,78,20.0
30,78,14.0
31,78,4.0
32,78,9.0
33,78,8.0
34,78,20.0
35,78,16.0
36,78,17.0
37,78,24.0
38,78,28.0
39,78,34.0
40,78,39.0
41,78,32.0
42,78,22.0
43,78,21.0
44,78,18.0
45,78,21.0
46,78,17.0
47,78,43.0
48,78,41.0
49,78,41.0
50,78,40.0
51,78,41.0
52,78,41.0
53,78,42.0
54,78,40.0
55,78,12.0
56,78,40.0
57,78,43.0
58,78,44.0
59,78,43.0
60,78,42.0
61,78,42.0
62,78,42.0
63,78,23.0
64,78,18.0
65,78,10.0
66,78,28.0
67,78,25.0
68,78,20.0
69,78,15.0
70,78,25.0
71,78,35.0
72,78,28.0
73,78,35.0
74,78,35.0
75,78,34.0
76,78,37.0
77,78,38.0
78,78,40.0
79,78,41.0
80,78,40.0
81,78,40.0
82,78,40.0
83,78,39.0
84,78,38.0
85,78,35.0
86,78,34.0
87,78,34.0
88,78,25.0
89,78,35.0
90,78,34.0
91,78,30.0
92,78,31.0
93,78,34.0
94,78,32.0
95,78,32.0
96,78,20.0
97,78,23.0
98,78,32.0
99,78,26.0
100,78,31.0
1,79,0.0
2,79,0.0
3,79,0.0
4,79,1.0
5,79,2.0
6,79,0.0
7,79,4.0
8,79,3.0
9,79,4.0
10,79,3.0
11,79,1.0
12,79,2.0
13,79,3.0
14,79,6.0
15,79,8.0
16,79,9.0
17,79,7.0
18,79,18.0
19,79,12.0
20,79,15.0
21,79,18.0
22,79,25.0
23,79,34.0
24,79,31.0
25,79,30.0
26,79,32.0
27,79,12.0
28,79,9.0
29,79,5.0
30,79,5.0
31,79,1.0
32,79,4.0
33,79,7.0
34,79,18.0
35,79,20.0
36,79,17.0
37,79,23.0
38,79,32.0
39,79,38.0
40,79,27.0
41,79,19.0
42,79,13.0
43,79,25.0
44,79,11.0
45,79,37.0
46,79,43.0
47,79,41.0
48,79,41.0
49,79,41.0
50,79,40.0
51,79,42.0
52,79,42.0
53,79,41.0
54,79,1.0
55,79,39.0
56,79,41.0
57,79,42.0
58,79,45.0
59,79,44.0
60,79,44.0
61,79,43.0
62,79,39.0
63,79,25.0
64,79,12.0
65,79,26.0
66,79,18.0
67,79,22.0
68,79,12.0
69,79,6.0
70,79,25.0
71,79,19.0
72,79,16.0
73,79,36.0
74,79,39.0
75,79,38.0
76,79,39.0
77,79,36.0
78,79,39.0
79,79,39.0
80,79,41.0
81,79,36.0
82,79,38.0
83,79,39.0
84,79,40.0
85,79,36.0
86,79,37.0
87,79,37.0
88,79,22.0
89,79,30.0
90,79,35.0
91,79,37.0
92,79,33.0
93,79,25.0
94,79,29.0
95,79,35.0
96,79,20.0
97,79,15.0
98,79,26.0
99,79,39.0
100,79,33.0
1,80,0.0
2,80,0.0
3,80,0.0
4,80,0.0
5,80,2.0
6,80,4.0
7,80,6.0
8,80,9.0
9,80,2.0
10,80,1.0
11,80,1.0
12,80,11.0
13,80,11.0
14,80,13.0
15,80,13.0
16,80,6.0
17,80,9.0
18,80,18.0
19,80,19.0
20,80,29.0
21,80,26.0
22,80,15.0
23,80,34.0
24,80,28.0
25,80,26.0
26,80,33.0
27,80,15.0
28,80,8.0
29,80,6.0
30,80,13.0
31,80,1.0
32,80,2.0
33,80,8.0
34,80,6.0
35,80,15.0
36,80,18.0
37,80,22.0
38,80,29.0
39,80,39.0
40,80,31.0
41,80,18.0
42,80,18.0
43,80,10.0
44,80,19.0
45,80,38.0
46,80,43.0
47,80,42.0
48,80,42.0
49,80,41.0
50,80,41.0
51,80,41.0
52,80,42.0
53,80,39.0
54,80,39.0
55,80,40.0
56,80,43.0
57,80,43.0
58,80,45.0
59,80,42.0
60,80,44.0
61,80,44.0
62,80,1.0
63,80,2.0
64,80,3.0
65,80,7.0
66,80,10.0
67,80,20.0
68,80,14.0
69,80,3.0
70,80,21.0
71,80,31.0
72,80,23.0
73,80,29.0
74,80,34.0
75,80,41.0
76,80,38.0
77,80,39.0
78,80,35.0
79,80,39.0
80,80,34.0
81,80,35.0
82,80,34.0
83,80,27.0
84,80,36.0
85,80,30.0
86,80,31.0
87,80,32.0
88,80,27.0
89,80,32.0
90,80,26.0
91,80,31.0
92,80,33.0
93,80,24.0
94,80,32.0
95,80,17.0
96,80,17.0
97,80,29.0
98,80,25.0
99,80,38.0
100,80,37.0
1,81,0.0
2,81,0.0
3,81,8.0
4,81,2.0
5,81,2.0
6,81,10.0
7,81,2.0
8,81,6.0
9,81,4.0
10,81,2.0
11,81,6.0
12,81,15.0
13,81,19.0
14,81,20.0
15,81,5.0
16,81,4.0
17,81,6.0
18,81,9.0
19,81,28.0
20,81,29.0
21,81,33.0
22,81,23.0
23,81,32.0
24,81,24.0
25,81,13.0
26,81,14.0
27,81,8.0
28,81,0.0
29,81,6.0
30,81,12.0
31,81,5.0
32,81,5.0
33,81,20.0
34,81,9.0
35,81,5.0
36,81,18.0
37,81,12.0
38,81,18.0
39,81,31.0
40,81,13.0
41,81,29.0
42,81,12.0
43,81,10.0
44,81,37.0
45,81,42.0
46,81,42.0
47,81,42.0
48,81,43.0
49,81,41.0
50,81,41.0
51,81,42.0
52,81,43.0
53,81,2.0
54,81,41.0
55,81,40.0
56,81,42.0
57,81,42.0
58,81,42.0
59,81,43.0
60,81,43.0
61,81,2.0
62,81,2.0
63,81,0.0
64,81,1.0
65,81,1.0
66,81,16.0
67,81,26.0
68,81,34.0
69,81,22.0
70,81,27.0
71,81,28.0
72,81,30.0
73,81,29.0
74,81,37.0
75,81,36.0
76,81,38.0
77,81,35.0
78,81,37.0
79,81,39.0
80,81,35.0
81,81,28.0
82,81,32.0
83,81,27.0
84,81,27.0
85,81,37.0
86,81,21.0
87,81,27.0
88,81,18.0
89,81,24.0
90,81,34.0
91,81,20.0
92,81,31.0
93,81,22.0
94,81,32.0
95,81,26.0
96,81,20.0
97,81,22.0
98,81,10.0
99,81,21.0
100,81,39.0
1,82,0.0
2,82,0.0
3,82,3.0
4,82,4.0
5,82,2.0
6,82,0.0
7,82,0.0
8,82,2.0
9,82,2.0
10,82,4.0
11,82,6.0
12,82,5.0
13,82,19.0
14,82,14.0
15,82,7.0
16,82,21.0
17,82,8.0
18,82,12.0
19,82,17.0
20,82,28.0
21,82,21.0
22,82,16.0
23,82,14.0
24,82,18.0
25,82,14.0
26,82,15.0
27,82,2.0
28,82,2.0
29,82,4.0
30,82,7.0
31,82,10.0
32,82,15.0
33,82,18.0
34,82,23.0
35,82,24.0
36,82,23.0
37,82,20.0
38,82,19.0
39,82,18.0
40,82,17.0
41,82,18.0
42,82,18.0
43,82,9.0
44,82,10.0
45,82,42.0
46,82,42.0
47,82,41.0
48,82,43.0
49,82,41.0
50,82,42.0
51,82,43.0
52,82,40.0
53,82,39.0
54,82,41.0
55,82,39.0
56,82,41.0
57,82,42.0
58,82,43.0
59,82,44.0
60,82,40.0
61,82,2.0
62,82,1.0
63,82,0.0
64,82,0.0
65,82,0.0
66,82,3.0
67,82,8.0
68,82,22.0
69,82,34.0
70,82,37.0
71,82,35.0
72,82,33.0
73,82,27.0
74,82,30.0
75,82,31.0
76,82,31.0
77,82,35.0
78,82,34.0
79,82,33.0
80,82,33.0
81,82,32.0
82,82,30.0
83,82,17.0
84,82,30.0
85,82,35.0
86,82,33.0
87,82,22.0
88,82,26.0
89,82,24.0
90,82,31.0
91,82,32.0
92,82,30.0
93,82,26.0
94,82,31.0
95,82,31.0
96,82,30.0
97,82,28.0
98,82,19.0
99,82,15.0
100,82,28.0
1,83,1.0
2,83,0.0
3,83,1.0
4,83,2.0
5,83,4.0
6,83,3.0
7,83,1.0
8,83,3.0
9,83,1.0
10,83,5.0
11,83,9.0
12,83,4.0
13,83,13.0
14,83,24.0
15,83,13.0
16,83,19.0
17,83,16.0
18,83,22.0
19,83,26.0
20,83,28.0
21,83,17.0
22,83,14.0
23,83,25.0
24,83,9.0
25,83,2.0
26,83,6.0
27,83,1.0
28,83,6.0
29,83,6.0
30,83,9.0
31,83,9.0
32,83,8.0
33,83,8.0
34,83,24.0
35,83,22.0
36,83,13.0
37,83,15.0
38,83,14.0
39,83,22.0
40,83,36.0
41,83,32.0
42,83,34.0
43,83,36.0
44,83,43.0
45,83,43.0
46,83,41.0
47,83,42.0
48,83,42.0
49,83,41.0
50,83,43.0
51,83,42.0
52,83,1.0
53,83,41.0
54,83,41.0
55,83,41.0
56,83,43.0
57,83,43.0
58,83,42.0
59,83,43.0
60,83,1.0
61,83,6.0
62,83,0.0
63,83,3.0
64,83,4.0
65,83,3.0
66,83,8.0
67,83,10.0
68,83,26.0
69,83,28.0
70,83,36.0
71,83,30.0
72,83,36.0
73,83,32.0
74,83,18.0
75,83,30.0
76,83,29.0
77,83,38.0
78,83,41.0
79,83,36.0
80,83,36.0
81,83,35.0
82,83,31.0
83,83,36.0
84,83,38.0
85,83,38.0
86,83,34.0
87,83,34.0
88,83,32.0
89,83,23.0
90,83,23.0
91,83,18.0
92,83,23.0
93,83,27.0
94,83,35.0
95,83,37.0
96,83,25.0
97,83,27.0
98,83,22.0
99,83,16.0
100,83,28.0
1,84,10.0
2,84,1.0
3,84,0.0
4,84,1.0
5,84,1.0
6,84,1.0
7,84,2.0
8,84,4.0
9,84,5.0
10,84,4.0
11,84,7.0
12,84,8.0
13,84,11.0
14,84,28.0
15,84,17.0
16,84,19.0
17,84,31.0
18,84,27.0
19,84,19.0
20,84,26.0
21,84,15.0
22,84,21.0
23,84,14.0
24,84,7.0
25,84,1.0
26,84,5.0
27,84,4.0
28,84,3.0
29,84,8.0
30,84,12.0
31,84,14.0
32,84,11.0
33,84,21.0
34,84,14.0
35,84,25.0
36,84,16.0
37,84,24.0
38,84,24.0
39,84,31.0
40,84,22.0
41,84,24.0
42,84,20.0
43,84,25.0
44,84,44.0
45,84,44.0
46,84,43.0
47,84,41.0
48,84,42.0
49,84,42.0
50,84,42.0
51,84,40.0
52,84,41.0
53,84,39.0
54,84,39.0
55,84,41.0
56,84,42.0
57,84,42.0
58,84,42.0
59,84,39.0
60,84,11.0
61,84,14.0
62,84,4.0
63,84,12.0
64,84,12.0
65,84,24.0
66,84,19.0
67,84,8.0
68,84,23.0
69,84,19.0
70,84,31.0
71,84,36.0
72,84,38.0
73,84,35.0
74,84,20.0
75,84,25.0
76,84,35.0
77,84,36.0
78,84,36.0
79,84,39.0
80,84,40.0
81,84,35.0
82,84,31.0
83,84,36.0
84,84,36.0
85,84,36.0
86,84,28.0
87,84,31.0
88,84,26.0
89,84,19.0
90,84,25.0
91,84,34.0
92,84,33.0
93,84,31.0
94,84,36.0
95,84,31.0
96,84,36.0
97,84,36.0
98,84,37.0
99,84,25.0
100,84,32.0
1,85,6.0
2,85,4.0
3,85,2.0
4,85,0.0
5,85,2.0
6,85,11.0
7,85,3.0
8,85,9.0
9,85,13.0
10,85,15.0
11,85,7.0
12,85,21.0
13,85,28.0
14,85,31.0
15,85,23.0
16,85,29.0
17,85,34.0
18,85,28.0
19,85,19.0
20,85,13.0
21,85,14.0
22,85,15.0
23,85,14.0
24,85,17.0
25,85,1.0
26,85,0.0
27,85,4.0
28,85,10.0
29,85,6.0
30,85,24.0
31,85,17.0
32,85,20.0
33,85,15.0
34,85,16.0
35,85,15.0
36,85,11.0
37,85,34.0
38,85,28.0
39,85,9.0
40,85,22.0
41,85,18.0
42,85,18.0
43,85,38.0
44,85,43.0
45,85,43.0
46,85,42.0
47,85,42.0
48,85,42.0
49,85,42.0
50,85,42.0
51,85,40.0
52,85,41.0
53,85,41.0
54,85,40.0
55,85,42.0
56,85,42.0
57,85,42.0
58,85,42.0
59,85,23.0
60,85,34.0
61,85,22.0
62,85,18.0
63,85,11.0
64,85,28.0
65,85,31.0
66,85,28.0
67,85,5.0
68,85,19.0
69,85,16.0
70,85,22.0
71,85,21.0
72,85,35.0
73,85,31.0
74,85,13.0
75,85,6.0
76,85,12.0
77,85,34.0
78,85,34.0
79,85,39.0
80,85,39.0
81,85,39.0
82,85,40.0
83,85,40.0
84,85,38.0
85,85,33.0
86,85,12.0
87,85,24.0
88,85,28.0
89,85,19.0
90,85,30.0
91,85,34.0
92,85,39.0
93,85,35.0
94,85,23.0
95,85,28.0
96,85,21.0
97,85,28.0
98,85,30.0
99,85,36.0
100,85,30.0
1,86,13.0
2,86,6.0
3,86,2.0
4,86,9.0
5,86,9.0
6,86,4.0
7,86,5.0
8,86,16.0
9,86,22.0
10,86,18.0
11,86,25.0
12,86,31.0
13,86,29.0
14,86,33.0
15,86,29.0
16,86,20.0
17,86,31.0
18,86,33.0
19,86,30.0
20,86,33.0
21,86,28.0
22,86,7.0
23,86,10.0
24,86,13.0
25,86,5.0
26,86,4.0
27,86,8.0
28,86,5.0
29,86,13.0
30,86,16.0
31,86,13.0
32,86,24.0
33,86,10.0
34,86,13.0
35,86,17.0
36,86,14.0
37,86,17.0
38,86,32.0
39,86,28.0
40,86,26.0
41,86,29.0
42,86,38.0
43,86,43.0
44,86,43.0
45,86,43.0
46,86,43.0
47,86,42.0
48,86,42.0
49,86,41.0
50,86,41.0
51,86,42.0
52,86,42.0
53,86,41.0
54,86,41.0
55,86,41.0
56,86,42.0
57,86,43.0
58,86,39.0
59,86,28.0
60,86,35.0
61,86,17.0
62,86,14.0
63,86,15.0
64,86,21.0
65,86,19.0
66,86,24.0
67,86,13.0
68,86,13.0
69,86,20.0
70,86,21.0
71,86,25.0
72,86,30.0
73,86,31.0
74,86,15.0
75,86,9.0
76,86,10.0
77,86,25.0
78,86,23.0
79,86,32.0
80,86,30.0
81,86,38.0
82,86,40.0
83,86,37.0
84,86,39.0
85,86,34.0
86,86,31.0
87,86,34.0
88,86,28.0
89,86,21.0
90,86,28.0
91,86,22.0
92,86,37.0
93,86,35.0
94,86,27.0
95,86,15.0
96,86,25.0
97,86,30.0
98,86,38.0
99,86,36.0
100,86,29.0
1,87,27.0
2,87,25.0
3,87,13.0
4,87,13.0
5,87,13.0
6,87,15.0
7,87,27.0
8,87,30.0
9,87,29.0
10,87,35.0
11,87,28.0
12,87,35.0
13,87,33.0
14,87,33.0
15,87,27.0
16,87,32.0
17,87,35.0
18,87,34.0
19,87,29.0
20,87,19.0
21,87,19.0
22,87,16.0
23,87,7.0
24,87,18.0
25,87,11.0
26,87,4.0
27,87,2.0
28,87,8.0
29,87,5.0
30,87,14.0
31,87,10.0
32,87,24.0
33,87,14.0
34,87,21.0
35,87,18.0
36,87,31.0
37,87,22.0
38,87,31.0
39,87,35.0
40,87,33.0
41,87,29.0
42,87,34.0
43,87,43.0
44,87,43.0
45,87,41.0
46,87,42.0
47,87,42.0
48,87,42.0
49,87,40.0
50,87,39.0
51,87,37.0
52,87,42.0
53,87,41.0
54,87,42.0
55,87,42.0
56,87,42.0
57,87,44.0
58,87,40.0
59,87,30.0
60,87,37.0
61,87,33.0
62,87,19.0
63,87,30.0
64,87,32.0
65,87,26.0
66,87,31.0
67,87,22.0
68,87,19.0
69,87,29.0
70,87,21.0
71,87,18.0
72,87,26.0
73,87,19.0
74,87,16.0
75,87,16.0
76,87,18.0
77,87,20.0
78,87,20.0
79,87,37.0
80,87,36.0
81,87,39.0
82,87,35.0
83,87,37.0
84,87,34.0
85,87,35.0
86,87,28.0
87,87,26.0
88,87,34.0
89,87,33.0
90,87,35.0
91,87,24.0
92,87,34.0
93,87,29.0
94,87,25.0
95,87,16.0
96,87,24.0
97,87,31.0
98,87,31.0
99,87,33.0
100,87,18.0
1,88,21.0
2,88,14.0
3,88,18.0
4,88,19.0
5,88,15.0
6,88,6.0
7,88,32.0
8,88,33.0
9,88,40.0
10,88,35.0
11,88,40.0
12,88,39.0
13,88,40.0
14,88,37.0
15,88,30.0
16,88,37.0
17,88,23.0
18,88,20.0
19,88,36.0
20,88,31.0
21,88,25.0
22,88,35.0
23,88,26.0
24,88,16.0
25,88,11.0
26,88,11.0
27,88,2.0
28,88,4.0
29,88,15.0
30,88,32.0
31,88,17.0
32,88,26.0
33,88,12.0
34,88,16.0
35,88,23.0
36,88,27.0
37,88,33.0
38,88,28.0
39,88,23.0
40,88,31.0
41,88,35.0
42,88,42.0
43,88,42.0
44,88,43.0
45,88,42.0
46,88,42.0
47,88,43.0
48,88,41.0
49,88,41.0
50,88,38.0
51,88,40.0
52,88,42.0
53,88,42.0
54,88,41.0
55,88,43.0
56,88,43.0
57,88,44.0
58,88,40.0
59,88,34.0
60,88,40.0
61,88,40.0
62,88,31.0
63,88,25.0
64,88,30.0
65,88,27.0
66,88,20.0
67,88,19.0
68,88,23.0
69,88,20.0
70,88,23.0
71,88,18.0
72,88,23.0
73,88,23.0
74,88,14.0
75,88,21.0
76,88,12.0
77,88,31.0
78,88,29.0
79,88,32.0
80,88,31.0
81,88,31.0
82,88,35.0
83,88,25.0
84,88,30.0
85,88,30.0
86,88,25.0
87,88,29.0
88,88,14.0
89,88,16.0
90,88,19.0
91,88,23.0
92,88,33.0
93,88,34.0
94,88,27.0
95,88,14.0
96,88,21.0
97,88,17.0
98,88,25.0
99,88,34.0
100,88,29.0
1,89,23.0
2,89,31.0
3,89,26.0
4,89,33.0
5,89,23.0
6,89,30.0
7,89,36.0
8,89,38.0
9,89,36.0
10,89,40.0
11,89,41.0
12,89,40.0
13,89,41.0
14,89,35.0
15,89,32.0
16,89,31.0
17,89,33.0
18,89,38.0
19,89,38.0
20,89,34.0
21,89,36.0
22,89,20.0
23,89,17.0
24,89,12.0
25,89,6.0
26,89,5.0
27,89,4.0
28,89,3.0
29,89,19.0
30,89,24.0
31,89,29.0
32,89,12.0
33,89,2.0
34,89,6.0
35,89,25.0
36,89,19.0
37,89,27.0
38,89,23.0
39,89,17.0
40,89,12.0
41,89,29.0
42,89,42.0
43,89,42.0
44,89,44.0
45,89,42.0
46,89,43.0
47,89,42.0
48,89,41.0
49,89,41.0
50,89,38.0
51,89,41.0
52,89,42.0
53,89,42.0
54,89,42.0
55,89,41.0
56,89,43.0
57,89,44.0
58,89,44.0
59,89,25.0
60,89,33.0
61,89,35.0
62,89,34.0
63,89,26.0
64,89,28.0
65,89,27.0
66,89,34.0
67,89,32.0
68,89,24.0
69,89,27.0
70,89,20.0
71,89,21.0
72,89,40.0
73,89,34.0
74,89,25.0
75,89,13.0
76,89,19.0
77,89,26.0
78,89,35.0
79,89,34.0
80,89,25.0
81,89,21.0
82,89,26.0
83,89,32.0
84,89,24.0
85,89,19.0
86,89,11.0
87,89,17.0
88,89,20.0
89,89,22.0
90,89,32.0
91,89,35.0
92,89,36.0
93,89,36.0
94,89,35.0
95,89,26.0
96,89,27.0
97,89,34.0
98,89,17.0
99,89,25.0
100,89,22.0
1,90,30.0
2,90,29.0
3,90,28.0
4,90,37.0
5,90,40.0
6,90,36.0
7,90,41.0
8,90,41.0
9,90,36.0
10,90,39.0
11,90,40.0
12,90,36.0
13,90,37.0
14,90,34.0
15,90,40.0
16,90,41.0
17,90,35.0
18,90,35.0
19,90,29.0
20,90,34.0
21,90,33.0
22,90,34.0
23,90,22.0
24,90,25.0
25,90,31.0
26,90,20.0
27,90,6.0
28,90,0.0
29,90,5.0
30,90,9.0
31,90,17.0
32,90,16.0
33,90,2.0
34,90,1.0
35,90,10.0
36,90,14.0
37,90,14.0
38,90,9.0
39,90,1.0
40,90,15.0
41,90,5.0
42,90,43.0
43,90,42.0
44,90,42.0
45,90,42.0
46,90,42.0
47,90,42.0
48,90,41.0
49,90,41.0
50,90,40.0
51,90,41.0
52,90,41.0
53,90,43.0
54,90,41.0
55,90,43.0
56,90,43.0
57,90,46.0
58,90,44.0
59,90,42.0
60,90,34.0
61,90,35.0
62,90,32.0
63,90,29.0
64,90,28.0
65,90,38.0
66,90,35.0
67,90,33.0
68,90,26.0
69,90,34.0
70,90,27.0
71,90,30.0
72,90,16.0
73,90,19.0
74,90,15.0
75,90,18.0
76,90,7.0
77,90,16.0
78,90,19.0
79,90,32.0
80,90,29.0
81,90,12.0
82,90,27.0
83,90,25.0
84,90,26.0
85,90,26.0
86,90,24.0
87,90,24.0
88,90,36.0
89,90,34.0
90,90,25.0
91,90,34.0
92,90,38.0
93,90,41.0
94,90,37.0
95,90,30.0
96,90,30.0
97,90,34.0
98,90,28.0
99,90,20.0
100,90,15.0
1,91,34.0
2,91,34.0
3,91,34.0
4,91,35.0
5,91,36.0
6,91,37.0
7,91,34.0
8,91,35.0
9,91,40.0
10,91,40.0
11,91,41.0
12,91,39.0
13,91,38.0
14,91,33.0
15,91,36.0
16,91,32.0
17,91,23.0
18,91,27.0
19,91,34.0
20,91,35.0
21,91,36.0
22,91,31.0
23,91,17.0
24,91,34.0
25,91,19.0
26,91,12.0
27,91,9.0
28,91,4.0
29,91,5.0
30,91,3.0
31,91,16.0
32,91,7.0
33,91,3.0
34,91,3.0
35,91,6.0
36,91,7.0
37,91,3.0
38,91,11.0
39,91,18.0
40,91,29.0
41,91,26.0
42,91,42.0
43,91,42.0
44,91,41.0
45,91,42.0
46,91,42.0
47,91,42.0
48,91,43.0
49,91,41.0
50,91,42.0
51,91,41.0
52,91,42.0
53,91,43.0
54,91,41.0
55,91,43.0
56,91,44.0
57,91,44.0
58,91,44.0
59,91,44.0
60,91,40.0
61,91,35.0
62,91,26.0
63,91,15.0
64,91,19.0
65,91,38.0
66,91,38.0
67,91,33.0
68,91,33.0
69,91,29.0
70,91,31.0
71,91,18.0
72,91,15.0
73,91,24.0
74,91,12.0
75,91,20.0
76,91,8.0
77,91,22.0
78,91,30.0
79,91,28.0
80,91,20.0
81,91,20.0
82,91,22.0
83,91,19.0
84,91,30.0
85,91,19.0
86,91,12.0
87,91,23.0
88,91,30.0
89,91,34.0
90,91,35.0
91,91,38.0
92,91,32.0
93,91,39.0
94,91,37.0
95,91,37.0
96,91,37.0
97,91,36.0
98,91,21.0
99,91,22.0
100,91,13.0
1,92,40.0
2,92,40.0
3,92,39.0
4,92,37.0
5,92,37.0
6,92,27.0
7,92,22.0
8,92,39.0
9,92,40.0
10,92,40.0
11,92,41.0
12,92,37.0
13,92,40.0
14,92,39.0
15,92,37.0
16,92,23.0
17,92,25.0
18,92,18.0
19,92,21.0
20,92,36.0
21,92,31.0
22,92,35.0
23,92,30.0
24,92,24.0
25,92,26.0
26,92,14.0
27,92,11.0
28,92,5.0
29,92,5.0
30,92,11.0
31,92,11.0
32,92,20.0
33,92,7.0
34,92,15.0
35,92,17.0
36,92,11.0
37,92,3.0
38,92,16.0
39,92,22.0
40,92,32.0
41,92,42.0
42,92,42.0
43,92,42.0
44,92,42.0
45,92,42.0
46,92,43.0
47,92,43.0
48,92,43.0
49,92,41.0
50,92,42.0
51,92,41.0
52,92,42.0
53,92,42.0
54,92,43.0
55,92,43.0
56,92,43.0
57,92,44.0
58,92,45.0
59,92,45.0
60,92,42.0
61,92,44.0
62,92,40.0
63,92,40.0
64,92,36.0
65,92,36.0
66,92,36.0
67,92,40.0
68,92,41.0
69,92,38.0
70,92,38.0
71,92,31.0
72,92,24.0
73,92,29.0
74,92,23.0
75,92,12.0
76,92,14.0
77,92,9.0
78,92,13.0
79,92,12.0
80,92,21.0
81,92,13.0
82,92,21.0
83,92,12.0
84,92,19.0
85,92,13.0
86,92,6.0
87,92,25.0
88,92,34.0
89,92,37.0
90,92,33.0
91,92,35.0
92,92,37.0
93,92,37.0
94,92,26.0
95,92,26.0
96,92,36.0
97,92,40.0
98,92,35.0
99,92,33.0
100,92,11.0
1,93,38.0
2,93,38.0
3,93,39.0
4,93,39.0
5,93,41.0
6,93,38.0
7,93,37.0
8,93,41.0
9,93,41.0
10,93,40.0
11,93,35.0
12,93,40.0
13,93,37.0
14,93,35.0
15,93,34.0
16,93,20.0
17,93,28.0
18,93,27.0
19,93,29.0
20,93,29.0
21,93,30.0
22,93,37.0
23,93,30.0
24,93,29.0
25,93,23.0
26,93,19.0
27,93,4.0
28,93,9.0
29,93,5.0
30,93,22.0
31,93,10.0
32,93,16.0
33,93,24.0
34,93,29.0
35,93,23.0
36,93,14.0
37,93,6.0
38,93,14.0
39,93,14.0
40,93,31.0
41,93,37.0
42,93,42.0
43,93,41.0
44,93,43.0
45,93,42.0
46,93,41.0
47,93,43.0
48,93,41.0
49,93,42.0
50,93,39.0
51,93,42.0
52,93,42.0
53,93,42.0
54,93,42.0
55,93,43.0
56,93,44.0
57,93,46.0
58,93,45.0
59,93,45.0
60,93,44.0
61,93,44.0
62,93,44.0
63,93,45.0
64,93,40.0
65,93,40.0
66,93,41.0
67,93,41.0
68,93,41.0
69,93,40.0
70,93,38.0
71,93,37.0
72,93,23.0
73,93,32.0
74,93,29.0
75,93,21.0
76,93,11.0
77,93,9.0
78,93,11.0
79,93,22.0
80,93,19.0
81,93,20.0
82,93,27.0
83,93,24.0
84,93,16.0
85,93,28.0
86,93,19.0
87,93,35.0
88,93,36.0
89,93,19.0
90,93,21.0
91,93,29.0
92,93,36.0
93,93,35.0
94,93,36.0
95,93,37.0
96,93,32.0
97,93,36.0
98,93,35.0
99,93,29.0
100,93,20.0
1,94,17.0
2,94,29.0
3,94,33.0
4,94,31.0
5,94,27.0
6,94,25.0
7,94,33.0
8,94,38.0
9,94,36.0
10,94,38.0
11,94,36.0
12,94,31.0
13,94,34.0
14,94,32.0
15,94,30.0
16,94,23.0
17,94,19.0
18,94,22.0
19,94,31.0
20,94,31.0
21,94,23.0
22,94,21.0
23,94,18.0
24,94,23.0
25,94,18.0
26,94,19.0
27,94,9.0
28,94,9.0
29,94,6.0
30,94,11.0
31,94,14.0
32,94,33.0
33,94,34.0
34,94,25.0
35,94,25.0
36,94,9.0
37,94,14.0
38,94,17.0
39,94,20.0
40,94,27.0
41,94,36.0
42,94,42.0
43,94,41.0
44,94,43.0
45,94,42.0
46,94,42.0
47,94,42.0
48,94,42.0
49,94,42.0
50,94,40.0
51,94,40.0
52,94,42.0
53,94,42.0
54,94,42.0
55,94,43.0
56,94,44.0
57,94,47.0
58,94,45.0
59,94,45.0
60,94,43.0
61,94,44.0
62,94,45.0
63,94,44.0
64,94,44.0
65,94,46.0
66,94,47.0
67,94,41.0
68,94,40.0
69,94,41.0
70,94,41.0
71,94,40.0
72,94,37.0
73,94,26.0
74,94,27.0
75,94,25.0
76,94,19.0
77,94,21.0
78,94,5.0
79,94,17.0
80,94,12.0
81,94,16.0
82,94,28.0
83,94,21.0
84,94,30.0
85,94,32.0
86,94,20.0
87,94,23.0
88,94,13.0
89,94,19.0
90,94,19.0
91,94,31.0
92,94,40.0
93,94,31.0
94,94,35.0
95,94,37.0
96,94,33.0
97,94,34.0
98,94,34.0
99,94,21.0
100,94,17.0
1,95,17.0
2,95,31.0
3,95,37.0
4,95,38.0
5,95,34.0
6,95,26.0
7,95,32.0
8,95,38.0
9,95,30.0
10,95,24.0
11,95,24.0
12,95,24.0
13,95,35.0
14,95,32.0
15,95,26.0
16,95,18.0
17,95,27.0
18,95,35.0
19,95,31.0
20,95,19.0
21,95,18.0
22,95,8.0
23,95,11.0
24,95,8.0
25,95,22.0
26,95,9.0
27,95,5.0
28,95,5.0
29,95,4.0
30,95,5.0
31,95,7.0
32,95,10.0
33,95,36.0
34,95,29.0
35,95,27.0
36,95,20.0
37,95,26.0
38,95,11.0
39,95,26.0
40,95,19.0
41,95,38.0
42,95,42.0
43,95,41.0
44,95,42.0
45,95,42.0
46,95,43.0
47,95,42.0
48,95,41.0
49,95,42.0
50,95,42.0
51,95,38.0
52,95,39.0
53,95,42.0
54,95,41.0
55,95,44.0
56,95,44.0
57,95,45.0
58,95,44.0
59,95,44.0
60,95,44.0
61,95,44.0
62,95,44.0
63,95,44.0
64,95,45.0
65,95,46.0
66,95,46.0
67,95,46.0
68,95,46.0
69,95,45.0
70,95,45.0
71,95,37.0
72,95,38.0
73,95,35.0
74,95,34.0
75,95,14.0
76,95,11.0
77,95,11.0
78,95,7.0
79,95,13.0
80,95,8.0
81,95,18.0
82,95,18.0
83,95,30.0
84,95,14.0
85,95,17.0
86,95,25.0
87,95,27.0
88,95,21.0
89,95,9.0
90,95,26.0
91,95,37.0
92,95,34.0
93,95,28.0
94,95,33.0
95,95,36.0
96,95,36.0
97,95,36.0
98,95,26.0
99,95,39.0
100,95,23.0
1,96,11.0
2,96,23.0
3,96,34.0
4,96,34.0
5,96,32.0
6,96,35.0
7,96,28.0
8,96,33.0
9,96,25.0
10,96,24.0
11,96,31.0
12,96,31.0
13,96,26.0
14,96,32.0
15,96,24.0
16,96,12.0
17,96,14.0
18,96,25.0
19,96,22.0
20,96,27.0
21,96,21.0
22,96,6.0
23,96,8.0
24,96,10.0
25,96,8.0
26,96,4.0
27,96,3.0
28,96,6.0
29,96,1.0
30,96,0.0
31,96,6.0
32,96,15.0
33,96,15.0
34,96,20.0
35,96,27.0
36,96,25.0
37,96,14.0
38,96,21.0
39,96,20.0
40,96,20.0
41,96,21.0
42,96,42.0
43,96,41.0
44,96,42.0
45,96,44.0
46,96,42.0
47,96,42.0
48,96,42.0
49,96,41.0
50,96,42.0
51,96,42.0
52,96,39.0
53,96,17.0
54,96,39.0
55,96,39.0
56,96,45.0
57,96,44.0
58,96,43.0
59,96,44.0
60,96,44.0
61,96,43.0
62,96,47.0
63,96,46.0
64,96,46.0
65,96,44.0
66,96,46.0
67,96,46.0
68,96,48.0
69,96,47.0
70,96,46.0
71,96,44.0
72,96,45.0
73,96,47.0
74,96,37.0
75,96,47.0
76,96,11.0
77,96,15.0
78,96,8.0
79,96,9.0
80,96,21.0
81,96,20.0
82,96,20.0
83,96,14.0
84,96,28.0
85,96,22.0
86,96,9.0
87,96,29.0
88,96,12.0
89,96,11.0
90,96,25.0
91,96,22.0
92,96,29.0
93,96,28.0
94,96,38.0
95,96,31.0
96,96,37.0
97,96,37.0
98,96,38.0
99,96,37.0
100,96,31.0
1,97,1.0
2,97,9.0
3,97,18.0
4,97,26.0
5,97,26.0
6,97,31.0
7,97,19.0
8,97,20.0
9,97,10.0
10,97,14.0
11,97,24.0
12,97,25.0
13,97,21.0
14,97,34.0
15,97,20.0
16,97,21.0
17,97,11.0
18,97,10.0
19,97,18.0
20,97,14.0
21,97,18.0
22,97,9.0
23,97,1.0
24,97,7.0
25,97,7.0
26,97,12.0
27,97,9.0
28,97,5.0
29,97,3.0
30,97,5.0
31,97,16.0
32,97,16.0
33,97,15.0
34,97,24.0
35,97,37.0
36,97,31.0
37,97,25.0
38,97,24.0
39,97,14.0
40,97,31.0
41,97,38.0
42,97,39.0
43,97,42.0
44,97,43.0
45,97,43.0
46,97,44.0
47,97,43.0
48,97,42.0
49,97,42.0
50,97,43.0
51,97,44.0
52,97,39.0
53,97,39.0
54,97,28.0
55,97,20.0
56,97,14.0
57,97,44.0
58,97,43.0
59,97,44.0
60,97,43.0
61,97,42.0
62,97,44.0
63,97,44.0
64,97,46.0
65,97,46.0
66,97,46.0
67,97,46.0
68,97,48.0
69,97,48.0
70,97,45.0
71,97,45.0
72,97,44.0
73,97,45.0
74,97,47.0
75,97,46.0
76,97,48.0
77,97,48.0
78,97,36.0
79,97,18.0
80,97,14.0
81,97,13.0
82,97,18.0
83,97,9.0
84,97,22.0
85,97,19.0
86,97,21.0
87,97,7.0
88,97,12.0
89,97,14.0
90,97,27.0
91,97,33.0
92,97,31.0
93,97,29.0
94,97,29.0
95,97,35.0
96,97,37.0
97,97,32.0
98,97,40.0
99,97,35.0
100,97,37.0
1,98,1.0
2,98,5.0
3,98,8.0
4,98,17.0
5,98,10.0
6,98,19.0
7,98,29.0
8,98,21.0
9,98,12.0
10,98,8.0
11,98,29.0
12,98,13.0
13,98,12.0
14,98,15.0
15,98,4.0
16,98,7.0
17,98,1.0
18,98,12.0
19,98,25.0
20,98,22.0
21,98,15.0
22,98,9.0
23,98,9.0
24,98,15.0
25,98,28.0
26,98,22.0
27,98,11.0
28,98,3.0
29,98,1.0
30,98,3.0
31,98,18.0
32,98,13.0
33,98,22.0
34,98,20.0
35,98,28.0
36,98,28.0
37,98,19.0
38,98,13.0
39,98,11.0
40,98,20.0
41,98,28.0
42,98,27.0
43,98,40.0
44,98,43.0
45,98,43.0
46,98,43.0
47,98,43.0
48,98,43.0
49,98,43.0
50,98,43.0
51,98,43.0
52,98,44.0
53,98,38.0
54,98,10.0
55,98,8.0
56,98,19.0
57,98,33.0
58,98,35.0
59,98,37.0
60,98,35.0
61,98,39.0
62,98,43.0
63,98,43.0
64,98,43.0
65,98,45.0
66,98,48.0
67,98,46.0
68,98,46.0
69,98,48.0
70,98,48.0
71,98,46.0
72,98,47.0
73,98,46.0
74,98,46.0
75,98,47.0
76,98,49.0
77,98,48.0
78,98,45.0
79,98,44.0
80,98,35.0
81,98,10.0
82,98,3.0
83,98,19.0
84,98,26.0
85,98,15.0
86,98,9.0
87,98,10.0
88,98,12.0
89,98,22.0
90,98,23.0
91,98,27.0
92,98,33.0
93,98,22.0
94,98,36.0
95,98,35.0
96,98,40.0
97,98,30.0
98,98,39.0
99,98,36.0
100,98,21.0
1,99,1.0
2,99,4.0
3,99,1.0
4,99,3.0
5,99,12.0
6,99,12.0
7,99,22.0
8,99,23.0
9,99,21.0
10,99,5.0
11,99,7.0
12,99,7.0
13,99,9.0
14,99,3.0
15,99,1.0
16,99,0.0
17,99,1.0
18,99,18.0
19,99,23.0
20,99,16.0
21,99,5.0
22,99,10.0
23,99,6.0
24,99,13.0
25,99,20.0
26,99,32.0
27,99,21.0
28,99,13.0
29,99,10.0
30,99,8.0
31,99,17.0
32,99,28.0
33,99,34.0
34,99,22.0
35,99,23.0
36,99,26.0
37,99,9.0
38,99,8.0
39,99,17.0
40,99,16.0
41,99,28.0
42,99,29.0
43,99,39.0
44,99,42.0
45,99,44.0
46,99,43.0
47,99,43.0
48,99,43.0
49,99,43.0
50,99,42.0
51,99,43.0
52,99,45.0
53,99,39.0
54,99,37.0
55,99,17.0
56,99,32.0
57,99,35.0
58,99,39.0
59,99,41.0
60,99,40.0
61,99,37.0
62,99,34.0
63,99,37.0
64,99,39.0
65,99,33.0
66,99,45.0
67,99,45.0
68,99,46.0
69,99,45.0
70,99,46.0
71,99,47.0
72,99,48.0
73,99,48.0
74,99,48.0
75,99,48.0
76,99,48.0
77,99,47.0
78,99,46.0
79,99,45.0
80,99,36.0
81,99,36.0
82,99,5.0
83,99,6.0
84,99,17.0
85,99,8.0
86,99,17.0
87,99,11.0
88,99,19.0
89,99,25.0
90,99,20.0
91,99,30.0
92,99,27.0
93,99,32.0
94,99,22.0
95,99,24.0
96,99,21.0
97,99,28.0
98,99,29.0
99,99,27.0
100,99,29.0
1,100,0.0
2,100,2.0
3,100,4.0
4,100,2.0
5,100,9.0
6,100,18.0
7,100,22.0
8,100,14.0
9,100,13.0
10,100,4.0
11,100,1.0
12,100,4.0
13,100,5.0
14,100,0.0
15,100,0.0
16,100,0.0
17,100,1.0
18,100,12.0
19,100,15.0
20,100,11.0
21,100,12.0
22,100,19.0
23,100,25.0
24,100,28.0
25,100,20.0
26,100,10.0
27,100,7.0
28,100,11.0
29,100,16.0
30,100,30.0
31,100,31.0
32,100,32.0
33,100,31.0
34,100,18.0
35,100,29.0
36,100,16.0
37,100,20.0
38,100,15.0
39,100,16.0
40,100,18.0
41,100,7.0
42,100,17.0
43,100,13.0
44,100,38.0
45,100,43.0
46,100,42.0
47,100,44.0
48,100,43.0
49,100,44.0
50,100,43.0
51,100,44.0
52,100,45.0
53,100,46.0
54,100,38.0
55,100,20.0
56,100,29.0
57,100,27.0
58,100,37.0
59,100,40.0
60,100,39.0
61,100,34.0
62,100,37.0
63,100,36.0
64,100,35.0
65,100,37.0
66,100,34.0
67,100,28.0
68,100,25.0
69,100,38.0
70,100,45.0
71,100,47.0
72,100,46.0
73,100,47.0
74,100,48.0
75,100,49.0
76,100,49.0
77,100,48.0
78,100,47.0
79,100,44.0
80,100,46.0
81,100,33.0
82,100,32.0
83,100,20.0
84,100,10.0
85,100,8.0
86,100,17.0
87,100,11.0
88,100,9.0
89,100,14.0
90,100,15.0
91,100,25.0
92,100,22.0
93,100,30.0
94,100,32.0
95,100,30.0
96,100,19.0
97,100,22.0
98,100,17.0
99,100,7.0
100,100,24.0
1,101,0.0
2,101,2.0
3,101,5.0
4,101,12.0
5,101,15.0
6,101,18.0
7,101,20.0
8,101,17.0
9,101,17.0
10,101,11.0
11,101,6.0
12,101,5.0
13,101,7.0
14,101,1.0
15,101,1.0
16,101,0.0
17,101,2.0
18,101,6.0
19,101,11.0
20,101,8.0
21,101,5.0
22,101,16.0
23,101,17.0
24,101,23.0
25,101,18.0
26,101,14.0
27,101,9.0
28,101,6.0
29,101,8.0
30,101,18.0
31,101,32.0
32,101,33.0
33,101,17.0
34,101,13.0
35,101,22.0
36,101,14.0
37,101,21.0
38,101,14.0
39,101,12.0
40,101,18.0
41,101,18.0
42,101,24.0
43,101,17.0
44,101,13.0
45,101,40.0
46,101,44.0
47,101,44.0
48,101,43.0
49,101,44.0
50,101,44.0
51,101,44.0
52,101,45.0
53,101,46.0
54,101,44.0
55,101,40.0
56,101,37.0
57,101,32.0
58,101,29.0
59,101,39.0
60,101,36.0
61,101,36.0
62,101,39.0
63,101,38.0
64,101,40.0
65,101,31.0
66,101,37.0
67,101,15.0
68,101,17.0
69,101,25.0
70,101,39.0
71,101,47.0
72,101,48.0
73,101,46.0
74,101,48.0
75,101,49.0
76,101,46.0
77,101,45.0
78,101,48.0
79,101,47.0
80,101,47.0
81,101,46.0
82,101,47.0
83,101,24.0
84,101,23.0
85,101,13.0
86,101,22.0
87,101,11.0
88,101,18.0
89,101,13.0
90,101,24.0
91,101,25.0
92,101,19.0
93,101,28.0
94,101,25.0
95,101,26.0
96,101,25.0
97,101,20.0
98,101,3.0
99,101,4.0
100,101,4.0
1,102,0.0
2,102,3.0
3,102,8.0
4,102,18.0
5,102,25.0
6,102,9.0
7,102,10.0
8,102,15.0
9,102,11.0
10,102,13.0
11,102,8.0
12,102,1.0
13,102,0.0
14,102,2.0
15,102,0.0
16,102,1.0
17,102,4.0
18,102,4.0
19,102,11.0
20,102,4.0
21,102,19.0
22,102,30.0
23,102,22.0
24,102,15.0
25,102,22.0
26,102,9.0
27,102,16.0
28,102,9.0
29,102,10.0
30,102,23.0
31,102,37.0
32,102,27.0
33,102,24.0
34,102,12.0
35,102,10.0
36,102,18.0
37,102,17.0
38,102,12.0
39,102,25.0
40,102,17.0
41,102,26.0
42,102,38.0
43,102,20.0
44,102,6.0
45,102,12.0
46,102,44.0
47,102,42.0
48,102,43.0
49,102,43.0
50,102,44.0
51,102,43.0
52,102,44.0
53,102,44.0
54,102,44.0
55,102,37.0
56,102,29.0
57,102,28.0
58,102,32.0
59,102,31.0
60,102,37.0
61,102,33.0
62,102,38.0
63,102,32.0
64,102,36.0
65,102,30.0
66,102,30.0
67,102,26.0
68,102,25.0
69,102,27.0
70,102,23.0
71,102,39.0
72,102,48.0
73,102,47.0
74,102,49.0
75,102,48.0
76,102,47.0
77,102,48.0
78,102,45.0
79,102,47.0
80,102,47.0
81,102,46.0
82,102,44.0
83,102,39.0
84,102,14.0
85,102,4.0
86,102,23.0
87,102,8.0
88,102,22.0
89,102,28.0
90,102,25.0
91,102,27.0
92,102,10.0
93,102,22.0
94,102,30.0
95,102,30.0
96,102,23.0
97,102,3.0
98,102,2.0
99,102,2.0
100,102,6.0
1,103,3.0
2,103,2.0
3,103,10.0
4,103,12.0
5,103,15.0
6,103,21.0
7,103,20.0
8,103,30.0
9,103,26.0
10,103,8.0
11,103,6.0
12,103,5.0
13,103,4.0
14,103,12.0
15,103,1.0
16,103,1.0
17,103,1.0
18,103,11.0
19,103,9.0
20,103,9.0
21,103,21.0
22,103,13.0
23,103,16.0
24,103,10.0
25,103,17.0
26,103,10.0
27,103,9.0
28,103,16.0
29,103,17.0
30,103,14.0
31,103,20.0
32,103,14.0
33,103,23.0
34,103,17.0
35,103,7.0
36,103,12.0
37,103,23.0
38,103,20.0
39,103,29.0
40,103,32.0
41,103,28.0
42,103,32.0
43,103,34.0
44,103,26.0
45,103,15.0
46,103,9.0
47,103,44.0
48,103,43.0
49,103,43.0
50,103,43.0
51,103,44.0
52,103,43.0
53,103,43.0
54,103,44.0
55,103,44.0
56,103,38.0
57,103,21.0
58,103,31.0
59,103,23.0
60,103,35.0
61,103,32.0
62,103,32.0
63,103,30.0
64,103,31.0
65,103,34.0
66,103,28.0
67,103,21.0
68,103,15.0
69,103,27.0
70,103,21.0
71,103,9.0
72,103,13.0
73,103,33.0
74,103,48.0
75,103,48.0
76,103,48.0
77,103,48.0
78,103,47.0
79,103,47.0
80,103,46.0
81,103,46.0
82,103,36.0
83,103,17.0
84,103,9.0
85,103,18.0
86,103,21.0
87,103,18.0
88,103,24.0
89,103,25.0
90,103,14.0
91,103,15.0
92,103,8.0
93,103,2.0
94,103,14.0
95,103,22.0
96,103,15.0
97,103,6.0
98,103,6.0
99,103,3.0
100,103,5.0
1,104,8.0
2,104,14.0
3,104,19.0
4,104,32.0
5,104,33.0
6,104,26.0
7,104,22.0
8,104,14.0
9,104,15.0
10,104,13.0
11,104,7.0
12,104,7.0
13,104,20.0
14,104,32.0
15,104,12.0
16,104,14.0
17,104,22.0
18,104,25.0
19,104,18.0
20,104,15.0
21,104,18.0
22,104,12.0
23,104,13.0
24,104,13.0
25,104,8.0
26,104,14.0
27,104,12.0
28,104,13.0
29,104,22.0
30,104,13.0
31,104,13.0
32,104,19.0
33,104,19.0
34,104,12.0
35,104,24.0
36,104,15.0
37,104,18.0
38,104,25.0
39,104,19.0
40,104,22.0
41,104,28.0
42,104,18.0
43,104,30.0
44,104,26.0
45,104,23.0
46,104,6.0
47,104,42.0
48,104,44.0
49,104,44.0
50,104,44.0
51,104,44.0
52,104,42.0
53,104,42.0
54,104,43.0
55,104,43.0
56,104,38.0
57,104,16.0
58,104,25.0
59,104,30.0
60,104,37.0
61,104,38.0
62,104,35.0
63,104,35.0
64,104,35.0
65,104,29.0
66,104,25.0
67,104,21.0
68,104,29.0
69,104,13.0
70,104,24.0
71,104,12.0
72,104,9.0
73,104,34.0
74,104,47.0
75,104,48.0
76,104,49.0
77,104,49.0
78,104,48.0
79,104,48.0
80,104,48.0
81,104,47.0
82,104,48.0
83,104,31.0
84,104,28.0
85,104,12.0
86,104,19.0
87,104,14.0
88,104,17.0
89,104,20.0
90,104,12.0
91,104,14.0
92,104,9.0
93,104,12.0
94,104,10.0
95,104,4.0
96,104,6.0
97,104,2.0
98,104,4.0
99,104,4.0
100,104,10.0
1,105,6.0
2,105,26.0
3,105,30.0
4,105,33.0
5,105,30.0
6,105,21.0
7,105,25.0
8,105,20.0
9,105,9.0
10,105,21.0
11,105,16.0
12,105,12.0
13,105,17.0
14,105,19.0
15,105,18.0
16,105,18.0
17,105,16.0
18,105,15.0
19,105,15.0
20,105,4.0
21,105,11.0
22,105,14.0
23,105,15.0
24,105,10.0
25,105,15.0
26,105,15.0
27,105,10.0
28,105,8.0
29,105,19.0
30,105,15.0
31,105,13.0
32,105,9.0
33,105,16.0
34,105,8.0
35,105,25.0
36,105,24.0
37,105,2.0
38,105,11.0
39,105,19.0
40,105,10.0
41,105,17.0
42,105,28.0
43,105,28.0
44,105,37.0
45,105,29.0
46,105,8.0
47,105,16.0
48,105,44.0
49,105,44.0
50,105,43.0
51,105,43.0
52,105,43.0
53,105,42.0
54,105,43.0
55,105,43.0
56,105,44.0
57,105,11.0
58,105,17.0
59,105,12.0
60,105,29.0
61,105,39.0
62,105,32.0
63,105,21.0
64,105,22.0
65,105,13.0
66,105,16.0
67,105,17.0
68,105,13.0
69,105,15.0
70,105,11.0
71,105,19.0
72,105,25.0
73,105,26.0
74,105,27.0
75,105,49.0
76,105,49.0
77,105,49.0
78,105,49.0
79,105,49.0
80,105,48.0
81,105,48.0
82,105,49.0
83,105,25.0
84,105,27.0
85,105,11.0
86,105,24.0
87,105,28.0
88,105,20.0
89,105,24.0
90,105,15.0
91,105,11.0
92,105,22.0
93,105,15.0
94,105,12.0
95,105,5.0
96,105,3.0
97,105,2.0
98,105,6.0
99,105,9.0
100,105,11.0
1,106,24.0
2,106,26.0
3,106,33.0
4,106,39.0
5,106,32.0
6,106,27.0
7,106,10.0
8,106,9.0
9,106,20.0
10,106,24.0
11,106,20.0
12,106,24.0
13,106,21.0
14,106,34.0
15,106,21.0
16,106,25.0
17,106,27.0
18,106,14.0
19,106,14.0
20,106,8.0
21,106,7.0
22,106,2.0
23,106,5.0
24,106,12.0
25,106,4.0
26,106,14.0
27,106,8.0
28,106,8.0
29,106,9.0
30,106,7.0
31,106,7.0
32,106,9.0
33,106,11.0
34,106,13.0
35,106,22.0
36,106,19.0
37,106,19.0
38,106,24.0
39,106,11.0
40,106,6.0
41,106,17.0
42,106,5.0
43,106,15.0
44,106,25.0
45,106,14.0
46,106,10.0
47,106,6.0
48,106,44.0
49,106,44.0
50,106,44.0
51,106,45.0
52,106,44.0
53,106,42.0
54,106,46.0
55,106,44.0
56,106,44.0
57,106,9.0
58,106,3.0
59,106,6.0
60,106,10.0
61,106,29.0
62,106,34.0
63,106,23.0
64,106,26.0
65,106,22.0
66,106,17.0
67,106,10.0
68,106,9.0
69,106,8.0
70,106,8.0
71,106,8.0
72,106,21.0
73,106,31.0
74,106,49.0
75,106,48.0
76,106,49.0
77,106,49.0
78,106,49.0
79,106,49.0
80,106,47.0
81,106,49.0
82,106,30.0
83,106,18.0
84,106,13.0
85,106,15.0
86,106,23.0
87,106,29.0
88,106,17.0
89,106,2.0
90,106,25.0
91,106,10.0
92,106,12.0
93,106,20.0
94,106,14.0
95,106,6.0
96,106,2.0
97,106,8.0
98,106,6.0
99,106,11.0
100,106,13.0
1,107,36.0
2,107,29.0
3,107,33.0
4,107,34.0
5,107,39.0
6,107,27.0
7,107,13.0
8,107,20.0
9,107,20.0
10,107,34.0
11,107,35.0
12,107,25.0
13,107,32.0
14,107,30.0
15,107,35.0
16,107,36.0
17,107,31.0
18,107,17.0
19,107,15.0
20,107,12.0
21,107,19.0
22,107,3.0
23,107,3.0
24,107,2.0
25,107,9.0
26,107,16.0
27,107,10.0
28,107,2.0
29,107,3.0
30,107,0.0
31,107,9.0
32,107,7.0
33,107,6.0
34,107,15.0
35,107,27.0
36,107,15.0
37,107,8.0
38,107,3.0
39,107,3.0
40,107,4.0
41,107,14.0
42,107,3.0
43,107,7.0
44,107,22.0
45,107,26.0
46,107,4.0
47,107,34.0
48,107,45.0
49,107,44.0
50,107,44.0
51,107,44.0
52,107,44.0
53,107,43.0
54,107,47.0
55,107,44.0
56,107,9.0
57,107,8.0
58,107,4.0
59,107,6.0
60,107,21.0
61,107,23.0
62,107,30.0
63,107,29.0
64,107,31.0
65,107,28.0
66,107,23.0
67,107,27.0
68,107,29.0
69,107,21.0
70,107,4.0
71,107,4.0
72,107,19.0
73,107,13.0
74,107,24.0
75,107,49.0
76,107,49.0
77,107,49.0
78,107,49.0
79,107,49.0
80,107,46.0
81,107,49.0
82,107,37.0
83,107,34.0
84,107,12.0
85,107,17.0
86,107,23.0
87,107,31.0
88,107,19.0
89,107,5.0
90,107,6.0
91,107,6.0
92,107,13.0
93,107,26.0
94,107,20.0
95,107,11.0
96,107,1.0
97,107,9.0
98,107,5.0
99,107,28.0
100,107,34.0
1,108,36.0
2,108,29.0
3,108,28.0
4,108,32.0
5,108,36.0
6,108,25.0
7,108,20.0
8,108,17.0
9,108,25.0
10,108,34.0
11,108,32.0
12,108,30.0
13,108,30.0
14,108,30.0
15,108,37.0
16,108,30.0
17,108,32.0
18,108,18.0
19,108,6.0
20,108,6.0
21,108,15.0
22,108,12.0
23,108,4.0
24,108,4.0
25,108,2.0
26,108,11.0
27,108,5.0
28,108,1.0
29,108,0.0
30,108,3.0
31,108,4.0
32,108,4.0
33,108,4.0
34,108,10.0
35,108,10.0
36,108,7.0
37,108,11.0
38,108,6.0
39,108,3.0
40,108,2.0
41,108,5.0
42,108,6.0
43,108,4.0
44,108,7.0
45,108,17.0
46,108,3.0
47,108,28.0
48,108,45.0
49,108,45.0
50,108,46.0
51,108,44.0
52,108,44.0
53,108,44.0
54,108,45.0
55,108,43.0
56,108,44.0
57,108,1.0
58,108,3.0
59,108,7.0
60,108,19.0
61,108,5.0
62,108,2.0
63,108,11.0
64,108,23.0
65,108,26.0
66,108,19.0
67,108,20.0
68,108,14.0
69,108,23.0
70,108,25.0
71,108,21.0
72,108,16.0
73,108,19.0
74,108,49.0
75,108,49.0
76,108,49.0
77,108,49.0
78,108,49.0
79,108,49.0
80,108,49.0
81,108,40.0
82,108,36.0
83,108,32.0
84,108,32.0
85,108,22.0
86,108,22.0
87,108,15.0
88,108,22.0
89,108,7.0
90,108,4.0
91,108,13.0
92,108,13.0
93,108,23.0
94,108,8.0
95,108,13.0
96,108,11.0
97,108,19.0
98,108,13.0
99,108,26.0
100,108,26.0
1,109,33.0
2,109,33.0
3,109,35.0
4,109,31.0
5,109,34.0
6,109,30.0
7,109,13.0
8,109,22.0
9,109,19.0
10,109,16.0
11,109,20.0
12,109,30.0
13,109,21.0
14,109,33.0
15,109,40.0
16,109,31.0
17,109,26.0
18,109,16.0
19,109,4.0
20,109,5.0
21,109,7.0
22,109,6.0
23,109,27.0
24,109,5.0
25,109,3.0
26,109,6.0
27,109,1.0
28,109,0.0
29,109,0.0
30,109,0.0
31,109,0.0
32,109,0.0
33,109,0.0
34,109,8.0
35,109,9.0
36,109,3.0
37,109,1.0
38,109,3.0
39,109,4.0
40,109,2.0
41,109,3.0
42,109,12.0
43,109,7.0
44,109,19.0
45,109,2.0
46,109,8.0
47,109,6.0
48,109,45.0
49,109,45.0
50,109,46.0
51,109,44.0
52,109,44.0
53,109,44.0
54,109,45.0
55,109,43.0
56,109,31.0
57,109,3.0
58,109,13.0
59,109,11.0
60,109,9.0
61,109,4.0
62,109,2.0
63,109,10.0
64,109,4.0
65,109,30.0
66,109,23.0
67,109,15.0
68,109,10.0
69,109,30.0
70,109,23.0
71,109,20.0
72,109,17.0
73,109,36.0
74,109,49.0
75,109,49.0
76,109,49.0
77,109,49.0
78,109,49.0
79,109,49.0
80,109,19.0
81,109,34.0
82,109,26.0
83,109,35.0
84,109,33.0
85,109,22.0
86,109,27.0
87,109,28.0
88,109,13.0
89,109,1.0
90,109,2.0
91,109,5.0
92,109,3.0
93,109,5.0
94,109,6.0
95,109,12.0
96,109,11.0
97,109,16.0
98,109,28.0
99,109,25.0
100,109,24.0
1,110,12.0
2,110,15.0
3,110,25.0
4,110,22.0
5,110,24.0
6,110,22.0
7,110,21.0
8,110,26.0
9,110,22.0
10,110,27.0
11,110,16.0
12,110,23.0
13,110,8.0
14,110,12.0
15,110,33.0
16,110,23.0
17,110,13.0
18,110,20.0
19,110,6.0
20,110,2.0
21,110,2.0
22,110,5.0
23,110,9.0
24,110,15.0
25,110,10.0
26,110,7.0
27,110,4.0
28,110,0.0
29,110,1.0
30,110,0.0
31,110,0.0
32,110,0.0
33,110,0.0
34,110,1.0
35,110,4.0
36,110,1.0
37,110,8.0
38,110,14.0
39,110,19.0
40,110,12.0
41,110,12.0
42,110,14.0
43,110,27.0
44,110,8.0
45,110,5.0
46,110,14.0
47,110,10.0
48,110,18.0
49,110,45.0
50,110,46.0
51,110,43.0
52,110,44.0
53,110,44.0
54,110,43.0
55,110,43.0
56,110,27.0
57,110,0.0
58,110,7.0
59,110,7.0
60,110,2.0
61,110,2.0
62,110,9.0
63,110,9.0
64,110,10.0
65,110,18.0
66,110,31.0
67,110,21.0
68,110,24.0
69,110,36.0
70,110,40.0
71,110,30.0
72,110,35.0
73,110,49.0
74,110,49.0
75,110,49.0
76,110,49.0
77,110,49.0
78,110,49.0
79,110,1.0
80,110,21.0
81,110,27.0
82,110,29.0
83,110,31.0
84,110,34.0
85,110,36.0
86,110,20.0
87,110,29.0
88,110,24.0
89,110,11.0
90,110,15.0
91,110,9.0
92,110,6.0
93,110,6.0
94,110,3.0
95,110,12.0
96,110,19.0
97,110,11.0
98,110,13.0
99,110,17.0
100,110,21.0
1,111,28.0
2,111,18.0
3,111,27.0
4,111,20.0
5,111,10.0
6,111,10.0
7,111,9.0
8,111,32.0
9,111,37.0
10,111,32.0
11,111,20.0
12,111,22.0
13,111,22.0
14,111,11.0
15,111,17.0
16,111,16.0
17,111,10.0
18,111,6.0
19,111,4.0
20,111,3.0
21,111,0.0
22,111,3.0
23,111,4.0
24,111,23.0
25,111,11.0
26,111,5.0
27,111,3.0
28,111,2.0
29,111,1.0
30,111,0.0
31,111,0.0
32,111,1.0
33,111,0.0
34,111,5.0
35,111,3.0
36,111,2.0
37,111,7.0
38,111,16.0
39,111,27.0
40,111,13.0
41,111,12.0
42,111,24.0
43,111,22.0
44,111,20.0
45,111,9.0
46,111,7.0
47,111,23.0
48,111,45.0
49,111,46.0
50,111,47.0
51,111,43.0
52,111,42.0
53,111,43.0
54,111,44.0
55,111,44.0
56,111,0.0
57,111,2.0
58,111,2.0
59,111,4.0
60,111,7.0
61,111,1.0
62,111,3.0
63,111,11.0
64,111,5.0
65,111,10.0
66,111,33.0
67,111,30.0
68,111,28.0
69,111,40.0
70,111,41.0
71,111,33.0
72,111,48.0
73,111,49.0
74,111,49.0
75,111,49.0
76,111,49.0
77,111,49.0
78,111,49.0
79,111,34.0
80,111,32.0
81,111,29.0
82,111,28.0
83,111,32.0
84,111,38.0
85,111,31.0
86,111,33.0
87,111,34.0
88,111,27.0
89,111,20.0
90,111,29.0
91,111,17.0
92,111,15.0
93,111,10.0
94,111,1.0
95,111,10.0
96,111,3.0
97,111,1.0
98,111,7.0
99,111,12.0
100,111,11.0
1,112,10.0
2,112,20.0
3,112,19.0
4,112,21.0
5,112,23.0
6,112,17.0
7,112,8.0
8,112,27.0
9,112,17.0
10,112,14.0
11,112,17.0
12,112,20.0
13,112,11.0
14,112,15.0
15,112,9.0
16,112,29.0
17,112,7.0
18,112,7.0
19,112,8.0
20,112,2.0
21,112,8.0
22,112,3.0
23,112,12.0
24,112,8.0
25,112,17.0
26,112,15.0
27,112,1.0
28,112,2.0
29,112,6.0
30,112,10.0
31,112,1.0
32,112,2.0
33,112,3.0
34,112,7.0
35,112,4.0
36,112,8.0
37,112,4.0
38,112,12.0
39,112,4.0
40,112,5.0
41,112,17.0
42,112,19.0
43,112,29.0
44,112,13.0
45,112,3.0
46,112,5.0
47,112,37.0
48,112,46.0
49,112,45.0
50,112,47.0
51,112,42.0
52,112,43.0
53,112,45.0
54,112,44.0
55,112,39.0
56,112,1.0
57,112,2.0
58,112,7.0
59,112,9.0
60,112,15.0
61,112,13.0
62,112,16.0
63,112,16.0
64,112,15.0
65,112,24.0
66,112,26.0
67,112,31.0
68,112,36.0
69,112,40.0
70,112,41.0
71,112,37.0
72,112,48.0
73,112,49.0
74,112,49.0
75,112,49.0
76,112,49.0
77,112,49.0
78,112,37.0
79,112,38.0
80,112,34.0
81,112,34.0
82,112,22.0
83,112,34.0
84,112,39.0
85,112,29.0
86,112,18.0
87,112,19.0
88,112,19.0
89,112,21.0
90,112,19.0
91,112,8.0
92,112,1.0
93,112,4.0
94,112,1.0
95,112,7.0
96,112,2.0
97,112,4.0
98,112,6.0
99,112,13.0
100,112,24.0
1,113,15.0
2,113,7.0
3,113,11.0
4,113,18.0
5,113,6.0
6,113,4.0
7,113,13.0
8,113,9.0
9,113,2.0
10,113,4.0
11,113,1.0
12,113,6.0
13,113,5.0
14,113,9.0
15,113,9.0
16,113,14.0
17,113,5.0
18,113,6.0
19,113,5.0
20,113,3.0
21,113,12.0
22,113,22.0
23,113,21.0
24,113,3.0
25,113,22.0
26,113,7.0
27,113,7.0
28,113,3.0
29,113,7.0
30,113,14.0
31,113,4.0
32,113,2.0
33,113,3.0
34,113,17.0
35,113,16.0
36,113,9.0
37,113,14.0
38,113,9.0
39,113,3.0
40,113,1.0
41,113,9.0
42,113,17.0
43,113,20.0
44,113,21.0
45,113,17.0
46,113,39.0
47,113,46.0
48,113,44.0
49,113,43.0
50,113,44.0
51,113,43.0
52,113,44.0
53,113,44.0
54,113,44.0
55,113,1.0
56,113,0.0
57,113,2.0
58,113,5.0
59,113,3.0
60,113,5.0
61,113,9.0
62,113,7.0
63,113,16.0
64,113,11.0
65,113,16.0
66,113,16.0
67,113,20.0
68,113,35.0
69,113,41.0
70,113,41.0
71,113,43.0
72,113,47.0
73,113,48.0
74,113,49.0
75,113,49.0
76,113,49.0
77,113,37.0
78,113,36.0
79,113,39.0
80,113,40.0
81,113,34.0
82,113,28.0
83,113,36.0
84,113,31.0
85,113,29.0
86,113,24.0
87,113,18.0
88,113,22.0
89,113,14.0
90,113,21.0
91,113,4.0
92,113,5.0
93,113,1.0
94,113,4.0
95,113,10.0
96,113,10.0
97,113,6.0
98,113,6.0
99,113,16.0
100,113,23.0
1,114,6.0
2,114,12.0
3,114,13.0
4,114,13.0
5,114,3.0
6,114,12.0
7,114,14.0
8,114,5.0
9,114,5.0
10,114,2.0
11,114,4.0
12,114,3.0
13,114,6.0
14,114,3.0
15,114,11.0
16,114,13.0
17,114,13.0
18,114,9.0
19,114,2.0
20,114,2.0
21,114,11.0
22,114,9.0
23,114,13.0
24,114,7.0
25,114,2.0
26,114,1.0
27,114,4.0
28,114,18.0
29,114,26.0
30,114,10.0
31,114,14.0
32,114,5.0
33,114,5.0
34,114,15.0
35,114,21.0
36,114,22.0
37,114,11.0
38,114,6.0
39,114,6.0
40,114,13.0
41,114,11.0
42,114,27.0
43,114,29.0
44,114,20.0
45,114,27.0
46,114,39.0
47,114,47.0
48,114,46.0
49,114,44.0
50,114,43.0
51,114,43.0
52,114,44.0
53,114,44.0
54,114,19.0
55,114,0.0
56,114,3.0
57,114,4.0
58,114,2.0
59,114,1.0
60,114,10.0
61,114,16.0
62,114,16.0
63,114,23.0
64,114,24.0
65,114,16.0
66,114,25.0
67,114,21.0
68,114,37.0
69,114,40.0
70,114,43.0
71,114,43.0
72,114,47.0
73,114,49.0
74,114,48.0
75,114,49.0
76,114,48.0
77,114,35.0
78,114,38.0
79,114,40.0
80,114,33.0
81,114,36.0
82,114,28.0
83,114,31.0
84,114,17.0
85,114,25.0
86,114,30.0
87,114,11.0
88,114,8.0
89,114,18.0
90,114,14.0
91,114,23.0
92,114,4.0
93,114,4.0
94,114,7.0
95,114,6.0
96,114,15.0
97,114,6.0
98,114,19.0
99,114,23.0
100,114,36.0
1,115,12.0
2,115,23.0
3,115,16.0
4,115,25.0
5,115,6.0
6,115,13.0
7,115,5.0
8,115,5.0
9,115,3.0
10,115,1.0
11,115,10.0
12,115,5.0
13,115,4.0
14,115,8.0
15,115,12.0
16,115,15.0
17,115,12.0
18,115,25.0
19,115,6.0
20,115,2.0
21,115,10.0
22,115,23.0
23,115,14.0
24,115,1.0
25,115,2.0
26,115,9.0
27,115,15.0
28,115,11.0
29,115,8.0
30,115,16.0
31,115,12.0
32,115,11.0
33,115,5.0
34,115,18.0
35,115,23.0
36,115,27.0
37,115,23.0
38,115,21.0
39,115,11.0
40,115,22.0
41,115,30.0
42,115,32.0
43,115,17.0
44,115,17.0
45,115,40.0
46,115,44.0
47,115,44.0
48,115,46.0
49,115,45.0
50,115,44.0
51,115,45.0
52,115,44.0
53,115,44.0
54,115,1.0
55,115,0.0
56,115,1.0
57,115,9.0
58,115,4.0
59,115,3.0
60,115,6.0
61,115,17.0
62,115,23.0
63,115,22.0
64,115,20.0
65,115,13.0
66,115,18.0
67,115,17.0
68,115,35.0
69,115,39.0
70,115,44.0
71,115,43.0
72,115,45.0
73,115,47.0
74,115,49.0
75,115,49.0
76,115,28.0
77,115,40.0
78,115,33.0
79,115,30.0
80,115,27.0
81,115,23.0
82,115,32.0
83,115,20.0
84,115,19.0
85,115,20.0
86,115,17.0
87,115,9.0
88,115,21.0
89,115,33.0
90,115,23.0
91,115,18.0
92,115,8.0
93,115,28.0
94,115,25.0
95,115,15.0
96,115,11.0
97,115,11.0
98,115,10.0
99,115,27.0
100,115,29.0
1,116,30.0
2,116,20.0
3,116,13.0
4,116,12.0
5,116,8.0
6,116,24.0
7,116,11.0
8,116,15.0
9,116,23.0
10,116,5.0
11,116,21.0
12,116,14.0
13,116,19.0
14,116,24.0
15,116,16.0
16,116,7.0
17,116,17.0
18,116,19.0
19,116,15.0
20,116,10.0
21,116,13.0
22,116,17.0
23,116,9.0
24,116,11.0
25,116,1.0
26,116,6.0
27,116,11.0
28,116,9.0
29,116,16.0
30,116,21.0
31,116,21.0
32,116,15.0
33,116,7.0
34,116,14.0
35,116,26.0
36,116,29.0
37,116,28.0
38,116,28.0
39,116,18.0
40,116,31.0
41,116,21.0
42,116,31.0
43,116,12.0
44,116,16.0
45,116,38.0
46,116,45.0
47,116,43.0
48,116,45.0
49,116,44.0
50,116,43.0
51,116,45.0
52,116,45.0
53,116,33.0
54,116,5.0
55,116,1.0
56,116,2.0
57,116,4.0
58,116,6.0
59,116,2.0
60,116,18.0
61,116,9.0
62,116,19.0
63,116,21.0
64,116,21.0
65,116,10.0
66,116,22.0
67,116,27.0
68,116,38.0
69,116,46.0
70,116,45.0
71,116,44.0
72,116,44.0
73,116,46.0
74,116,49.0
75,116,49.0
76,116,38.0
77,116,39.0
78,116,38.0
79,116,35.0
80,116,38.0
81,116,25.0
82,116,29.0
83,116,10.0
84,116,13.0
85,116,11.0
86,116,10.0
87,116,11.0
88,116,22.0
89,116,28.0
90,116,14.0
91,116,17.0
92,116,21.0
93,116,15.0
94,116,21.0
95,116,20.0
96,116,4.0
97,116,13.0
98,116,27.0
99,116,32.0
100,116,30.0
1,117,31.0
2,117,25.0
3,117,16.0
4,117,17.0
5,117,23.0
6,117,34.0
7,117,27.0
8,117,28.0
9,117,31.0
10,117,26.0
11,117,26.0
12,117,20.0
13,117,26.0
14,117,36.0
15,117,34.0
16,117,27.0
17,117,14.0
18,117,23.0
19,117,31.0
20,117,19.0
21,117,31.0
22,117,17.0
23,117,21.0
24,117,8.0
25,117,7.0
26,117,2.0
27,117,13.0
28,117,19.0
29,117,20.0
30,117,33.0
31,117,24.0
32,117,15.0
33,117,16.0
34,117,26.0
35,117,25.0
36,117,18.0
37,117,29.0
38,117,21.0
39,117,31.0
40,117,24.0
41,117,33.0
42,117,32.0
43,117,10.0
44,117,13.0
45,117,39.0
46,117,46.0
47,117,45.0
48,117,45.0
49,117,47.0
50,117,46.0
51,117,44.0
52,117,39.0
53,117,1.0
54,117,7.0
55,117,13.0
56,117,16.0
57,117,16.0
58,117,27.0
59,117,11.0
60,117,15.0
61,117,19.0
62,117,30.0
63,117,20.0
64,117,17.0
65,117,35.0
66,117,22.0
67,117,29.0
68,117,44.0
69,117,45.0
70,117,43.0
71,117,43.0
72,117,44.0
73,117,48.0
74,117,49.0
75,117,49.0
76,117,39.0
77,117,35.0
78,117,37.0
79,117,34.0
80,117,39.0
81,117,29.0
82,117,21.0
83,117,18.0
84,117,3.0
85,117,4.0
86,117,5.0
87,117,5.0
88,117,12.0
89,117,32.0
90,117,19.0
91,117,21.0
92,117,23.0
93,117,31.0
94,117,15.0
95,117,23.0
96,117,8.0
97,117,14.0
98,117,20.0
99,117,26.0
100,117,25.0
1,118,12.0
2,118,30.0
3,118,19.0
4,118,30.0
5,118,30.0
6,118,30.0
7,118,25.0
8,118,23.0
9,118,35.0
10,118,35.0
11,118,33.0
12,118,24.0
13,118,21.0
14,118,32.0
15,118,30.0
16,118,18.0
17,118,8.0
18,118,21.0
19,118,36.0
20,118,24.0
21,118,32.0
22,118,18.0
23,118,20.0
24,118,24.0
25,118,12.0
26,118,20.0
27,118,17.0
28,118,26.0
29,118,28.0
30,118,27.0
31,118,25.0
32,118,14.0
33,118,22.0
34,118,33.0
35,118,28.0
36,118,33.0
37,118,23.0
38,118,34.0
39,118,17.0
40,118,15.0
41,118,32.0
42,118,24.0
43,118,21.0
44,118,36.0
45,118,45.0
46,118,45.0
47,118,46.0
48,118,45.0
49,118,47.0
50,118,46.0
51,118,43.0
52,118,39.0
53,118,1.0
54,118,8.0
55,118,5.0
56,118,6.0
57,118,21.0
58,118,14.0
59,118,29.0
60,118,23.0
61,118,14.0
62,118,19.0
63,118,6.0
64,118,7.0
65,118,20.0
66,118,24.0
67,118,12.0
68,118,47.0
69,118,45.0
70,118,43.0
71,118,44.0
72,118,46.0
73,118,49.0
74,118,48.0
75,118,38.0
76,118,39.0
77,118,38.0
78,118,35.0
79,118,31.0
80,118,34.0
81,118,36.0
82,118,27.0
83,118,15.0
84,118,7.0
85,118,4.0
86,118,2.0
87,118,10.0
88,118,13.0
89,118,29.0
90,118,16.0
91,118,26.0
92,118,26.0
93,118,31.0
94,118,19.0
95,118,25.0
96,118,18.0
97,118,17.0
98,118,20.0
99,118,24.0
100,118,23.0
1,119,21.0
2,119,26.0
3,119,13.0
4,119,17.0
5,119,31.0
6,119,27.0
7,119,33.0
8,119,31.0
9,119,35.0
10,119,39.0
11,119,35.0
12,119,33.0
13,119,30.0
14,119,20.0
15,119,5.0
16,119,9.0
17,119,21.0
18,119,13.0
19,119,28.0
20,119,22.0
21,119,26.0
22,119,22.0
23,119,21.0
24,119,27.0
25,119,8.0
26,119,7.0
27,119,15.0
28,119,14.0
29,119,16.0
30,119,28.0
31,119,35.0
32,119,31.0
33,119,21.0
34,119,32.0
35,119,24.0
36,119,23.0
37,119,29.0
38,119,33.0
39,119,18.0
40,119,29.0
41,119,31.0
42,119,24.0
43,119,35.0
44,119,44.0
45,119,45.0
46,119,46.0
47,119,45.0
48,119,45.0
49,119,47.0
50,119,46.0
51,119,44.0
52,119,39.0
53,119,3.0
54,119,1.0
55,119,3.0
56,119,13.0
57,119,7.0
58,119,7.0
59,119,8.0
60,119,14.0
61,119,4.0
62,119,29.0
63,119,11.0
64,119,8.0
65,119,21.0
66,119,11.0
67,119,24.0
68,119,45.0
69,119,47.0
70,119,44.0
71,119,47.0
72,119,45.0
73,119,47.0
74,119,48.0
75,119,40.0
76,119,34.0
77,119,36.0
78,119,33.0
79,119,22.0
80,119,17.0
81,119,31.0
82,119,26.0
83,119,23.0
84,119,12.0
85,119,5.0
86,119,20.0
87,119,5.0
88,119,7.0
89,119,17.0
90,119,21.0
91,119,22.0
92,119,15.0
93,119,17.0
94,119,22.0
95,119,22.0
96,119,3.0
97,119,11.0
98,119,20.0
99,119,18.0
100,119,21.0
1,120,20.0
2,120,15.0
3,120,11.0
4,120,22.0
5,120,32.0
6,120,34.0
7,120,36.0
8,120,34.0
9,120,36.0
10,120,36.0
11,120,27.0
12,120,28.0
13,120,18.0
14,120,12.0
15,120,7.0
16,120,7.0
17,120,10.0
18,120,21.0
19,120,28.0
20,120,28.0
21,120,36.0
22,120,25.0
23,120,27.0
24,120,28.0
25,120,10.0
26,120,22.0
27,120,25.0
28,120,11.0
29,120,18.0
30,120,14.0
31,120,10.0
32,120,31.0
33,120,22.0
34,120,32.0
35,120,27.0
36,120,32.0
37,120,30.0
38,120,32.0
39,120,26.0
40,120,24.0
41,120,28.0
42,120,27.0
43,120,33.0
44,120,45.0
45,120,45.0
46,120,47.0
47,120,45.0
48,120,46.0
49,120,45.0
50,120,45.0
51,120,38.0
52,120,2.0
53,120,3.0
54,120,11.0
55,120,6.0
56,120,6.0
57,120,12.0
58,120,19.0
59,120,26.0
60,120,14.0
61,120,14.0
62,120,34.0
63,120,10.0
64,120,14.0
65,120,11.0
66,120,19.0
67,120,44.0
68,120,43.0
69,120,45.0
70,120,44.0
71,120,44.0
72,120,46.0
73,120,48.0
74,120,40.0
75,120,32.0
76,120,26.0
77,120,19.0
78,120,30.0
79,120,19.0
80,120,18.0
81,120,15.0
82,120,23.0
83,120,10.0
84,120,15.0
85,120,11.0
86,120,10.0
87,120,8.0
88,120,11.0
89,120,16.0
90,120,8.0
91,120,17.0
92,120,21.0
93,120,29.0
94,120,24.0
95,120,18.0
96,120,6.0
97,120,8.0
98,120,8.0
99,120,18.0
100,120,8.0
1,121,23.0
2,121,31.0
3,121,35.0
4,121,24.0
5,121,25.0
6,121,34.0
7,121,32.0
8,121,37.0
9,121,37.0
10,121,31.0
11,121,35.0
12,121,27.0
13,121,21.0
14,121,26.0
15,121,19.0
16,121,18.0
17,121,5.0
18,121,9.0
19,121,19.0
20,121,19.0
21,121,25.0
22,121,30.0
23,121,21.0
24,121,18.0
25,121,11.0
26,121,20.0
27,121,16.0
28,121,18.0
29,121,15.0
30,121,12.0
31,121,6.0
32,121,27.0
33,121,25.0
34,121,33.0
35,121,20.0
36,121,29.0
37,121,26.0
38,121,16.0
39,121,12.0
40,121,14.0
41,121,15.0
42,121,15.0
43,121,36.0
44,121,45.0
45,121,45.0
46,121,45.0
47,121,45.0
48,121,46.0
49,121,46.0
50,121,33.0
51,121,7.0
52,121,7.0
53,121,1.0
54,121,5.0
55,121,5.0
56,121,8.0
57,121,19.0
58,121,24.0
59,121,25.0
60,121,26.0
61,121,28.0
62,121,21.0
63,121,15.0
64,121,9.0
65,121,16.0
66,121,6.0
67,121,44.0
68,121,45.0
69,121,45.0
70,121,44.0
71,121,45.0
72,121,47.0
73,121,48.0
74,121,47.0
75,121,38.0
76,121,16.0
77,121,14.0
78,121,28.0
79,121,22.0
80,121,13.0
81,121,23.0
82,121,31.0
83,121,34.0
84,121,24.0
85,121,8.0
86,121,10.0
87,121,5.0
88,121,7.0
89,121,6.0
90,121,12.0
91,121,17.0
92,121,14.0
93,121,27.0
94,121,28.0
95,121,11.0
96,121,21.0
97,121,20.0
98,121,13.0
99,121,9.0
100,121,10.0
1,122,32.0
2,122,34.0
3,122,27.0
4,122,19.0
5,122,26.0
6,122,31.0
7,122,28.0
8,122,37.0
9,122,38.0
10,122,35.0
11,122,32.0
12,122,33.0
13,122,34.0
14,122,33.0
15,122,31.0
16,122,19.0
17,122,17.0
18,122,13.0
19,122,30.0
20,122,31.0
21,122,23.0
22,122,26.0
23,122,15.0
24,122,18.0
25,122,15.0
26,122,5.0
27,122,9.0
28,122,19.0
29,122,16.0
30,122,12.0
31,122,10.0
32,122,8.0
33,122,9.0
34,122,19.0
35,122,17.0
36,122,31.0
37,122,20.0
38,122,24.0
39,122,23.0
40,122,19.0
41,122,21.0
42,122,30.0
43,122,47.0
44,122,45.0
45,122,46.0
46,122,46.0
47,122,45.0
48,122,46.0
49,122,46.0
50,122,45.0
51,122,11.0
52,122,7.0
53,122,6.0
54,122,3.0
55,122,3.0
56,122,3.0
57,122,24.0
58,122,28.0
59,122,29.0
60,122,19.0
61,122,30.0
62,122,22.0
63,122,12.0
64,122,18.0
65,122,12.0
66,122,26.0
67,122,45.0
68,122,44.0
69,122,45.0
70,122,45.0
71,122,45.0
72,122,46.0
73,122,48.0
74,122,31.0
75,122,30.0
76,122,36.0
77,122,17.0
78,122,38.0
79,122,24.0
80,122,18.0
81,122,18.0
82,122,30.0
83,122,25.0
84,122,34.0
85,122,15.0
86,122,6.0
87,122,13.0
88,122,17.0
89,122,9.0
90,122,2.0
91,122,7.0
92,122,17.0
93,122,24.0
94,122,13.0
95,122,23.0
96,122,27.0
97,122,35.0
98,122,28.0
99,122,24.0
100,122,23.0
1,123,37.0
2,123,32.0
3,123,33.0
4,123,27.0
5,123,25.0
6,123,29.0
7,123,33.0
8,123,32.0
9,123,38.0
10,123,35.0
11,123,39.0
12,123,37.0
13,123,36.0
14,123,39.0
15,123,39.0
16,123,26.0
17,123,26.0
18,123,34.0
19,123,19.0
20,123,20.0
21,123,24.0
22,123,27.0
23,123,8.0
24,123,9.0
25,123,5.0
26,123,1.0
27,123,19.0
28,123,12.0
29,123,7.0
30,123,4.0
31,123,6.0
32,123,17.0
33,123,16.0
34,123,27.0
35,123,22.0
36,123,22.0
37,123,25.0
38,123,37.0
39,123,38.0
40,123,25.0
41,123,19.0
42,123,47.0
43,123,47.0
44,123,47.0
45,123,47.0
46,123,45.0
47,123,44.0
48,123,46.0
49,123,45.0
50,123,26.0
51,123,16.0
52,123,5.0
53,123,3.0
54,123,4.0
55,123,4.0
56,123,4.0
57,123,7.0
58,123,24.0
59,123,30.0
60,123,23.0
61,123,16.0
62,123,19.0
63,123,12.0
64,123,12.0
65,123,12.0
66,123,44.0
67,123,43.0
68,123,44.0
69,123,43.0
70,123,44.0
71,123,46.0
72,123,46.0
73,123,49.0
74,123,48.0
75,123,26.0
76,123,14.0
77,123,25.0
78,123,20.0
79,123,7.0
80,123,8.0
81,123,6.0
82,123,22.0
83,123,16.0
84,123,23.0
85,123,6.0
86,123,14.0
87,123,12.0
88,123,16.0
89,123,4.0
90,123,6.0
91,123,7.0
92,123,19.0
93,123,20.0
94,123,12.0
95,123,23.0
96,123,24.0
97,123,24.0
98,123,29.0
99,123,21.0
100,123,22.0
1,124,37.0
2,124,33.0
3,124,35.0
4,124,27.0
5,124,23.0
6,124,26.0
7,124,21.0
8,124,36.0
9,124,40.0
10,124,38.0
11,124,37.0
12,124,38.0
13,124,40.0
14,124,40.0
15,124,37.0
16,124,33.0
17,124,24.0
18,124,32.0
19,124,16.0
20,124,30.0
21,124,24.0
22,124,26.0
23,124,5.0
24,124,3.0
25,124,7.0
26,124,12.0
27,124,19.0
28,124,15.0
29,124,14.0
30,124,16.0
31,124,10.0
32,124,9.0
33,124,17.0
34,124,6.0
35,124,18.0
36,124,31.0
37,124,31.0
38,124,37.0
39,124,37.0
40,124,26.0
41,124,32.0
42,124,48.0
43,124,48.0
44,124,47.0
45,124,47.0
46,124,48.0
47,124,46.0
48,124,46.0
49,124,45.0
50,124,25.0
51,124,5.0
52,124,3.0
53,124,3.0
54,124,5.0
55,124,8.0
56,124,10.0
57,124,26.0
58,124,29.0
59,124,16.0
60,124,26.0
61,124,16.0
62,124,16.0
63,124,16.0
64,124,16.0
65,124,16.0
66,124,37.0
67,124,42.0
68,124,44.0
69,124,43.0
70,124,44.0
71,124,46.0
72,124,46.0
73,124,49.0
74,124,38.0
75,124,22.0
76,124,21.0
77,124,26.0
78,124,26.0
79,124,5.0
80,124,4.0
81,124,6.0
82,124,14.0
83,124,10.0
84,124,16.0
85,124,20.0
86,124,19.0
87,124,28.0
88,124,9.0
89,124,12.0
90,124,4.0
91,124,7.0
92,124,16.0
93,124,16.0
94,124,27.0
95,124,28.0
96,124,21.0
97,124,27.0
98,124,22.0
99,124,17.0
100,124,26.0
1,125,36.0
2,125,33.0
3,125,29.0
4,125,29.0
5,125,27.0
6,125,31.0
7,125,24.0
8,125,35.0
9,125,36.0
10,125,31.0
11,125,35.0
12,125,38.0
13,125,37.0
14,125,35.0
15,125,35.0
16,125,26.0
17,125,5.0
18,125,17.0
19,125,19.0
20,125,29.0
21,125,25.0
22,125,22.0
23,125,16.0
24,125,27.0
25,125,17.0
26,125,9.0
27,125,14.0
28,125,10.0
29,125,6.0
30,125,11.0
31,125,9.0
32,125,1.0
33,125,5.0
34,125,2.0
35,125,7.0
36,125,16.0
37,125,33.0
38,125,35.0
39,125,39.0
40,125,37.0
41,125,48.0
42,125,47.0
43,125,46.0
44,125,48.0
45,125,49.0
46,125,48.0
47,125,45.0
48,125,46.0
49,125,33.0
50,125,8.0
51,125,4.0
52,125,4.0
53,125,10.0
54,125,2.0
55,125,9.0
56,125,7.0
57,125,4.0
58,125,3.0
59,125,5.0
60,125,15.0
61,125,15.0
62,125,15.0
63,125,15.0
64,125,15.0
65,125,15.0
66,125,15.0
67,125,42.0
68,125,44.0
69,125,43.0
70,125,44.0
71,125,46.0
72,125,47.0
73,125,49.0
74,125,48.0
75,125,36.0
76,125,33.0
77,125,34.0
78,125,22.0
79,125,8.0
80,125,4.0
81,125,11.0
82,125,24.0
83,125,14.0
84,125,14.0
85,125,17.0
86,125,29.0
87,125,20.0
88,125,7.0
89,125,12.0
90,125,11.0
91,125,12.0
92,125,23.0
93,125,13.0
94,125,19.0
95,125,20.0
96,125,26.0
97,125,24.0
98,125,36.0
99,125,40.0
100,125,26.0
1,126,30.0
2,126,33.0
3,126,32.0
4,126,40.0
5,126,38.0
6,126,36.0
7,126,34.0
8,126,30.0
9,126,32.0
10,126,27.0
11,126,23.0
12,126,39.0
13,126,33.0
14,126,31.0
15,126,34.0
16,126,25.0
17,126,14.0
18,126,18.0
19,126,19.0
20,126,13.0
21,126,24.0
22,126,31.0
23,126,19.0
24,126,15.0
25,126,25.0
26,126,18.0
27,126,28.0
28,126,22.0
29,126,25.0
30,126,9.0
31,126,11.0
32,126,7.0
33,126,20.0
34,126,9.0
35,126,13.0
36,126,15.0
37,126,32.0
38,126,35.0
39,126,37.0
40,126,40.0
41,126,46.0
42,126,48.0
43,126,48.0
44,126,49.0
45,126,49.0
46,126,48.0
47,126,48.0
48,126,37.0
49,126,18.0
50,126,11.0
51,126,11.0
52,126,9.0
53,126,4.0
54,126,1.0
55,126,14.0
56,126,15.0
57,126,4.0
58,126,5.0
59,126,6.0
60,126,6.0
61,126,6.0
62,126,6.0
63,126,6.0
64,126,6.0
65,126,6.0
66,126,6.0
67,126,44.0
68,126,44.0
69,126,43.0
70,126,45.0
71,126,46.0
72,126,48.0
73,126,48.0
74,126,49.0
75,126,26.0
76,126,33.0
77,126,39.0
78,126,14.0
79,126,9.0
80,126,8.0
81,126,18.0
82,126,21.0
83,126,25.0
84,126,24.0
85,126,20.0
86,126,25.0
87,126,14.0
88,126,19.0
89,126,14.0
90,126,10.0
91,126,18.0
92,126,25.0
93,126,30.0
94,126,21.0
95,126,24.0
96,126,29.0
97,126,27.0
98,126,36.0
99,126,38.0
100,126,27.0
1,127,27.0
2,127,35.0
3,127,29.0
4,127,33.0
5,127,35.0
6,127,35.0
7,127,24.0
8,127,27.0
9,127,26.0
10,127,27.0
11,127,29.0
12,127,35.0
13,127,37.0
14,127,33.0
15,127,29.0
16,127,28.0
17,127,22.0
18,127,17.0
19,127,23.0
20,127,18.0
21,127,27.0
22,127,32.0
23,127,24.0
24,127,13.0
25,127,24.0
26,127,26.0
27,127,26.0
28,127,29.0
29,127,21.0
30,127,15.0
31,127,12.0
32,127,8.0
33,127,10.0
34,127,17.0
35,127,29.0
36,127,30.0
37,127,35.0
38,127,28.0
39,127,37.0
40,127,47.0
41,127,48.0
42,127,48.0
43,127,48.0
44,127,49.0
45,127,49.0
46,127,47.0
47,127,47.0
48,127,47.0
49,127,8.0
50,127,16.0
51,127,14.0
52,127,15.0
53,127,9.0
54,127,11.0
55,127,20.0
56,127,25.0
57,127,7.0
58,127,8.0
59,127,8.0
60,127,8.0
61,127,8.0
62,127,8.0
63,127,8.0
64,127,8.0
65,127,8.0
66,127,8.0
67,127,45.0
68,127,45.0
69,127,44.0
70,127,45.0
71,127,47.0
72,127,48.0
73,127,48.0
74,127,49.0
75,127,49.0
76,127,35.0
77,127,38.0
78,127,26.0
79,127,7.0
80,127,10.0
81,127,16.0
82,127,18.0
83,127,23.0
84,127,33.0
85,127,30.0
86,127,23.0
87,127,16.0
88,127,9.0
89,127,24.0
90,127,7.0
91,127,7.0
92,127,20.0
93,127,16.0
94,127,33.0
95,127,23.0
96,127,27.0
97,127,32.0
98,127,35.0
99,127,35.0
100,127,34.0
1,128,23.0
2,128,14.0
3,128,18.0
4,128,31.0
5,128,38.0
6,128,27.0
7,128,17.0
8,128,16.0
9,128,26.0
10,128,29.0
11,128,32.0
12,128,37.0
13,128,36.0
14,128,30.0
15,128,28.0
16,128,30.0
17,128,28.0
18,128,11.0
19,128,10.0
20,128,25.0
21,128,16.0
22,128,25.0
23,128,20.0
24,128,9.0
25,128,15.0
26,128,10.0
27,128,21.0
28,128,24.0
29,128,12.0
30,128,19.0
31,128,4.0
32,128,7.0
33,128,5.0
34,128,3.0
35,128,10.0
36,128,31.0
37,128,28.0
38,128,22.0
39,128,28.0
40,128,34.0
41,128,47.0
42,128,47.0
43,128,49.0
44,128,48.0
45,128,48.0
46,128,46.0
47,128,46.0
48,128,38.0
49,128,4.0
50,128,23.0
51,128,10.0
52,128,8.0
53,128,15.0
54,128,15.0
55,128,19.0
56,128,18.0
57,128,13.0
58,128,16.0
59,128,15.0
60,128,15.0
61,128,15.0
62,128,15.0
63,128,15.0
64,128,15.0
65,128,15.0
66,128,15.0
67,128,46.0
68,128,47.0
69,128,47.0
70,128,47.0
71,128,47.0
72,128,49.0
73,128,48.0
74,128,48.0
75,128,49.0
76,128,49.0
77,128,34.0
78,128,30.0
79,128,15.0
80,128,22.0
81,128,26.0
82,128,16.0
83,128,20.0
84,128,24.0
85,128,27.0
86,128,10.0
87,128,9.0
88,128,19.0
89,128,25.0
90,128,16.0
91,128,6.0
92,128,6.0
93,128,22.0
94,128,36.0
95,128,35.0
96,128,38.0
97,128,35.0
98,128,33.0
99,128,34.0
100,128,35.0
1,129,12.0
2,129,14.0
3,129,28.0
4,129,33.0
5,129,36.0
6,129,23.0
7,129,25.0
8,129,18.0
9,129,19.0
10,129,23.0
11,129,25.0
12,129,24.0
13,129,11.0
14,129,12.0
15,129,23.0
16,129,23.0
17,129,21.0
18,129,10.0
19,129,16.0
20,129,20.0
21,129,5.0
22,129,9.0
23,129,21.0
24,129,14.0
25,129,19.0
26,129,15.0
27,129,18.0
28,129,11.0
29,129,7.0
30,129,6.0
31,129,0.0
32,129,5.0
33,129,6.0
34,129,3.0
35,129,21.0
36,129,34.0
37,129,28.0
38,129,14.0
39,129,37.0
40,129,47.0
41,129,46.0
42,129,47.0
43,129,49.0
44,129,48.0
45,129,47.0
46,129,44.0
47,129,47.0
48,129,30.0
49,129,23.0
50,129,11.0
51,129,6.0
52,129,10.0
53,129,6.0
54,129,12.0
55,129,8.0
56,129,25.0
57,129,17.0
58,129,23.0
59,129,23.0
60,129,23.0
61,129,23.0
62,129,23.0
63,129,23.0
64,129,23.0
65,129,23.0
66,129,23.0
67,129,23.0
68,129,46.0
69,129,46.0
70,129,47.0
71,129,48.0
72,129,49.0
73,129,48.0
74,129,49.0
75,129,48.0
76,129,49.0
77,129,47.0
78,129,36.0
79,129,32.0
80,129,9.0
81,129,29.0
82,129,26.0
83,129,19.0
84,129,17.0
85,129,16.0
86,129,20.0
87,129,17.0
88,129,32.0
89,129,29.0
90,129,18.0
91,129,29.0
92,129,29.0
93,129,32.0
94,129,30.0
95,129,37.0
96,129,38.0
97,129,31.0
98,129,23.0
99,129,29.0
100,129,28.0
1,130,8.0
2,130,12.0
3,130,26.0
4,130,35.0
5,130,35.0
6,130,33.0
7,130,20.0
8,130,30.0
9,130,18.0
10,130,35.0
11,130,34.0
12,130,18.0
13,130,11.0
14,130,10.0
15,130,24.0
16,130,28.0
17,130,27.0
18,130,23.0
19,130,14.0
20,130,6.0
21,130,3.0
22,130,10.0
23,130,11.0
24,130,11.0
25,130,6.0
26,130,30.0
27,130,26.0
28,130,9.0
29,130,20.0
30,130,12.0
31,130,16.0
32,130,11.0
33,130,7.0
34,130,5.0
35,130,32.0
36,130,28.0
37,130,25.0
38,130,18.0
39,130,38.0
40,130,47.0
41,130,44.0
42,130,46.0
43,130,48.0
44,130,49.0
45,130,48.0
46,130,45.0
47,130,39.0
48,130,20.0
49,130,19.0
50,130,8.0
51,130,3.0
52,130,6.0
53,130,5.0
54,130,8.0
55,130,19.0
56,130,29.0
57,130,22.0
58,130,25.0
59,130,26.0
60,130,26.0
61,130,26.0
62,130,26.0
63,130,26.0
64,130,26.0
65,130,26.0
66,130,26.0
67,130,26.0
68,130,45.0
69,130,45.0
70,130,47.0
71,130,48.0
72,130,48.0
73,130,48.0
74,130,49.0
75,130,49.0
76,130,49.0
77,130,49.0
78,130,49.0
79,130,47.0
80,130,27.0
81,130,35.0
82,130,7.0
83,130,6.0
84,130,10.0
85,130,18.0
86,130,23.0
87,130,11.0
88,130,20.0
89,130,23.0
90,130,26.0
91,130,24.0
92,130,23.0
93,130,33.0
94,130,38.0
95,130,37.0
96,130,36.0
97,130,37.0
98,130,34.0
99,130,32.0
100,130,24.0
