X,Y,V
1,1,0.0
2,1,0.0
3,1,0.0
4,1,1.0
5,1,1.0
6,1,2.0
7,1,1.0
8,1,1.0
9,1,1.0
10,1,2.0
11,1,1.0
12,1,1.0
13,1,1.0
14,1,1.0
15,1,2.0
16,1,1.0
17,1,0.0
18,1,1.0
19,1,1.0
20,1,0.0
21,1,2.0
22,1,2.0
23,1,3.0
24,1,4.0
25,1,4.0
26,1,4.0
27,1,4.0
28,1,4.0
29,1,4.0
30,1,4.0
31,1,4.0
32,1,3.0
33,1,1.0
34,1,0.0
35,1,0.0
36,1,4.0
37,1,4.0
38,1,4.0
39,1,4.0
40,1,4.0
41,1,4.0
42,1,2.0
43,1,2.0
44,1,2.0
45,1,1.0
46,1,0.0
47,1,0.0
48,1,0.0
49,1,1.0
50,1,1.0
51,1,1.0
52,1,0.0
53,1,0.0
54,1,1.0
55,1,0.0
56,1,0.0
57,1,0.0
58,1,0.0
59,1,0.0
60,1,2.0
61,1,2.0
62,1,1.0
63,1,2.0
64,1,2.0
65,1,1.0
66,1,2.0
67,1,3.0
68,1,3.0
69,1,2.0
70,1,2.0
71,1,2.0
72,1,3.0
73,1,3.0
74,1,3.0
75,1,3.0
76,1,4.0
77,1,3.0
78,1,3.0
79,1,3.0
80,1,2.0
81,1,2.0
82,1,1.0
83,1,1.0
84,1,1.0
85,1,2.0
86,1,1.0
87,1,2.0
88,1,1.0
89,1,0.0
90,1,0.0
91,1,0.0
92,1,0.0
93,1,2.0
94,1,0.0
95,1,0.0
96,1,0.0
97,1,0.0
98,1,0.0
99,1,0.0
100,1,0.0
1,2,1.0
2,2,0.0
3,2,0.0
4,2,1.0
5,2,0.0
6,2,2.0
7,2,2.0
8,2,2.0
9,2,2.0
10,2,3.0
11,2,3.0
12,2,1.0
13,2,1.0
14,2,2.0
15,2,2.0
16,2,1.0
17,2,1.0
18,2,2.0
19,2,2.0
20,2,1.0
21,2,2.0
22,2,3.0
23,2,4.0
24,2,4.0
25,2,4.0
26,2,4.0
27,2,4.0
28,2,4.0
29,2,4.0
30,2,4.0
31,2,4.0
32,2,3.0
33,2,2.0
34,2,1.0
35,2,4.0
36,2,4.0
37,2,4.0
38,2,4.0
39,2,4.0
40,2,4.0
41,2,1.0
42,2,2.0
43,2,2.0
44,2,2.0
45,2,1.0
46,2,0.0
47,2,0.0
48,2,1.0
49,2,0.0
50,2,1.0
51,2,2.0
52,2,1.0
53,2,0.0
54,2,0.0
55,2,0.0
56,2,0.0
57,2,0.0
58,2,0.0
59,2,0.0
60,2,0.0
61,2,0.0
62,2,0.0
63,2,0.0
64,2,1.0
65,2,2.0
66,2,2.0
67,2,3.0
68,2,3.0
69,2,3.0
70,2,3.0
71,2,2.0
72,2,2.0
73,2,3.0
74,2,3.0
75,2,4.0
76,2,3.0
77,2,4.0
78,2,4.0
79,2,3.0
80,2,2.0
81,2,2.0
82,2,1.0
83,2,0.0
84,2,2.0
85,2,2.0
86,2,1.0
87,2,1.0
88,2,1.0
89,2,0.0
90,2,0.0
91,2,0.0
92,2,0.0
93,2,0.0
94,2,0.0
95,2,1.0
96,2,0.0
97,2,1.0
98,2,1.0
99,2,1.0
100,2,1.0
1,3,0.0
2,3,1.0
3,3,0.0
4,3,0.0
5,3,1.0
6,3,2.0
7,3,1.0
8,3,1.0
9,3,1.0
10,3,2.0
11,3,2.0
12,3,2.0
13,3,2.0
14,3,2.0
15,3,2.0
16,3,1.0
17,3,3.0
18,3,3.0
19,3,3.0
20,3,2.0
21,3,2.0
22,3,3.0
23,3,3.0
24,3,4.0
25,3,4.0
26,3,4.0
27,3,4.0
28,3,4.0
29,3,4.0
30,3,4.0
31,3,4.0
32,3,3.0
33,3,1.0
34,3,4.0
35,3,4.0
36,3,4.0
37,3,4.0
38,3,4.0
39,3,4.0
40,3,3.0
41,3,1.0
42,3,2.0
43,3,3.0
44,3,2.0
45,3,1.0
46,3,0.0
47,3,0.0
48,3,1.0
49,3,0.0
50,3,0.0
51,3,1.0
52,3,1.0
53,3,1.0
54,3,0.0
55,3,0.0
56,3,0.0
57,3,0.0
58,3,0.0
59,3,1.0
60,3,0.0
61,3,0.0
62,3,1.0
63,3,0.0
64,3,0.0
65,3,1.0
66,3,1.0
67,3,0.0
68,3,2.0
69,3,3.0
70,3,3.0
71,3,3.0
72,3,3.0
73,3,4.0
74,3,4.0
75,3,4.0
76,3,3.0
77,3,4.0
78,3,3.0
79,3,3.0
80,3,1.0
81,3,1.0
82,3,1.0
83,3,1.0
84,3,2.0
85,3,2.0
86,3,1.0
87,3,1.0
88,3,0.0
89,3,0.0
90,3,0.0
91,3,0.0
92,3,0.0
93,3,0.0
94,3,0.0
95,3,2.0
96,3,1.0
97,3,0.0
98,3,2.0
99,3,2.0
100,3,1.0
1,4,0.0
2,4,0.0
3,4,1.0
4,4,1.0
5,4,1.0
6,4,1.0
7,4,0.0
8,4,0.0
9,4,1.0
10,4,1.0
11,4,2.0
12,4,3.0
13,4,2.0
14,4,3.0
15,4,3.0
16,4,2.0
17,4,3.0
18,4,3.0
19,4,3.0
20,4,2.0
21,4,1.0
22,4,2.0
23,4,3.0
24,4,4.0
25,4,4.0
26,4,4.0
27,4,4.0
28,4,4.0
29,4,4.0
30,4,4.0
31,4,4.0
32,4,3.0
33,4,4.0
34,4,4.0
35,4,4.0
36,4,4.0
37,4,4.0
38,4,4.0
39,4,2.0
40,4,0.0
41,4,1.0
42,4,1.0
43,4,3.0
44,4,3.0
45,4,1.0
46,4,1.0
47,4,0.0
48,4,0.0
49,4,0.0
50,4,0.0
51,4,0.0
52,4,1.0
53,4,1.0
54,4,1.0
55,4,1.0
56,4,1.0
57,4,0.0
58,4,1.0
59,4,0.0
60,4,0.0
61,4,0.0
62,4,0.0
63,4,0.0
64,4,0.0
65,4,0.0
66,4,0.0
67,4,0.0
68,4,1.0
69,4,3.0
70,4,3.0
71,4,3.0
72,4,4.0
73,4,4.0
74,4,4.0
75,4,3.0
76,4,3.0
77,4,3.0
78,4,3.0
79,4,2.0
80,4,1.0
81,4,1.0
82,4,1.0
83,4,1.0
84,4,0.0
85,4,1.0
86,4,1.0
87,4,1.0
88,4,1.0
89,4,1.0
90,4,0.0
91,4,1.0
92,4,0.0
93,4,0.0
94,4,0.0
95,4,1.0
96,4,0.0
97,4,1.0
98,4,2.0
99,4,2.0
100,4,2.0
1,5,0.0
2,5,0.0
3,5,0.0
4,5,0.0
5,5,2.0
6,5,0.0
7,5,0.0
8,5,0.0
9,5,0.0
10,5,0.0
11,5,3.0
12,5,2.0
13,5,2.0
14,5,3.0
15,5,3.0
16,5,2.0
17,5,2.0
18,5,3.0
19,5,2.0
20,5,3.0
21,5,2.0
22,5,3.0
23,5,3.0
24,5,4.0
25,5,4.0
26,5,4.0
27,5,4.0
28,5,4.0
29,5,4.0
30,5,4.0
31,5,4.0
32,5,4.0
33,5,4.0
34,5,4.0
35,5,4.0
36,5,4.0
37,5,4.0
38,5,3.0
39,5,0.0
40,5,0.0
41,5,1.0
42,5,1.0
43,5,1.0
44,5,2.0
45,5,1.0
46,5,1.0
47,5,0.0
48,5,0.0
49,5,0.0
50,5,0.0
51,5,0.0
52,5,1.0
53,5,1.0
54,5,2.0
55,5,2.0
56,5,1.0
57,5,1.0
58,5,0.0
59,5,0.0
60,5,0.0
61,5,0.0
62,5,0.0
63,5,0.0
64,5,0.0
65,5,0.0
66,5,0.0
67,5,1.0
68,5,2.0
69,5,2.0
70,5,3.0
71,5,3.0
72,5,3.0
73,5,4.0
74,5,4.0
75,5,4.0
76,5,3.0
77,5,3.0
78,5,3.0
79,5,1.0
80,5,1.0
81,5,0.0
82,5,0.0
83,5,1.0
84,5,1.0
85,5,0.0
86,5,0.0
87,5,1.0
88,5,1.0
89,5,0.0
90,5,2.0
91,5,0.0
92,5,1.0
93,5,0.0
94,5,1.0
95,5,2.0
96,5,2.0
97,5,2.0
98,5,3.0
99,5,3.0
100,5,3.0
1,6,0.0
2,6,0.0
3,6,1.0
4,6,0.0
5,6,0.0
6,6,0.0
7,6,0.0
8,6,0.0
9,6,0.0
10,6,0.0
11,6,2.0
12,6,1.0
13,6,1.0
14,6,3.0
15,6,3.0
16,6,3.0
17,6,2.0
18,6,2.0
19,6,2.0
20,6,2.0
21,6,2.0
22,6,2.0
23,6,3.0
24,6,4.0
25,6,4.0
26,6,4.0
27,6,4.0
28,6,4.0
29,6,4.0
30,6,4.0
31,6,4.0
32,6,4.0
33,6,3.0
34,6,4.0
35,6,4.0
36,6,4.0
37,6,4.0
38,6,0.0
39,6,0.0
40,6,0.0
41,6,1.0
42,6,1.0
43,6,2.0
44,6,1.0
45,6,1.0
46,6,1.0
47,6,0.0
48,6,0.0
49,6,0.0
50,6,0.0
51,6,0.0
52,6,1.0
53,6,1.0
54,6,0.0
55,6,0.0
56,6,0.0
57,6,0.0
58,6,0.0
59,6,0.0
60,6,0.0
61,6,0.0
62,6,0.0
63,6,0.0
64,6,0.0
65,6,0.0
66,6,0.0
67,6,1.0
68,6,2.0
69,6,3.0
70,6,3.0
71,6,3.0
72,6,3.0
73,6,3.0
74,6,4.0
75,6,3.0
76,6,3.0
77,6,2.0
78,6,1.0
79,6,1.0
80,6,1.0
81,6,1.0
82,6,3.0
83,6,2.0
84,6,2.0
85,6,3.0
86,6,3.0
87,6,1.0
88,6,1.0
89,6,1.0
90,6,1.0
91,6,1.0
92,6,0.0
93,6,0.0
94,6,1.0
95,6,3.0
96,6,3.0
97,6,3.0
98,6,3.0
99,6,4.0
100,6,4.0
1,7,0.0
2,7,0.0
3,7,1.0
4,7,0.0
5,7,0.0
6,7,0.0
7,7,0.0
8,7,0.0
9,7,0.0
10,7,0.0
11,7,0.0
12,7,1.0
13,7,2.0
14,7,1.0
15,7,3.0
16,7,3.0
17,7,2.0
18,7,1.0
19,7,0.0
20,7,1.0
21,7,3.0
22,7,3.0
23,7,3.0
24,7,1.0
25,7,4.0
26,7,4.0
27,7,4.0
28,7,4.0
29,7,4.0
30,7,4.0
31,7,4.0
32,7,4.0
33,7,3.0
34,7,4.0
35,7,4.0
36,7,4.0
37,7,0.0
38,7,0.0
39,7,0.0
40,7,1.0
41,7,2.0
42,7,2.0
43,7,1.0
44,7,2.0
45,7,1.0
46,7,1.0
47,7,0.0
48,7,0.0
49,7,0.0
50,7,1.0
51,7,0.0
52,7,1.0
53,7,0.0
54,7,0.0
55,7,0.0
56,7,0.0
57,7,0.0
58,7,0.0
59,7,0.0
60,7,0.0
61,7,0.0
62,7,0.0
63,7,0.0
64,7,1.0
65,7,1.0
66,7,2.0
67,7,2.0
68,7,3.0
69,7,3.0
70,7,3.0
71,7,3.0
72,7,3.0
73,7,3.0
74,7,4.0
75,7,4.0
76,7,3.0
77,7,2.0
78,7,3.0
79,7,0.0
80,7,1.0
81,7,1.0
82,7,2.0
83,7,3.0
84,7,2.0
85,7,1.0
86,7,1.0
87,7,0.0
88,7,2.0
89,7,1.0
90,7,2.0
91,7,1.0
92,7,2.0
93,7,3.0
94,7,2.0
95,7,3.0
96,7,3.0
97,7,3.0
98,7,4.0
99,7,4.0
100,7,4.0
1,8,0.0
2,8,0.0
3,8,0.0
4,8,0.0
5,8,0.0
6,8,0.0
7,8,1.0
8,8,0.0
9,8,1.0
10,8,1.0
11,8,2.0
12,8,0.0
13,8,1.0
14,8,1.0
15,8,2.0
16,8,2.0
17,8,1.0
18,8,1.0
19,8,2.0
20,8,1.0
21,8,1.0
22,8,2.0
23,8,2.0
24,8,0.0
25,8,4.0
26,8,4.0
27,8,4.0
28,8,4.0
29,8,4.0
30,8,4.0
31,8,4.0
32,8,4.0
33,8,3.0
34,8,4.0
35,8,4.0
36,8,0.0
37,8,0.0
38,8,0.0
39,8,0.0
40,8,2.0
41,8,3.0
42,8,2.0
43,8,1.0
44,8,1.0
45,8,2.0
46,8,2.0
47,8,0.0
48,8,0.0
49,8,0.0
50,8,1.0
51,8,1.0
52,8,1.0
53,8,0.0
54,8,0.0
55,8,0.0
56,8,0.0
57,8,1.0
58,8,0.0
59,8,0.0
60,8,0.0
61,8,0.0
62,8,0.0
63,8,0.0
64,8,0.0
65,8,0.0
66,8,1.0
67,8,2.0
68,8,2.0
69,8,2.0
70,8,3.0
71,8,2.0
72,8,3.0
73,8,3.0
74,8,4.0
75,8,3.0
76,8,3.0
77,8,3.0
78,8,2.0
79,8,1.0
80,8,1.0
81,8,1.0
82,8,2.0
83,8,2.0
84,8,2.0
85,8,2.0
86,8,3.0
87,8,1.0
88,8,2.0
89,8,3.0
90,8,2.0
91,8,1.0
92,8,2.0
93,8,3.0
94,8,3.0
95,8,3.0
96,8,3.0
97,8,3.0
98,8,4.0
99,8,4.0
100,8,4.0
1,9,0.0
2,9,0.0
3,9,1.0
4,9,0.0
5,9,0.0
6,9,1.0
7,9,2.0
8,9,1.0
9,9,2.0
10,9,2.0
11,9,1.0
12,9,2.0
13,9,1.0
14,9,1.0
15,9,2.0
16,9,3.0
17,9,3.0
18,9,2.0
19,9,3.0
20,9,2.0
21,9,2.0
22,9,2.0
23,9,2.0
24,9,0.0
25,9,4.0
26,9,4.0
27,9,4.0
28,9,4.0
29,9,4.0
30,9,4.0
31,9,4.0
32,9,4.0
33,9,3.0
34,9,4.0
35,9,0.0
36,9,0.0
37,9,1.0
38,9,0.0
39,9,0.0
40,9,1.0
41,9,1.0
42,9,2.0
43,9,2.0
44,9,3.0
45,9,2.0
46,9,1.0
47,9,1.0
48,9,0.0
49,9,0.0
50,9,0.0
51,9,0.0
52,9,0.0
53,9,0.0
54,9,0.0
55,9,0.0
56,9,0.0
57,9,0.0
58,9,0.0
59,9,0.0
60,9,0.0
61,9,0.0
62,9,0.0
63,9,0.0
64,9,0.0
65,9,0.0
66,9,1.0
67,9,1.0
68,9,2.0
69,9,1.0
70,9,2.0
71,9,1.0
72,9,2.0
73,9,3.0
74,9,4.0
75,9,3.0
76,9,3.0
77,9,3.0
78,9,3.0
79,9,2.0
80,9,2.0
81,9,1.0
82,9,1.0
83,9,0.0
84,9,1.0
85,9,2.0
86,9,2.0
87,9,2.0
88,9,3.0
89,9,2.0
90,9,2.0
91,9,2.0
92,9,2.0
93,9,3.0
94,9,3.0
95,9,3.0
96,9,3.0
97,9,4.0
98,9,3.0
99,9,4.0
100,9,3.0
1,10,0.0
2,10,0.0
3,10,0.0
4,10,1.0
5,10,1.0
6,10,1.0
7,10,2.0
8,10,2.0
9,10,3.0
10,10,1.0
11,10,1.0
12,10,0.0
13,10,1.0
14,10,0.0
15,10,0.0
16,10,1.0
17,10,1.0
18,10,1.0
19,10,1.0
20,10,2.0
21,10,2.0
22,10,2.0
23,10,2.0
24,10,3.0
25,10,4.0
26,10,4.0
27,10,4.0
28,10,4.0
29,10,4.0
30,10,4.0
31,10,4.0
32,10,4.0
33,10,4.0
34,10,3.0
35,10,0.0
36,10,1.0
37,10,0.0
38,10,0.0
39,10,0.0
40,10,1.0
41,10,0.0
42,10,1.0
43,10,1.0
44,10,1.0
45,10,1.0
46,10,0.0
47,10,0.0
48,10,0.0
49,10,0.0
50,10,0.0
51,10,0.0
52,10,0.0
53,10,0.0
54,10,0.0
55,10,0.0
56,10,0.0
57,10,0.0
58,10,0.0
59,10,0.0
60,10,0.0
61,10,0.0
62,10,0.0
63,10,1.0
64,10,0.0
65,10,1.0
66,10,1.0
67,10,1.0
68,10,1.0
69,10,0.0
70,10,1.0
71,10,1.0
72,10,1.0
73,10,2.0
74,10,3.0
75,10,3.0
76,10,3.0
77,10,3.0
78,10,3.0
79,10,3.0
80,10,3.0
81,10,2.0
82,10,3.0
83,10,3.0
84,10,3.0
85,10,3.0
86,10,3.0
87,10,4.0
88,10,4.0
89,10,3.0
90,10,3.0
91,10,3.0
92,10,3.0
93,10,3.0
94,10,3.0
95,10,2.0
96,10,3.0
97,10,3.0
98,10,3.0
99,10,3.0
100,10,3.0
1,11,0.0
2,11,0.0
3,11,0.0
4,11,0.0
5,11,1.0
6,11,1.0
7,11,2.0
8,11,2.0
9,11,1.0
10,11,1.0
11,11,1.0
12,11,1.0
13,11,1.0
14,11,0.0
15,11,0.0
16,11,0.0
17,11,0.0
18,11,1.0
19,11,2.0
20,11,2.0
21,11,2.0
22,11,3.0
23,11,3.0
24,11,3.0
25,11,4.0
26,11,4.0
27,11,4.0
28,11,4.0
29,11,4.0
30,11,4.0
31,11,4.0
32,11,4.0
33,11,4.0
34,11,2.0
35,11,1.0
36,11,1.0
37,11,0.0
38,11,0.0
39,11,0.0
40,11,1.0
41,11,1.0
42,11,0.0
43,11,1.0
44,11,1.0
45,11,0.0
46,11,0.0
47,11,0.0
48,11,0.0
49,11,0.0
50,11,0.0
51,11,0.0
52,11,0.0
53,11,0.0
54,11,0.0
55,11,0.0
56,11,0.0
57,11,0.0
58,11,0.0
59,11,0.0
60,11,0.0
61,11,0.0
62,11,0.0
63,11,0.0
64,11,0.0
65,11,1.0
66,11,1.0
67,11,1.0
68,11,2.0
69,11,0.0
70,11,1.0
71,11,3.0
72,11,3.0
73,11,4.0
74,11,3.0
75,11,3.0
76,11,3.0
77,11,3.0
78,11,2.0
79,11,3.0
80,11,4.0
81,11,3.0
82,11,3.0
83,11,3.0
84,11,3.0
85,11,1.0
86,11,3.0
87,11,4.0
88,11,3.0
89,11,3.0
90,11,3.0
91,11,3.0
92,11,3.0
93,11,2.0
94,11,2.0
95,11,2.0
96,11,2.0
97,11,3.0
98,11,2.0
99,11,3.0
100,11,3.0
1,12,0.0
2,12,0.0
3,12,0.0
4,12,1.0
5,12,1.0
6,12,1.0
7,12,1.0
8,12,2.0
9,12,0.0
10,12,0.0
11,12,0.0
12,12,2.0
13,12,0.0
14,12,0.0
15,12,0.0
16,12,0.0
17,12,0.0
18,12,2.0
19,12,3.0
20,12,3.0
21,12,2.0
22,12,3.0
23,12,3.0
24,12,3.0
25,12,0.0
26,12,4.0
27,12,4.0
28,12,4.0
29,12,4.0
30,12,4.0
31,12,4.0
32,12,4.0
33,12,4.0
34,12,4.0
35,12,3.0
36,12,2.0
37,12,1.0
38,12,0.0
39,12,0.0
40,12,1.0
41,12,1.0
42,12,0.0
43,12,1.0
44,12,1.0
45,12,0.0
46,12,0.0
47,12,1.0
48,12,0.0
49,12,0.0
50,12,0.0
51,12,0.0
52,12,0.0
53,12,0.0
54,12,0.0
55,12,0.0
56,12,0.0
57,12,0.0
58,12,0.0
59,12,0.0
60,12,0.0
61,12,0.0
62,12,0.0
63,12,1.0
64,12,1.0
65,12,2.0
66,12,2.0
67,12,2.0
68,12,2.0
69,12,1.0
70,12,2.0
71,12,3.0
72,12,3.0
73,12,3.0
74,12,3.0
75,12,3.0
76,12,3.0
77,12,2.0
78,12,3.0
79,12,3.0
80,12,3.0
81,12,3.0
82,12,4.0
83,12,3.0
84,12,4.0
85,12,3.0
86,12,3.0
87,12,3.0
88,12,3.0
89,12,3.0
90,12,4.0
91,12,3.0
92,12,3.0
93,12,1.0
94,12,2.0
95,12,0.0
96,12,1.0
97,12,1.0
98,12,2.0
99,12,2.0
100,12,2.0
1,13,2.0
2,13,0.0
3,13,0.0
4,13,2.0
5,13,2.0
6,13,1.0
7,13,1.0
8,13,1.0
9,13,1.0
10,13,1.0
11,13,2.0
12,13,1.0
13,13,2.0
14,13,2.0
15,13,2.0
16,13,2.0
17,13,1.0
18,13,3.0
19,13,4.0
20,13,3.0
21,13,2.0
22,13,3.0
23,13,2.0
24,13,2.0
25,13,2.0
26,13,2.0
27,13,4.0
28,13,4.0
29,13,4.0
30,13,4.0
31,13,4.0
32,13,4.0
33,13,4.0
34,13,4.0
35,13,4.0
36,13,3.0
37,13,1.0
38,13,1.0
39,13,1.0
40,13,2.0
41,13,1.0
42,13,1.0
43,13,0.0
44,13,2.0
45,13,1.0
46,13,1.0
47,13,0.0
48,13,0.0
49,13,0.0
50,13,0.0
51,13,0.0
52,13,0.0
53,13,0.0
54,13,0.0
55,13,0.0
56,13,0.0
57,13,0.0
58,13,0.0
59,13,0.0
60,13,0.0
61,13,0.0
62,13,0.0
63,13,1.0
64,13,2.0
65,13,2.0
66,13,1.0
67,13,1.0
68,13,1.0
69,13,2.0
70,13,1.0
71,13,2.0
72,13,3.0
73,13,4.0
74,13,3.0
75,13,3.0
76,13,1.0
77,13,2.0
78,13,3.0
79,13,3.0
80,13,3.0
81,13,3.0
82,13,3.0
83,13,4.0
84,13,3.0
85,13,3.0
86,13,4.0
87,13,3.0
88,13,4.0
89,13,4.0
90,13,3.0
91,13,3.0
92,13,4.0
93,13,3.0
94,13,3.0
95,13,1.0
96,13,1.0
97,13,1.0
98,13,1.0
99,13,1.0
100,13,2.0
1,14,0.0
2,14,1.0
3,14,0.0
4,14,0.0
5,14,0.0
6,14,1.0
7,14,1.0
8,14,1.0
9,14,2.0
10,14,2.0
11,14,1.0
12,14,2.0
13,14,1.0
14,14,1.0
15,14,2.0
16,14,2.0
17,14,1.0
18,14,2.0
19,14,3.0
20,14,2.0
21,14,2.0
22,14,3.0
23,14,2.0
24,14,0.0
25,14,4.0
26,14,4.0
27,14,0.0
28,14,4.0
29,14,4.0
30,14,4.0
31,14,4.0
32,14,4.0
33,14,4.0
34,14,4.0
35,14,4.0
36,14,4.0
37,14,2.0
38,14,0.0
39,14,1.0
40,14,2.0
41,14,2.0
42,14,1.0
43,14,0.0
44,14,1.0
45,14,2.0
46,14,2.0
47,14,1.0
48,14,0.0
49,14,0.0
50,14,0.0
51,14,0.0
52,14,0.0
53,14,0.0
54,14,0.0
55,14,1.0
56,14,0.0
57,14,0.0
58,14,0.0
59,14,0.0
60,14,0.0
61,14,0.0
62,14,0.0
63,14,1.0
64,14,0.0
65,14,1.0
66,14,1.0
67,14,1.0
68,14,1.0
69,14,1.0
70,14,1.0
71,14,0.0
72,14,0.0
73,14,3.0
74,14,3.0
75,14,3.0
76,14,2.0
77,14,2.0
78,14,3.0
79,14,3.0
80,14,4.0
81,14,3.0
82,14,2.0
83,14,4.0
84,14,4.0
85,14,3.0
86,14,3.0
87,14,4.0
88,14,3.0
89,14,3.0
90,14,3.0
91,14,4.0
92,14,4.0
93,14,3.0
94,14,3.0
95,14,1.0
96,14,1.0
97,14,1.0
98,14,1.0
99,14,0.0
100,14,0.0
1,15,1.0
2,15,0.0
3,15,0.0
4,15,0.0
5,15,0.0
6,15,2.0
7,15,2.0
8,15,1.0
9,15,1.0
10,15,0.0
11,15,1.0
12,15,1.0
13,15,1.0
14,15,2.0
15,15,3.0
16,15,2.0
17,15,2.0
18,15,3.0
19,15,2.0
20,15,3.0
21,15,2.0
22,15,2.0
23,15,0.0
24,15,4.0
25,15,4.0
26,15,4.0
27,15,1.0
28,15,4.0
29,15,4.0
30,15,4.0
31,15,4.0
32,15,4.0
33,15,4.0
34,15,4.0
35,15,4.0
36,15,4.0
37,15,3.0
38,15,0.0
39,15,1.0
40,15,1.0
41,15,2.0
42,15,2.0
43,15,2.0
44,15,1.0
45,15,2.0
46,15,2.0
47,15,2.0
48,15,1.0
49,15,1.0
50,15,1.0
51,15,1.0
52,15,1.0
53,15,2.0
54,15,1.0
55,15,2.0
56,15,2.0
57,15,1.0
58,15,1.0
59,15,0.0
60,15,0.0
61,15,0.0
62,15,0.0
63,15,0.0
64,15,0.0
65,15,0.0
66,15,0.0
67,15,0.0
68,15,0.0
69,15,1.0
70,15,1.0
71,15,0.0
72,15,0.0
73,15,3.0
74,15,3.0
75,15,3.0
76,15,3.0
77,15,2.0
78,15,3.0
79,15,3.0
80,15,3.0
81,15,2.0
82,15,2.0
83,15,3.0
84,15,3.0
85,15,3.0
86,15,4.0
87,15,3.0
88,15,3.0
89,15,3.0
90,15,3.0
91,15,4.0
92,15,4.0
93,15,3.0
94,15,3.0
95,15,3.0
96,15,1.0
97,15,0.0
98,15,0.0
99,15,0.0
100,15,0.0
1,16,1.0
2,16,0.0
3,16,1.0
4,16,0.0
5,16,2.0
6,16,3.0
7,16,2.0
8,16,1.0
9,16,0.0
10,16,0.0
11,16,0.0
12,16,1.0
13,16,1.0
14,16,1.0
15,16,3.0
16,16,2.0
17,16,3.0
18,16,3.0
19,16,2.0
20,16,3.0
21,16,2.0
22,16,0.0
23,16,4.0
24,16,4.0
25,16,4.0
26,16,4.0
27,16,4.0
28,16,2.0
29,16,4.0
30,16,4.0
31,16,4.0
32,16,4.0
33,16,4.0
34,16,4.0
35,16,4.0
36,16,4.0
37,16,4.0
38,16,3.0
39,16,1.0
40,16,1.0
41,16,3.0
42,16,2.0
43,16,1.0
44,16,1.0
45,16,3.0
46,16,3.0
47,16,3.0
48,16,2.0
49,16,2.0
50,16,1.0
51,16,0.0
52,16,0.0
53,16,2.0
54,16,1.0
55,16,2.0
56,16,2.0
57,16,2.0
58,16,2.0
59,16,1.0
60,16,1.0
61,16,1.0
62,16,0.0
63,16,0.0
64,16,0.0
65,16,0.0
66,16,1.0
67,16,0.0
68,16,0.0
69,16,0.0
70,16,0.0
71,16,2.0
72,16,3.0
73,16,3.0
74,16,3.0
75,16,2.0
76,16,3.0
77,16,2.0
78,16,2.0
79,16,2.0
80,16,2.0
81,16,2.0
82,16,3.0
83,16,3.0
84,16,3.0
85,16,3.0
86,16,4.0
87,16,3.0
88,16,3.0
89,16,3.0
90,16,3.0
91,16,4.0
92,16,4.0
93,16,3.0
94,16,3.0
95,16,2.0
96,16,0.0
97,16,0.0
98,16,0.0
99,16,0.0
100,16,0.0
1,17,0.0
2,17,2.0
3,17,0.0
4,17,1.0
5,17,1.0
6,17,2.0
7,17,1.0
8,17,0.0
9,17,0.0
10,17,1.0
11,17,1.0
12,17,1.0
13,17,2.0
14,17,0.0
15,17,1.0
16,17,2.0
17,17,3.0
18,17,2.0
19,17,3.0
20,17,2.0
21,17,1.0
22,17,4.0
23,17,4.0
24,17,4.0
25,17,4.0
26,17,4.0
27,17,4.0
28,17,3.0
29,17,3.0
30,17,4.0
31,17,4.0
32,17,4.0
33,17,4.0
34,17,4.0
35,17,4.0
36,17,4.0
37,17,4.0
38,17,4.0
39,17,4.0
40,17,1.0
41,17,2.0
42,17,3.0
43,17,2.0
44,17,2.0
45,17,3.0
46,17,3.0
47,17,3.0
48,17,4.0
49,17,3.0
50,17,3.0
51,17,2.0
52,17,2.0
53,17,2.0
54,17,2.0
55,17,2.0
56,17,1.0
57,17,2.0
58,17,3.0
59,17,1.0
60,17,1.0
61,17,0.0
62,17,0.0
63,17,1.0
64,17,1.0
65,17,2.0
66,17,1.0
67,17,0.0
68,17,0.0
69,17,0.0
70,17,2.0
71,17,3.0
72,17,2.0
73,17,3.0
74,17,3.0
75,17,3.0
76,17,3.0
77,17,3.0
78,17,2.0
79,17,3.0
80,17,3.0
81,17,3.0
82,17,3.0
83,17,3.0
84,17,3.0
85,17,3.0
86,17,3.0
87,17,3.0
88,17,3.0
89,17,3.0
90,17,3.0
91,17,3.0
92,17,3.0
93,17,3.0
94,17,2.0
95,17,1.0
96,17,1.0
97,17,1.0
98,17,2.0
99,17,0.0
100,17,2.0
1,18,1.0
2,18,0.0
3,18,1.0
4,18,1.0
5,18,2.0
6,18,2.0
7,18,1.0
8,18,1.0
9,18,0.0
10,18,1.0
11,18,1.0
12,18,1.0
13,18,0.0
14,18,0.0
15,18,0.0
16,18,1.0
17,18,3.0
18,18,2.0
19,18,1.0
20,18,3.0
21,18,4.0
22,18,4.0
23,18,4.0
24,18,4.0
25,18,4.0
26,18,4.0
27,18,3.0
28,18,2.0
29,18,1.0
30,18,4.0
31,18,4.0
32,18,4.0
33,18,4.0
34,18,4.0
35,18,4.0
36,18,4.0
37,18,4.0
38,18,4.0
39,18,4.0
40,18,4.0
41,18,4.0
42,18,1.0
43,18,1.0
44,18,2.0
45,18,3.0
46,18,3.0
47,18,4.0
48,18,3.0
49,18,1.0
50,18,2.0
51,18,2.0
52,18,3.0
53,18,3.0
54,18,2.0
55,18,1.0
56,18,1.0
57,18,3.0
58,18,3.0
59,18,2.0
60,18,2.0
61,18,0.0
62,18,0.0
63,18,0.0
64,18,0.0
65,18,0.0
66,18,1.0
67,18,0.0
68,18,0.0
69,18,1.0
70,18,1.0
71,18,3.0
72,18,3.0
73,18,2.0
74,18,3.0
75,18,4.0
76,18,3.0
77,18,3.0
78,18,3.0
79,18,2.0
80,18,3.0
81,18,3.0
82,18,3.0
83,18,3.0
84,18,3.0
85,18,4.0
86,18,4.0
87,18,4.0
88,18,4.0
89,18,2.0
90,18,3.0
91,18,4.0
92,18,3.0
93,18,3.0
94,18,3.0
95,18,1.0
96,18,1.0
97,18,0.0
98,18,1.0
99,18,1.0
100,18,2.0
1,19,0.0
2,19,1.0
3,19,0.0
4,19,0.0
5,19,0.0
6,19,0.0
7,19,0.0
8,19,2.0
9,19,1.0
10,19,1.0
11,19,1.0
12,19,0.0
13,19,0.0
14,19,0.0
15,19,1.0
16,19,0.0
17,19,2.0
18,19,2.0
19,19,2.0
20,19,4.0
21,19,4.0
22,19,4.0
23,19,4.0
24,19,4.0
25,19,4.0
26,19,4.0
27,19,3.0
28,19,2.0
29,19,1.0
30,19,0.0
31,19,3.0
32,19,4.0
33,19,2.0
34,19,4.0
35,19,4.0
36,19,4.0
37,19,4.0
38,19,4.0
39,19,4.0
40,19,4.0
41,19,4.0
42,19,4.0
43,19,4.0
44,19,4.0
45,19,3.0
46,19,3.0
47,19,3.0
48,19,3.0
49,19,2.0
50,19,3.0
51,19,2.0
52,19,3.0
53,19,3.0
54,19,3.0
55,19,3.0
56,19,4.0
57,19,4.0
58,19,3.0
59,19,2.0
60,19,1.0
61,19,0.0
62,19,0.0
63,19,0.0
64,19,0.0
65,19,1.0
66,19,0.0
67,19,0.0
68,19,0.0
69,19,2.0
70,19,1.0
71,19,1.0
72,19,3.0
73,19,3.0
74,19,3.0
75,19,4.0
76,19,4.0
77,19,3.0
78,19,3.0
79,19,3.0
80,19,3.0
81,19,2.0
82,19,3.0
83,19,4.0
84,19,4.0
85,19,4.0
86,19,4.0
87,19,4.0
88,19,4.0
89,19,3.0
90,19,3.0
91,19,2.0
92,19,3.0
93,19,2.0
94,19,3.0
95,19,1.0
96,19,1.0
97,19,1.0
98,19,1.0
99,19,1.0
100,19,2.0
1,20,2.0
2,20,0.0
3,20,1.0
4,20,1.0
5,20,0.0
6,20,0.0
7,20,1.0
8,20,1.0
9,20,1.0
10,20,1.0
11,20,1.0
12,20,1.0
13,20,0.0
14,20,1.0
15,20,1.0
16,20,0.0
17,20,1.0
18,20,1.0
19,20,3.0
20,20,4.0
21,20,4.0
22,20,4.0
23,20,4.0
24,20,4.0
25,20,4.0
26,20,4.0
27,20,1.0
28,20,2.0
29,20,1.0
30,20,0.0
31,20,1.0
32,20,2.0
33,20,1.0
34,20,4.0
35,20,4.0
36,20,4.0
37,20,4.0
38,20,4.0
39,20,4.0
40,20,4.0
41,20,4.0
42,20,4.0
43,20,4.0
44,20,4.0
45,20,4.0
46,20,0.0
47,20,3.0
48,20,3.0
49,20,3.0
50,20,2.0
51,20,2.0
52,20,3.0
53,20,4.0
54,20,3.0
55,20,4.0
56,20,3.0
57,20,4.0
58,20,3.0
59,20,3.0
60,20,1.0
61,20,0.0
62,20,0.0
63,20,0.0
64,20,0.0
65,20,1.0
66,20,1.0
67,20,2.0
68,20,1.0
69,20,1.0
70,20,2.0
71,20,2.0
72,20,2.0
73,20,4.0
74,20,4.0
75,20,3.0
76,20,4.0
77,20,4.0
78,20,4.0
79,20,3.0
80,20,3.0
81,20,3.0
82,20,3.0
83,20,2.0
84,20,3.0
85,20,3.0
86,20,4.0
87,20,4.0
88,20,3.0
89,20,3.0
90,20,3.0
91,20,3.0
92,20,3.0
93,20,3.0
94,20,3.0
95,20,1.0
96,20,0.0
97,20,1.0
98,20,1.0
99,20,1.0
100,20,1.0
1,21,1.0
2,21,0.0
3,21,0.0
4,21,0.0
5,21,1.0
6,21,0.0
7,21,1.0
8,21,0.0
9,21,0.0
10,21,1.0
11,21,2.0
12,21,0.0
13,21,0.0
14,21,1.0
15,21,2.0
16,21,1.0
17,21,2.0
18,21,3.0
19,21,4.0
20,21,4.0
21,21,4.0
22,21,4.0
23,21,4.0
24,21,4.0
25,21,4.0
26,21,3.0
27,21,1.0
28,21,1.0
29,21,0.0
30,21,1.0
31,21,0.0
32,21,2.0
33,21,1.0
34,21,1.0
35,21,3.0
36,21,4.0
37,21,4.0
38,21,4.0
39,21,4.0
40,21,4.0
41,21,4.0
42,21,4.0
43,21,4.0
44,21,4.0
45,21,4.0
46,21,4.0
47,21,4.0
48,21,4.0
49,21,3.0
50,21,3.0
51,21,3.0
52,21,3.0
53,21,3.0
54,21,3.0
55,21,3.0
56,21,3.0
57,21,4.0
58,21,4.0
59,21,4.0
60,21,3.0
61,21,1.0
62,21,0.0
63,21,1.0
64,21,2.0
65,21,2.0
66,21,2.0
67,21,3.0
68,21,3.0
69,21,2.0
70,21,2.0
71,21,2.0
72,21,2.0
73,21,3.0
74,21,3.0
75,21,3.0
76,21,3.0
77,21,4.0
78,21,3.0
79,21,3.0
80,21,3.0
81,21,2.0
82,21,3.0
83,21,2.0
84,21,3.0
85,21,3.0
86,21,3.0
87,21,3.0
88,21,3.0
89,21,3.0
90,21,3.0
91,21,3.0
92,21,3.0
93,21,3.0
94,21,2.0
95,21,1.0
96,21,1.0
97,21,2.0
98,21,1.0
99,21,2.0
100,21,2.0
1,22,1.0
2,22,1.0
3,22,1.0
4,22,1.0
5,22,2.0
6,22,2.0
7,22,1.0
8,22,0.0
9,22,0.0
10,22,1.0
11,22,1.0
12,22,1.0
13,22,1.0
14,22,3.0
15,22,2.0
16,22,2.0
17,22,3.0
18,22,3.0
19,22,4.0
20,22,4.0
21,22,4.0
22,22,4.0
23,22,4.0
24,22,4.0
25,22,4.0
26,22,3.0
27,22,1.0
28,22,0.0
29,22,0.0
30,22,1.0
31,22,1.0
32,22,1.0
33,22,2.0
34,22,1.0
35,22,3.0
36,22,1.0
37,22,1.0
38,22,4.0
39,22,4.0
40,22,4.0
41,22,4.0
42,22,4.0
43,22,4.0
44,22,4.0
45,22,4.0
46,22,4.0
47,22,4.0
48,22,4.0
49,22,4.0
50,22,4.0
51,22,0.0
52,22,3.0
53,22,3.0
54,22,3.0
55,22,3.0
56,22,4.0
57,22,4.0
58,22,4.0
59,22,4.0
60,22,3.0
61,22,2.0
62,22,3.0
63,22,1.0
64,22,2.0
65,22,2.0
66,22,3.0
67,22,3.0
68,22,1.0
69,22,2.0
70,22,2.0
71,22,3.0
72,22,3.0
73,22,1.0
74,22,1.0
75,22,2.0
76,22,3.0
77,22,3.0
78,22,2.0
79,22,3.0
80,22,3.0
81,22,3.0
82,22,3.0
83,22,3.0
84,22,3.0
85,22,3.0
86,22,3.0
87,22,4.0
88,22,3.0
89,22,4.0
90,22,4.0
91,22,3.0
92,22,3.0
93,22,3.0
94,22,2.0
95,22,1.0
96,22,0.0
97,22,2.0
98,22,0.0
99,22,1.0
100,22,2.0
1,23,3.0
2,23,3.0
3,23,2.0
4,23,1.0
5,23,2.0
6,23,0.0
7,23,1.0
8,23,0.0
9,23,0.0
10,23,0.0
11,23,0.0
12,23,2.0
13,23,3.0
14,23,2.0
15,23,2.0
16,23,3.0
17,23,3.0
18,23,4.0
19,23,4.0
20,23,4.0
21,23,4.0
22,23,4.0
23,23,4.0
24,23,4.0
25,23,4.0
26,23,2.0
27,23,1.0
28,23,2.0
29,23,2.0
30,23,2.0
31,23,2.0
32,23,1.0
33,23,2.0
34,23,2.0
35,23,1.0
36,23,0.0
37,23,0.0
38,23,0.0
39,23,1.0
40,23,2.0
41,23,4.0
42,23,4.0
43,23,4.0
44,23,4.0
45,23,4.0
46,23,4.0
47,23,4.0
48,23,4.0
49,23,4.0
50,23,4.0
51,23,4.0
52,23,4.0
53,23,0.0
54,23,3.0
55,23,3.0
56,23,3.0
57,23,4.0
58,23,4.0
59,23,4.0
60,23,3.0
61,23,3.0
62,23,3.0
63,23,3.0
64,23,2.0
65,23,2.0
66,23,3.0
67,23,3.0
68,23,3.0
69,23,2.0
70,23,2.0
71,23,3.0
72,23,3.0
73,23,2.0
74,23,3.0
75,23,3.0
76,23,3.0
77,23,4.0
78,23,3.0
79,23,2.0
80,23,3.0
81,23,3.0
82,23,4.0
83,23,3.0
84,23,3.0
85,23,3.0
86,23,4.0
87,23,3.0
88,23,3.0
89,23,3.0
90,23,4.0
91,23,4.0
92,23,3.0
93,23,2.0
94,23,1.0
95,23,1.0
96,23,1.0
97,23,1.0
98,23,1.0
99,23,1.0
100,23,1.0
1,24,3.0
2,24,3.0
3,24,3.0
4,24,2.0
5,24,2.0
6,24,0.0
7,24,0.0
8,24,0.0
9,24,0.0
10,24,0.0
11,24,0.0
12,24,0.0
13,24,2.0
14,24,2.0
15,24,2.0
16,24,3.0
17,24,2.0
18,24,4.0
19,24,4.0
20,24,4.0
21,24,4.0
22,24,4.0
23,24,4.0
24,24,4.0
25,24,3.0
26,24,3.0
27,24,1.0
28,24,1.0
29,24,2.0
30,24,2.0
31,24,1.0
32,24,1.0
33,24,2.0
34,24,1.0
35,24,0.0
36,24,0.0
37,24,0.0
38,24,0.0
39,24,1.0
40,24,1.0
41,24,0.0
42,24,3.0
43,24,4.0
44,24,4.0
45,24,4.0
46,24,4.0
47,24,4.0
48,24,4.0
49,24,4.0
50,24,4.0
51,24,4.0
52,24,4.0
53,24,4.0
54,24,4.0
55,24,2.0
56,24,4.0
57,24,4.0
58,24,4.0
59,24,4.0
60,24,3.0
61,24,2.0
62,24,3.0
63,24,3.0
64,24,3.0
65,24,3.0
66,24,2.0
67,24,3.0
68,24,2.0
69,24,2.0
70,24,3.0
71,24,3.0
72,24,3.0
73,24,2.0
74,24,3.0
75,24,4.0
76,24,3.0
77,24,3.0
78,24,3.0
79,24,2.0
80,24,3.0
81,24,4.0
82,24,3.0
83,24,4.0
84,24,4.0
85,24,4.0
86,24,3.0
87,24,3.0
88,24,3.0
89,24,3.0
90,24,3.0
91,24,3.0
92,24,1.0
93,24,2.0
94,24,2.0
95,24,2.0
96,24,1.0
97,24,0.0
98,24,0.0
99,24,0.0
100,24,0.0
1,25,2.0
2,25,3.0
3,25,3.0
4,25,2.0
5,25,1.0
6,25,0.0
7,25,0.0
8,25,0.0
9,25,0.0
10,25,0.0
11,25,0.0
12,25,0.0
13,25,1.0
14,25,1.0
15,25,3.0
16,25,4.0
17,25,3.0
18,25,4.0
19,25,4.0
20,25,4.0
21,25,4.0
22,25,4.0
23,25,4.0
24,25,4.0
25,25,4.0
26,25,2.0
27,25,2.0
28,25,2.0
29,25,2.0
30,25,1.0
31,25,1.0
32,25,0.0
33,25,0.0
34,25,0.0
35,25,0.0
36,25,0.0
37,25,0.0
38,25,0.0
39,25,0.0
40,25,0.0
41,25,1.0
42,25,2.0
43,25,0.0
44,25,2.0
45,25,2.0
46,25,4.0
47,25,4.0
48,25,4.0
49,25,4.0
50,25,4.0
51,25,4.0
52,25,4.0
53,25,4.0
54,25,4.0
55,25,4.0
56,25,4.0
57,25,4.0
58,25,3.0
59,25,3.0
60,25,3.0
61,25,3.0
62,25,3.0
63,25,2.0
64,25,2.0
65,25,3.0
66,25,3.0
67,25,3.0
68,25,3.0
69,25,3.0
70,25,2.0
71,25,3.0
72,25,2.0
73,25,2.0
74,25,3.0
75,25,4.0
76,25,3.0
77,25,1.0
78,25,2.0
79,25,1.0
80,25,3.0
81,25,3.0
82,25,3.0
83,25,3.0
84,25,4.0
85,25,3.0
86,25,3.0
87,25,3.0
88,25,3.0
89,25,3.0
90,25,2.0
91,25,2.0
92,25,2.0
93,25,3.0
94,25,1.0
95,25,1.0
96,25,1.0
97,25,0.0
98,25,0.0
99,25,2.0
100,25,1.0
1,26,1.0
2,26,2.0
3,26,2.0
4,26,2.0
5,26,0.0
6,26,0.0
7,26,0.0
8,26,0.0
9,26,0.0
10,26,0.0
11,26,0.0
12,26,0.0
13,26,1.0
14,26,0.0
15,26,3.0
16,26,3.0
17,26,4.0
18,26,4.0
19,26,4.0
20,26,4.0
21,26,4.0
22,26,4.0
23,26,4.0
24,26,4.0
25,26,4.0
26,26,3.0
27,26,3.0
28,26,3.0
29,26,2.0
30,26,1.0
31,26,0.0
32,26,0.0
33,26,0.0
34,26,1.0
35,26,0.0
36,26,0.0
37,26,0.0
38,26,0.0
39,26,0.0
40,26,0.0
41,26,1.0
42,26,1.0
43,26,1.0
44,26,2.0
45,26,1.0
46,26,0.0
47,26,4.0
48,26,4.0
49,26,4.0
50,26,4.0
51,26,4.0
52,26,4.0
53,26,4.0
54,26,4.0
55,26,4.0
56,26,4.0
57,26,4.0
58,26,4.0
59,26,2.0
60,26,2.0
61,26,3.0
62,26,2.0
63,26,1.0
64,26,2.0
65,26,3.0
66,26,4.0
67,26,3.0
68,26,3.0
69,26,3.0
70,26,3.0
71,26,3.0
72,26,3.0
73,26,3.0
74,26,4.0
75,26,4.0
76,26,3.0
77,26,1.0
78,26,1.0
79,26,2.0
80,26,3.0
81,26,4.0
82,26,3.0
83,26,3.0
84,26,4.0
85,26,3.0
86,26,4.0
87,26,4.0
88,26,3.0
89,26,3.0
90,26,2.0
91,26,3.0
92,26,1.0
93,26,2.0
94,26,1.0
95,26,0.0
96,26,0.0
97,26,0.0
98,26,1.0
99,26,2.0
100,26,2.0
1,27,3.0
2,27,1.0
3,27,1.0
4,27,3.0
5,27,3.0
6,27,1.0
7,27,0.0
8,27,1.0
9,27,1.0
10,27,0.0
11,27,0.0
12,27,0.0
13,27,1.0
14,27,1.0
15,27,3.0
16,27,2.0
17,27,4.0
18,27,4.0
19,27,4.0
20,27,4.0
21,27,4.0
22,27,4.0
23,27,4.0
24,27,4.0
25,27,4.0
26,27,4.0
27,27,3.0
28,27,2.0
29,27,1.0
30,27,0.0
31,27,0.0
32,27,0.0
33,27,2.0
34,27,1.0
35,27,0.0
36,27,0.0
37,27,0.0
38,27,0.0
39,27,1.0
40,27,1.0
41,27,2.0
42,27,1.0
43,27,1.0
44,27,1.0
45,27,1.0
46,27,2.0
47,27,2.0
48,27,0.0
49,27,4.0
50,27,4.0
51,27,4.0
52,27,4.0
53,27,4.0
54,27,4.0
55,27,4.0
56,27,4.0
57,27,4.0
58,27,4.0
59,27,4.0
60,27,1.0
61,27,2.0
62,27,2.0
63,27,1.0
64,27,3.0
65,27,3.0
66,27,4.0
67,27,4.0
68,27,3.0
69,27,3.0
70,27,3.0
71,27,3.0
72,27,3.0
73,27,4.0
74,27,3.0
75,27,2.0
76,27,3.0
77,27,2.0
78,27,1.0
79,27,2.0
80,27,3.0
81,27,3.0
82,27,3.0
83,27,3.0
84,27,3.0
85,27,3.0
86,27,3.0
87,27,3.0
88,27,3.0
89,27,3.0
90,27,1.0
91,27,1.0
92,27,1.0
93,27,1.0
94,27,1.0
95,27,0.0
96,27,0.0
97,27,0.0
98,27,0.0
99,27,2.0
100,27,1.0
1,28,2.0
2,28,2.0
3,28,2.0
4,28,2.0
5,28,1.0
6,28,1.0
7,28,0.0
8,28,0.0
9,28,0.0
10,28,0.0
11,28,0.0
12,28,1.0
13,28,0.0
14,28,2.0
15,28,2.0
16,28,3.0
17,28,4.0
18,28,4.0
19,28,4.0
20,28,4.0
21,28,4.0
22,28,4.0
23,28,4.0
24,28,4.0
25,28,4.0
26,28,4.0
27,28,4.0
28,28,3.0
29,28,1.0
30,28,0.0
31,28,0.0
32,28,0.0
33,28,1.0
34,28,1.0
35,28,0.0
36,28,0.0
37,28,0.0
38,28,0.0
39,28,1.0
40,28,1.0
41,28,2.0
42,28,1.0
43,28,2.0
44,28,2.0
45,28,0.0
46,28,2.0
47,28,1.0
48,28,0.0
49,28,1.0
50,28,0.0
51,28,4.0
52,28,4.0
53,28,4.0
54,28,4.0
55,28,4.0
56,28,4.0
57,28,4.0
58,28,4.0
59,28,4.0
60,28,4.0
61,28,4.0
62,28,1.0
63,28,1.0
64,28,2.0
65,28,2.0
66,28,3.0
67,28,3.0
68,28,3.0
69,28,3.0
70,28,2.0
71,28,2.0
72,28,3.0
73,28,3.0
74,28,3.0
75,28,2.0
76,28,2.0
77,28,3.0
78,28,2.0
79,28,3.0
80,28,3.0
81,28,2.0
82,28,3.0
83,28,3.0
84,28,3.0
85,28,3.0
86,28,3.0
87,28,3.0
88,28,4.0
89,28,3.0
90,28,3.0
91,28,2.0
92,28,1.0
93,28,0.0
94,28,1.0
95,28,1.0
96,28,1.0
97,28,1.0
98,28,0.0
99,28,0.0
100,28,0.0
1,29,2.0
2,29,2.0
3,29,2.0
4,29,1.0
5,29,0.0
6,29,0.0
7,29,0.0
8,29,1.0
9,29,0.0
10,29,0.0
11,29,0.0
12,29,0.0
13,29,1.0
14,29,1.0
15,29,2.0
16,29,2.0
17,29,3.0
18,29,4.0
19,29,4.0
20,29,4.0
21,29,4.0
22,29,4.0
23,29,4.0
24,29,4.0
25,29,4.0
26,29,4.0
27,29,4.0
28,29,4.0
29,29,3.0
30,29,0.0
31,29,0.0
32,29,0.0
33,29,1.0
34,29,0.0
35,29,0.0
36,29,0.0
37,29,0.0
38,29,0.0
39,29,1.0
40,29,2.0
41,29,2.0
42,29,1.0
43,29,0.0
44,29,1.0
45,29,0.0
46,29,0.0
47,29,1.0
48,29,0.0
49,29,0.0
50,29,0.0
51,29,0.0
52,29,0.0
53,29,4.0
54,29,4.0
55,29,4.0
56,29,4.0
57,29,4.0
58,29,4.0
59,29,4.0
60,29,4.0
61,29,4.0
62,29,4.0
63,29,2.0
64,29,1.0
65,29,3.0
66,29,3.0
67,29,3.0
68,29,3.0
69,29,3.0
70,29,3.0
71,29,3.0
72,29,2.0
73,29,3.0
74,29,2.0
75,29,2.0
76,29,3.0
77,29,2.0
78,29,2.0
79,29,2.0
80,29,3.0
81,29,3.0
82,29,3.0
83,29,3.0
84,29,3.0
85,29,3.0
86,29,3.0
87,29,3.0
88,29,3.0
89,29,3.0
90,29,3.0
91,29,2.0
92,29,0.0
93,29,0.0
94,29,0.0
95,29,0.0
96,29,1.0
97,29,0.0
98,29,0.0
99,29,0.0
100,29,1.0
1,30,1.0
2,30,2.0
3,30,2.0
4,30,1.0
5,30,1.0
6,30,2.0
7,30,2.0
8,30,1.0
9,30,0.0
10,30,0.0
11,30,0.0
12,30,0.0
13,30,1.0
14,30,1.0
15,30,1.0
16,30,1.0
17,30,2.0
18,30,4.0
19,30,4.0
20,30,4.0
21,30,4.0
22,30,4.0
23,30,4.0
24,30,4.0
25,30,4.0
26,30,4.0
27,30,4.0
28,30,4.0
29,30,4.0
30,30,3.0
31,30,0.0
32,30,1.0
33,30,1.0
34,30,0.0
35,30,0.0
36,30,1.0
37,30,1.0
38,30,1.0
39,30,2.0
40,30,2.0
41,30,1.0
42,30,0.0
43,30,0.0
44,30,1.0
45,30,2.0
46,30,3.0
47,30,2.0
48,30,1.0
49,30,1.0
50,30,0.0
51,30,1.0
52,30,1.0
53,30,1.0
54,30,2.0
55,30,4.0
56,30,4.0
57,30,4.0
58,30,4.0
59,30,4.0
60,30,4.0
61,30,4.0
62,30,4.0
63,30,4.0
64,30,4.0
65,30,0.0
66,30,3.0
67,30,3.0
68,30,3.0
69,30,3.0
70,30,2.0
71,30,1.0
72,30,3.0
73,30,2.0
74,30,3.0
75,30,3.0
76,30,3.0
77,30,3.0
78,30,2.0
79,30,1.0
80,30,2.0
81,30,2.0
82,30,2.0
83,30,3.0
84,30,3.0
85,30,3.0
86,30,3.0
87,30,3.0
88,30,3.0
89,30,3.0
90,30,2.0
91,30,2.0
92,30,1.0
93,30,0.0
94,30,0.0
95,30,0.0
96,30,0.0
97,30,1.0
98,30,1.0
99,30,0.0
100,30,2.0
1,31,2.0
2,31,3.0
3,31,2.0
4,31,2.0
5,31,1.0
6,31,1.0
7,31,2.0
8,31,2.0
9,31,2.0
10,31,2.0
11,31,1.0
12,31,1.0
13,31,1.0
14,31,1.0
15,31,1.0
16,31,2.0
17,31,2.0
18,31,3.0
19,31,3.0
20,31,4.0
21,31,4.0
22,31,4.0
23,31,4.0
24,31,4.0
25,31,4.0
26,31,4.0
27,31,4.0
28,31,4.0
29,31,4.0
30,31,4.0
31,31,4.0
32,31,1.0
33,31,2.0
34,31,1.0
35,31,1.0
36,31,1.0
37,31,2.0
38,31,2.0
39,31,2.0
40,31,1.0
41,31,1.0
42,31,0.0
43,31,0.0
44,31,0.0
45,31,1.0
46,31,2.0
47,31,1.0
48,31,2.0
49,31,2.0
50,31,2.0
51,31,1.0
52,31,1.0
53,31,1.0
54,31,0.0
55,31,4.0
56,31,4.0
57,31,4.0
58,31,4.0
59,31,4.0
60,31,4.0
61,31,4.0
62,31,4.0
63,31,4.0
64,31,4.0
65,31,3.0
66,31,3.0
67,31,3.0
68,31,3.0
69,31,2.0
70,31,1.0
71,31,0.0
72,31,2.0
73,31,3.0
74,31,2.0
75,31,2.0
76,31,2.0
77,31,0.0
78,31,2.0
79,31,2.0
80,31,2.0
81,31,1.0
82,31,3.0
83,31,3.0
84,31,3.0
85,31,3.0
86,31,2.0
87,31,3.0
88,31,3.0
89,31,3.0
90,31,2.0
91,31,2.0
92,31,1.0
93,31,1.0
94,31,0.0
95,31,0.0
96,31,0.0
97,31,1.0
98,31,1.0
99,31,0.0
100,31,0.0
1,32,2.0
2,32,2.0
3,32,2.0
4,32,2.0
5,32,2.0
6,32,3.0
7,32,3.0
8,32,3.0
9,32,2.0
10,32,0.0
11,32,1.0
12,32,0.0
13,32,0.0
14,32,0.0
15,32,0.0
16,32,2.0
17,32,3.0
18,32,3.0
19,32,3.0
20,32,3.0
21,32,4.0
22,32,4.0
23,32,4.0
24,32,4.0
25,32,4.0
26,32,4.0
27,32,4.0
28,32,4.0
29,32,4.0
30,32,4.0
31,32,4.0
32,32,3.0
33,32,1.0
34,32,3.0
35,32,1.0
36,32,0.0
37,32,1.0
38,32,1.0
39,32,1.0
40,32,0.0
41,32,2.0
42,32,0.0
43,32,0.0
44,32,1.0
45,32,0.0
46,32,2.0
47,32,1.0
48,32,3.0
49,32,1.0
50,32,2.0
51,32,2.0
52,32,1.0
53,32,1.0
54,32,0.0
55,32,1.0
56,32,3.0
57,32,4.0
58,32,4.0
59,32,4.0
60,32,4.0
61,32,4.0
62,32,4.0
63,32,4.0
64,32,4.0
65,32,4.0
66,32,3.0
67,32,3.0
68,32,2.0
69,32,3.0
70,32,1.0
71,32,0.0
72,32,1.0
73,32,3.0
74,32,3.0
75,32,2.0
76,32,3.0
77,32,1.0
78,32,1.0
79,32,1.0
80,32,2.0
81,32,2.0
82,32,3.0
83,32,3.0
84,32,3.0
85,32,3.0
86,32,3.0
87,32,4.0
88,32,4.0
89,32,3.0
90,32,1.0
91,32,1.0
92,32,1.0
93,32,1.0
94,32,1.0
95,32,0.0
96,32,0.0
97,32,0.0
98,32,1.0
99,32,1.0
100,32,1.0
1,33,1.0
2,33,2.0
3,33,1.0
4,33,2.0
5,33,2.0
6,33,3.0
7,33,2.0
8,33,1.0
9,33,1.0
10,33,1.0
11,33,0.0
12,33,1.0
13,33,1.0
14,33,0.0
15,33,0.0
16,33,2.0
17,33,3.0
18,33,3.0
19,33,3.0
20,33,3.0
21,33,3.0
22,33,4.0
23,33,4.0
24,33,4.0
25,33,4.0
26,33,4.0
27,33,4.0
28,33,4.0
29,33,4.0
30,33,4.0
31,33,4.0
32,33,3.0
33,33,2.0
34,33,2.0
35,33,2.0
36,33,1.0
37,33,1.0
38,33,1.0
39,33,0.0
40,33,0.0
41,33,1.0
42,33,0.0
43,33,1.0
44,33,1.0
45,33,2.0
46,33,2.0
47,33,1.0
48,33,2.0
49,33,1.0
50,33,3.0
51,33,3.0
52,33,2.0
53,33,3.0
54,33,1.0
55,33,1.0
56,33,3.0
57,33,4.0
58,33,4.0
59,33,4.0
60,33,4.0
61,33,4.0
62,33,4.0
63,33,4.0
64,33,4.0
65,33,4.0
66,33,3.0
67,33,1.0
68,33,1.0
69,33,0.0
70,33,0.0
71,33,2.0
72,33,0.0
73,33,1.0
74,33,2.0
75,33,2.0
76,33,3.0
77,33,2.0
78,33,3.0
79,33,2.0
80,33,2.0
81,33,3.0
82,33,3.0
83,33,3.0
84,33,3.0
85,33,3.0
86,33,4.0
87,33,4.0
88,33,3.0
89,33,2.0
90,33,2.0
91,33,1.0
92,33,0.0
93,33,1.0
94,33,1.0
95,33,2.0
96,33,0.0
97,33,0.0
98,33,2.0
99,33,2.0
100,33,2.0
1,34,1.0
2,34,2.0
3,34,1.0
4,34,2.0
5,34,3.0
6,34,3.0
7,34,0.0
8,34,1.0
9,34,1.0
10,34,3.0
11,34,2.0
12,34,2.0
13,34,1.0
14,34,0.0
15,34,0.0
16,34,1.0
17,34,3.0
18,34,2.0
19,34,2.0
20,34,1.0
21,34,0.0
22,34,0.0
23,34,4.0
24,34,4.0
25,34,4.0
26,34,4.0
27,34,4.0
28,34,4.0
29,34,4.0
30,34,4.0
31,34,4.0
32,34,4.0
33,34,3.0
34,34,1.0
35,34,2.0
36,34,1.0
37,34,2.0
38,34,1.0
39,34,1.0
40,34,1.0
41,34,1.0
42,34,1.0
43,34,0.0
44,34,1.0
45,34,1.0
46,34,0.0
47,34,1.0
48,34,1.0
49,34,1.0
50,34,2.0
51,34,3.0
52,34,3.0
53,34,2.0
54,34,3.0
55,34,2.0
56,34,1.0
57,34,3.0
58,34,4.0
59,34,4.0
60,34,4.0
61,34,4.0
62,34,4.0
63,34,4.0
64,34,4.0
65,34,4.0
66,34,3.0
67,34,0.0
68,34,0.0
69,34,1.0
70,34,1.0
71,34,1.0
72,34,0.0
73,34,2.0
74,34,2.0
75,34,2.0
76,34,3.0
77,34,3.0
78,34,3.0
79,34,3.0
80,34,2.0
81,34,3.0
82,34,3.0
83,34,3.0
84,34,3.0
85,34,3.0
86,34,3.0
87,34,4.0
88,34,3.0
89,34,3.0
90,34,3.0
91,34,1.0
92,34,1.0
93,34,1.0
94,34,1.0
95,34,1.0
96,34,1.0
97,34,0.0
98,34,0.0
99,34,1.0
100,34,1.0
1,35,0.0
2,35,0.0
3,35,1.0
4,35,2.0
5,35,3.0
6,35,2.0
7,35,2.0
8,35,1.0
9,35,2.0
10,35,1.0
11,35,0.0
12,35,1.0
13,35,1.0
14,35,1.0
15,35,0.0
16,35,1.0
17,35,2.0
18,35,2.0
19,35,3.0
20,35,1.0
21,35,1.0
22,35,1.0
23,35,3.0
24,35,4.0
25,35,4.0
26,35,4.0
27,35,4.0
28,35,4.0
29,35,4.0
30,35,4.0
31,35,4.0
32,35,4.0
33,35,4.0
34,35,4.0
35,35,2.0
36,35,2.0
37,35,2.0
38,35,1.0
39,35,1.0
40,35,2.0
41,35,1.0
42,35,1.0
43,35,0.0
44,35,1.0
45,35,2.0
46,35,2.0
47,35,2.0
48,35,1.0
49,35,1.0
50,35,2.0
51,35,1.0
52,35,2.0
53,35,2.0
54,35,3.0
55,35,3.0
56,35,1.0
57,35,0.0
58,35,4.0
59,35,4.0
60,35,4.0
61,35,4.0
62,35,4.0
63,35,4.0
64,35,4.0
65,35,4.0
66,35,4.0
67,35,0.0
68,35,0.0
69,35,1.0
70,35,2.0
71,35,2.0
72,35,1.0
73,35,2.0
74,35,2.0
75,35,2.0
76,35,2.0
77,35,3.0
78,35,3.0
79,35,3.0
80,35,3.0
81,35,4.0
82,35,3.0
83,35,2.0
84,35,3.0
85,35,3.0
86,35,3.0
87,35,3.0
88,35,2.0
89,35,2.0
90,35,1.0
91,35,2.0
92,35,2.0
93,35,1.0
94,35,2.0
95,35,1.0
96,35,0.0
97,35,2.0
98,35,1.0
99,35,0.0
100,35,0.0
1,36,0.0
2,36,0.0
3,36,2.0
4,36,2.0
5,36,1.0
6,36,3.0
7,36,1.0
8,36,2.0
9,36,2.0
10,36,2.0
11,36,2.0
12,36,1.0
13,36,1.0
14,36,1.0
15,36,1.0
16,36,0.0
17,36,1.0
18,36,0.0
19,36,0.0
20,36,0.0
21,36,0.0
22,36,0.0
23,36,3.0
24,36,4.0
25,36,4.0
26,36,4.0
27,36,4.0
28,36,4.0
29,36,4.0
30,36,4.0
31,36,4.0
32,36,4.0
33,36,4.0
34,36,4.0
35,36,4.0
36,36,2.0
37,36,1.0
38,36,0.0
39,36,1.0
40,36,2.0
41,36,1.0
42,36,1.0
43,36,2.0
44,36,2.0
45,36,1.0
46,36,2.0
47,36,2.0
48,36,1.0
49,36,2.0
50,36,3.0
51,36,1.0
52,36,1.0
53,36,3.0
54,36,3.0
55,36,3.0
56,36,2.0
57,36,1.0
58,36,3.0
59,36,4.0
60,36,4.0
61,36,4.0
62,36,4.0
63,36,4.0
64,36,4.0
65,36,4.0
66,36,3.0
67,36,1.0
68,36,1.0
69,36,2.0
70,36,1.0
71,36,2.0
72,36,0.0
73,36,1.0
74,36,2.0
75,36,2.0
76,36,1.0
77,36,2.0
78,36,1.0
79,36,3.0
80,36,2.0
81,36,3.0
82,36,3.0
83,36,2.0
84,36,3.0
85,36,3.0
86,36,3.0
87,36,3.0
88,36,2.0
89,36,2.0
90,36,1.0
91,36,1.0
92,36,0.0
93,36,1.0
94,36,0.0
95,36,0.0
96,36,0.0
97,36,0.0
98,36,0.0
99,36,0.0
100,36,0.0
1,37,0.0
2,37,0.0
3,37,2.0
4,37,2.0
5,37,3.0
6,37,3.0
7,37,3.0
8,37,3.0
9,37,2.0
10,37,2.0
11,37,2.0
12,37,1.0
13,37,1.0
14,37,1.0
15,37,0.0
16,37,0.0
17,37,0.0
18,37,0.0
19,37,0.0
20,37,0.0
21,37,0.0
22,37,0.0
23,37,0.0
24,37,3.0
25,37,4.0
26,37,4.0
27,37,4.0
28,37,4.0
29,37,4.0
30,37,4.0
31,37,4.0
32,37,4.0
33,37,4.0
34,37,4.0
35,37,4.0
36,37,4.0
37,37,4.0
38,37,2.0
39,37,1.0
40,37,2.0
41,37,2.0
42,37,2.0
43,37,2.0
44,37,2.0
45,37,1.0
46,37,2.0
47,37,2.0
48,37,2.0
49,37,2.0
50,37,3.0
51,37,1.0
52,37,1.0
53,37,2.0
54,37,3.0
55,37,2.0
56,37,3.0
57,37,3.0
58,37,4.0
59,37,4.0
60,37,4.0
61,37,4.0
62,37,4.0
63,37,4.0
64,37,4.0
65,37,4.0
66,37,0.0
67,37,1.0
68,37,1.0
69,37,2.0
70,37,2.0
71,37,1.0
72,37,1.0
73,37,1.0
74,37,1.0
75,37,1.0
76,37,2.0
77,37,1.0
78,37,2.0
79,37,3.0
80,37,3.0
81,37,2.0
82,37,2.0
83,37,2.0
84,37,2.0
85,37,2.0
86,37,2.0
87,37,2.0
88,37,1.0
89,37,1.0
90,37,2.0
91,37,1.0
92,37,0.0
93,37,0.0
94,37,0.0
95,37,0.0
96,37,0.0
97,37,0.0
98,37,0.0
99,37,0.0
100,37,0.0
1,38,0.0
2,38,0.0
3,38,1.0
4,38,2.0
5,38,2.0
6,38,2.0
7,38,2.0
8,38,1.0
9,38,3.0
10,38,2.0
11,38,3.0
12,38,2.0
13,38,2.0
14,38,1.0
15,38,0.0
16,38,0.0
17,38,0.0
18,38,0.0
19,38,0.0
20,38,0.0
21,38,0.0
22,38,0.0
23,38,0.0
24,38,0.0
25,38,4.0
26,38,4.0
27,38,4.0
28,38,4.0
29,38,4.0
30,38,4.0
31,38,4.0
32,38,4.0
33,38,4.0
34,38,4.0
35,38,4.0
36,38,4.0
37,38,4.0
38,38,3.0
39,38,2.0
40,38,3.0
41,38,2.0
42,38,3.0
43,38,3.0
44,38,2.0
45,38,1.0
46,38,2.0
47,38,1.0
48,38,3.0
49,38,3.0
50,38,3.0
51,38,3.0
52,38,3.0
53,38,3.0
54,38,1.0
55,38,2.0
56,38,2.0
57,38,0.0
58,38,4.0
59,38,4.0
60,38,4.0
61,38,4.0
62,38,4.0
63,38,4.0
64,38,4.0
65,38,4.0
66,38,1.0
67,38,1.0
68,38,2.0
69,38,2.0
70,38,3.0
71,38,1.0
72,38,3.0
73,38,2.0
74,38,1.0
75,38,2.0
76,38,1.0
77,38,1.0
78,38,3.0
79,38,3.0
80,38,2.0
81,38,3.0
82,38,2.0
83,38,3.0
84,38,1.0
85,38,1.0
86,38,2.0
87,38,1.0
88,38,2.0
89,38,1.0
90,38,1.0
91,38,1.0
92,38,0.0
93,38,0.0
94,38,0.0
95,38,0.0
96,38,0.0
97,38,0.0
98,38,0.0
99,38,0.0
100,38,0.0
1,39,2.0
2,39,0.0
3,39,0.0
4,39,0.0
5,39,2.0
6,39,0.0
7,39,1.0
8,39,1.0
9,39,2.0
10,39,2.0
11,39,3.0
12,39,3.0
13,39,3.0
14,39,1.0
15,39,1.0
16,39,0.0
17,39,0.0
18,39,0.0
19,39,0.0
20,39,0.0
21,39,0.0
22,39,0.0
23,39,0.0
24,39,0.0
25,39,0.0
26,39,3.0
27,39,4.0
28,39,4.0
29,39,4.0
30,39,4.0
31,39,4.0
32,39,4.0
33,39,4.0
34,39,4.0
35,39,4.0
36,39,4.0
37,39,4.0
38,39,1.0
39,39,3.0
40,39,2.0
41,39,2.0
42,39,2.0
43,39,3.0
44,39,3.0
45,39,3.0
46,39,2.0
47,39,2.0
48,39,2.0
49,39,3.0
50,39,3.0
51,39,3.0
52,39,3.0
53,39,3.0
54,39,2.0
55,39,2.0
56,39,2.0
57,39,4.0
58,39,4.0
59,39,4.0
60,39,4.0
61,39,4.0
62,39,4.0
63,39,4.0
64,39,4.0
65,39,2.0
66,39,0.0
67,39,1.0
68,39,2.0
69,39,3.0
70,39,3.0
71,39,2.0
72,39,3.0
73,39,2.0
74,39,2.0
75,39,1.0
76,39,2.0
77,39,3.0
78,39,3.0
79,39,2.0
80,39,2.0
81,39,1.0
82,39,2.0
83,39,2.0
84,39,1.0
85,39,2.0
86,39,0.0
87,39,1.0
88,39,1.0
89,39,1.0
90,39,0.0
91,39,0.0
92,39,0.0
93,39,0.0
94,39,0.0
95,39,0.0
96,39,0.0
97,39,0.0
98,39,0.0
99,39,0.0
100,39,0.0
1,40,2.0
2,40,1.0
3,40,0.0
4,40,1.0
5,40,1.0
6,40,0.0
7,40,1.0
8,40,1.0
9,40,1.0
10,40,3.0
11,40,3.0
12,40,2.0
13,40,2.0
14,40,2.0
15,40,1.0
16,40,0.0
17,40,0.0
18,40,0.0
19,40,0.0
20,40,0.0
21,40,0.0
22,40,0.0
23,40,0.0
24,40,0.0
25,40,0.0
26,40,0.0
27,40,1.0
28,40,3.0
29,40,4.0
30,40,4.0
31,40,4.0
32,40,4.0
33,40,4.0
34,40,4.0
35,40,4.0
36,40,4.0
37,40,4.0
38,40,3.0
39,40,3.0
40,40,2.0
41,40,2.0
42,40,1.0
43,40,3.0
44,40,3.0
45,40,3.0
46,40,1.0
47,40,3.0
48,40,2.0
49,40,3.0
50,40,3.0
51,40,3.0
52,40,3.0
53,40,3.0
54,40,2.0
55,40,2.0
56,40,2.0
57,40,4.0
58,40,4.0
59,40,4.0
60,40,4.0
61,40,4.0
62,40,4.0
63,40,4.0
64,40,4.0
65,40,0.0
66,40,0.0
67,40,1.0
68,40,2.0
69,40,3.0
70,40,3.0
71,40,3.0
72,40,4.0
73,40,3.0
74,40,1.0
75,40,0.0
76,40,1.0
77,40,2.0
78,40,2.0
79,40,3.0
80,40,3.0
81,40,2.0
82,40,2.0
83,40,2.0
84,40,2.0
85,40,0.0
86,40,1.0
87,40,1.0
88,40,0.0
89,40,0.0
90,40,0.0
91,40,0.0
92,40,0.0
93,40,0.0
94,40,0.0
95,40,0.0
96,40,0.0
97,40,0.0
98,40,0.0
99,40,0.0
100,40,0.0
1,41,1.0
2,41,0.0
3,41,0.0
4,41,0.0
5,41,1.0
6,41,0.0
7,41,2.0
8,41,1.0
9,41,1.0
10,41,0.0
11,41,1.0
12,41,0.0
13,41,1.0
14,41,2.0
15,41,1.0
16,41,1.0
17,41,1.0
18,41,0.0
19,41,0.0
20,41,0.0
21,41,0.0
22,41,0.0
23,41,0.0
24,41,0.0
25,41,1.0
26,41,0.0
27,41,1.0
28,41,1.0
29,41,4.0
30,41,4.0
31,41,4.0
32,41,4.0
33,41,4.0
34,41,4.0
35,41,4.0
36,41,4.0
37,41,4.0
38,41,4.0
39,41,3.0
40,41,3.0
41,41,1.0
42,41,2.0
43,41,3.0
44,41,3.0
45,41,3.0
46,41,3.0
47,41,3.0
48,41,2.0
49,41,3.0
50,41,2.0
51,41,3.0
52,41,3.0
53,41,3.0
54,41,3.0
55,41,2.0
56,41,3.0
57,41,4.0
58,41,4.0
59,41,4.0
60,41,4.0
61,41,4.0
62,41,4.0
63,41,4.0
64,41,2.0
65,41,1.0
66,41,1.0
67,41,1.0
68,41,1.0
69,41,2.0
70,41,3.0
71,41,2.0
72,41,3.0
73,41,2.0
74,41,2.0
75,41,1.0
76,41,1.0
77,41,1.0
78,41,2.0
79,41,1.0
80,41,2.0
81,41,1.0
82,41,1.0
83,41,2.0
84,41,3.0
85,41,3.0
86,41,1.0
87,41,1.0
88,41,1.0
89,41,0.0
90,41,0.0
91,41,0.0
92,41,0.0
93,41,0.0
94,41,0.0
95,41,0.0
96,41,0.0
97,41,0.0
98,41,0.0
99,41,0.0
100,41,0.0
1,42,0.0
2,42,1.0
3,42,1.0
4,42,0.0
5,42,2.0
6,42,1.0
7,42,1.0
8,42,1.0
9,42,1.0
10,42,1.0
11,42,2.0
12,42,0.0
13,42,0.0
14,42,0.0
15,42,1.0
16,42,0.0
17,42,1.0
18,42,0.0
19,42,0.0
20,42,0.0
21,42,0.0
22,42,0.0
23,42,0.0
24,42,0.0
25,42,0.0
26,42,1.0
27,42,0.0
28,42,0.0
29,42,1.0
30,42,4.0
31,42,4.0
32,42,4.0
33,42,4.0
34,42,4.0
35,42,4.0
36,42,4.0
37,42,4.0
38,42,4.0
39,42,4.0
40,42,3.0
41,42,3.0
42,42,1.0
43,42,2.0
44,42,2.0
45,42,3.0
46,42,2.0
47,42,1.0
48,42,2.0
49,42,2.0
50,42,1.0
51,42,2.0
52,42,3.0
53,42,3.0
54,42,2.0
55,42,3.0
56,42,4.0
57,42,4.0
58,42,4.0
59,42,4.0
60,42,4.0
61,42,4.0
62,42,4.0
63,42,3.0
64,42,2.0
65,42,2.0
66,42,1.0
67,42,0.0
68,42,0.0
69,42,2.0
70,42,3.0
71,42,3.0
72,42,3.0
73,42,3.0
74,42,2.0
75,42,3.0
76,42,1.0
77,42,1.0
78,42,2.0
79,42,1.0
80,42,2.0
81,42,1.0
82,42,0.0
83,42,1.0
84,42,1.0
85,42,0.0
86,42,0.0
87,42,1.0
88,42,0.0
89,42,0.0
90,42,0.0
91,42,0.0
92,42,0.0
93,42,0.0
94,42,0.0
95,42,0.0
96,42,0.0
97,42,0.0
98,42,0.0
99,42,0.0
100,42,0.0
1,43,0.0
2,43,0.0
3,43,1.0
4,43,1.0
5,43,1.0
6,43,2.0
7,43,0.0
8,43,0.0
9,43,1.0
10,43,1.0
11,43,1.0
12,43,0.0
13,43,0.0
14,43,0.0
15,43,0.0
16,43,0.0
17,43,1.0
18,43,0.0
19,43,0.0
20,43,0.0
21,43,0.0
22,43,0.0
23,43,0.0
24,43,0.0
25,43,0.0
26,43,0.0
27,43,0.0
28,43,0.0
29,43,3.0
30,43,4.0
31,43,4.0
32,43,4.0
33,43,4.0
34,43,4.0
35,43,4.0
36,43,4.0
37,43,4.0
38,43,4.0
39,43,4.0
40,43,4.0
41,43,4.0
42,43,3.0
43,43,2.0
44,43,2.0
45,43,2.0
46,43,1.0
47,43,2.0
48,43,3.0
49,43,3.0
50,43,1.0
51,43,3.0
52,43,3.0
53,43,2.0
54,43,3.0
55,43,3.0
56,43,4.0
57,43,4.0
58,43,4.0
59,43,4.0
60,43,4.0
61,43,4.0
62,43,3.0
63,43,3.0
64,43,2.0
65,43,2.0
66,43,1.0
67,43,0.0
68,43,0.0
69,43,1.0
70,43,2.0
71,43,3.0
72,43,2.0
73,43,2.0
74,43,2.0
75,43,3.0
76,43,2.0
77,43,2.0
78,43,2.0
79,43,1.0
80,43,2.0
81,43,2.0
82,43,2.0
83,43,0.0
84,43,1.0
85,43,1.0
86,43,1.0
87,43,1.0
88,43,0.0
89,43,0.0
90,43,0.0
91,43,0.0
92,43,0.0
93,43,0.0
94,43,0.0
95,43,0.0
96,43,0.0
97,43,0.0
98,43,0.0
99,43,0.0
100,43,0.0
1,44,1.0
2,44,0.0
3,44,0.0
4,44,0.0
5,44,1.0
6,44,3.0
7,44,1.0
8,44,0.0
9,44,0.0
10,44,2.0
11,44,0.0
12,44,0.0
13,44,0.0
14,44,0.0
15,44,0.0
16,44,0.0
17,44,0.0
18,44,0.0
19,44,0.0
20,44,0.0
21,44,0.0
22,44,0.0
23,44,0.0
24,44,0.0
25,44,0.0
26,44,0.0
27,44,0.0
28,44,0.0
29,44,0.0
30,44,4.0
31,44,4.0
32,44,4.0
33,44,4.0
34,44,4.0
35,44,4.0
36,44,4.0
37,44,4.0
38,44,4.0
39,44,4.0
40,44,4.0
41,44,4.0
42,44,4.0
43,44,4.0
44,44,4.0
45,44,2.0
46,44,2.0
47,44,3.0
48,44,3.0
49,44,3.0
50,44,3.0
51,44,3.0
52,44,3.0
53,44,3.0
54,44,4.0
55,44,4.0
56,44,4.0
57,44,4.0
58,44,4.0
59,44,4.0
60,44,4.0
61,44,4.0
62,44,3.0
63,44,3.0
64,44,1.0
65,44,2.0
66,44,1.0
67,44,1.0
68,44,2.0
69,44,2.0
70,44,3.0
71,44,1.0
72,44,2.0
73,44,1.0
74,44,2.0
75,44,3.0
76,44,3.0
77,44,3.0
78,44,2.0
79,44,2.0
80,44,2.0
81,44,2.0
82,44,1.0
83,44,0.0
84,44,1.0
85,44,1.0
86,44,1.0
87,44,1.0
88,44,0.0
89,44,0.0
90,44,0.0
91,44,0.0
92,44,0.0
93,44,0.0
94,44,0.0
95,44,0.0
96,44,0.0
97,44,0.0
98,44,0.0
99,44,0.0
100,44,0.0
1,45,0.0
2,45,1.0
3,45,1.0
4,45,1.0
5,45,0.0
6,45,2.0
7,45,1.0
8,45,0.0
9,45,0.0
10,45,3.0
11,45,2.0
12,45,2.0
13,45,1.0
14,45,0.0
15,45,0.0
16,45,0.0
17,45,0.0
18,45,0.0
19,45,2.0
20,45,0.0
21,45,1.0
22,45,1.0
23,45,1.0
24,45,0.0
25,45,0.0
26,45,0.0
27,45,0.0
28,45,0.0
29,45,0.0
30,45,0.0
31,45,4.0
32,45,4.0
33,45,4.0
34,45,4.0
35,45,4.0
36,45,4.0
37,45,4.0
38,45,4.0
39,45,4.0
40,45,4.0
41,45,4.0
42,45,4.0
43,45,4.0
44,45,4.0
45,45,3.0
46,45,1.0
47,45,2.0
48,45,3.0
49,45,2.0
50,45,2.0
51,45,1.0
52,45,2.0
53,45,4.0
54,45,4.0
55,45,4.0
56,45,4.0
57,45,4.0
58,45,4.0
59,45,4.0
60,45,4.0
61,45,3.0
62,45,2.0
63,45,3.0
64,45,3.0
65,45,2.0
66,45,2.0
67,45,2.0
68,45,3.0
69,45,3.0
70,45,3.0
71,45,2.0
72,45,2.0
73,45,3.0
74,45,3.0
75,45,4.0
76,45,3.0
77,45,3.0
78,45,2.0
79,45,2.0
80,45,1.0
81,45,1.0
82,45,0.0
83,45,0.0
84,45,1.0
85,45,1.0
86,45,2.0
87,45,1.0
88,45,0.0
89,45,0.0
90,45,0.0
91,45,0.0
92,45,0.0
93,45,1.0
94,45,0.0
95,45,0.0
96,45,0.0
97,45,0.0
98,45,0.0
99,45,0.0
100,45,0.0
1,46,0.0
2,46,0.0
3,46,0.0
4,46,2.0
5,46,2.0
6,46,2.0
7,46,2.0
8,46,3.0
9,46,3.0
10,46,2.0
11,46,1.0
12,46,2.0
13,46,1.0
14,46,0.0
15,46,1.0
16,46,1.0
17,46,1.0
18,46,1.0
19,46,2.0
20,46,1.0
21,46,1.0
22,46,2.0
23,46,2.0
24,46,2.0
25,46,0.0
26,46,0.0
27,46,0.0
28,46,0.0
29,46,0.0
30,46,0.0
31,46,1.0
32,46,4.0
33,46,4.0
34,46,4.0
35,46,4.0
36,46,4.0
37,46,4.0
38,46,4.0
39,46,4.0
40,46,4.0
41,46,4.0
42,46,4.0
43,46,4.0
44,46,4.0
45,46,3.0
46,46,2.0
47,46,0.0
48,46,3.0
49,46,2.0
50,46,2.0
51,46,2.0
52,46,2.0
53,46,4.0
54,46,4.0
55,46,4.0
56,46,4.0
57,46,4.0
58,46,4.0
59,46,4.0
60,46,3.0
61,46,3.0
62,46,3.0
63,46,3.0
64,46,3.0
65,46,2.0
66,46,2.0
67,46,2.0
68,46,2.0
69,46,3.0
70,46,3.0
71,46,2.0
72,46,2.0
73,46,3.0
74,46,3.0
75,46,3.0
76,46,4.0
77,46,3.0
78,46,1.0
79,46,2.0
80,46,1.0
81,46,0.0
82,46,0.0
83,46,0.0
84,46,1.0
85,46,1.0
86,46,2.0
87,46,0.0
88,46,0.0
89,46,0.0
90,46,0.0
91,46,0.0
92,46,0.0
93,46,0.0
94,46,0.0
95,46,0.0
96,46,0.0
97,46,0.0
98,46,0.0
99,46,0.0
100,46,0.0
1,47,0.0
2,47,0.0
3,47,0.0
4,47,2.0
5,47,0.0
6,47,1.0
7,47,1.0
8,47,3.0
9,47,3.0
10,47,3.0
11,47,1.0
12,47,1.0
13,47,0.0
14,47,1.0
15,47,1.0
16,47,1.0
17,47,1.0
18,47,1.0
19,47,2.0
20,47,1.0
21,47,2.0
22,47,2.0
23,47,1.0
24,47,2.0
25,47,0.0
26,47,0.0
27,47,0.0
28,47,0.0
29,47,0.0
30,47,0.0
31,47,0.0
32,47,2.0
33,47,2.0
34,47,1.0
35,47,4.0
36,47,4.0
37,47,4.0
38,47,4.0
39,47,4.0
40,47,4.0
41,47,4.0
42,47,4.0
43,47,4.0
44,47,4.0
45,47,4.0
46,47,3.0
47,47,1.0
48,47,2.0
49,47,2.0
50,47,1.0
51,47,3.0
52,47,4.0
53,47,4.0
54,47,4.0
55,47,4.0
56,47,4.0
57,47,4.0
58,47,4.0
59,47,3.0
60,47,3.0
61,47,3.0
62,47,2.0
63,47,2.0
64,47,3.0
65,47,2.0
66,47,2.0
67,47,2.0
68,47,3.0
69,47,2.0
70,47,3.0
71,47,3.0
72,47,3.0
73,47,3.0
74,47,3.0
75,47,3.0
76,47,3.0
77,47,4.0
78,47,3.0
79,47,2.0
80,47,0.0
81,47,0.0
82,47,0.0
83,47,2.0
84,47,3.0
85,47,1.0
86,47,2.0
87,47,2.0
88,47,1.0
89,47,1.0
90,47,1.0
91,47,1.0
92,47,1.0
93,47,0.0
94,47,0.0
95,47,0.0
96,47,0.0
97,47,0.0
98,47,0.0
99,47,0.0
100,47,0.0
1,48,0.0
2,48,0.0
3,48,0.0
4,48,0.0
5,48,0.0
6,48,1.0
7,48,1.0
8,48,2.0
9,48,2.0
10,48,2.0
11,48,0.0
12,48,0.0
13,48,0.0
14,48,0.0
15,48,0.0
16,48,0.0
17,48,0.0
18,48,1.0
19,48,2.0
20,48,1.0
21,48,1.0
22,48,2.0
23,48,1.0
24,48,1.0
25,48,0.0
26,48,0.0
27,48,0.0
28,48,0.0
29,48,0.0
30,48,0.0
31,48,1.0
32,48,2.0
33,48,1.0
34,48,0.0
35,48,0.0
36,48,4.0
37,48,4.0
38,48,4.0
39,48,4.0
40,48,4.0
41,48,4.0
42,48,4.0
43,48,4.0
44,48,4.0
45,48,4.0
46,48,4.0
47,48,0.0
48,48,2.0
49,48,2.0
50,48,3.0
51,48,4.0
52,48,4.0
53,48,4.0
54,48,4.0
55,48,4.0
56,48,4.0
57,48,4.0
58,48,3.0
59,48,3.0
60,48,3.0
61,48,2.0
62,48,3.0
63,48,3.0
64,48,1.0
65,48,2.0
66,48,2.0
67,48,1.0
68,48,2.0
69,48,2.0
70,48,3.0
71,48,2.0
72,48,2.0
73,48,3.0
74,48,3.0
75,48,3.0
76,48,2.0
77,48,3.0
78,48,3.0
79,48,2.0
80,48,1.0
81,48,0.0
82,48,1.0
83,48,1.0
84,48,3.0
85,48,2.0
86,48,3.0
87,48,2.0
88,48,2.0
89,48,3.0
90,48,1.0
91,48,3.0
92,48,1.0
93,48,0.0
94,48,2.0
95,48,2.0
96,48,1.0
97,48,0.0
98,48,0.0
99,48,0.0
100,48,0.0
1,49,0.0
2,49,0.0
3,49,0.0
4,49,0.0
5,49,0.0
6,49,1.0
7,49,0.0
8,49,1.0
9,49,1.0
10,49,2.0
11,49,0.0
12,49,0.0
13,49,0.0
14,49,0.0
15,49,0.0
16,49,1.0
17,49,0.0
18,49,1.0
19,49,1.0
20,49,1.0
21,49,0.0
22,49,2.0
23,49,1.0
24,49,1.0
25,49,0.0
26,49,0.0
27,49,0.0
28,49,0.0
29,49,0.0
30,49,1.0
31,49,2.0
32,49,2.0
33,49,0.0
34,49,0.0
35,49,0.0
36,49,4.0
37,49,4.0
38,49,4.0
39,49,4.0
40,49,4.0
41,49,4.0
42,49,4.0
43,49,4.0
44,49,4.0
45,49,4.0
46,49,4.0
47,49,3.0
48,49,1.0
49,49,1.0
50,49,4.0
51,49,4.0
52,49,4.0
53,49,4.0
54,49,4.0
55,49,4.0
56,49,4.0
57,49,1.0
58,49,3.0
59,49,3.0
60,49,3.0
61,49,3.0
62,49,2.0
63,49,2.0
64,49,1.0
65,49,3.0
66,49,1.0
67,49,1.0
68,49,1.0
69,49,1.0
70,49,2.0
71,49,3.0
72,49,3.0
73,49,3.0
74,49,2.0
75,49,2.0
76,49,2.0
77,49,3.0
78,49,3.0
79,49,2.0
80,49,1.0
81,49,0.0
82,49,2.0
83,49,2.0
84,49,3.0
85,49,3.0
86,49,3.0
87,49,3.0
88,49,3.0
89,49,3.0
90,49,2.0
91,49,3.0
92,49,1.0
93,49,0.0
94,49,2.0
95,49,1.0
96,49,1.0
97,49,0.0
98,49,0.0
99,49,0.0
100,49,0.0
1,50,0.0
2,50,0.0
3,50,0.0
4,50,0.0
5,50,0.0
6,50,0.0
7,50,0.0
8,50,1.0
9,50,0.0
10,50,1.0
11,50,0.0
12,50,0.0
13,50,0.0
14,50,0.0
15,50,1.0
16,50,2.0
17,50,2.0
18,50,2.0
19,50,1.0
20,50,1.0
21,50,0.0
22,50,2.0
23,50,1.0
24,50,1.0
25,50,0.0
26,50,0.0
27,50,1.0
28,50,1.0
29,50,0.0
30,50,1.0
31,50,2.0
32,50,2.0
33,50,0.0
34,50,0.0
35,50,0.0
36,50,0.0
37,50,4.0
38,50,4.0
39,50,4.0
40,50,4.0
41,50,4.0
42,50,4.0
43,50,4.0
44,50,4.0
45,50,4.0
46,50,4.0
47,50,3.0
48,50,0.0
49,50,3.0
50,50,4.0
51,50,4.0
52,50,4.0
53,50,4.0
54,50,4.0
55,50,4.0
56,50,4.0
57,50,2.0
58,50,3.0
59,50,3.0
60,50,3.0
61,50,3.0
62,50,2.0
63,50,0.0
64,50,0.0
65,50,2.0
66,50,1.0
67,50,1.0
68,50,1.0
69,50,0.0
70,50,2.0
71,50,3.0
72,50,3.0
73,50,3.0
74,50,3.0
75,50,3.0
76,50,3.0
77,50,3.0
78,50,2.0
79,50,1.0
80,50,1.0
81,50,2.0
82,50,2.0
83,50,2.0
84,50,3.0
85,50,3.0
86,50,3.0
87,50,3.0
88,50,3.0
89,50,3.0
90,50,3.0
91,50,2.0
92,50,2.0
93,50,2.0
94,50,1.0
95,50,1.0
96,50,1.0
97,50,0.0
98,50,0.0
99,50,0.0
100,50,0.0
1,51,0.0
2,51,0.0
3,51,0.0
4,51,0.0
5,51,1.0
6,51,1.0
7,51,1.0
8,51,1.0
9,51,0.0
10,51,0.0
11,51,0.0
12,51,0.0
13,51,1.0
14,51,2.0
15,51,1.0
16,51,2.0
17,51,2.0
18,51,2.0
19,51,2.0
20,51,2.0
21,51,2.0
22,51,2.0
23,51,1.0
24,51,1.0
25,51,1.0
26,51,0.0
27,51,2.0
28,51,1.0
29,51,0.0
30,51,1.0
31,51,1.0
32,51,2.0
33,51,1.0
34,51,0.0
35,51,0.0
36,51,0.0
37,51,0.0
38,51,4.0
39,51,4.0
40,51,4.0
41,51,4.0
42,51,4.0
43,51,4.0
44,51,4.0
45,51,4.0
46,51,4.0
47,51,4.0
48,51,3.0
49,51,4.0
50,51,4.0
51,51,4.0
52,51,4.0
53,51,4.0
54,51,4.0
55,51,4.0
56,51,3.0
57,51,3.0
58,51,2.0
59,51,3.0
60,51,2.0
61,51,2.0
62,51,1.0
63,51,2.0
64,51,0.0
65,51,1.0
66,51,1.0
67,51,2.0
68,51,2.0
69,51,2.0
70,51,3.0
71,51,3.0
72,51,3.0
73,51,3.0
74,51,3.0
75,51,2.0
76,51,3.0
77,51,2.0
78,51,1.0
79,51,2.0
80,51,2.0
81,51,3.0
82,51,2.0
83,51,3.0
84,51,3.0
85,51,3.0
86,51,3.0
87,51,3.0
88,51,3.0
89,51,3.0
90,51,2.0
91,51,3.0
92,51,3.0
93,51,2.0
94,51,3.0
95,51,2.0
96,51,1.0
97,51,2.0
98,51,1.0
99,51,0.0
100,51,0.0
1,52,0.0
2,52,0.0
3,52,0.0
4,52,0.0
5,52,0.0
6,52,1.0
7,52,1.0
8,52,0.0
9,52,1.0
10,52,1.0
11,52,0.0
12,52,0.0
13,52,0.0
14,52,1.0
15,52,2.0
16,52,2.0
17,52,2.0
18,52,2.0
19,52,1.0
20,52,1.0
21,52,2.0
22,52,2.0
23,52,2.0
24,52,0.0
25,52,1.0
26,52,2.0
27,52,1.0
28,52,2.0
29,52,2.0
30,52,1.0
31,52,1.0
32,52,0.0
33,52,1.0
34,52,0.0
35,52,0.0
36,52,0.0
37,52,0.0
38,52,3.0
39,52,4.0
40,52,4.0
41,52,4.0
42,52,4.0
43,52,4.0
44,52,4.0
45,52,4.0
46,52,4.0
47,52,3.0
48,52,4.0
49,52,4.0
50,52,4.0
51,52,4.0
52,52,4.0
53,52,4.0
54,52,4.0
55,52,2.0
56,52,3.0
57,52,3.0
58,52,1.0
59,52,1.0
60,52,0.0
61,52,0.0
62,52,0.0
63,52,0.0
64,52,0.0
65,52,1.0
66,52,0.0
67,52,1.0
68,52,2.0
69,52,2.0
70,52,3.0
71,52,3.0
72,52,3.0
73,52,1.0
74,52,2.0
75,52,2.0
76,52,2.0
77,52,2.0
78,52,3.0
79,52,3.0
80,52,2.0
81,52,2.0
82,52,3.0
83,52,3.0
84,52,3.0
85,52,3.0
86,52,3.0
87,52,4.0
88,52,3.0
89,52,3.0
90,52,3.0
91,52,2.0
92,52,3.0
93,52,3.0
94,52,2.0
95,52,3.0
96,52,3.0
97,52,1.0
98,52,2.0
99,52,1.0
100,52,0.0
1,53,0.0
2,53,0.0
3,53,0.0
4,53,0.0
5,53,1.0
6,53,1.0
7,53,2.0
8,53,1.0
9,53,2.0
10,53,1.0
11,53,0.0
12,53,0.0
13,53,1.0
14,53,2.0
15,53,2.0
16,53,1.0
17,53,2.0
18,53,1.0
19,53,2.0
20,53,1.0
21,53,1.0
22,53,0.0
23,53,1.0
24,53,0.0
25,53,1.0
26,53,0.0
27,53,1.0
28,53,0.0
29,53,1.0
30,53,2.0
31,53,2.0
32,53,2.0
33,53,0.0
34,53,1.0
35,53,1.0
36,53,0.0
37,53,0.0
38,53,3.0
39,53,4.0
40,53,4.0
41,53,4.0
42,53,4.0
43,53,4.0
44,53,4.0
45,53,4.0
46,53,4.0
47,53,4.0
48,53,4.0
49,53,4.0
50,53,4.0
51,53,4.0
52,53,4.0
53,53,4.0
54,53,4.0
55,53,3.0
56,53,2.0
57,53,2.0
58,53,1.0
59,53,1.0
60,53,0.0
61,53,0.0
62,53,1.0
63,53,0.0
64,53,0.0
65,53,2.0
66,53,2.0
67,53,1.0
68,53,2.0
69,53,2.0
70,53,3.0
71,53,2.0
72,53,2.0
73,53,2.0
74,53,2.0
75,53,2.0
76,53,3.0
77,53,2.0
78,53,1.0
79,53,2.0
80,53,2.0
81,53,3.0
82,53,3.0
83,53,3.0
84,53,3.0
85,53,3.0
86,53,3.0
87,53,3.0
88,53,3.0
89,53,4.0
90,53,3.0
91,53,3.0
92,53,2.0
93,53,2.0
94,53,2.0
95,53,3.0
96,53,2.0
97,53,2.0
98,53,1.0
99,53,0.0
100,53,0.0
1,54,0.0
2,54,2.0
3,54,1.0
4,54,1.0
5,54,2.0
6,54,2.0
7,54,2.0
8,54,2.0
9,54,1.0
10,54,1.0
11,54,2.0
12,54,2.0
13,54,1.0
14,54,3.0
15,54,3.0
16,54,2.0
17,54,2.0
18,54,2.0
19,54,2.0
20,54,1.0
21,54,1.0
22,54,1.0
23,54,0.0
24,54,0.0
25,54,0.0
26,54,0.0
27,54,0.0
28,54,0.0
29,54,1.0
30,54,2.0
31,54,1.0
32,54,2.0
33,54,0.0
34,54,1.0
35,54,0.0
36,54,1.0
37,54,0.0
38,54,0.0
39,54,3.0
40,54,4.0
41,54,4.0
42,54,4.0
43,54,4.0
44,54,4.0
45,54,4.0
46,54,2.0
47,54,4.0
48,54,4.0
49,54,4.0
50,54,4.0
51,54,4.0
52,54,4.0
53,54,4.0
54,54,3.0
55,54,3.0
56,54,2.0
57,54,0.0
58,54,0.0
59,54,1.0
60,54,0.0
61,54,0.0
62,54,0.0
63,54,0.0
64,54,0.0
65,54,1.0
66,54,0.0
67,54,0.0
68,54,1.0
69,54,3.0
70,54,3.0
71,54,3.0
72,54,2.0
73,54,2.0
74,54,1.0
75,54,2.0
76,54,2.0
77,54,2.0
78,54,1.0
79,54,1.0
80,54,0.0
81,54,2.0
82,54,1.0
83,54,2.0
84,54,2.0
85,54,2.0
86,54,1.0
87,54,1.0
88,54,2.0
89,54,2.0
90,54,2.0
91,54,3.0
92,54,2.0
93,54,1.0
94,54,2.0
95,54,3.0
96,54,2.0
97,54,1.0
98,54,1.0
99,54,0.0
100,54,0.0
1,55,2.0
2,55,2.0
3,55,3.0
4,55,3.0
5,55,2.0
6,55,2.0
7,55,2.0
8,55,1.0
9,55,2.0
10,55,2.0
11,55,3.0
12,55,2.0
13,55,3.0
14,55,3.0
15,55,3.0
16,55,3.0
17,55,2.0
18,55,2.0
19,55,2.0
20,55,3.0
21,55,2.0
22,55,0.0
23,55,1.0
24,55,0.0
25,55,0.0
26,55,0.0
27,55,0.0
28,55,0.0
29,55,0.0
30,55,0.0
31,55,0.0
32,55,2.0
33,55,1.0
34,55,1.0
35,55,1.0
36,55,2.0
37,55,2.0
38,55,1.0
39,55,1.0
40,55,1.0
41,55,3.0
42,55,4.0
43,55,4.0
44,55,4.0
45,55,4.0
46,55,4.0
47,55,4.0
48,55,4.0
49,55,4.0
50,55,4.0
51,55,4.0
52,55,4.0
53,55,4.0
54,55,3.0
55,55,4.0
56,55,4.0
57,55,4.0
58,55,0.0
59,55,2.0
60,55,0.0
61,55,0.0
62,55,0.0
63,55,0.0
64,55,0.0
65,55,0.0
66,55,0.0
67,55,1.0
68,55,1.0
69,55,3.0
70,55,3.0
71,55,3.0
72,55,3.0
73,55,2.0
74,55,1.0
75,55,2.0
76,55,2.0
77,55,2.0
78,55,1.0
79,55,1.0
80,55,2.0
81,55,2.0
82,55,2.0
83,55,1.0
84,55,2.0
85,55,3.0
86,55,1.0
87,55,3.0
88,55,2.0
89,55,2.0
90,55,2.0
91,55,3.0
92,55,2.0
93,55,1.0
94,55,2.0
95,55,3.0
96,55,2.0
97,55,1.0
98,55,2.0
99,55,1.0
100,55,1.0
1,56,1.0
2,56,3.0
3,56,3.0
4,56,3.0
5,56,3.0
6,56,3.0
7,56,3.0
8,56,2.0
9,56,2.0
10,56,3.0
11,56,2.0
12,56,2.0
13,56,2.0
14,56,3.0
15,56,4.0
16,56,4.0
17,56,3.0
18,56,2.0
19,56,2.0
20,56,3.0
21,56,1.0
22,56,2.0
23,56,0.0
24,56,0.0
25,56,0.0
26,56,0.0
27,56,0.0
28,56,0.0
29,56,0.0
30,56,0.0
31,56,0.0
32,56,1.0
33,56,0.0
34,56,2.0
35,56,1.0
36,56,3.0
37,56,2.0
38,56,2.0
39,56,1.0
40,56,0.0
41,56,0.0
42,56,1.0
43,56,3.0
44,56,4.0
45,56,3.0
46,56,4.0
47,56,4.0
48,56,4.0
49,56,4.0
50,56,4.0
51,56,4.0
52,56,4.0
53,56,3.0
54,56,4.0
55,56,4.0
56,56,4.0
57,56,4.0
58,56,4.0
59,56,4.0
60,56,3.0
61,56,4.0
62,56,4.0
63,56,3.0
64,56,0.0
65,56,3.0
66,56,0.0
67,56,0.0
68,56,2.0
69,56,3.0
70,56,4.0
71,56,3.0
72,56,3.0
73,56,3.0
74,56,2.0
75,56,2.0
76,56,2.0
77,56,1.0
78,56,2.0
79,56,2.0
80,56,3.0
81,56,2.0
82,56,3.0
83,56,2.0
84,56,2.0
85,56,3.0
86,56,2.0
87,56,2.0
88,56,1.0
89,56,2.0
90,56,2.0
91,56,3.0
92,56,3.0
93,56,2.0
94,56,2.0
95,56,2.0
96,56,1.0
97,56,2.0
98,56,1.0
99,56,1.0
100,56,1.0
1,57,2.0
2,57,3.0
3,57,3.0
4,57,3.0
5,57,3.0
6,57,2.0
7,57,2.0
8,57,2.0
9,57,2.0
10,57,2.0
11,57,2.0
12,57,1.0
13,57,2.0
14,57,3.0
15,57,4.0
16,57,3.0
17,57,3.0
18,57,2.0
19,57,3.0
20,57,3.0
21,57,2.0
22,57,2.0
23,57,2.0
24,57,2.0
25,57,1.0
26,57,1.0
27,57,0.0
28,57,0.0
29,57,2.0
30,57,1.0
31,57,1.0
32,57,0.0
33,57,0.0
34,57,0.0
35,57,1.0
36,57,2.0
37,57,3.0
38,57,3.0
39,57,1.0
40,57,2.0
41,57,2.0
42,57,2.0
43,57,0.0
44,57,1.0
45,57,4.0
46,57,4.0
47,57,4.0
48,57,4.0
49,57,4.0
50,57,4.0
51,57,4.0
52,57,4.0
53,57,2.0
54,57,4.0
55,57,4.0
56,57,4.0
57,57,4.0
58,57,4.0
59,57,4.0
60,57,4.0
61,57,4.0
62,57,4.0
63,57,4.0
64,57,4.0
65,57,4.0
66,57,4.0
67,57,3.0
68,57,3.0
69,57,3.0
70,57,3.0
71,57,3.0
72,57,4.0
73,57,3.0
74,57,2.0
75,57,3.0
76,57,2.0
77,57,2.0
78,57,1.0
79,57,2.0
80,57,2.0
81,57,3.0
82,57,2.0
83,57,2.0
84,57,1.0
85,57,2.0
86,57,2.0
87,57,3.0
88,57,1.0
89,57,3.0
90,57,3.0
91,57,3.0
92,57,1.0
93,57,1.0
94,57,2.0
95,57,2.0
96,57,1.0
97,57,2.0
98,57,2.0
99,57,2.0
100,57,1.0
1,58,3.0
2,58,3.0
3,58,2.0
4,58,2.0
5,58,2.0
6,58,3.0
7,58,1.0
8,58,2.0
9,58,1.0
10,58,2.0
11,58,1.0
12,58,2.0
13,58,2.0
14,58,4.0
15,58,3.0
16,58,2.0
17,58,3.0
18,58,3.0
19,58,3.0
20,58,3.0
21,58,3.0
22,58,3.0
23,58,2.0
24,58,1.0
25,58,1.0
26,58,0.0
27,58,0.0
28,58,0.0
29,58,0.0
30,58,0.0
31,58,0.0
32,58,0.0
33,58,0.0
34,58,0.0
35,58,0.0
36,58,1.0
37,58,2.0
38,58,1.0
39,58,1.0
40,58,3.0
41,58,4.0
42,58,3.0
43,58,2.0
44,58,3.0
45,58,4.0
46,58,4.0
47,58,4.0
48,58,4.0
49,58,4.0
50,58,4.0
51,58,4.0
52,58,1.0
53,58,4.0
54,58,4.0
55,58,4.0
56,58,4.0
57,58,4.0
58,58,4.0
59,58,4.0
60,58,4.0
61,58,4.0
62,58,4.0
63,58,4.0
64,58,4.0
65,58,4.0
66,58,4.0
67,58,4.0
68,58,4.0
69,58,3.0
70,58,4.0
71,58,3.0
72,58,4.0
73,58,4.0
74,58,3.0
75,58,2.0
76,58,2.0
77,58,1.0
78,58,0.0
79,58,1.0
80,58,2.0
81,58,1.0
82,58,2.0
83,58,1.0
84,58,0.0
85,58,1.0
86,58,1.0
87,58,2.0
88,58,3.0
89,58,2.0
90,58,3.0
91,58,2.0
92,58,2.0
93,58,1.0
94,58,1.0
95,58,1.0
96,58,2.0
97,58,2.0
98,58,2.0
99,58,2.0
100,58,2.0
1,59,1.0
2,59,3.0
3,59,2.0
4,59,1.0
5,59,1.0
6,59,1.0
7,59,1.0
8,59,2.0
9,59,0.0
10,59,0.0
11,59,1.0
12,59,2.0
13,59,2.0
14,59,3.0
15,59,4.0
16,59,3.0
17,59,3.0
18,59,3.0
19,59,3.0
20,59,3.0
21,59,3.0
22,59,3.0
23,59,1.0
24,59,1.0
25,59,2.0
26,59,0.0
27,59,0.0
28,59,0.0
29,59,0.0
30,59,0.0
31,59,1.0
32,59,0.0
33,59,0.0
34,59,0.0
35,59,0.0
36,59,3.0
37,59,3.0
38,59,1.0
39,59,1.0
40,59,2.0
41,59,2.0
42,59,3.0
43,59,2.0
44,59,4.0
45,59,4.0
46,59,4.0
47,59,4.0
48,59,4.0
49,59,4.0
50,59,4.0
51,59,4.0
52,59,4.0
53,59,4.0
54,59,4.0
55,59,4.0
56,59,4.0
57,59,4.0
58,59,4.0
59,59,4.0
60,59,4.0
61,59,4.0
62,59,4.0
63,59,4.0
64,59,4.0
65,59,4.0
66,59,4.0
67,59,4.0
68,59,4.0
69,59,4.0
70,59,4.0
71,59,3.0
72,59,3.0
73,59,3.0
74,59,2.0
75,59,2.0
76,59,2.0
77,59,1.0
78,59,1.0
79,59,1.0
80,59,1.0
81,59,2.0
82,59,3.0
83,59,1.0
84,59,0.0
85,59,1.0
86,59,2.0
87,59,2.0
88,59,2.0
89,59,2.0
90,59,2.0
91,59,2.0
92,59,1.0
93,59,0.0
94,59,3.0
95,59,2.0
96,59,2.0
97,59,3.0
98,59,2.0
99,59,1.0
100,59,2.0
1,60,1.0
2,60,3.0
3,60,1.0
4,60,0.0
5,60,1.0
6,60,0.0
7,60,1.0
8,60,1.0
9,60,0.0
10,60,0.0
11,60,0.0
12,60,1.0
13,60,1.0
14,60,3.0
15,60,3.0
16,60,3.0
17,60,2.0
18,60,3.0
19,60,2.0
20,60,2.0
21,60,3.0
22,60,2.0
23,60,1.0
24,60,0.0
25,60,0.0
26,60,0.0
27,60,0.0
28,60,0.0
29,60,1.0
30,60,0.0
31,60,0.0
32,60,0.0
33,60,0.0
34,60,1.0
35,60,0.0
36,60,2.0
37,60,2.0
38,60,3.0
39,60,3.0
40,60,3.0
41,60,2.0
42,60,2.0
43,60,1.0
44,60,3.0
45,60,4.0
46,60,4.0
47,60,4.0
48,60,4.0
49,60,4.0
50,60,4.0
51,60,4.0
52,60,3.0
53,60,1.0
54,60,1.0
55,60,1.0
56,60,3.0
57,60,4.0
58,60,4.0
59,60,4.0
60,60,4.0
61,60,4.0
62,60,4.0
63,60,4.0
64,60,4.0
65,60,4.0
66,60,4.0
67,60,4.0
68,60,4.0
69,60,4.0
70,60,4.0
71,60,4.0
72,60,3.0
73,60,3.0
74,60,3.0
75,60,3.0
76,60,2.0
77,60,2.0
78,60,1.0
79,60,1.0
80,60,1.0
81,60,2.0
82,60,1.0
83,60,1.0
84,60,0.0
85,60,0.0
86,60,2.0
87,60,3.0
88,60,0.0
89,60,2.0
90,60,0.0
91,60,1.0
92,60,0.0
93,60,1.0
94,60,2.0
95,60,3.0
96,60,3.0
97,60,3.0
98,60,2.0
99,60,2.0
100,60,2.0
1,61,2.0
2,61,1.0
3,61,2.0
4,61,1.0
5,61,1.0
6,61,1.0
7,61,0.0
8,61,0.0
9,61,0.0
10,61,0.0
11,61,0.0
12,61,1.0
13,61,3.0
14,61,2.0
15,61,3.0
16,61,2.0
17,61,3.0
18,61,3.0
19,61,3.0
20,61,3.0
21,61,2.0
22,61,3.0
23,61,3.0
24,61,2.0
25,61,2.0
26,61,0.0
27,61,2.0
28,61,0.0
29,61,0.0
30,61,0.0
31,61,0.0
32,61,0.0
33,61,0.0
34,61,1.0
35,61,1.0
36,61,3.0
37,61,3.0
38,61,2.0
39,61,2.0
40,61,3.0
41,61,2.0
42,61,2.0
43,61,2.0
44,61,4.0
45,61,4.0
46,61,4.0
47,61,4.0
48,61,4.0
49,61,4.0
50,61,4.0
51,61,4.0
52,61,3.0
53,61,3.0
54,61,1.0
55,61,1.0
56,61,1.0
57,61,2.0
58,61,1.0
59,61,3.0
60,61,4.0
61,61,4.0
62,61,4.0
63,61,4.0
64,61,4.0
65,61,4.0
66,61,4.0
67,61,4.0
68,61,4.0
69,61,4.0
70,61,4.0
71,61,4.0
72,61,4.0
73,61,3.0
74,61,3.0
75,61,3.0
76,61,3.0
77,61,2.0
78,61,2.0
79,61,1.0
80,61,1.0
81,61,2.0
82,61,1.0
83,61,1.0
84,61,0.0
85,61,0.0
86,61,0.0
87,61,1.0
88,61,0.0
89,61,1.0
90,61,1.0
91,61,2.0
92,61,1.0
93,61,1.0
94,61,3.0
95,61,3.0
96,61,4.0
97,61,4.0
98,61,3.0
99,61,3.0
100,61,2.0
1,62,2.0
2,62,1.0
3,62,2.0
4,62,2.0
5,62,1.0
6,62,0.0
7,62,0.0
8,62,0.0
9,62,0.0
10,62,0.0
11,62,0.0
12,62,1.0
13,62,2.0
14,62,2.0
15,62,3.0
16,62,3.0
17,62,3.0
18,62,3.0
19,62,3.0
20,62,3.0
21,62,3.0
22,62,3.0
23,62,1.0
24,62,3.0
25,62,1.0
26,62,2.0
27,62,2.0
28,62,2.0
29,62,1.0
30,62,1.0
31,62,0.0
32,62,0.0
33,62,0.0
34,62,1.0
35,62,2.0
36,62,3.0
37,62,3.0
38,62,3.0
39,62,4.0
40,62,3.0
41,62,3.0
42,62,4.0
43,62,1.0
44,62,4.0
45,62,4.0
46,62,4.0
47,62,4.0
48,62,4.0
49,62,4.0
50,62,4.0
51,62,4.0
52,62,4.0
53,62,3.0
54,62,1.0
55,62,2.0
56,62,2.0
57,62,2.0
58,62,2.0
59,62,1.0
60,62,1.0
61,62,0.0
62,62,3.0
63,62,4.0
64,62,4.0
65,62,4.0
66,62,4.0
67,62,4.0
68,62,4.0
69,62,4.0
70,62,4.0
71,62,4.0
72,62,4.0
73,62,4.0
74,62,2.0
75,62,3.0
76,62,2.0
77,62,2.0
78,62,2.0
79,62,2.0
80,62,1.0
81,62,1.0
82,62,0.0
83,62,1.0
84,62,1.0
85,62,0.0
86,62,0.0
87,62,1.0
88,62,0.0
89,62,1.0
90,62,2.0
91,62,3.0
92,62,2.0
93,62,1.0
94,62,3.0
95,62,4.0
96,62,4.0
97,62,4.0
98,62,3.0
99,62,3.0
100,62,3.0
1,63,1.0
2,63,0.0
3,63,1.0
4,63,0.0
5,63,0.0
6,63,0.0
7,63,1.0
8,63,0.0
9,63,0.0
10,63,0.0
11,63,1.0
12,63,1.0
13,63,1.0
14,63,2.0
15,63,3.0
16,63,3.0
17,63,3.0
18,63,3.0
19,63,3.0
20,63,3.0
21,63,3.0
22,63,3.0
23,63,2.0
24,63,2.0
25,63,2.0
26,63,1.0
27,63,1.0
28,63,1.0
29,63,2.0
30,63,0.0
31,63,1.0
32,63,1.0
33,63,2.0
34,63,2.0
35,63,3.0
36,63,4.0
37,63,4.0
38,63,3.0
39,63,4.0
40,63,3.0
41,63,4.0
42,63,4.0
43,63,4.0
44,63,4.0
45,63,4.0
46,63,4.0
47,63,4.0
48,63,4.0
49,63,4.0
50,63,4.0
51,63,4.0
52,63,4.0
53,63,2.0
54,63,2.0
55,63,1.0
56,63,1.0
57,63,1.0
58,63,2.0
59,63,1.0
60,63,1.0
61,63,1.0
62,63,1.0
63,63,3.0
64,63,4.0
65,63,4.0
66,63,4.0
67,63,4.0
68,63,4.0
69,63,4.0
70,63,4.0
71,63,4.0
72,63,4.0
73,63,4.0
74,63,2.0
75,63,2.0
76,63,2.0
77,63,3.0
78,63,2.0
79,63,2.0
80,63,1.0
81,63,1.0
82,63,1.0
83,63,0.0
84,63,1.0
85,63,0.0
86,63,0.0
87,63,1.0
88,63,0.0
89,63,2.0
90,63,2.0
91,63,3.0
92,63,3.0
93,63,3.0
94,63,2.0
95,63,3.0
96,63,4.0
97,63,4.0
98,63,3.0
99,63,3.0
100,63,3.0
1,64,3.0
2,64,1.0
3,64,1.0
4,64,0.0
5,64,0.0
6,64,0.0
7,64,0.0
8,64,0.0
9,64,0.0
10,64,0.0
11,64,0.0
12,64,0.0
13,64,1.0
14,64,2.0
15,64,2.0
16,64,1.0
17,64,2.0
18,64,2.0
19,64,3.0
20,64,3.0
21,64,3.0
22,64,3.0
23,64,3.0
24,64,2.0
25,64,0.0
26,64,1.0
27,64,1.0
28,64,2.0
29,64,3.0
30,64,2.0
31,64,2.0
32,64,2.0
33,64,3.0
34,64,3.0
35,64,3.0
36,64,4.0
37,64,4.0
38,64,4.0
39,64,4.0
40,64,4.0
41,64,4.0
42,64,4.0
43,64,4.0
44,64,4.0
45,64,4.0
46,64,4.0
47,64,4.0
48,64,4.0
49,64,4.0
50,64,4.0
51,64,4.0
52,64,4.0
53,64,4.0
54,64,1.0
55,64,0.0
56,64,1.0
57,64,0.0
58,64,1.0
59,64,1.0
60,64,0.0
61,64,0.0
62,64,1.0
63,64,3.0
64,64,4.0
65,64,4.0
66,64,4.0
67,64,4.0
68,64,4.0
69,64,4.0
70,64,4.0
71,64,4.0
72,64,4.0
73,64,4.0
74,64,0.0
75,64,1.0
76,64,1.0
77,64,2.0
78,64,3.0
79,64,2.0
80,64,0.0
81,64,0.0
82,64,0.0
83,64,1.0
84,64,1.0
85,64,0.0
86,64,0.0
87,64,0.0
88,64,0.0
89,64,2.0
90,64,2.0
91,64,3.0
92,64,3.0
93,64,2.0
94,64,3.0
95,64,4.0
96,64,3.0
97,64,4.0
98,64,4.0
99,64,2.0
100,64,1.0
1,65,1.0
2,65,0.0
3,65,0.0
4,65,1.0
5,65,0.0
6,65,0.0
7,65,0.0
8,65,2.0
9,65,1.0
10,65,3.0
11,65,2.0
12,65,0.0
13,65,1.0
14,65,2.0
15,65,3.0
16,65,1.0
17,65,2.0
18,65,3.0
19,65,3.0
20,65,3.0
21,65,3.0
22,65,3.0
23,65,3.0
24,65,3.0
25,65,2.0
26,65,1.0
27,65,2.0
28,65,2.0
29,65,3.0
30,65,2.0
31,65,2.0
32,65,2.0
33,65,1.0
34,65,3.0
35,65,3.0
36,65,3.0
37,65,4.0
38,65,4.0
39,65,4.0
40,65,4.0
41,65,4.0
42,65,4.0
43,65,4.0
44,65,4.0
45,65,4.0
46,65,4.0
47,65,4.0
48,65,4.0
49,65,4.0
50,65,4.0
51,65,4.0
52,65,4.0
53,65,4.0
54,65,1.0
55,65,0.0
56,65,0.0
57,65,0.0
58,65,1.0
59,65,1.0
60,65,0.0
61,65,0.0
62,65,0.0
63,65,1.0
64,65,3.0
65,65,4.0
66,65,4.0
67,65,4.0
68,65,4.0
69,65,4.0
70,65,4.0
71,65,4.0
72,65,4.0
73,65,3.0
74,65,0.0
75,65,1.0
76,65,0.0
77,65,2.0
78,65,2.0
79,65,3.0
80,65,2.0
81,65,0.0
82,65,0.0
83,65,0.0
84,65,1.0
85,65,0.0
86,65,0.0
87,65,1.0
88,65,3.0
89,65,3.0
90,65,4.0
91,65,3.0
92,65,4.0
93,65,4.0
94,65,4.0
95,65,4.0
96,65,4.0
97,65,4.0
98,65,3.0
99,65,1.0
100,65,1.0
1,66,0.0
2,66,0.0
3,66,0.0
4,66,0.0
5,66,0.0
6,66,0.0
7,66,1.0
8,66,2.0
9,66,1.0
10,66,2.0
11,66,3.0
12,66,1.0
13,66,1.0
14,66,2.0
15,66,3.0
16,66,1.0
17,66,2.0
18,66,1.0
19,66,3.0
20,66,1.0
21,66,1.0
22,66,2.0
23,66,3.0
24,66,3.0
25,66,1.0
26,66,1.0
27,66,2.0
28,66,2.0
29,66,3.0
30,66,1.0
31,66,0.0
32,66,2.0
33,66,3.0
34,66,3.0
35,66,2.0
36,66,3.0
37,66,3.0
38,66,3.0
39,66,3.0
40,66,3.0
41,66,3.0
42,66,3.0
43,66,3.0
44,66,3.0
45,66,3.0
46,66,4.0
47,66,4.0
48,66,4.0
49,66,4.0
50,66,4.0
51,66,4.0
52,66,4.0
53,66,4.0
54,66,3.0
55,66,1.0
56,66,1.0
57,66,1.0
58,66,0.0
59,66,0.0
60,66,0.0
61,66,1.0
62,66,0.0
63,66,0.0
64,66,3.0
65,66,4.0
66,66,4.0
67,66,4.0
68,66,4.0
69,66,4.0
70,66,4.0
71,66,4.0
72,66,4.0
73,66,1.0
74,66,1.0
75,66,1.0
76,66,1.0
77,66,1.0
78,66,1.0
79,66,1.0
80,66,1.0
81,66,1.0
82,66,1.0
83,66,1.0
84,66,1.0
85,66,1.0
86,66,1.0
87,66,2.0
88,66,2.0
89,66,3.0
90,66,4.0
91,66,4.0
92,66,4.0
93,66,4.0
94,66,4.0
95,66,4.0
96,66,3.0
97,66,3.0
98,66,2.0
99,66,0.0
100,66,0.0
1,67,0.0
2,67,0.0
3,67,0.0
4,67,0.0
5,67,0.0
6,67,0.0
7,67,0.0
8,67,1.0
9,67,2.0
10,67,2.0
11,67,2.0
12,67,2.0
13,67,2.0
14,67,0.0
15,67,0.0
16,67,2.0
17,67,1.0
18,67,1.0
19,67,1.0
20,67,2.0
21,67,0.0
22,67,2.0
23,67,3.0
24,67,1.0
25,67,0.0
26,67,1.0
27,67,2.0
28,67,2.0
29,67,1.0
30,67,1.0
31,67,1.0
32,67,1.0
33,67,2.0
34,67,3.0
35,67,3.0
36,67,2.0
37,67,3.0
38,67,2.0
39,67,2.0
40,67,2.0
41,67,2.0
42,67,2.0
43,67,2.0
44,67,2.0
45,67,2.0
46,67,4.0
47,67,4.0
48,67,4.0
49,67,4.0
50,67,4.0
51,67,4.0
52,67,4.0
53,67,4.0
54,67,3.0
55,67,2.0
56,67,0.0
57,67,0.0
58,67,0.0
59,67,0.0
60,67,0.0
61,67,0.0
62,67,0.0
63,67,0.0
64,67,3.0
65,67,4.0
66,67,4.0
67,67,4.0
68,67,4.0
69,67,4.0
70,67,4.0
71,67,4.0
72,67,1.0
73,67,3.0
74,67,2.0
75,67,3.0
76,67,2.0
77,67,1.0
78,67,2.0
79,67,1.0
80,67,1.0
81,67,1.0
82,67,1.0
83,67,1.0
84,67,1.0
85,67,2.0
86,67,2.0
87,67,1.0
88,67,3.0
89,67,3.0
90,67,4.0
91,67,4.0
92,67,4.0
93,67,3.0
94,67,4.0
95,67,3.0
96,67,3.0
97,67,3.0
98,67,1.0
99,67,1.0
100,67,1.0
1,68,0.0
2,68,0.0
3,68,0.0
4,68,0.0
5,68,0.0
6,68,0.0
7,68,1.0
8,68,2.0
9,68,2.0
10,68,2.0
11,68,2.0
12,68,2.0
13,68,2.0
14,68,2.0
15,68,3.0
16,68,2.0
17,68,1.0
18,68,0.0
19,68,1.0
20,68,1.0
21,68,1.0
22,68,1.0
23,68,1.0
24,68,0.0
25,68,0.0
26,68,0.0
27,68,2.0
28,68,1.0
29,68,1.0
30,68,0.0
31,68,0.0
32,68,0.0
33,68,2.0
34,68,3.0
35,68,3.0
36,68,3.0
37,68,3.0
38,68,3.0
39,68,3.0
40,68,3.0
41,68,3.0
42,68,3.0
43,68,3.0
44,68,3.0
45,68,3.0
46,68,4.0
47,68,4.0
48,68,4.0
49,68,4.0
50,68,4.0
51,68,4.0
52,68,4.0
53,68,4.0
54,68,4.0
55,68,0.0
56,68,0.0
57,68,0.0
58,68,0.0
59,68,0.0
60,68,0.0
61,68,0.0
62,68,0.0
63,68,0.0
64,68,4.0
65,68,4.0
66,68,4.0
67,68,4.0
68,68,4.0
69,68,4.0
70,68,4.0
71,68,3.0
72,68,1.0
73,68,2.0
74,68,2.0
75,68,2.0
76,68,1.0
77,68,2.0
78,68,2.0
79,68,3.0
80,68,2.0
81,68,2.0
82,68,1.0
83,68,2.0
84,68,3.0
85,68,2.0
86,68,1.0
87,68,1.0
88,68,3.0
89,68,3.0
90,68,3.0
91,68,4.0
92,68,4.0
93,68,3.0
94,68,3.0
95,68,3.0
96,68,2.0
97,68,2.0
98,68,1.0
99,68,1.0
100,68,0.0
1,69,0.0
2,69,0.0
3,69,0.0
4,69,0.0
5,69,0.0
6,69,0.0
7,69,0.0
8,69,1.0
9,69,1.0
10,69,1.0
11,69,3.0
12,69,1.0
13,69,3.0
14,69,3.0
15,69,3.0
16,69,2.0
17,69,0.0
18,69,0.0
19,69,1.0
20,69,2.0
21,69,2.0
22,69,2.0
23,69,1.0
24,69,1.0
25,69,1.0
26,69,1.0
27,69,2.0
28,69,2.0
29,69,2.0
30,69,0.0
31,69,0.0
32,69,0.0
33,69,3.0
34,69,3.0
35,69,3.0
36,69,3.0
37,69,3.0
38,69,3.0
39,69,4.0
40,69,4.0
41,69,4.0
42,69,4.0
43,69,4.0
44,69,4.0
45,69,4.0
46,69,4.0
47,69,4.0
48,69,4.0
49,69,4.0
50,69,4.0
51,69,4.0
52,69,4.0
53,69,4.0
54,69,4.0
55,69,1.0
56,69,0.0
57,69,0.0
58,69,0.0
59,69,0.0
60,69,0.0
61,69,0.0
62,69,0.0
63,69,0.0
64,69,4.0
65,69,4.0
66,69,4.0
67,69,4.0
68,69,4.0
69,69,4.0
70,69,4.0
71,69,2.0
72,69,2.0
73,69,2.0
74,69,2.0
75,69,1.0
76,69,1.0
77,69,2.0
78,69,2.0
79,69,3.0
80,69,3.0
81,69,3.0
82,69,3.0
83,69,2.0
84,69,2.0
85,69,1.0
86,69,2.0
87,69,2.0
88,69,3.0
89,69,3.0
90,69,3.0
91,69,3.0
92,69,3.0
93,69,3.0
94,69,3.0
95,69,3.0
96,69,2.0
97,69,2.0
98,69,1.0
99,69,1.0
100,69,1.0
1,70,0.0
2,70,0.0
3,70,0.0
4,70,0.0
5,70,0.0
6,70,0.0
7,70,0.0
8,70,0.0
9,70,1.0
10,70,1.0
11,70,2.0
12,70,2.0
13,70,1.0
14,70,1.0
15,70,1.0
16,70,1.0
17,70,0.0
18,70,0.0
19,70,1.0
20,70,1.0
21,70,1.0
22,70,1.0
23,70,1.0
24,70,1.0
25,70,1.0
26,70,2.0
27,70,2.0
28,70,2.0
29,70,1.0
30,70,0.0
31,70,0.0
32,70,1.0
33,70,2.0
34,70,2.0
35,70,3.0
36,70,3.0
37,70,3.0
38,70,4.0
39,70,4.0
40,70,4.0
41,70,4.0
42,70,4.0
43,70,4.0
44,70,4.0
45,70,4.0
46,70,4.0
47,70,4.0
48,70,4.0
49,70,4.0
50,70,4.0
51,70,4.0
52,70,4.0
53,70,4.0
54,70,4.0
55,70,3.0
56,70,1.0
57,70,0.0
58,70,0.0
59,70,0.0
60,70,0.0
61,70,0.0
62,70,0.0
63,70,3.0
64,70,4.0
65,70,4.0
66,70,4.0
67,70,4.0
68,70,4.0
69,70,4.0
70,70,2.0
71,70,2.0
72,70,2.0
73,70,3.0
74,70,3.0
75,70,2.0
76,70,1.0
77,70,1.0
78,70,3.0
79,70,2.0
80,70,3.0
81,70,3.0
82,70,2.0
83,70,3.0
84,70,3.0
85,70,2.0
86,70,2.0
87,70,3.0
88,70,3.0
89,70,3.0
90,70,3.0
91,70,4.0
92,70,3.0
93,70,4.0
94,70,3.0
95,70,4.0
96,70,3.0
97,70,2.0
98,70,0.0
99,70,1.0
100,70,1.0
1,71,0.0
2,71,0.0
3,71,0.0
4,71,0.0
5,71,0.0
6,71,0.0
7,71,0.0
8,71,0.0
9,71,0.0
10,71,0.0
11,71,2.0
12,71,2.0
13,71,1.0
14,71,1.0
15,71,0.0
16,71,0.0
17,71,1.0
18,71,1.0
19,71,1.0
20,71,0.0
21,71,1.0
22,71,1.0
23,71,1.0
24,71,1.0
25,71,2.0
26,71,2.0
27,71,2.0
28,71,1.0
29,71,1.0
30,71,0.0
31,71,0.0
32,71,0.0
33,71,2.0
34,71,3.0
35,71,3.0
36,71,3.0
37,71,3.0
38,71,4.0
39,71,4.0
40,71,4.0
41,71,4.0
42,71,4.0
43,71,4.0
44,71,4.0
45,71,4.0
46,71,3.0
47,71,4.0
48,71,4.0
49,71,4.0
50,71,4.0
51,71,4.0
52,71,4.0
53,71,4.0
54,71,4.0
55,71,3.0
56,71,1.0
57,71,0.0
58,71,0.0
59,71,0.0
60,71,0.0
61,71,0.0
62,71,4.0
63,71,4.0
64,71,4.0
65,71,4.0
66,71,4.0
67,71,4.0
68,71,4.0
69,71,2.0
70,71,1.0
71,71,2.0
72,71,3.0
73,71,2.0
74,71,2.0
75,71,1.0
76,71,0.0
77,71,0.0
78,71,3.0
79,71,3.0
80,71,2.0
81,71,3.0
82,71,2.0
83,71,3.0
84,71,1.0
85,71,2.0
86,71,3.0
87,71,3.0
88,71,3.0
89,71,3.0
90,71,3.0
91,71,3.0
92,71,3.0
93,71,4.0
94,71,3.0
95,71,3.0
96,71,3.0
97,71,3.0
98,71,2.0
99,71,1.0
100,71,2.0
1,72,1.0
2,72,0.0
3,72,0.0
4,72,0.0
5,72,0.0
6,72,0.0
7,72,0.0
8,72,0.0
9,72,0.0
10,72,1.0
11,72,2.0
12,72,1.0
13,72,1.0
14,72,2.0
15,72,0.0
16,72,0.0
17,72,0.0
18,72,0.0
19,72,0.0
20,72,0.0
21,72,1.0
22,72,1.0
23,72,2.0
24,72,1.0
25,72,2.0
26,72,3.0
27,72,2.0
28,72,1.0
29,72,1.0
30,72,0.0
31,72,0.0
32,72,1.0
33,72,3.0
34,72,3.0
35,72,3.0
36,72,3.0
37,72,4.0
38,72,4.0
39,72,4.0
40,72,4.0
41,72,4.0
42,72,3.0
43,72,3.0
44,72,3.0
45,72,3.0
46,72,3.0
47,72,4.0
48,72,4.0
49,72,4.0
50,72,4.0
51,72,4.0
52,72,4.0
53,72,4.0
54,72,4.0
55,72,4.0
56,72,1.0
57,72,0.0
58,72,0.0
59,72,0.0
60,72,0.0
61,72,0.0
62,72,4.0
63,72,4.0
64,72,4.0
65,72,4.0
66,72,4.0
67,72,4.0
68,72,4.0
69,72,2.0
70,72,2.0
71,72,2.0
72,72,1.0
73,72,1.0
74,72,1.0
75,72,1.0
76,72,0.0
77,72,1.0
78,72,3.0
79,72,3.0
80,72,3.0
81,72,3.0
82,72,3.0
83,72,3.0
84,72,3.0
85,72,2.0
86,72,3.0
87,72,3.0
88,72,3.0
89,72,3.0
90,72,3.0
91,72,4.0
92,72,3.0
93,72,3.0
94,72,3.0
95,72,3.0
96,72,3.0
97,72,3.0
98,72,3.0
99,72,3.0
100,72,3.0
1,73,0.0
2,73,0.0
3,73,0.0
4,73,0.0
5,73,0.0
6,73,0.0
7,73,0.0
8,73,0.0
9,73,0.0
10,73,0.0
11,73,0.0
12,73,0.0
13,73,0.0
14,73,0.0
15,73,0.0
16,73,0.0
17,73,0.0
18,73,0.0
19,73,0.0
20,73,0.0
21,73,0.0
22,73,2.0
23,73,3.0
24,73,2.0
25,73,2.0
26,73,3.0
27,73,3.0
28,73,3.0
29,73,2.0
30,73,1.0
31,73,1.0
32,73,1.0
33,73,2.0
34,73,3.0
35,73,2.0
36,73,3.0
37,73,4.0
38,73,4.0
39,73,4.0
40,73,4.0
41,73,4.0
42,73,3.0
43,73,3.0
44,73,4.0
45,73,3.0
46,73,3.0
47,73,4.0
48,73,4.0
49,73,4.0
50,73,4.0
51,73,4.0
52,73,4.0
53,73,4.0
54,73,4.0
55,73,4.0
56,73,1.0
57,73,0.0
58,73,0.0
59,73,0.0
60,73,1.0
61,73,4.0
62,73,4.0
63,73,4.0
64,73,4.0
65,73,4.0
66,73,4.0
67,73,4.0
68,73,0.0
69,73,3.0
70,73,2.0
71,73,3.0
72,73,3.0
73,73,1.0
74,73,2.0
75,73,0.0
76,73,0.0
77,73,1.0
78,73,2.0
79,73,2.0
80,73,3.0
81,73,3.0
82,73,3.0
83,73,3.0
84,73,4.0
85,73,3.0
86,73,3.0
87,73,3.0
88,73,3.0
89,73,3.0
90,73,3.0
91,73,4.0
92,73,4.0
93,73,4.0
94,73,3.0
95,73,3.0
96,73,3.0
97,73,2.0
98,73,3.0
99,73,3.0
100,73,3.0
1,74,0.0
2,74,0.0
3,74,0.0
4,74,0.0
5,74,0.0
6,74,0.0
7,74,0.0
8,74,0.0
9,74,0.0
10,74,0.0
11,74,0.0
12,74,0.0
13,74,0.0
14,74,0.0
15,74,0.0
16,74,0.0
17,74,0.0
18,74,0.0
19,74,0.0
20,74,1.0
21,74,0.0
22,74,1.0
23,74,2.0
24,74,2.0
25,74,1.0
26,74,2.0
27,74,2.0
28,74,3.0
29,74,2.0
30,74,1.0
31,74,1.0
32,74,2.0
33,74,1.0
34,74,2.0
35,74,3.0
36,74,3.0
37,74,2.0
38,74,3.0
39,74,3.0
40,74,3.0
41,74,4.0
42,74,4.0
43,74,3.0
44,74,3.0
45,74,3.0
46,74,3.0
47,74,4.0
48,74,4.0
49,74,4.0
50,74,4.0
51,74,4.0
52,74,4.0
53,74,4.0
54,74,4.0
55,74,4.0
56,74,0.0
57,74,0.0
58,74,0.0
59,74,0.0
60,74,4.0
61,74,4.0
62,74,4.0
63,74,4.0
64,74,4.0
65,74,4.0
66,74,2.0
67,74,3.0
68,74,2.0
69,74,2.0
70,74,2.0
71,74,2.0
72,74,1.0
73,74,1.0
74,74,2.0
75,74,2.0
76,74,1.0
77,74,2.0
78,74,2.0
79,74,2.0
80,74,2.0
81,74,3.0
82,74,2.0
83,74,3.0
84,74,3.0
85,74,4.0
86,74,3.0
87,74,3.0
88,74,3.0
89,74,3.0
90,74,4.0
91,74,3.0
92,74,4.0
93,74,4.0
94,74,4.0
95,74,3.0
96,74,3.0
97,74,2.0
98,74,3.0
99,74,3.0
100,74,3.0
1,75,0.0
2,75,0.0
3,75,1.0
4,75,1.0
5,75,0.0
6,75,0.0
7,75,0.0
8,75,0.0
9,75,0.0
10,75,0.0
11,75,0.0
12,75,0.0
13,75,0.0
14,75,0.0
15,75,0.0
16,75,0.0
17,75,0.0
18,75,0.0
19,75,0.0
20,75,0.0
21,75,1.0
22,75,3.0
23,75,3.0
24,75,3.0
25,75,2.0
26,75,2.0
27,75,2.0
28,75,2.0
29,75,1.0
30,75,3.0
31,75,1.0
32,75,1.0
33,75,1.0
34,75,3.0
35,75,3.0
36,75,3.0
37,75,3.0
38,75,3.0
39,75,3.0
40,75,3.0
41,75,3.0
42,75,4.0
43,75,3.0
44,75,3.0
45,75,3.0
46,75,2.0
47,75,4.0
48,75,4.0
49,75,4.0
50,75,4.0
51,75,4.0
52,75,4.0
53,75,4.0
54,75,4.0
55,75,4.0
56,75,0.0
57,75,0.0
58,75,0.0
59,75,4.0
60,75,4.0
61,75,4.0
62,75,4.0
63,75,4.0
64,75,4.0
65,75,4.0
66,75,1.0
67,75,3.0
68,75,3.0
69,75,2.0
70,75,2.0
71,75,3.0
72,75,3.0
73,75,2.0
74,75,3.0
75,75,3.0
76,75,2.0
77,75,3.0
78,75,2.0
79,75,3.0
80,75,3.0
81,75,3.0
82,75,2.0
83,75,3.0
84,75,4.0
85,75,3.0
86,75,4.0
87,75,3.0
88,75,3.0
89,75,3.0
90,75,4.0
91,75,4.0
92,75,4.0
93,75,4.0
94,75,4.0
95,75,4.0
96,75,3.0
97,75,2.0
98,75,2.0
99,75,3.0
100,75,3.0
1,76,0.0
2,76,0.0
3,76,0.0
4,76,0.0
5,76,0.0
6,76,0.0
7,76,0.0
8,76,0.0
9,76,0.0
10,76,0.0
11,76,0.0
12,76,0.0
13,76,0.0
14,76,0.0
15,76,0.0
16,76,0.0
17,76,0.0
18,76,0.0
19,76,0.0
20,76,0.0
21,76,2.0
22,76,2.0
23,76,3.0
24,76,3.0
25,76,3.0
26,76,2.0
27,76,2.0
28,76,1.0
29,76,1.0
30,76,2.0
31,76,1.0
32,76,0.0
33,76,0.0
34,76,1.0
35,76,2.0
36,76,3.0
37,76,3.0
38,76,3.0
39,76,3.0
40,76,3.0
41,76,3.0
42,76,4.0
43,76,4.0
44,76,3.0
45,76,3.0
46,76,2.0
47,76,4.0
48,76,4.0
49,76,4.0
50,76,4.0
51,76,4.0
52,76,4.0
53,76,4.0
54,76,3.0
55,76,4.0
56,76,0.0
57,76,0.0
58,76,4.0
59,76,4.0
60,76,4.0
61,76,4.0
62,76,4.0
63,76,4.0
64,76,3.0
65,76,0.0
66,76,2.0
67,76,3.0
68,76,4.0
69,76,3.0
70,76,3.0
71,76,3.0
72,76,3.0
73,76,1.0
74,76,2.0
75,76,2.0
76,76,2.0
77,76,3.0
78,76,3.0
79,76,3.0
80,76,3.0
81,76,4.0
82,76,3.0
83,76,3.0
84,76,2.0
85,76,3.0
86,76,3.0
87,76,3.0
88,76,3.0
89,76,4.0
90,76,4.0
91,76,4.0
92,76,4.0
93,76,4.0
94,76,4.0
95,76,3.0
96,76,2.0
97,76,2.0
98,76,2.0
99,76,2.0
100,76,3.0
1,77,0.0
2,77,0.0
3,77,0.0
4,77,0.0
5,77,0.0
6,77,0.0
7,77,0.0
8,77,0.0
9,77,0.0
10,77,0.0
11,77,0.0
12,77,0.0
13,77,0.0
14,77,0.0
15,77,0.0
16,77,0.0
17,77,0.0
18,77,0.0
19,77,0.0
20,77,1.0
21,77,1.0
22,77,2.0
23,77,3.0
24,77,3.0
25,77,3.0
26,77,2.0
27,77,3.0
28,77,2.0
29,77,0.0
30,77,1.0
31,77,0.0
32,77,0.0
33,77,0.0
34,77,1.0
35,77,2.0
36,77,3.0
37,77,2.0
38,77,3.0
39,77,2.0
40,77,4.0
41,77,3.0
42,77,3.0
43,77,2.0
44,77,3.0
45,77,2.0
46,77,3.0
47,77,4.0
48,77,4.0
49,77,4.0
50,77,4.0
51,77,4.0
52,77,4.0
53,77,4.0
54,77,4.0
55,77,0.0
56,77,0.0
57,77,4.0
58,77,4.0
59,77,4.0
60,77,4.0
61,77,4.0
62,77,4.0
63,77,4.0
64,77,0.0
65,77,1.0
66,77,1.0
67,77,3.0
68,77,3.0
69,77,3.0
70,77,3.0
71,77,3.0
72,77,3.0
73,77,3.0
74,77,2.0
75,77,3.0
76,77,3.0
77,77,3.0
78,77,4.0
79,77,4.0
80,77,4.0
81,77,4.0
82,77,3.0
83,77,3.0
84,77,3.0
85,77,3.0
86,77,3.0
87,77,4.0
88,77,3.0
89,77,4.0
90,77,4.0
91,77,4.0
92,77,4.0
93,77,4.0
94,77,4.0
95,77,3.0
96,77,1.0
97,77,1.0
98,77,2.0
99,77,3.0
100,77,3.0
1,78,0.0
2,78,0.0
3,78,0.0
4,78,0.0
5,78,0.0
6,78,0.0
7,78,0.0
8,78,0.0
9,78,0.0
10,78,0.0
11,78,0.0
12,78,0.0
13,78,0.0
14,78,0.0
15,78,0.0
16,78,0.0
17,78,0.0
18,78,0.0
19,78,1.0
20,78,1.0
21,78,2.0
22,78,1.0
23,78,3.0
24,78,3.0
25,78,3.0
26,78,2.0
27,78,2.0
28,78,1.0
29,78,2.0
30,78,1.0
31,78,0.0
32,78,0.0
33,78,0.0
34,78,2.0
35,78,1.0
36,78,1.0
37,78,2.0
38,78,2.0
39,78,3.0
40,78,3.0
41,78,3.0
42,78,2.0
43,78,2.0
44,78,1.0
45,78,2.0
46,78,1.0
47,78,4.0
48,78,4.0
49,78,4.0
50,78,4.0
51,78,4.0
52,78,4.0
53,78,4.0
54,78,4.0
55,78,1.0
56,78,4.0
57,78,4.0
58,78,4.0
59,78,4.0
60,78,4.0
61,78,4.0
62,78,4.0
63,78,2.0
64,78,1.0
65,78,1.0
66,78,2.0
67,78,2.0
68,78,2.0
69,78,1.0
70,78,2.0
71,78,3.0
72,78,2.0
73,78,3.0
74,78,3.0
75,78,3.0
76,78,3.0
77,78,3.0
78,78,4.0
79,78,4.0
80,78,4.0
81,78,4.0
82,78,4.0
83,78,3.0
84,78,3.0
85,78,3.0
86,78,3.0
87,78,3.0
88,78,2.0
89,78,3.0
90,78,3.0
91,78,3.0
92,78,3.0
93,78,3.0
94,78,3.0
95,78,3.0
96,78,2.0
97,78,2.0
98,78,3.0
99,78,2.0
100,78,3.0
1,79,0.0
2,79,0.0
3,79,0.0
4,79,0.0
5,79,0.0
6,79,0.0
7,79,0.0
8,79,0.0
9,79,0.0
10,79,0.0
11,79,0.0
12,79,0.0
13,79,0.0
14,79,0.0
15,79,0.0
16,79,0.0
17,79,0.0
18,79,1.0
19,79,1.0
20,79,1.0
21,79,1.0
22,79,2.0
23,79,3.0
24,79,3.0
25,79,3.0
26,79,3.0
27,79,1.0
28,79,0.0
29,79,0.0
30,79,0.0
31,79,0.0
32,79,0.0
33,79,0.0
34,79,1.0
35,79,2.0
36,79,1.0
37,79,2.0
38,79,3.0
39,79,3.0
40,79,2.0
41,79,1.0
42,79,1.0
43,79,2.0
44,79,1.0
45,79,3.0
46,79,4.0
47,79,4.0
48,79,4.0
49,79,4.0
50,79,4.0
51,79,4.0
52,79,4.0
53,79,4.0
54,79,0.0
55,79,3.0
56,79,4.0
57,79,4.0
58,79,4.0
59,79,4.0
60,79,4.0
61,79,4.0
62,79,3.0
63,79,2.0
64,79,1.0
65,79,2.0
66,79,1.0
67,79,2.0
68,79,1.0
69,79,0.0
70,79,2.0
71,79,1.0
72,79,1.0
73,79,3.0
74,79,3.0
75,79,3.0
76,79,3.0
77,79,3.0
78,79,3.0
79,79,3.0
80,79,4.0
81,79,3.0
82,79,3.0
83,79,3.0
84,79,4.0
85,79,3.0
86,79,3.0
87,79,3.0
88,79,2.0
89,79,3.0
90,79,3.0
91,79,3.0
92,79,3.0
93,79,2.0
94,79,2.0
95,79,3.0
96,79,2.0
97,79,1.0
98,79,2.0
99,79,3.0
100,79,3.0
1,80,0.0
2,80,0.0
3,80,0.0
4,80,0.0
5,80,0.0
6,80,0.0
7,80,0.0
8,80,0.0
9,80,0.0
10,80,0.0
11,80,0.0
12,80,1.0
13,80,1.0
14,80,1.0
15,80,1.0
16,80,0.0
17,80,0.0
18,80,1.0
19,80,1.0
20,80,2.0
21,80,2.0
22,80,1.0
23,80,3.0
24,80,2.0
25,80,2.0
26,80,3.0
27,80,1.0
28,80,0.0
29,80,0.0
30,80,1.0
31,80,0.0
32,80,0.0
33,80,0.0
34,80,0.0
35,80,1.0
36,80,1.0
37,80,2.0
38,80,2.0
39,80,3.0
40,80,3.0
41,80,1.0
42,80,1.0
43,80,1.0
44,80,1.0
45,80,3.0
46,80,4.0
47,80,4.0
48,80,4.0
49,80,4.0
50,80,4.0
51,80,4.0
52,80,4.0
53,80,3.0
54,80,3.0
55,80,4.0
56,80,4.0
57,80,4.0
58,80,4.0
59,80,4.0
60,80,4.0
61,80,4.0
62,80,0.0
63,80,0.0
64,80,0.0
65,80,0.0
66,80,1.0
67,80,2.0
68,80,1.0
69,80,0.0
70,80,2.0
71,80,3.0
72,80,2.0
73,80,2.0
74,80,3.0
75,80,4.0
76,80,3.0
77,80,3.0
78,80,3.0
79,80,3.0
80,80,3.0
81,80,3.0
82,80,3.0
83,80,2.0
84,80,3.0
85,80,3.0
86,80,3.0
87,80,3.0
88,80,2.0
89,80,3.0
90,80,2.0
91,80,3.0
92,80,3.0
93,80,2.0
94,80,3.0
95,80,1.0
96,80,1.0
97,80,2.0
98,80,2.0
99,80,3.0
100,80,3.0
1,81,0.0
2,81,0.0
3,81,0.0
4,81,0.0
5,81,0.0
6,81,1.0
7,81,0.0
8,81,0.0
9,81,0.0
10,81,0.0
11,81,0.0
12,81,1.0
13,81,1.0
14,81,2.0
15,81,0.0
16,81,0.0
17,81,0.0
18,81,0.0
19,81,2.0
20,81,2.0
21,81,3.0
22,81,2.0
23,81,3.0
24,81,2.0
25,81,1.0
26,81,1.0
27,81,0.0
28,81,0.0
29,81,0.0
30,81,1.0
31,81,0.0
32,81,0.0
33,81,2.0
34,81,0.0
35,81,0.0
36,81,1.0
37,81,1.0
38,81,1.0
39,81,3.0
40,81,1.0
41,81,2.0
42,81,1.0
43,81,1.0
44,81,3.0
45,81,4.0
46,81,4.0
47,81,4.0
48,81,4.0
49,81,4.0
50,81,4.0
51,81,4.0
52,81,4.0
53,81,0.0
54,81,4.0
55,81,4.0
56,81,4.0
57,81,4.0
58,81,4.0
59,81,4.0
60,81,4.0
61,81,0.0
62,81,0.0
63,81,0.0
64,81,0.0
65,81,0.0
66,81,1.0
67,81,2.0
68,81,3.0
69,81,2.0
70,81,2.0
71,81,2.0
72,81,3.0
73,81,2.0
74,81,3.0
75,81,3.0
76,81,3.0
77,81,3.0
78,81,3.0
79,81,3.0
80,81,3.0
81,81,2.0
82,81,3.0
83,81,2.0
84,81,2.0
85,81,3.0
86,81,2.0
87,81,2.0
88,81,1.0
89,81,2.0
90,81,3.0
91,81,2.0
92,81,3.0
93,81,2.0
94,81,3.0
95,81,2.0
96,81,2.0
97,81,2.0
98,81,1.0
99,81,2.0
100,81,3.0
1,82,0.0
2,82,0.0
3,82,0.0
4,82,0.0
5,82,0.0
6,82,0.0
7,82,0.0
8,82,0.0
9,82,0.0
10,82,0.0
11,82,0.0
12,82,0.0
13,82,1.0
14,82,1.0
15,82,0.0
16,82,2.0
17,82,0.0
18,82,1.0
19,82,1.0
20,82,2.0
21,82,2.0
22,82,1.0
23,82,1.0
24,82,1.0
25,82,1.0
26,82,1.0
27,82,0.0
28,82,0.0
29,82,0.0
30,82,0.0
31,82,1.0
32,82,1.0
33,82,1.0
34,82,2.0
35,82,2.0
36,82,2.0
37,82,2.0
38,82,1.0
39,82,1.0
40,82,1.0
41,82,1.0
42,82,1.0
43,82,0.0
44,82,1.0
45,82,4.0
46,82,4.0
47,82,4.0
48,82,4.0
49,82,4.0
50,82,4.0
51,82,4.0
52,82,4.0
53,82,3.0
54,82,4.0
55,82,3.0
56,82,4.0
57,82,4.0
58,82,4.0
59,82,4.0
60,82,4.0
61,82,0.0
62,82,0.0
63,82,0.0
64,82,0.0
65,82,0.0
66,82,0.0
67,82,0.0
68,82,2.0
69,82,3.0
70,82,3.0
71,82,3.0
72,82,3.0
73,82,2.0
74,82,3.0
75,82,3.0
76,82,3.0
77,82,3.0
78,82,3.0
79,82,3.0
80,82,3.0
81,82,3.0
82,82,3.0
83,82,1.0
84,82,3.0
85,82,3.0
86,82,3.0
87,82,2.0
88,82,2.0
89,82,2.0
90,82,3.0
91,82,3.0
92,82,3.0
93,82,2.0
94,82,3.0
95,82,3.0
96,82,3.0
97,82,2.0
98,82,1.0
99,82,1.0
100,82,2.0
1,83,0.0
2,83,0.0
3,83,0.0
4,83,0.0
5,83,0.0
6,83,0.0
7,83,0.0
8,83,0.0
9,83,0.0
10,83,0.0
11,83,0.0
12,83,0.0
13,83,1.0
14,83,2.0
15,83,1.0
16,83,1.0
17,83,1.0
18,83,2.0
19,83,2.0
20,83,2.0
21,83,1.0
22,83,1.0
23,83,2.0
24,83,0.0
25,83,0.0
26,83,0.0
27,83,0.0
28,83,0.0
29,83,0.0
30,83,0.0
31,83,0.0
32,83,0.0
33,83,0.0
34,83,2.0
35,83,2.0
36,83,1.0
37,83,1.0
38,83,1.0
39,83,2.0
40,83,3.0
41,83,3.0
42,83,3.0
43,83,3.0
44,83,4.0
45,83,4.0
46,83,4.0
47,83,4.0
48,83,4.0
49,83,4.0
50,83,4.0
51,83,4.0
52,83,0.0
53,83,4.0
54,83,4.0
55,83,4.0
56,83,4.0
57,83,4.0
58,83,4.0
59,83,4.0
60,83,0.0
61,83,0.0
62,83,0.0
63,83,0.0
64,83,0.0
65,83,0.0
66,83,0.0
67,83,1.0
68,83,2.0
69,83,2.0
70,83,3.0
71,83,3.0
72,83,3.0
73,83,3.0
74,83,1.0
75,83,3.0
76,83,2.0
77,83,3.0
78,83,4.0
79,83,3.0
80,83,3.0
81,83,3.0
82,83,3.0
83,83,3.0
84,83,3.0
85,83,3.0
86,83,3.0
87,83,3.0
88,83,3.0
89,83,2.0
90,83,2.0
91,83,1.0
92,83,2.0
93,83,2.0
94,83,3.0
95,83,3.0
96,83,2.0
97,83,2.0
98,83,2.0
99,83,1.0
100,83,2.0
1,84,1.0
2,84,0.0
3,84,0.0
4,84,0.0
5,84,0.0
6,84,0.0
7,84,0.0
8,84,0.0
9,84,0.0
10,84,0.0
11,84,0.0
12,84,0.0
13,84,1.0
14,84,2.0
15,84,1.0
16,84,1.0
17,84,3.0
18,84,2.0
19,84,1.0
20,84,2.0
21,84,1.0
22,84,2.0
23,84,1.0
24,84,0.0
25,84,0.0
26,84,0.0
27,84,0.0
28,84,0.0
29,84,0.0
30,84,1.0
31,84,1.0
32,84,1.0
33,84,2.0
34,84,1.0
35,84,2.0
36,84,1.0
37,84,2.0
38,84,2.0
39,84,3.0
40,84,2.0
41,84,2.0
42,84,2.0
43,84,2.0
44,84,4.0
45,84,4.0
46,84,4.0
47,84,4.0
48,84,4.0
49,84,4.0
50,84,4.0
51,84,4.0
52,84,4.0
53,84,3.0
54,84,3.0
55,84,4.0
56,84,4.0
57,84,4.0
58,84,4.0
59,84,3.0
60,84,1.0
61,84,1.0
62,84,0.0
63,84,1.0
64,84,1.0
65,84,2.0
66,84,1.0
67,84,0.0
68,84,2.0
69,84,1.0
70,84,3.0
71,84,3.0
72,84,3.0
73,84,3.0
74,84,2.0
75,84,2.0
76,84,3.0
77,84,3.0
78,84,3.0
79,84,3.0
80,84,4.0
81,84,3.0
82,84,3.0
83,84,3.0
84,84,3.0
85,84,3.0
86,84,2.0
87,84,3.0
88,84,2.0
89,84,1.0
90,84,2.0
91,84,3.0
92,84,3.0
93,84,3.0
94,84,3.0
95,84,3.0
96,84,3.0
97,84,3.0
98,84,3.0
99,84,2.0
100,84,3.0
1,85,0.0
2,85,0.0
3,85,0.0
4,85,0.0
5,85,0.0
6,85,1.0
7,85,0.0
8,85,0.0
9,85,1.0
10,85,1.0
11,85,0.0
12,85,2.0
13,85,2.0
14,85,3.0
15,85,2.0
16,85,2.0
17,85,3.0
18,85,2.0
19,85,1.0
20,85,1.0
21,85,1.0
22,85,1.0
23,85,1.0
24,85,1.0
25,85,0.0
26,85,0.0
27,85,0.0
28,85,1.0
29,85,0.0
30,85,2.0
31,85,1.0
32,85,2.0
33,85,1.0
34,85,1.0
35,85,1.0
36,85,1.0
37,85,3.0
38,85,2.0
39,85,0.0
40,85,2.0
41,85,1.0
42,85,1.0
43,85,3.0
44,85,4.0
45,85,4.0
46,85,4.0
47,85,4.0
48,85,4.0
49,85,4.0
50,85,4.0
51,85,4.0
52,85,4.0
53,85,4.0
54,85,4.0
55,85,4.0
56,85,4.0
57,85,4.0
58,85,4.0
59,85,2.0
60,85,3.0
61,85,2.0
62,85,1.0
63,85,1.0
64,85,2.0
65,85,3.0
66,85,2.0
67,85,0.0
68,85,1.0
69,85,1.0
70,85,2.0
71,85,2.0
72,85,3.0
73,85,3.0
74,85,1.0
75,85,0.0
76,85,1.0
77,85,3.0
78,85,3.0
79,85,3.0
80,85,3.0
81,85,3.0
82,85,4.0
83,85,4.0
84,85,3.0
85,85,3.0
86,85,1.0
87,85,2.0
88,85,2.0
89,85,1.0
90,85,3.0
91,85,3.0
92,85,3.0
93,85,3.0
94,85,2.0
95,85,2.0
96,85,2.0
97,85,2.0
98,85,3.0
99,85,3.0
100,85,3.0
1,86,1.0
2,86,0.0
3,86,0.0
4,86,0.0
5,86,0.0
6,86,0.0
7,86,0.0
8,86,1.0
9,86,2.0
10,86,1.0
11,86,2.0
12,86,3.0
13,86,2.0
14,86,3.0
15,86,2.0
16,86,2.0
17,86,3.0
18,86,3.0
19,86,3.0
20,86,3.0
21,86,2.0
22,86,0.0
23,86,1.0
24,86,1.0
25,86,0.0
26,86,0.0
27,86,0.0
28,86,0.0
29,86,1.0
30,86,1.0
31,86,1.0
32,86,2.0
33,86,1.0
34,86,1.0
35,86,1.0
36,86,1.0
37,86,1.0
38,86,3.0
39,86,2.0
40,86,2.0
41,86,2.0
42,86,3.0
43,86,4.0
44,86,4.0
45,86,4.0
46,86,4.0
47,86,4.0
48,86,4.0
49,86,4.0
50,86,4.0
51,86,4.0
52,86,4.0
53,86,4.0
54,86,4.0
55,86,4.0
56,86,4.0
57,86,4.0
58,86,3.0
59,86,2.0
60,86,3.0
61,86,1.0
62,86,1.0
63,86,1.0
64,86,2.0
65,86,1.0
66,86,2.0
67,86,1.0
68,86,1.0
69,86,2.0
70,86,2.0
71,86,2.0
72,86,3.0
73,86,3.0
74,86,1.0
75,86,0.0
76,86,1.0
77,86,2.0
78,86,2.0
79,86,3.0
80,86,3.0
81,86,3.0
82,86,4.0
83,86,3.0
84,86,3.0
85,86,3.0
86,86,3.0
87,86,3.0
88,86,2.0
89,86,2.0
90,86,2.0
91,86,2.0
92,86,3.0
93,86,3.0
94,86,2.0
95,86,1.0
96,86,2.0
97,86,3.0
98,86,3.0
99,86,3.0
100,86,2.0
1,87,2.0
2,87,2.0
3,87,1.0
4,87,1.0
5,87,1.0
6,87,1.0
7,87,2.0
8,87,3.0
9,87,2.0
10,87,3.0
11,87,2.0
12,87,3.0
13,87,3.0
14,87,3.0
15,87,2.0
16,87,3.0
17,87,3.0
18,87,3.0
19,87,2.0
20,87,1.0
21,87,1.0
22,87,1.0
23,87,0.0
24,87,1.0
25,87,1.0
26,87,0.0
27,87,0.0
28,87,0.0
29,87,0.0
30,87,1.0
31,87,1.0
32,87,2.0
33,87,1.0
34,87,2.0
35,87,1.0
36,87,3.0
37,87,2.0
38,87,3.0
39,87,3.0
40,87,3.0
41,87,2.0
42,87,3.0
43,87,4.0
44,87,4.0
45,87,4.0
46,87,4.0
47,87,4.0
48,87,4.0
49,87,4.0
50,87,3.0
51,87,3.0
52,87,4.0
53,87,4.0
54,87,4.0
55,87,4.0
56,87,4.0
57,87,4.0
58,87,4.0
59,87,3.0
60,87,3.0
61,87,3.0
62,87,1.0
63,87,3.0
64,87,3.0
65,87,2.0
66,87,3.0
67,87,2.0
68,87,1.0
69,87,2.0
70,87,2.0
71,87,1.0
72,87,2.0
73,87,1.0
74,87,1.0
75,87,1.0
76,87,1.0
77,87,2.0
78,87,2.0
79,87,3.0
80,87,3.0
81,87,3.0
82,87,3.0
83,87,3.0
84,87,3.0
85,87,3.0
86,87,2.0
87,87,2.0
88,87,3.0
89,87,3.0
90,87,3.0
91,87,2.0
92,87,3.0
93,87,2.0
94,87,2.0
95,87,1.0
96,87,2.0
97,87,3.0
98,87,3.0
99,87,3.0
100,87,1.0
1,88,2.0
2,88,1.0
3,88,1.0
4,88,1.0
5,88,1.0
6,88,0.0
7,88,3.0
8,88,3.0
9,88,4.0
10,88,3.0
11,88,4.0
12,88,3.0
13,88,4.0
14,88,3.0
15,88,3.0
16,88,3.0
17,88,2.0
18,88,2.0
19,88,3.0
20,88,3.0
21,88,2.0
22,88,3.0
23,88,2.0
24,88,1.0
25,88,1.0
26,88,1.0
27,88,0.0
28,88,0.0
29,88,1.0
30,88,3.0
31,88,1.0
32,88,2.0
33,88,1.0
34,88,1.0
35,88,2.0
36,88,2.0
37,88,3.0
38,88,2.0
39,88,2.0
40,88,3.0
41,88,3.0
42,88,4.0
43,88,4.0
44,88,4.0
45,88,4.0
46,88,4.0
47,88,4.0
48,88,4.0
49,88,4.0
50,88,3.0
51,88,4.0
52,88,4.0
53,88,4.0
54,88,4.0
55,88,4.0
56,88,4.0
57,88,4.0
58,88,4.0
59,88,3.0
60,88,4.0
61,88,4.0
62,88,3.0
63,88,2.0
64,88,3.0
65,88,2.0
66,88,2.0
67,88,1.0
68,88,2.0
69,88,2.0
70,88,2.0
71,88,1.0
72,88,2.0
73,88,2.0
74,88,1.0
75,88,2.0
76,88,1.0
77,88,3.0
78,88,2.0
79,88,3.0
80,88,3.0
81,88,3.0
82,88,3.0
83,88,2.0
84,88,3.0
85,88,3.0
86,88,2.0
87,88,2.0
88,88,1.0
89,88,1.0
90,88,1.0
91,88,2.0
92,88,3.0
93,88,3.0
94,88,2.0
95,88,1.0
96,88,2.0
97,88,1.0
98,88,2.0
99,88,3.0
100,88,2.0
1,89,2.0
2,89,3.0
3,89,2.0
4,89,3.0
5,89,2.0
6,89,3.0
7,89,3.0
8,89,3.0
9,89,3.0
10,89,4.0
11,89,4.0
12,89,4.0
13,89,4.0
14,89,3.0
15,89,3.0
16,89,3.0
17,89,3.0
18,89,3.0
19,89,3.0
20,89,3.0
21,89,3.0
22,89,2.0
23,89,1.0
24,89,1.0
25,89,0.0
26,89,0.0
27,89,0.0
28,89,0.0
29,89,1.0
30,89,2.0
31,89,2.0
32,89,1.0
33,89,0.0
34,89,0.0
35,89,2.0
36,89,1.0
37,89,2.0
38,89,2.0
39,89,1.0
40,89,1.0
41,89,2.0
42,89,4.0
43,89,4.0
44,89,4.0
45,89,4.0
46,89,4.0
47,89,4.0
48,89,4.0
49,89,4.0
50,89,3.0
51,89,4.0
52,89,4.0
53,89,4.0
54,89,4.0
55,89,4.0
56,89,4.0
57,89,4.0
58,89,4.0
59,89,2.0
60,89,3.0
61,89,3.0
62,89,3.0
63,89,2.0
64,89,2.0
65,89,2.0
66,89,3.0
67,89,3.0
68,89,2.0
69,89,2.0
70,89,2.0
71,89,2.0
72,89,4.0
73,89,3.0
74,89,2.0
75,89,1.0
76,89,1.0
77,89,2.0
78,89,3.0
79,89,3.0
80,89,2.0
81,89,2.0
82,89,2.0
83,89,3.0
84,89,2.0
85,89,1.0
86,89,1.0
87,89,1.0
88,89,2.0
89,89,2.0
90,89,3.0
91,89,3.0
92,89,3.0
93,89,3.0
94,89,3.0
95,89,2.0
96,89,2.0
97,89,3.0
98,89,1.0
99,89,2.0
100,89,2.0
1,90,3.0
2,90,2.0
3,90,2.0
4,90,3.0
5,90,4.0
6,90,3.0
7,90,4.0
8,90,4.0
9,90,3.0
10,90,3.0
11,90,4.0
12,90,3.0
13,90,3.0
14,90,3.0
15,90,4.0
16,90,4.0
17,90,3.0
18,90,3.0
19,90,2.0
20,90,3.0
21,90,3.0
22,90,3.0
23,90,2.0
24,90,2.0
25,90,3.0
26,90,2.0
27,90,0.0
28,90,0.0
29,90,0.0
30,90,0.0
31,90,1.0
32,90,1.0
33,90,0.0
34,90,0.0
35,90,1.0
36,90,1.0
37,90,1.0
38,90,0.0
39,90,0.0
40,90,1.0
41,90,0.0
42,90,4.0
43,90,4.0
44,90,4.0
45,90,4.0
46,90,4.0
47,90,4.0
48,90,4.0
49,90,4.0
50,90,4.0
51,90,4.0
52,90,4.0
53,90,4.0
54,90,4.0
55,90,4.0
56,90,4.0
57,90,4.0
58,90,4.0
59,90,4.0
60,90,3.0
61,90,3.0
62,90,3.0
63,90,2.0
64,90,2.0
65,90,3.0
66,90,3.0
67,90,3.0
68,90,2.0
69,90,3.0
70,90,2.0
71,90,3.0
72,90,1.0
73,90,1.0
74,90,1.0
75,90,1.0
76,90,0.0
77,90,1.0
78,90,1.0
79,90,3.0
80,90,2.0
81,90,1.0
82,90,2.0
83,90,2.0
84,90,2.0
85,90,2.0
86,90,2.0
87,90,2.0
88,90,3.0
89,90,3.0
90,90,2.0
91,90,3.0
92,90,3.0
93,90,4.0
94,90,3.0
95,90,3.0
96,90,3.0
97,90,3.0
98,90,2.0
99,90,2.0
100,90,1.0
1,91,3.0
2,91,3.0
3,91,3.0
4,91,3.0
5,91,3.0
6,91,3.0
7,91,3.0
8,91,3.0
9,91,4.0
10,91,4.0
11,91,4.0
12,91,3.0
13,91,3.0
14,91,3.0
15,91,3.0
16,91,3.0
17,91,2.0
18,91,2.0
19,91,3.0
20,91,3.0
21,91,3.0
22,91,3.0
23,91,1.0
24,91,3.0
25,91,1.0
26,91,1.0
27,91,0.0
28,91,0.0
29,91,0.0
30,91,0.0
31,91,1.0
32,91,0.0
33,91,0.0
34,91,0.0
35,91,0.0
36,91,0.0
37,91,0.0
38,91,1.0
39,91,1.0
40,91,2.0
41,91,2.0
42,91,4.0
43,91,4.0
44,91,4.0
45,91,4.0
46,91,4.0
47,91,4.0
48,91,4.0
49,91,4.0
50,91,4.0
51,91,4.0
52,91,4.0
53,91,4.0
54,91,4.0
55,91,4.0
56,91,4.0
57,91,4.0
58,91,4.0
59,91,4.0
60,91,4.0
61,91,3.0
62,91,2.0
63,91,1.0
64,91,1.0
65,91,3.0
66,91,3.0
67,91,3.0
68,91,3.0
69,91,2.0
70,91,3.0
71,91,1.0
72,91,1.0
73,91,2.0
74,91,1.0
75,91,2.0
76,91,0.0
77,91,2.0
78,91,3.0
79,91,2.0
80,91,2.0
81,91,2.0
82,91,2.0
83,91,1.0
84,91,3.0
85,91,1.0
86,91,1.0
87,91,2.0
88,91,3.0
89,91,3.0
90,91,3.0
91,91,3.0
92,91,3.0
93,91,3.0
94,91,3.0
95,91,3.0
96,91,3.0
97,91,3.0
98,91,2.0
99,91,2.0
100,91,1.0
1,92,4.0
2,92,4.0
3,92,3.0
4,92,3.0
5,92,3.0
6,92,2.0
7,92,2.0
8,92,3.0
9,92,4.0
10,92,4.0
11,92,4.0
12,92,3.0
13,92,4.0
14,92,3.0
15,92,3.0
16,92,2.0
17,92,2.0
18,92,1.0
19,92,2.0
20,92,3.0
21,92,3.0
22,92,3.0
23,92,3.0
24,92,2.0
25,92,2.0
26,92,1.0
27,92,1.0
28,92,0.0
29,92,0.0
30,92,1.0
31,92,1.0
32,92,2.0
33,92,0.0
34,92,1.0
35,92,1.0
36,92,1.0
37,92,0.0
38,92,1.0
39,92,2.0
40,92,3.0
41,92,4.0
42,92,4.0
43,92,4.0
44,92,4.0
45,92,4.0
46,92,4.0
47,92,4.0
48,92,4.0
49,92,4.0
50,92,4.0
51,92,4.0
52,92,4.0
53,92,4.0
54,92,4.0
55,92,4.0
56,92,4.0
57,92,4.0
58,92,4.0
59,92,4.0
60,92,4.0
61,92,4.0
62,92,4.0
63,92,4.0
64,92,3.0
65,92,3.0
66,92,3.0
67,92,4.0
68,92,4.0
69,92,3.0
70,92,3.0
71,92,3.0
72,92,2.0
73,92,2.0
74,92,2.0
75,92,1.0
76,92,1.0
77,92,0.0
78,92,1.0
79,92,1.0
80,92,2.0
81,92,1.0
82,92,2.0
83,92,1.0
84,92,1.0
85,92,1.0
86,92,0.0
87,92,2.0
88,92,3.0
89,92,3.0
90,92,3.0
91,92,3.0
92,92,3.0
93,92,3.0
94,92,2.0
95,92,2.0
96,92,3.0
97,92,4.0
98,92,3.0
99,92,3.0
100,92,1.0
1,93,3.0
2,93,3.0
3,93,3.0
4,93,3.0
5,93,4.0
6,93,3.0
7,93,3.0
8,93,4.0
9,93,4.0
10,93,4.0
11,93,3.0
12,93,4.0
13,93,3.0
14,93,3.0
15,93,3.0
16,93,2.0
17,93,2.0
18,93,2.0
19,93,2.0
20,93,2.0
21,93,3.0
22,93,3.0
23,93,3.0
24,93,2.0
25,93,2.0
26,93,1.0
27,93,0.0
28,93,0.0
29,93,0.0
30,93,2.0
31,93,1.0
32,93,1.0
33,93,2.0
34,93,2.0
35,93,2.0
36,93,1.0
37,93,0.0
38,93,1.0
39,93,1.0
40,93,3.0
41,93,3.0
42,93,4.0
43,93,4.0
44,93,4.0
45,93,4.0
46,93,4.0
47,93,4.0
48,93,4.0
49,93,4.0
50,93,3.0
51,93,4.0
52,93,4.0
53,93,4.0
54,93,4.0
55,93,4.0
56,93,4.0
57,93,4.0
58,93,4.0
59,93,4.0
60,93,4.0
61,93,4.0
62,93,4.0
63,93,4.0
64,93,4.0
65,93,4.0
66,93,4.0
67,93,4.0
68,93,4.0
69,93,4.0
70,93,3.0
71,93,3.0
72,93,2.0
73,93,3.0
74,93,2.0
75,93,2.0
76,93,1.0
77,93,0.0
78,93,1.0
79,93,2.0
80,93,1.0
81,93,2.0
82,93,2.0
83,93,2.0
84,93,1.0
85,93,2.0
86,93,1.0
87,93,3.0
88,93,3.0
89,93,1.0
90,93,2.0
91,93,2.0
92,93,3.0
93,93,3.0
94,93,3.0
95,93,3.0
96,93,3.0
97,93,3.0
98,93,3.0
99,93,2.0
100,93,2.0
1,94,1.0
2,94,2.0
3,94,3.0
4,94,3.0
5,94,2.0
6,94,2.0
7,94,3.0
8,94,3.0
9,94,3.0
10,94,3.0
11,94,3.0
12,94,3.0
13,94,3.0
14,94,3.0
15,94,3.0
16,94,2.0
17,94,1.0
18,94,2.0
19,94,3.0
20,94,3.0
21,94,2.0
22,94,2.0
23,94,1.0
24,94,2.0
25,94,1.0
26,94,1.0
27,94,0.0
28,94,0.0
29,94,0.0
30,94,1.0
31,94,1.0
32,94,3.0
33,94,3.0
34,94,2.0
35,94,2.0
36,94,0.0
37,94,1.0
38,94,1.0
39,94,2.0
40,94,2.0
41,94,3.0
42,94,4.0
43,94,4.0
44,94,4.0
45,94,4.0
46,94,4.0
47,94,4.0
48,94,4.0
49,94,4.0
50,94,4.0
51,94,4.0
52,94,4.0
53,94,4.0
54,94,4.0
55,94,4.0
56,94,4.0
57,94,4.0
58,94,4.0
59,94,4.0
60,94,4.0
61,94,4.0
62,94,4.0
63,94,4.0
64,94,4.0
65,94,4.0
66,94,4.0
67,94,4.0
68,94,4.0
69,94,4.0
70,94,4.0
71,94,4.0
72,94,3.0
73,94,2.0
74,94,2.0
75,94,2.0
76,94,1.0
77,94,2.0
78,94,0.0
79,94,1.0
80,94,1.0
81,94,1.0
82,94,2.0
83,94,2.0
84,94,3.0
85,94,3.0
86,94,2.0
87,94,2.0
88,94,1.0
89,94,1.0
90,94,1.0
91,94,3.0
92,94,4.0
93,94,3.0
94,94,3.0
95,94,3.0
96,94,3.0
97,94,3.0
98,94,3.0
99,94,2.0
100,94,1.0
1,95,1.0
2,95,3.0
3,95,3.0
4,95,3.0
5,95,3.0
6,95,2.0
7,95,3.0
8,95,3.0
9,95,3.0
10,95,2.0
11,95,2.0
12,95,2.0
13,95,3.0
14,95,3.0
15,95,2.0
16,95,1.0
17,95,2.0
18,95,3.0
19,95,3.0
20,95,1.0
21,95,1.0
22,95,0.0
23,95,1.0
24,95,0.0
25,95,2.0
26,95,0.0
27,95,0.0
28,95,0.0
29,95,0.0
30,95,0.0
31,95,0.0
32,95,1.0
33,95,3.0
34,95,2.0
35,95,2.0
36,95,2.0
37,95,2.0
38,95,1.0
39,95,2.0
40,95,1.0
41,95,3.0
42,95,4.0
43,95,4.0
44,95,4.0
45,95,4.0
46,95,4.0
47,95,4.0
48,95,4.0
49,95,4.0
50,95,4.0
51,95,3.0
52,95,3.0
53,95,4.0
54,95,4.0
55,95,4.0
56,95,4.0
57,95,4.0
58,95,4.0
59,95,4.0
60,95,4.0
61,95,4.0
62,95,4.0
63,95,4.0
64,95,4.0
65,95,4.0
66,95,4.0
67,95,4.0
68,95,4.0
69,95,4.0
70,95,4.0
71,95,3.0
72,95,3.0
73,95,3.0
74,95,3.0
75,95,1.0
76,95,1.0
77,95,1.0
78,95,0.0
79,95,1.0
80,95,0.0
81,95,1.0
82,95,1.0
83,95,3.0
84,95,1.0
85,95,1.0
86,95,2.0
87,95,2.0
88,95,2.0
89,95,0.0
90,95,2.0
91,95,3.0
92,95,3.0
93,95,2.0
94,95,3.0
95,95,3.0
96,95,3.0
97,95,3.0
98,95,2.0
99,95,3.0
100,95,2.0
1,96,1.0
2,96,2.0
3,96,3.0
4,96,3.0
5,96,3.0
6,96,3.0
7,96,2.0
8,96,3.0
9,96,2.0
10,96,2.0
11,96,3.0
12,96,3.0
13,96,2.0
14,96,3.0
15,96,2.0
16,96,1.0
17,96,1.0
18,96,2.0
19,96,2.0
20,96,2.0
21,96,2.0
22,96,0.0
23,96,0.0
24,96,1.0
25,96,0.0
26,96,0.0
27,96,0.0
28,96,0.0
29,96,0.0
30,96,0.0
31,96,0.0
32,96,1.0
33,96,1.0
34,96,2.0
35,96,2.0
36,96,2.0
37,96,1.0
38,96,2.0
39,96,2.0
40,96,2.0
41,96,2.0
42,96,4.0
43,96,4.0
44,96,4.0
45,96,4.0
46,96,4.0
47,96,4.0
48,96,4.0
49,96,4.0
50,96,4.0
51,96,4.0
52,96,3.0
53,96,1.0
54,96,3.0
55,96,3.0
56,96,4.0
57,96,4.0
58,96,4.0
59,96,4.0
60,96,4.0
61,96,4.0
62,96,4.0
63,96,4.0
64,96,4.0
65,96,4.0
66,96,4.0
67,96,4.0
68,96,4.0
69,96,4.0
70,96,4.0
71,96,4.0
72,96,4.0
73,96,4.0
74,96,3.0
75,96,4.0
76,96,1.0
77,96,1.0
78,96,0.0
79,96,0.0
80,96,2.0
81,96,2.0
82,96,2.0
83,96,1.0
84,96,2.0
85,96,2.0
86,96,0.0
87,96,2.0
88,96,1.0
89,96,1.0
90,96,2.0
91,96,2.0
92,96,2.0
93,96,2.0
94,96,3.0
95,96,3.0
96,96,3.0
97,96,3.0
98,96,3.0
99,96,3.0
100,96,3.0
1,97,0.0
2,97,0.0
3,97,1.0
4,97,2.0
5,97,2.0
6,97,3.0
7,97,1.0
8,97,2.0
9,97,1.0
10,97,1.0
11,97,2.0
12,97,2.0
13,97,2.0
14,97,3.0
15,97,2.0
16,97,2.0
17,97,1.0
18,97,1.0
19,97,1.0
20,97,1.0
21,97,1.0
22,97,0.0
23,97,0.0
24,97,0.0
25,97,0.0
26,97,1.0
27,97,0.0
28,97,0.0
29,97,0.0
30,97,0.0
31,97,1.0
32,97,1.0
33,97,1.0
34,97,2.0
35,97,3.0
36,97,3.0
37,97,2.0
38,97,2.0
39,97,1.0
40,97,3.0
41,97,3.0
42,97,3.0
43,97,4.0
44,97,4.0
45,97,4.0
46,97,4.0
47,97,4.0
48,97,4.0
49,97,4.0
50,97,4.0
51,97,4.0
52,97,3.0
53,97,3.0
54,97,2.0
55,97,2.0
56,97,1.0
57,97,4.0
58,97,4.0
59,97,4.0
60,97,4.0
61,97,4.0
62,97,4.0
63,97,4.0
64,97,4.0
65,97,4.0
66,97,4.0
67,97,4.0
68,97,4.0
69,97,4.0
70,97,4.0
71,97,4.0
72,97,4.0
73,97,4.0
74,97,4.0
75,97,4.0
76,97,4.0
77,97,4.0
78,97,3.0
79,97,1.0
80,97,1.0
81,97,1.0
82,97,1.0
83,97,0.0
84,97,2.0
85,97,1.0
86,97,2.0
87,97,0.0
88,97,1.0
89,97,1.0
90,97,2.0
91,97,3.0
92,97,3.0
93,97,2.0
94,97,2.0
95,97,3.0
96,97,3.0
97,97,3.0
98,97,4.0
99,97,3.0
100,97,3.0
1,98,0.0
2,98,0.0
3,98,0.0
4,98,1.0
5,98,1.0
6,98,1.0
7,98,2.0
8,98,2.0
9,98,1.0
10,98,0.0
11,98,2.0
12,98,1.0
13,98,1.0
14,98,1.0
15,98,0.0
16,98,0.0
17,98,0.0
18,98,1.0
19,98,2.0
20,98,2.0
21,98,1.0
22,98,0.0
23,98,0.0
24,98,1.0
25,98,2.0
26,98,2.0
27,98,1.0
28,98,0.0
29,98,0.0
30,98,0.0
31,98,1.0
32,98,1.0
33,98,2.0
34,98,2.0
35,98,2.0
36,98,2.0
37,98,1.0
38,98,1.0
39,98,1.0
40,98,2.0
41,98,2.0
42,98,2.0
43,98,4.0
44,98,4.0
45,98,4.0
46,98,4.0
47,98,4.0
48,98,4.0
49,98,4.0
50,98,4.0
51,98,4.0
52,98,4.0
53,98,3.0
54,98,1.0
55,98,0.0
56,98,1.0
57,98,3.0
58,98,3.0
59,98,3.0
60,98,3.0
61,98,3.0
62,98,4.0
63,98,4.0
64,98,4.0
65,98,4.0
66,98,4.0
67,98,4.0
68,98,4.0
69,98,4.0
70,98,4.0
71,98,4.0
72,98,4.0
73,98,4.0
74,98,4.0
75,98,4.0
76,98,4.0
77,98,4.0
78,98,4.0
79,98,4.0
80,98,3.0
81,98,1.0
82,98,0.0
83,98,1.0
84,98,2.0
85,98,1.0
86,98,0.0
87,98,1.0
88,98,1.0
89,98,2.0
90,98,2.0
91,98,2.0
92,98,3.0
93,98,2.0
94,98,3.0
95,98,3.0
96,98,4.0
97,98,3.0
98,98,3.0
99,98,3.0
100,98,2.0
1,99,0.0
2,99,0.0
3,99,0.0
4,99,0.0
5,99,1.0
6,99,1.0
7,99,2.0
8,99,2.0
9,99,2.0
10,99,0.0
11,99,0.0
12,99,0.0
13,99,0.0
14,99,0.0
15,99,0.0
16,99,0.0
17,99,0.0
18,99,1.0
19,99,2.0
20,99,1.0
21,99,0.0
22,99,1.0
23,99,0.0
24,99,1.0
25,99,2.0
26,99,3.0
27,99,2.0
28,99,1.0
29,99,1.0
30,99,0.0
31,99,1.0
32,99,2.0
33,99,3.0
34,99,2.0
35,99,2.0
36,99,2.0
37,99,0.0
38,99,0.0
39,99,1.0
40,99,1.0
41,99,2.0
42,99,2.0
43,99,3.0
44,99,4.0
45,99,4.0
46,99,4.0
47,99,4.0
48,99,4.0
49,99,4.0
50,99,4.0
51,99,4.0
52,99,4.0
53,99,3.0
54,99,3.0
55,99,1.0
56,99,3.0
57,99,3.0
58,99,3.0
59,99,4.0
60,99,4.0
61,99,3.0
62,99,3.0
63,99,3.0
64,99,3.0
65,99,3.0
66,99,4.0
67,99,4.0
68,99,4.0
69,99,4.0
70,99,4.0
71,99,4.0
72,99,4.0
73,99,4.0
74,99,4.0
75,99,4.0
76,99,4.0
77,99,4.0
78,99,4.0
79,99,4.0
80,99,3.0
81,99,3.0
82,99,0.0
83,99,0.0
84,99,1.0
85,99,0.0
86,99,1.0
87,99,1.0
88,99,1.0
89,99,2.0
90,99,2.0
91,99,3.0
92,99,2.0
93,99,3.0
94,99,2.0
95,99,2.0
96,99,2.0
97,99,2.0
98,99,2.0
99,99,2.0
100,99,2.0
1,100,0.0
2,100,0.0
3,100,0.0
4,100,0.0
5,100,0.0
6,100,1.0
7,100,2.0
8,100,1.0
9,100,1.0
10,100,0.0
11,100,0.0
12,100,0.0
13,100,0.0
14,100,0.0
15,100,0.0
16,100,0.0
17,100,0.0
18,100,1.0
19,100,1.0
20,100,1.0
21,100,1.0
22,100,1.0
23,100,2.0
24,100,2.0
25,100,2.0
26,100,1.0
27,100,0.0
28,100,1.0
29,100,1.0
30,100,3.0
31,100,3.0
32,100,3.0
33,100,3.0
34,100,1.0
35,100,2.0
36,100,1.0
37,100,2.0
38,100,1.0
39,100,1.0
40,100,1.0
41,100,0.0
42,100,1.0
43,100,1.0
44,100,3.0
45,100,4.0
46,100,4.0
47,100,4.0
48,100,4.0
49,100,4.0
50,100,4.0
51,100,4.0
52,100,4.0
53,100,4.0
54,100,3.0
55,100,2.0
56,100,2.0
57,100,2.0
58,100,3.0
59,100,4.0
60,100,3.0
61,100,3.0
62,100,3.0
63,100,3.0
64,100,3.0
65,100,3.0
66,100,3.0
67,100,2.0
68,100,2.0
69,100,3.0
70,100,4.0
71,100,4.0
72,100,4.0
73,100,4.0
74,100,4.0
75,100,4.0
76,100,4.0
77,100,4.0
78,100,4.0
79,100,4.0
80,100,4.0
81,100,3.0
82,100,3.0
83,100,2.0
84,100,1.0
85,100,0.0
86,100,1.0
87,100,1.0
88,100,0.0
89,100,1.0
90,100,1.0
91,100,2.0
92,100,2.0
93,100,3.0
94,100,3.0
95,100,3.0
96,100,1.0
97,100,2.0
98,100,1.0
99,100,0.0
100,100,2.0
1,101,0.0
2,101,0.0
3,101,0.0
4,101,1.0
5,101,1.0
6,101,1.0
7,101,2.0
8,101,1.0
9,101,1.0
10,101,1.0
11,101,0.0
12,101,0.0
13,101,0.0
14,101,0.0
15,101,0.0
16,101,0.0
17,101,0.0
18,101,0.0
19,101,1.0
20,101,0.0
21,101,0.0
22,101,1.0
23,101,1.0
24,101,2.0
25,101,1.0
26,101,1.0
27,101,0.0
28,101,0.0
29,101,0.0
30,101,1.0
31,101,3.0
32,101,3.0
33,101,1.0
34,101,1.0
35,101,2.0
36,101,1.0
37,101,2.0
38,101,1.0
39,101,1.0
40,101,1.0
41,101,1.0
42,101,2.0
43,101,1.0
44,101,1.0
45,101,4.0
46,101,4.0
47,101,4.0
48,101,4.0
49,101,4.0
50,101,4.0
51,101,4.0
52,101,4.0
53,101,4.0
54,101,4.0
55,101,4.0
56,101,3.0
57,101,3.0
58,101,2.0
59,101,3.0
60,101,3.0
61,101,3.0
62,101,3.0
63,101,3.0
64,101,4.0
65,101,3.0
66,101,3.0
67,101,1.0
68,101,1.0
69,101,2.0
70,101,3.0
71,101,4.0
72,101,4.0
73,101,4.0
74,101,4.0
75,101,4.0
76,101,4.0
77,101,4.0
78,101,4.0
79,101,4.0
80,101,4.0
81,101,4.0
82,101,4.0
83,101,2.0
84,101,2.0
85,101,1.0
86,101,2.0
87,101,1.0
88,101,1.0
89,101,1.0
90,101,2.0
91,101,2.0
92,101,1.0
93,101,2.0
94,101,2.0
95,101,2.0
96,101,2.0
97,101,2.0
98,101,0.0
99,101,0.0
100,101,0.0
1,102,0.0
2,102,0.0
3,102,0.0
4,102,1.0
5,102,2.0
6,102,0.0
7,102,1.0
8,102,1.0
9,102,1.0
10,102,1.0
11,102,0.0
12,102,0.0
13,102,0.0
14,102,0.0
15,102,0.0
16,102,0.0
17,102,0.0
18,102,0.0
19,102,1.0
20,102,0.0
21,102,1.0
22,102,3.0
23,102,2.0
24,102,1.0
25,102,2.0
26,102,0.0
27,102,1.0
28,102,0.0
29,102,1.0
30,102,2.0
31,102,3.0
32,102,2.0
33,102,2.0
34,102,1.0
35,102,1.0
36,102,1.0
37,102,1.0
38,102,1.0
39,102,2.0
40,102,1.0
41,102,2.0
42,102,3.0
43,102,2.0
44,102,0.0
45,102,1.0
46,102,4.0
47,102,4.0
48,102,4.0
49,102,4.0
50,102,4.0
51,102,4.0
52,102,4.0
53,102,4.0
54,102,4.0
55,102,3.0
56,102,2.0
57,102,2.0
58,102,3.0
59,102,3.0
60,102,3.0
61,102,3.0
62,102,3.0
63,102,3.0
64,102,3.0
65,102,3.0
66,102,3.0
67,102,2.0
68,102,2.0
69,102,2.0
70,102,2.0
71,102,3.0
72,102,4.0
73,102,4.0
74,102,4.0
75,102,4.0
76,102,4.0
77,102,4.0
78,102,4.0
79,102,4.0
80,102,4.0
81,102,4.0
82,102,4.0
83,102,3.0
84,102,1.0
85,102,0.0
86,102,2.0
87,102,0.0
88,102,2.0
89,102,2.0
90,102,2.0
91,102,2.0
92,102,1.0
93,102,2.0
94,102,3.0
95,102,3.0
96,102,2.0
97,102,0.0
98,102,0.0
99,102,0.0
100,102,0.0
1,103,0.0
2,103,0.0
3,103,1.0
4,103,1.0
5,103,1.0
6,103,2.0
7,103,2.0
8,103,3.0
9,103,2.0
10,103,0.0
11,103,0.0
12,103,0.0
13,103,0.0
14,103,1.0
15,103,0.0
16,103,0.0
17,103,0.0
18,103,1.0
19,103,0.0
20,103,0.0
21,103,2.0
22,103,1.0
23,103,1.0
24,103,1.0
25,103,1.0
26,103,1.0
27,103,0.0
28,103,1.0
29,103,1.0
30,103,1.0
31,103,2.0
32,103,1.0
33,103,2.0
34,103,1.0
35,103,0.0
36,103,1.0
37,103,2.0
38,103,2.0
39,103,2.0
40,103,3.0
41,103,2.0
42,103,3.0
43,103,3.0
44,103,2.0
45,103,1.0
46,103,0.0
47,103,4.0
48,103,4.0
49,103,4.0
50,103,4.0
51,103,4.0
52,103,4.0
53,103,4.0
54,103,4.0
55,103,4.0
56,103,3.0
57,103,2.0
58,103,3.0
59,103,2.0
60,103,3.0
61,103,3.0
62,103,3.0
63,103,3.0
64,103,3.0
65,103,3.0
66,103,2.0
67,103,2.0
68,103,1.0
69,103,2.0
70,103,2.0
71,103,0.0
72,103,1.0
73,103,3.0
74,103,4.0
75,103,4.0
76,103,4.0
77,103,4.0
78,103,4.0
79,103,4.0
80,103,4.0
81,103,4.0
82,103,3.0
83,103,1.0
84,103,0.0
85,103,1.0
86,103,2.0
87,103,1.0
88,103,2.0
89,103,2.0
90,103,1.0
91,103,1.0
92,103,0.0
93,103,0.0
94,103,1.0
95,103,2.0
96,103,1.0
97,103,0.0
98,103,0.0
99,103,0.0
100,103,0.0
1,104,0.0
2,104,1.0
3,104,1.0
4,104,3.0
5,104,3.0
6,104,2.0
7,104,2.0
8,104,1.0
9,104,1.0
10,104,1.0
11,104,0.0
12,104,0.0
13,104,2.0
14,104,3.0
15,104,1.0
16,104,1.0
17,104,2.0
18,104,2.0
19,104,1.0
20,104,1.0
21,104,1.0
22,104,1.0
23,104,1.0
24,104,1.0
25,104,0.0
26,104,1.0
27,104,1.0
28,104,1.0
29,104,2.0
30,104,1.0
31,104,1.0
32,104,1.0
33,104,1.0
34,104,1.0
35,104,2.0
36,104,1.0
37,104,1.0
38,104,2.0
39,104,1.0
40,104,2.0
41,104,2.0
42,104,1.0
43,104,3.0
44,104,2.0
45,104,2.0
46,104,0.0
47,104,4.0
48,104,4.0
49,104,4.0
50,104,4.0
51,104,4.0
52,104,4.0
53,104,4.0
54,104,4.0
55,104,4.0
56,104,3.0
57,104,1.0
58,104,2.0
59,104,3.0
60,104,3.0
61,104,3.0
62,104,3.0
63,104,3.0
64,104,3.0
65,104,2.0
66,104,2.0
67,104,2.0
68,104,2.0
69,104,1.0
70,104,2.0
71,104,1.0
72,104,0.0
73,104,3.0
74,104,4.0
75,104,4.0
76,104,4.0
77,104,4.0
78,104,4.0
79,104,4.0
80,104,4.0
81,104,4.0
82,104,4.0
83,104,3.0
84,104,2.0
85,104,1.0
86,104,1.0
87,104,1.0
88,104,1.0
89,104,2.0
90,104,1.0
91,104,1.0
92,104,0.0
93,104,1.0
94,104,1.0
95,104,0.0
96,104,0.0
97,104,0.0
98,104,0.0
99,104,0.0
100,104,1.0
1,105,0.0
2,105,2.0
3,105,3.0
4,105,3.0
5,105,3.0
6,105,2.0
7,105,2.0
8,105,2.0
9,105,0.0
10,105,2.0
11,105,1.0
12,105,1.0
13,105,1.0
14,105,1.0
15,105,1.0
16,105,1.0
17,105,1.0
18,105,1.0
19,105,1.0
20,105,0.0
21,105,1.0
22,105,1.0
23,105,1.0
24,105,1.0
25,105,1.0
26,105,1.0
27,105,1.0
28,105,0.0
29,105,1.0
30,105,1.0
31,105,1.0
32,105,0.0
33,105,1.0
34,105,0.0
35,105,2.0
36,105,2.0
37,105,0.0
38,105,1.0
39,105,1.0
40,105,1.0
41,105,1.0
42,105,2.0
43,105,2.0
44,105,3.0
45,105,2.0
46,105,0.0
47,105,1.0
48,105,4.0
49,105,4.0
50,105,4.0
51,105,4.0
52,105,4.0
53,105,4.0
54,105,4.0
55,105,4.0
56,105,4.0
57,105,1.0
58,105,1.0
59,105,1.0
60,105,2.0
61,105,3.0
62,105,3.0
63,105,2.0
64,105,2.0
65,105,1.0
66,105,1.0
67,105,1.0
68,105,1.0
69,105,1.0
70,105,1.0
71,105,1.0
72,105,2.0
73,105,2.0
74,105,2.0
75,105,4.0
76,105,4.0
77,105,4.0
78,105,4.0
79,105,4.0
80,105,4.0
81,105,4.0
82,105,4.0
83,105,2.0
84,105,2.0
85,105,1.0
86,105,2.0
87,105,2.0
88,105,2.0
89,105,2.0
90,105,1.0
91,105,1.0
92,105,2.0
93,105,1.0
94,105,1.0
95,105,0.0
96,105,0.0
97,105,0.0
98,105,0.0
99,105,0.0
100,105,1.0
1,106,2.0
2,106,2.0
3,106,3.0
4,106,3.0
5,106,3.0
6,106,2.0
7,106,1.0
8,106,0.0
9,106,2.0
10,106,2.0
11,106,2.0
12,106,2.0
13,106,2.0
14,106,3.0
15,106,2.0
16,106,2.0
17,106,2.0
18,106,1.0
19,106,1.0
20,106,0.0
21,106,0.0
22,106,0.0
23,106,0.0
24,106,1.0
25,106,0.0
26,106,1.0
27,106,0.0
28,106,0.0
29,106,0.0
30,106,0.0
31,106,0.0
32,106,0.0
33,106,1.0
34,106,1.0
35,106,2.0
36,106,1.0
37,106,1.0
38,106,2.0
39,106,1.0
40,106,0.0
41,106,1.0
42,106,0.0
43,106,1.0
44,106,2.0
45,106,1.0
46,106,1.0
47,106,0.0
48,106,4.0
49,106,4.0
50,106,4.0
51,106,4.0
52,106,4.0
53,106,4.0
54,106,4.0
55,106,4.0
56,106,4.0
57,106,0.0
58,106,0.0
59,106,0.0
60,106,1.0
61,106,2.0
62,106,3.0
63,106,2.0
64,106,2.0
65,106,2.0
66,106,1.0
67,106,1.0
68,106,0.0
69,106,0.0
70,106,0.0
71,106,0.0
72,106,2.0
73,106,3.0
74,106,4.0
75,106,4.0
76,106,4.0
77,106,4.0
78,106,4.0
79,106,4.0
80,106,4.0
81,106,4.0
82,106,3.0
83,106,1.0
84,106,1.0
85,106,1.0
86,106,2.0
87,106,2.0
88,106,1.0
89,106,0.0
90,106,2.0
91,106,1.0
92,106,1.0
93,106,2.0
94,106,1.0
95,106,0.0
96,106,0.0
97,106,0.0
98,106,0.0
99,106,1.0
100,106,1.0
1,107,3.0
2,107,2.0
3,107,3.0
4,107,3.0
5,107,3.0
6,107,2.0
7,107,1.0
8,107,2.0
9,107,2.0
10,107,3.0
11,107,3.0
12,107,2.0
13,107,3.0
14,107,3.0
15,107,3.0
16,107,3.0
17,107,3.0
18,107,1.0
19,107,1.0
20,107,1.0
21,107,1.0
22,107,0.0
23,107,0.0
24,107,0.0
25,107,0.0
26,107,1.0
27,107,1.0
28,107,0.0
29,107,0.0
30,107,0.0
31,107,0.0
32,107,0.0
33,107,0.0
34,107,1.0
35,107,2.0
36,107,1.0
37,107,0.0
38,107,0.0
39,107,0.0
40,107,0.0
41,107,1.0
42,107,0.0
43,107,0.0
44,107,2.0
45,107,2.0
46,107,0.0
47,107,3.0
48,107,4.0
49,107,4.0
50,107,4.0
51,107,4.0
52,107,4.0
53,107,4.0
54,107,4.0
55,107,4.0
56,107,0.0
57,107,0.0
58,107,0.0
59,107,0.0
60,107,2.0
61,107,2.0
62,107,3.0
63,107,2.0
64,107,3.0
65,107,2.0
66,107,2.0
67,107,2.0
68,107,2.0
69,107,2.0
70,107,0.0
71,107,0.0
72,107,1.0
73,107,1.0
74,107,2.0
75,107,4.0
76,107,4.0
77,107,4.0
78,107,4.0
79,107,4.0
80,107,4.0
81,107,4.0
82,107,3.0
83,107,3.0
84,107,1.0
85,107,1.0
86,107,2.0
87,107,3.0
88,107,1.0
89,107,0.0
90,107,0.0
91,107,0.0
92,107,1.0
93,107,2.0
94,107,2.0
95,107,1.0
96,107,0.0
97,107,0.0
98,107,0.0
99,107,2.0
100,107,3.0
1,108,3.0
2,108,2.0
3,108,2.0
4,108,3.0
5,108,3.0
6,108,2.0
7,108,2.0
8,108,1.0
9,108,2.0
10,108,3.0
11,108,3.0
12,108,3.0
13,108,3.0
14,108,3.0
15,108,3.0
16,108,3.0
17,108,3.0
18,108,1.0
19,108,0.0
20,108,0.0
21,108,1.0
22,108,1.0
23,108,0.0
24,108,0.0
25,108,0.0
26,108,1.0
27,108,0.0
28,108,0.0
29,108,0.0
30,108,0.0
31,108,0.0
32,108,0.0
33,108,0.0
34,108,1.0
35,108,1.0
36,108,0.0
37,108,1.0
38,108,0.0
39,108,0.0
40,108,0.0
41,108,0.0
42,108,0.0
43,108,0.0
44,108,0.0
45,108,1.0
46,108,0.0
47,108,2.0
48,108,4.0
49,108,4.0
50,108,4.0
51,108,4.0
52,108,4.0
53,108,4.0
54,108,4.0
55,108,4.0
56,108,4.0
57,108,0.0
58,108,0.0
59,108,0.0
60,108,1.0
61,108,0.0
62,108,0.0
63,108,1.0
64,108,2.0
65,108,2.0
66,108,1.0
67,108,2.0
68,108,1.0
69,108,2.0
70,108,2.0
71,108,2.0
72,108,1.0
73,108,1.0
74,108,4.0
75,108,4.0
76,108,4.0
77,108,4.0
78,108,4.0
79,108,4.0
80,108,4.0
81,108,4.0
82,108,3.0
83,108,3.0
84,108,3.0
85,108,2.0
86,108,2.0
87,108,1.0
88,108,2.0
89,108,0.0
90,108,0.0
91,108,1.0
92,108,1.0
93,108,2.0
94,108,0.0
95,108,1.0
96,108,1.0
97,108,1.0
98,108,1.0
99,108,2.0
100,108,2.0
1,109,3.0
2,109,3.0
3,109,3.0
4,109,3.0
5,109,3.0
6,109,3.0
7,109,1.0
8,109,2.0
9,109,1.0
10,109,1.0
11,109,2.0
12,109,3.0
13,109,2.0
14,109,3.0
15,109,4.0
16,109,3.0
17,109,2.0
18,109,1.0
19,109,0.0
20,109,0.0
21,109,0.0
22,109,0.0
23,109,2.0
24,109,0.0
25,109,0.0
26,109,0.0
27,109,0.0
28,109,0.0
29,109,0.0
30,109,0.0
31,109,0.0
32,109,0.0
33,109,0.0
34,109,0.0
35,109,0.0
36,109,0.0
37,109,0.0
38,109,0.0
39,109,0.0
40,109,0.0
41,109,0.0
42,109,1.0
43,109,0.0
44,109,1.0
45,109,0.0
46,109,0.0
47,109,0.0
48,109,4.0
49,109,4.0
50,109,4.0
51,109,4.0
52,109,4.0
53,109,4.0
54,109,4.0
55,109,4.0
56,109,3.0
57,109,0.0
58,109,1.0
59,109,1.0
60,109,0.0
61,109,0.0
62,109,0.0
63,109,1.0
64,109,0.0
65,109,3.0
66,109,2.0
67,109,1.0
68,109,1.0
69,109,3.0
70,109,2.0
71,109,2.0
72,109,1.0
73,109,3.0
74,109,4.0
75,109,4.0
76,109,4.0
77,109,4.0
78,109,4.0
79,109,4.0
80,109,1.0
81,109,3.0
82,109,2.0
83,109,3.0
84,109,3.0
85,109,2.0
86,109,2.0
87,109,2.0
88,109,1.0
89,109,0.0
90,109,0.0
91,109,0.0
92,109,0.0
93,109,0.0
94,109,0.0
95,109,1.0
96,109,1.0
97,109,1.0
98,109,2.0
99,109,2.0
100,109,2.0
1,110,1.0
2,110,1.0
3,110,2.0
4,110,2.0
5,110,2.0
6,110,2.0
7,110,2.0
8,110,2.0
9,110,2.0
10,110,2.0
11,110,1.0
12,110,2.0
13,110,0.0
14,110,1.0
15,110,3.0
16,110,2.0
17,110,1.0
18,110,2.0
19,110,0.0
20,110,0.0
21,110,0.0
22,110,0.0
23,110,0.0
24,110,1.0
25,110,1.0
26,110,0.0
27,110,0.0
28,110,0.0
29,110,0.0
30,110,0.0
31,110,0.0
32,110,0.0
33,110,0.0
34,110,0.0
35,110,0.0
36,110,0.0
37,110,0.0
38,110,1.0
39,110,1.0
40,110,1.0
41,110,1.0
42,110,1.0
43,110,2.0
44,110,0.0
45,110,0.0
46,110,1.0
47,110,1.0
48,110,1.0
49,110,4.0
50,110,4.0
51,110,4.0
52,110,4.0
53,110,4.0
54,110,4.0
55,110,4.0
56,110,2.0
57,110,0.0
58,110,0.0
59,110,0.0
60,110,0.0
61,110,0.0
62,110,0.0
63,110,0.0
64,110,1.0
65,110,1.0
66,110,3.0
67,110,2.0
68,110,2.0
69,110,3.0
70,110,4.0
71,110,3.0
72,110,3.0
73,110,4.0
74,110,4.0
75,110,4.0
76,110,4.0
77,110,4.0
78,110,4.0
79,110,0.0
80,110,2.0
81,110,2.0
82,110,2.0
83,110,3.0
84,110,3.0
85,110,3.0
86,110,2.0
87,110,2.0
88,110,2.0
89,110,1.0
90,110,1.0
91,110,0.0
92,110,0.0
93,110,0.0
94,110,0.0
95,110,1.0
96,110,1.0
97,110,1.0
98,110,1.0
99,110,1.0
100,110,2.0
1,111,2.0
2,111,1.0
3,111,2.0
4,111,2.0
5,111,1.0
6,111,1.0
7,111,0.0
8,111,3.0
9,111,3.0
10,111,3.0
11,111,2.0
12,111,2.0
13,111,2.0
14,111,1.0
15,111,1.0
16,111,1.0
17,111,1.0
18,111,0.0
19,111,0.0
20,111,0.0
21,111,0.0
22,111,0.0
23,111,0.0
24,111,2.0
25,111,1.0
26,111,0.0
27,111,0.0
28,111,0.0
29,111,0.0
30,111,0.0
31,111,0.0
32,111,0.0
33,111,0.0
34,111,0.0
35,111,0.0
36,111,0.0
37,111,0.0
38,111,1.0
39,111,2.0
40,111,1.0
41,111,1.0
42,111,2.0
43,111,2.0
44,111,2.0
45,111,0.0
46,111,0.0
47,111,2.0
48,111,4.0
49,111,4.0
50,111,4.0
51,111,4.0
52,111,4.0
53,111,4.0
54,111,4.0
55,111,4.0
56,111,0.0
57,111,0.0
58,111,0.0
59,111,0.0
60,111,0.0
61,111,0.0
62,111,0.0
63,111,1.0
64,111,0.0
65,111,1.0
66,111,3.0
67,111,3.0
68,111,2.0
69,111,4.0
70,111,4.0
71,111,3.0
72,111,4.0
73,111,4.0
74,111,4.0
75,111,4.0
76,111,4.0
77,111,4.0
78,111,4.0
79,111,3.0
80,111,3.0
81,111,2.0
82,111,2.0
83,111,3.0
84,111,3.0
85,111,3.0
86,111,3.0
87,111,3.0
88,111,2.0
89,111,2.0
90,111,2.0
91,111,1.0
92,111,1.0
93,111,1.0
94,111,0.0
95,111,1.0
96,111,0.0
97,111,0.0
98,111,0.0
99,111,1.0
100,111,1.0
1,112,1.0
2,112,2.0
3,112,1.0
4,112,2.0
5,112,2.0
6,112,1.0
7,112,0.0
8,112,2.0
9,112,1.0
10,112,1.0
11,112,1.0
12,112,2.0
13,112,1.0
14,112,1.0
15,112,0.0
16,112,2.0
17,112,0.0
18,112,0.0
19,112,0.0
20,112,0.0
21,112,0.0
22,112,0.0
23,112,1.0
24,112,0.0
25,112,1.0
26,112,1.0
27,112,0.0
28,112,0.0
29,112,0.0
30,112,1.0
31,112,0.0
32,112,0.0
33,112,0.0
34,112,0.0
35,112,0.0
36,112,0.0
37,112,0.0
38,112,1.0
39,112,0.0
40,112,0.0
41,112,1.0
42,112,1.0
43,112,2.0
44,112,1.0
45,112,0.0
46,112,0.0
47,112,3.0
48,112,4.0
49,112,4.0
50,112,4.0
51,112,4.0
52,112,4.0
53,112,4.0
54,112,4.0
55,112,3.0
56,112,0.0
57,112,0.0
58,112,0.0
59,112,0.0
60,112,1.0
61,112,1.0
62,112,1.0
63,112,1.0
64,112,1.0
65,112,2.0
66,112,2.0
67,112,3.0
68,112,3.0
69,112,4.0
70,112,4.0
71,112,3.0
72,112,4.0
73,112,4.0
74,112,4.0
75,112,4.0
76,112,4.0
77,112,4.0
78,112,3.0
79,112,3.0
80,112,3.0
81,112,3.0
82,112,2.0
83,112,3.0
84,112,3.0
85,112,2.0
86,112,1.0
87,112,1.0
88,112,1.0
89,112,2.0
90,112,1.0
91,112,0.0
92,112,0.0
93,112,0.0
94,112,0.0
95,112,0.0
96,112,0.0
97,112,0.0
98,112,0.0
99,112,1.0
100,112,2.0
1,113,1.0
2,113,0.0
3,113,1.0
4,113,1.0
5,113,0.0
6,113,0.0
7,113,1.0
8,113,0.0
9,113,0.0
10,113,0.0
11,113,0.0
12,113,0.0
13,113,0.0
14,113,0.0
15,113,0.0
16,113,1.0
17,113,0.0
18,113,0.0
19,113,0.0
20,113,0.0
21,113,1.0
22,113,2.0
23,113,2.0
24,113,0.0
25,113,2.0
26,113,0.0
27,113,0.0
28,113,0.0
29,113,0.0
30,113,1.0
31,113,0.0
32,113,0.0
33,113,0.0
34,113,1.0
35,113,1.0
36,113,0.0
37,113,1.0
38,113,0.0
39,113,0.0
40,113,0.0
41,113,0.0
42,113,1.0
43,113,2.0
44,113,2.0
45,113,1.0
46,113,3.0
47,113,4.0
48,113,4.0
49,113,4.0
50,113,4.0
51,113,4.0
52,113,4.0
53,113,4.0
54,113,4.0
55,113,0.0
56,113,0.0
57,113,0.0
58,113,0.0
59,113,0.0
60,113,0.0
61,113,0.0
62,113,0.0
63,113,1.0
64,113,1.0
65,113,1.0
66,113,1.0
67,113,2.0
68,113,3.0
69,113,4.0
70,113,4.0
71,113,4.0
72,113,4.0
73,113,4.0
74,113,4.0
75,113,4.0
76,113,4.0
77,113,3.0
78,113,3.0
79,113,3.0
80,113,4.0
81,113,3.0
82,113,2.0
83,113,3.0
84,113,3.0
85,113,2.0
86,113,2.0
87,113,1.0
88,113,2.0
89,113,1.0
90,113,2.0
91,113,0.0
92,113,0.0
93,113,0.0
94,113,0.0
95,113,1.0
96,113,1.0
97,113,0.0
98,113,0.0
99,113,1.0
100,113,2.0
1,114,0.0
2,114,1.0
3,114,1.0
4,114,1.0
5,114,0.0
6,114,1.0
7,114,1.0
8,114,0.0
9,114,0.0
10,114,0.0
11,114,0.0
12,114,0.0
13,114,0.0
14,114,0.0
15,114,1.0
16,114,1.0
17,114,1.0
18,114,0.0
19,114,0.0
20,114,0.0
21,114,1.0
22,114,0.0
23,114,1.0
24,114,0.0
25,114,0.0
26,114,0.0
27,114,0.0
28,114,1.0
29,114,2.0
30,114,1.0
31,114,1.0
32,114,0.0
33,114,0.0
34,114,1.0
35,114,2.0
36,114,2.0
37,114,1.0
38,114,0.0
39,114,0.0
40,114,1.0
41,114,1.0
42,114,2.0
43,114,2.0
44,114,2.0
45,114,2.0
46,114,3.0
47,114,4.0
48,114,4.0
49,114,4.0
50,114,4.0
51,114,4.0
52,114,4.0
53,114,4.0
54,114,1.0
55,114,0.0
56,114,0.0
57,114,0.0
58,114,0.0
59,114,0.0
60,114,1.0
61,114,1.0
62,114,1.0
63,114,2.0
64,114,2.0
65,114,1.0
66,114,2.0
67,114,2.0
68,114,3.0
69,114,4.0
70,114,4.0
71,114,4.0
72,114,4.0
73,114,4.0
74,114,4.0
75,114,4.0
76,114,4.0
77,114,3.0
78,114,3.0
79,114,4.0
80,114,3.0
81,114,3.0
82,114,2.0
83,114,3.0
84,114,1.0
85,114,2.0
86,114,3.0
87,114,1.0
88,114,0.0
89,114,1.0
90,114,1.0
91,114,2.0
92,114,0.0
93,114,0.0
94,114,0.0
95,114,0.0
96,114,1.0
97,114,0.0
98,114,1.0
99,114,2.0
100,114,3.0
1,115,1.0
2,115,2.0
3,115,1.0
4,115,2.0
5,115,0.0
6,115,1.0
7,115,0.0
8,115,0.0
9,115,0.0
10,115,0.0
11,115,1.0
12,115,0.0
13,115,0.0
14,115,0.0
15,115,1.0
16,115,1.0
17,115,1.0
18,115,2.0
19,115,0.0
20,115,0.0
21,115,1.0
22,115,2.0
23,115,1.0
24,115,0.0
25,115,0.0
26,115,0.0
27,115,1.0
28,115,1.0
29,115,0.0
30,115,1.0
31,115,1.0
32,115,1.0
33,115,0.0
34,115,1.0
35,115,2.0
36,115,2.0
37,115,2.0
38,115,2.0
39,115,1.0
40,115,2.0
41,115,3.0
42,115,3.0
43,115,1.0
44,115,1.0
45,115,4.0
46,115,4.0
47,115,4.0
48,115,4.0
49,115,4.0
50,115,4.0
51,115,4.0
52,115,4.0
53,115,4.0
54,115,0.0
55,115,0.0
56,115,0.0
57,115,0.0
58,115,0.0
59,115,0.0
60,115,0.0
61,115,1.0
62,115,2.0
63,115,2.0
64,115,2.0
65,115,1.0
66,115,1.0
67,115,1.0
68,115,3.0
69,115,3.0
70,115,4.0
71,115,4.0
72,115,4.0
73,115,4.0
74,115,4.0
75,115,4.0
76,115,2.0
77,115,4.0
78,115,3.0
79,115,3.0
80,115,2.0
81,115,2.0
82,115,3.0
83,115,2.0
84,115,1.0
85,115,2.0
86,115,1.0
87,115,0.0
88,115,2.0
89,115,3.0
90,115,2.0
91,115,1.0
92,115,0.0
93,115,2.0
94,115,2.0
95,115,1.0
96,115,1.0
97,115,1.0
98,115,1.0
99,115,2.0
100,115,2.0
1,116,3.0
2,116,2.0
3,116,1.0
4,116,1.0
5,116,0.0
6,116,2.0
7,116,1.0
8,116,1.0
9,116,2.0
10,116,0.0
11,116,2.0
12,116,1.0
13,116,1.0
14,116,2.0
15,116,1.0
16,116,0.0
17,116,1.0
18,116,1.0
19,116,1.0
20,116,1.0
21,116,1.0
22,116,1.0
23,116,0.0
24,116,1.0
25,116,0.0
26,116,0.0
27,116,1.0
28,116,0.0
29,116,1.0
30,116,2.0
31,116,2.0
32,116,1.0
33,116,0.0
34,116,1.0
35,116,2.0
36,116,2.0
37,116,2.0
38,116,2.0
39,116,1.0
40,116,3.0
41,116,2.0
42,116,3.0
43,116,1.0
44,116,1.0
45,116,3.0
46,116,4.0
47,116,4.0
48,116,4.0
49,116,4.0
50,116,4.0
51,116,4.0
52,116,4.0
53,116,3.0
54,116,0.0
55,116,0.0
56,116,0.0
57,116,0.0
58,116,0.0
59,116,0.0
60,116,1.0
61,116,0.0
62,116,1.0
63,116,2.0
64,116,2.0
65,116,1.0
66,116,2.0
67,116,2.0
68,116,3.0
69,116,4.0
70,116,4.0
71,116,4.0
72,116,4.0
73,116,4.0
74,116,4.0
75,116,4.0
76,116,3.0
77,116,3.0
78,116,3.0
79,116,3.0
80,116,3.0
81,116,2.0
82,116,2.0
83,116,1.0
84,116,1.0
85,116,1.0
86,116,1.0
87,116,1.0
88,116,2.0
89,116,2.0
90,116,1.0
91,116,1.0
92,116,2.0
93,116,1.0
94,116,2.0
95,116,2.0
96,116,0.0
97,116,1.0
98,116,2.0
99,116,3.0
100,116,3.0
1,117,3.0
2,117,2.0
3,117,1.0
4,117,1.0
5,117,2.0
6,117,3.0
7,117,2.0
8,117,2.0
9,117,3.0
10,117,2.0
11,117,2.0
12,117,2.0
13,117,2.0
14,117,3.0
15,117,3.0
16,117,2.0
17,117,1.0
18,117,2.0
19,117,3.0
20,117,1.0
21,117,3.0
22,117,1.0
23,117,2.0
24,117,0.0
25,117,0.0
26,117,0.0
27,117,1.0
28,117,1.0
29,117,2.0
30,117,3.0
31,117,2.0
32,117,1.0
33,117,1.0
34,117,2.0
35,117,2.0
36,117,1.0
37,117,2.0
38,117,2.0
39,117,3.0
40,117,2.0
41,117,3.0
42,117,3.0
43,117,1.0
44,117,1.0
45,117,3.0
46,117,4.0
47,117,4.0
48,117,4.0
49,117,4.0
50,117,4.0
51,117,4.0
52,117,3.0
53,117,0.0
54,117,0.0
55,117,1.0
56,117,1.0
57,117,1.0
58,117,2.0
59,117,1.0
60,117,1.0
61,117,1.0
62,117,3.0
63,117,2.0
64,117,1.0
65,117,3.0
66,117,2.0
67,117,2.0
68,117,4.0
69,117,4.0
70,117,4.0
71,117,4.0
72,117,4.0
73,117,4.0
74,117,4.0
75,117,4.0
76,117,3.0
77,117,3.0
78,117,3.0
79,117,3.0
80,117,3.0
81,117,2.0
82,117,2.0
83,117,1.0
84,117,0.0
85,117,0.0
86,117,0.0
87,117,0.0
88,117,1.0
89,117,3.0
90,117,1.0
91,117,2.0
92,117,2.0
93,117,3.0
94,117,1.0
95,117,2.0
96,117,0.0
97,117,1.0
98,117,2.0
99,117,2.0
100,117,2.0
1,118,1.0
2,118,3.0
3,118,1.0
4,118,3.0
5,118,3.0
6,118,3.0
7,118,2.0
8,118,2.0
9,118,3.0
10,118,3.0
11,118,3.0
12,118,2.0
13,118,2.0
14,118,3.0
15,118,3.0
16,118,1.0
17,118,0.0
18,118,2.0
19,118,3.0
20,118,2.0
21,118,3.0
22,118,1.0
23,118,2.0
24,118,2.0
25,118,1.0
26,118,2.0
27,118,1.0
28,118,2.0
29,118,2.0
30,118,2.0
31,118,2.0
32,118,1.0
33,118,2.0
34,118,3.0
35,118,2.0
36,118,3.0
37,118,2.0
38,118,3.0
39,118,1.0
40,118,1.0
41,118,3.0
42,118,2.0
43,118,2.0
44,118,3.0
45,118,4.0
46,118,4.0
47,118,4.0
48,118,4.0
49,118,4.0
50,118,4.0
51,118,4.0
52,118,3.0
53,118,0.0
54,118,0.0
55,118,0.0
56,118,0.0
57,118,2.0
58,118,1.0
59,118,2.0
60,118,2.0
61,118,1.0
62,118,1.0
63,118,0.0
64,118,0.0
65,118,2.0
66,118,2.0
67,118,1.0
68,118,4.0
69,118,4.0
70,118,4.0
71,118,4.0
72,118,4.0
73,118,4.0
74,118,4.0
75,118,3.0
76,118,3.0
77,118,3.0
78,118,3.0
79,118,3.0
80,118,3.0
81,118,3.0
82,118,2.0
83,118,1.0
84,118,0.0
85,118,0.0
86,118,0.0
87,118,1.0
88,118,1.0
89,118,2.0
90,118,1.0
91,118,2.0
92,118,2.0
93,118,3.0
94,118,1.0
95,118,2.0
96,118,1.0
97,118,1.0
98,118,2.0
99,118,2.0
100,118,2.0
1,119,2.0
2,119,2.0
3,119,1.0
4,119,1.0
5,119,3.0
6,119,2.0
7,119,3.0
8,119,3.0
9,119,3.0
10,119,3.0
11,119,3.0
12,119,3.0
13,119,3.0
14,119,2.0
15,119,0.0
16,119,0.0
17,119,2.0
18,119,1.0
19,119,2.0
20,119,2.0
21,119,2.0
22,119,2.0
23,119,2.0
24,119,2.0
25,119,0.0
26,119,0.0
27,119,1.0
28,119,1.0
29,119,1.0
30,119,2.0
31,119,3.0
32,119,3.0
33,119,2.0
34,119,3.0
35,119,2.0
36,119,2.0
37,119,2.0
38,119,3.0
39,119,1.0
40,119,2.0
41,119,3.0
42,119,2.0
43,119,3.0
44,119,4.0
45,119,4.0
46,119,4.0
47,119,4.0
48,119,4.0
49,119,4.0
50,119,4.0
51,119,4.0
52,119,3.0
53,119,0.0
54,119,0.0
55,119,0.0
56,119,1.0
57,119,0.0
58,119,0.0
59,119,0.0
60,119,1.0
61,119,0.0
62,119,2.0
63,119,1.0
64,119,0.0
65,119,2.0
66,119,1.0
67,119,2.0
68,119,4.0
69,119,4.0
70,119,4.0
71,119,4.0
72,119,4.0
73,119,4.0
74,119,4.0
75,119,4.0
76,119,3.0
77,119,3.0
78,119,3.0
79,119,2.0
80,119,1.0
81,119,3.0
82,119,2.0
83,119,2.0
84,119,1.0
85,119,0.0
86,119,2.0
87,119,0.0
88,119,0.0
89,119,1.0
90,119,2.0
91,119,2.0
92,119,1.0
93,119,1.0
94,119,2.0
95,119,2.0
96,119,0.0
97,119,1.0
98,119,2.0
99,119,1.0
100,119,2.0
1,120,2.0
2,120,1.0
3,120,1.0
4,120,2.0
5,120,3.0
6,120,3.0
7,120,3.0
8,120,3.0
9,120,3.0
10,120,3.0
11,120,2.0
12,120,2.0
13,120,1.0
14,120,1.0
15,120,0.0
16,120,0.0
17,120,1.0
18,120,2.0
19,120,2.0
20,120,2.0
21,120,3.0
22,120,2.0
23,120,2.0
24,120,2.0
25,120,1.0
26,120,2.0
27,120,2.0
28,120,1.0
29,120,1.0
30,120,1.0
31,120,1.0
32,120,3.0
33,120,2.0
34,120,3.0
35,120,2.0
36,120,3.0
37,120,3.0
38,120,3.0
39,120,2.0
40,120,2.0
41,120,2.0
42,120,2.0
43,120,3.0
44,120,4.0
45,120,4.0
46,120,4.0
47,120,4.0
48,120,4.0
49,120,4.0
50,120,4.0
51,120,3.0
52,120,0.0
53,120,0.0
54,120,1.0
55,120,0.0
56,120,0.0
57,120,1.0
58,120,1.0
59,120,2.0
60,120,1.0
61,120,1.0
62,120,3.0
63,120,1.0
64,120,1.0
65,120,1.0
66,120,1.0
67,120,4.0
68,120,4.0
69,120,4.0
70,120,4.0
71,120,4.0
72,120,4.0
73,120,4.0
74,120,4.0
75,120,3.0
76,120,2.0
77,120,1.0
78,120,3.0
79,120,1.0
80,120,1.0
81,120,1.0
82,120,2.0
83,120,1.0
84,120,1.0
85,120,1.0
86,120,1.0
87,120,0.0
88,120,1.0
89,120,1.0
90,120,0.0
91,120,1.0
92,120,2.0
93,120,2.0
94,120,2.0
95,120,1.0
96,120,0.0
97,120,0.0
98,120,0.0
99,120,1.0
100,120,0.0
1,121,2.0
2,121,3.0
3,121,3.0
4,121,2.0
5,121,2.0
6,121,3.0
7,121,3.0
8,121,3.0
9,121,3.0
10,121,3.0
11,121,3.0
12,121,2.0
13,121,2.0
14,121,2.0
15,121,1.0
16,121,1.0
17,121,0.0
18,121,0.0
19,121,1.0
20,121,1.0
21,121,2.0
22,121,3.0
23,121,2.0
24,121,1.0
25,121,1.0
26,121,2.0
27,121,1.0
28,121,1.0
29,121,1.0
30,121,1.0
31,121,0.0
32,121,2.0
33,121,2.0
34,121,3.0
35,121,2.0
36,121,2.0
37,121,2.0
38,121,1.0
39,121,1.0
40,121,1.0
41,121,1.0
42,121,1.0
43,121,3.0
44,121,4.0
45,121,4.0
46,121,4.0
47,121,4.0
48,121,4.0
49,121,4.0
50,121,3.0
51,121,0.0
52,121,0.0
53,121,0.0
54,121,0.0
55,121,0.0
56,121,0.0
57,121,1.0
58,121,2.0
59,121,2.0
60,121,2.0
61,121,2.0
62,121,2.0
63,121,1.0
64,121,0.0
65,121,1.0
66,121,0.0
67,121,4.0
68,121,4.0
69,121,4.0
70,121,4.0
71,121,4.0
72,121,4.0
73,121,4.0
74,121,4.0
75,121,3.0
76,121,1.0
77,121,1.0
78,121,2.0
79,121,2.0
80,121,1.0
81,121,2.0
82,121,3.0
83,121,3.0
84,121,2.0
85,121,0.0
86,121,1.0
87,121,0.0
88,121,0.0
89,121,0.0
90,121,1.0
91,121,1.0
92,121,1.0
93,121,2.0
94,121,2.0
95,121,1.0
96,121,2.0
97,121,2.0
98,121,1.0
99,121,0.0
100,121,1.0
1,122,3.0
2,122,3.0
3,122,2.0
4,122,1.0
5,122,2.0
6,122,3.0
7,122,2.0
8,122,3.0
9,122,3.0
10,122,3.0
11,122,3.0
12,122,3.0
13,122,3.0
14,122,3.0
15,122,3.0
16,122,1.0
17,122,1.0
18,122,1.0
19,122,3.0
20,122,3.0
21,122,2.0
22,122,2.0
23,122,1.0
24,122,1.0
25,122,1.0
26,122,0.0
27,122,0.0
28,122,1.0
29,122,1.0
30,122,1.0
31,122,1.0
32,122,0.0
33,122,0.0
34,122,1.0
35,122,1.0
36,122,3.0
37,122,2.0
38,122,2.0
39,122,2.0
40,122,1.0
41,122,2.0
42,122,3.0
43,122,4.0
44,122,4.0
45,122,4.0
46,122,4.0
47,122,4.0
48,122,4.0
49,122,4.0
50,122,4.0
51,122,1.0
52,122,0.0
53,122,0.0
54,122,0.0
55,122,0.0
56,122,0.0
57,122,2.0
58,122,2.0
59,122,2.0
60,122,1.0
61,122,3.0
62,122,2.0
63,122,1.0
64,122,1.0
65,122,1.0
66,122,2.0
67,122,4.0
68,122,4.0
69,122,4.0
70,122,4.0
71,122,4.0
72,122,4.0
73,122,4.0
74,122,3.0
75,122,3.0
76,122,3.0
77,122,1.0
78,122,3.0
79,122,2.0
80,122,1.0
81,122,1.0
82,122,3.0
83,122,2.0
84,122,3.0
85,122,1.0
86,122,0.0
87,122,1.0
88,122,1.0
89,122,0.0
90,122,0.0
91,122,0.0
92,122,1.0
93,122,2.0
94,122,1.0
95,122,2.0
96,122,2.0
97,122,3.0
98,122,2.0
99,122,2.0
100,122,2.0
1,123,3.0
2,123,3.0
3,123,3.0
4,123,2.0
5,123,2.0
6,123,2.0
7,123,3.0
8,123,3.0
9,123,3.0
10,123,3.0
11,123,3.0
12,123,3.0
13,123,3.0
14,123,3.0
15,123,3.0
16,123,2.0
17,123,2.0
18,123,3.0
19,123,1.0
20,123,2.0
21,123,2.0
22,123,2.0
23,123,0.0
24,123,0.0
25,123,0.0
26,123,0.0
27,123,1.0
28,123,1.0
29,123,0.0
30,123,0.0
31,123,0.0
32,123,1.0
33,123,1.0
34,123,2.0
35,123,2.0
36,123,2.0
37,123,2.0
38,123,3.0
39,123,3.0
40,123,2.0
41,123,1.0
42,123,4.0
43,123,4.0
44,123,4.0
45,123,4.0
46,123,4.0
47,123,4.0
48,123,4.0
49,123,4.0
50,123,2.0
51,123,1.0
52,123,0.0
53,123,0.0
54,123,0.0
55,123,0.0
56,123,0.0
57,123,0.0
58,123,2.0
59,123,3.0
60,123,2.0
61,123,1.0
62,123,1.0
63,123,1.0
64,123,1.0
65,123,1.0
66,123,4.0
67,123,4.0
68,123,4.0
69,123,4.0
70,123,4.0
71,123,4.0
72,123,4.0
73,123,4.0
74,123,4.0
75,123,2.0
76,123,1.0
77,123,2.0
78,123,2.0
79,123,0.0
80,123,0.0
81,123,0.0
82,123,2.0
83,123,1.0
84,123,2.0
85,123,0.0
86,123,1.0
87,123,1.0
88,123,1.0
89,123,0.0
90,123,0.0
91,123,0.0
92,123,1.0
93,123,2.0
94,123,1.0
95,123,2.0
96,123,2.0
97,123,2.0
98,123,2.0
99,123,2.0
100,123,2.0
1,124,3.0
2,124,3.0
3,124,3.0
4,124,2.0
5,124,2.0
6,124,2.0
7,124,2.0
8,124,3.0
9,124,4.0
10,124,3.0
11,124,3.0
12,124,3.0
13,124,4.0
14,124,4.0
15,124,3.0
16,124,3.0
17,124,2.0
18,124,3.0
19,124,1.0
20,124,3.0
21,124,2.0
22,124,2.0
23,124,0.0
24,124,0.0
25,124,0.0
26,124,1.0
27,124,1.0
28,124,1.0
29,124,1.0
30,124,1.0
31,124,1.0
32,124,0.0
33,124,1.0
34,124,0.0
35,124,1.0
36,124,3.0
37,124,3.0
38,124,3.0
39,124,3.0
40,124,2.0
41,124,3.0
42,124,4.0
43,124,4.0
44,124,4.0
45,124,4.0
46,124,4.0
47,124,4.0
48,124,4.0
49,124,4.0
50,124,2.0
51,124,0.0
52,124,0.0
53,124,0.0
54,124,0.0
55,124,0.0
56,124,1.0
57,124,2.0
58,124,2.0
59,124,1.0
60,124,2.0
61,124,1.0
62,124,1.0
63,124,1.0
64,124,1.0
65,124,1.0
66,124,3.0
67,124,4.0
68,124,4.0
69,124,4.0
70,124,4.0
71,124,4.0
72,124,4.0
73,124,4.0
74,124,3.0
75,124,2.0
76,124,2.0
77,124,2.0
78,124,2.0
79,124,0.0
80,124,0.0
81,124,0.0
82,124,1.0
83,124,1.0
84,124,1.0
85,124,2.0
86,124,1.0
87,124,2.0
88,124,0.0
89,124,1.0
90,124,0.0
91,124,0.0
92,124,1.0
93,124,1.0
94,124,2.0
95,124,2.0
96,124,2.0
97,124,2.0
98,124,2.0
99,124,1.0
100,124,2.0
1,125,3.0
2,125,3.0
3,125,2.0
4,125,2.0
5,125,2.0
6,125,3.0
7,125,2.0
8,125,3.0
9,125,3.0
10,125,3.0
11,125,3.0
12,125,3.0
13,125,3.0
14,125,3.0
15,125,3.0
16,125,2.0
17,125,0.0
18,125,1.0
19,125,1.0
20,125,2.0
21,125,2.0
22,125,2.0
23,125,1.0
24,125,2.0
25,125,1.0
26,125,0.0
27,125,1.0
28,125,1.0
29,125,0.0
30,125,1.0
31,125,0.0
32,125,0.0
33,125,0.0
34,125,0.0
35,125,0.0
36,125,1.0
37,125,3.0
38,125,3.0
39,125,3.0
40,125,3.0
41,125,4.0
42,125,4.0
43,125,4.0
44,125,4.0
45,125,4.0
46,125,4.0
47,125,4.0
48,125,4.0
49,125,3.0
50,125,0.0
51,125,0.0
52,125,0.0
53,125,1.0
54,125,0.0
55,125,0.0
56,125,0.0
57,125,0.0
58,125,0.0
59,125,0.0
60,125,1.0
61,125,1.0
62,125,1.0
63,125,1.0
64,125,1.0
65,125,1.0
66,125,1.0
67,125,4.0
68,125,4.0
69,125,4.0
70,125,4.0
71,125,4.0
72,125,4.0
73,125,4.0
74,125,4.0
75,125,3.0
76,125,3.0
77,125,3.0
78,125,2.0
79,125,0.0
80,125,0.0
81,125,1.0
82,125,2.0
83,125,1.0
84,125,1.0
85,125,1.0
86,125,2.0
87,125,2.0
88,125,0.0
89,125,1.0
90,125,1.0
91,125,1.0
92,125,2.0
93,125,1.0
94,125,1.0
95,125,2.0
96,125,2.0
97,125,2.0
98,125,3.0
99,125,4.0
100,125,2.0
1,126,3.0
2,126,3.0
3,126,3.0
4,126,4.0
5,126,3.0
6,126,3.0
7,126,3.0
8,126,3.0
9,126,3.0
10,126,2.0
11,126,2.0
12,126,3.0
13,126,3.0
14,126,3.0
15,126,3.0
16,126,2.0
17,126,1.0
18,126,1.0
19,126,1.0
20,126,1.0
21,126,2.0
22,126,3.0
23,126,1.0
24,126,1.0
25,126,2.0
26,126,1.0
27,126,2.0
28,126,2.0
29,126,2.0
30,126,0.0
31,126,1.0
32,126,0.0
33,126,2.0
34,126,0.0
35,126,1.0
36,126,1.0
37,126,3.0
38,126,3.0
39,126,3.0
40,126,4.0
41,126,4.0
42,126,4.0
43,126,4.0
44,126,4.0
45,126,4.0
46,126,4.0
47,126,4.0
48,126,3.0
49,126,1.0
50,126,1.0
51,126,1.0
52,126,0.0
53,126,0.0
54,126,0.0
55,126,1.0
56,126,1.0
57,126,0.0
58,126,0.0
59,126,0.0
60,126,0.0
61,126,0.0
62,126,0.0
63,126,0.0
64,126,0.0
65,126,0.0
66,126,0.0
67,126,4.0
68,126,4.0
69,126,4.0
70,126,4.0
71,126,4.0
72,126,4.0
73,126,4.0
74,126,4.0
75,126,2.0
76,126,3.0
77,126,3.0
78,126,1.0
79,126,0.0
80,126,0.0
81,126,1.0
82,126,2.0
83,126,2.0
84,126,2.0
85,126,2.0
86,126,2.0
87,126,1.0
88,126,1.0
89,126,1.0
90,126,1.0
91,126,1.0
92,126,2.0
93,126,3.0
94,126,2.0
95,126,2.0
96,126,2.0
97,126,2.0
98,126,3.0
99,126,3.0
100,126,2.0
1,127,2.0
2,127,3.0
3,127,2.0
4,127,3.0
5,127,3.0
6,127,3.0
7,127,2.0
8,127,2.0
9,127,2.0
10,127,2.0
11,127,2.0
12,127,3.0
13,127,3.0
14,127,3.0
15,127,2.0
16,127,2.0
17,127,2.0
18,127,1.0
19,127,2.0
20,127,1.0
21,127,2.0
22,127,3.0
23,127,2.0
24,127,1.0
25,127,2.0
26,127,2.0
27,127,2.0
28,127,2.0
29,127,2.0
30,127,1.0
31,127,1.0
32,127,0.0
33,127,1.0
34,127,1.0
35,127,2.0
36,127,3.0
37,127,3.0
38,127,2.0
39,127,3.0
40,127,4.0
41,127,4.0
42,127,4.0
43,127,4.0
44,127,4.0
45,127,4.0
46,127,4.0
47,127,4.0
48,127,4.0
49,127,0.0
50,127,1.0
51,127,1.0
52,127,1.0
53,127,0.0
54,127,1.0
55,127,2.0
56,127,2.0
57,127,0.0
58,127,0.0
59,127,0.0
60,127,0.0
61,127,0.0
62,127,0.0
63,127,0.0
64,127,0.0
65,127,0.0
66,127,0.0
67,127,4.0
68,127,4.0
69,127,4.0
70,127,4.0
71,127,4.0
72,127,4.0
73,127,4.0
74,127,4.0
75,127,4.0
76,127,3.0
77,127,3.0
78,127,2.0
79,127,0.0
80,127,1.0
81,127,1.0
82,127,1.0
83,127,2.0
84,127,3.0
85,127,3.0
86,127,2.0
87,127,1.0
88,127,0.0
89,127,2.0
90,127,0.0
91,127,0.0
92,127,2.0
93,127,1.0
94,127,3.0
95,127,2.0
96,127,2.0
97,127,3.0
98,127,3.0
99,127,3.0
100,127,3.0
1,128,2.0
2,128,1.0
3,128,1.0
4,128,3.0
5,128,3.0
6,128,2.0
7,128,1.0
8,128,1.0
9,128,2.0
10,128,2.0
11,128,3.0
12,128,3.0
13,128,3.0
14,128,3.0
15,128,2.0
16,128,3.0
17,128,2.0
18,128,1.0
19,128,1.0
20,128,2.0
21,128,1.0
22,128,2.0
23,128,2.0
24,128,0.0
25,128,1.0
26,128,1.0
27,128,2.0
28,128,2.0
29,128,1.0
30,128,1.0
31,128,0.0
32,128,0.0
33,128,0.0
34,128,0.0
35,128,1.0
36,128,3.0
37,128,2.0
38,128,2.0
39,128,2.0
40,128,3.0
41,128,4.0
42,128,4.0
43,128,4.0
44,128,4.0
45,128,4.0
46,128,4.0
47,128,4.0
48,128,3.0
49,128,0.0
50,128,2.0
51,128,1.0
52,128,0.0
53,128,1.0
54,128,1.0
55,128,1.0
56,128,1.0
57,128,1.0
58,128,1.0
59,128,1.0
60,128,1.0
61,128,1.0
62,128,1.0
63,128,1.0
64,128,1.0
65,128,1.0
66,128,1.0
67,128,4.0
68,128,4.0
69,128,4.0
70,128,4.0
71,128,4.0
72,128,4.0
73,128,4.0
74,128,4.0
75,128,4.0
76,128,4.0
77,128,3.0
78,128,3.0
79,128,1.0
80,128,2.0
81,128,2.0
82,128,1.0
83,128,2.0
84,128,2.0
85,128,2.0
86,128,1.0
87,128,0.0
88,128,1.0
89,128,2.0
90,128,1.0
91,128,0.0
92,128,0.0
93,128,2.0
94,128,3.0
95,128,3.0
96,128,3.0
97,128,3.0
98,128,3.0
99,128,3.0
100,128,3.0
1,129,1.0
2,129,1.0
3,129,2.0
4,129,3.0
5,129,3.0
6,129,2.0
7,129,2.0
8,129,1.0
9,129,1.0
10,129,2.0
11,129,2.0
12,129,2.0
13,129,1.0
14,129,1.0
15,129,2.0
16,129,2.0
17,129,2.0
18,129,1.0
19,129,1.0
20,129,2.0
21,129,0.0
22,129,0.0
23,129,2.0
24,129,1.0
25,129,1.0
26,129,1.0
27,129,1.0
28,129,1.0
29,129,0.0
30,129,0.0
31,129,0.0
32,129,0.0
33,129,0.0
34,129,0.0
35,129,2.0
36,129,3.0
37,129,2.0
38,129,1.0
39,129,3.0
40,129,4.0
41,129,4.0
42,129,4.0
43,129,4.0
44,129,4.0
45,129,4.0
46,129,4.0
47,129,4.0
48,129,3.0
49,129,2.0
50,129,1.0
51,129,0.0
52,129,1.0
53,129,0.0
54,129,1.0
55,129,0.0
56,129,2.0
57,129,1.0
58,129,2.0
59,129,2.0
60,129,2.0
61,129,2.0
62,129,2.0
63,129,2.0
64,129,2.0
65,129,2.0
66,129,2.0
67,129,2.0
68,129,4.0
69,129,4.0
70,129,4.0
71,129,4.0
72,129,4.0
73,129,4.0
74,129,4.0
75,129,4.0
76,129,4.0
77,129,4.0
78,129,3.0
79,129,3.0
80,129,0.0
81,129,2.0
82,129,2.0
83,129,1.0
84,129,1.0
85,129,1.0
86,129,2.0
87,129,1.0
88,129,3.0
89,129,2.0
90,129,1.0
91,129,2.0
92,129,2.0
93,129,3.0
94,129,3.0
95,129,3.0
96,129,3.0
97,129,3.0
98,129,2.0
99,129,2.0
100,129,2.0
1,130,0.0
2,130,1.0
3,130,2.0
4,130,3.0
5,130,3.0
6,130,3.0
7,130,2.0
8,130,3.0
9,130,1.0
10,130,3.0
11,130,3.0
12,130,1.0
13,130,1.0
14,130,1.0
15,130,2.0
16,130,2.0
17,130,2.0
18,130,2.0
19,130,1.0
20,130,0.0
21,130,0.0
22,130,1.0
23,130,1.0
24,130,1.0
25,130,0.0
26,130,3.0
27,130,2.0
28,130,0.0
29,130,2.0
30,130,1.0
31,130,1.0
32,130,1.0
33,130,0.0
34,130,0.0
35,130,3.0
36,130,2.0
37,130,2.0
38,130,1.0
39,130,3.0
40,130,4.0
41,130,4.0
42,130,4.0
43,130,4.0
44,130,4.0
45,130,4.0
46,130,4.0
47,130,3.0
48,130,2.0
49,130,1.0
50,130,0.0
51,130,0.0
52,130,0.0
53,130,0.0
54,130,0.0
55,130,1.0
56,130,2.0
57,130,2.0
58,130,2.0
59,130,2.0
60,130,2.0
61,130,2.0
62,130,2.0
63,130,2.0
64,130,2.0
65,130,2.0
66,130,2.0
67,130,2.0
68,130,4.0
69,130,4.0
70,130,4.0
71,130,4.0
72,130,4.0
73,130,4.0
74,130,4.0
75,130,4.0
76,130,4.0
77,130,4.0
78,130,4.0
79,130,4.0
80,130,2.0
81,130,3.0
82,130,0.0
83,130,0.0
84,130,1.0
85,130,1.0
86,130,2.0
87,130,1.0
88,130,2.0
89,130,2.0
90,130,2.0
91,130,2.0
92,130,2.0
93,130,3.0
94,130,3.0
95,130,3.0
96,130,3.0
97,130,3.0
98,130,3.0
99,130,3.0
100,130,2.0
